ISO-10303-21;
HEADER;
FILE_DESCRIPTION(('FreeCAD Model'),'2;1');
FILE_NAME('Open CASCADE Shape Model','2026-06-28T13:46:48',('Author'),(
    ''),'Open CASCADE STEP processor 7.8','FreeCAD','Unknown');
FILE_SCHEMA(('AUTOMOTIVE_DESIGN { 1 0 10303 214 1 1 1 1 }'));
ENDSEC;
DATA;
#1 = APPLICATION_PROTOCOL_DEFINITION('international standard',
  'automotive_design',2000,#2);
#2 = APPLICATION_CONTEXT(
  'core data for automotive mechanical design processes');
#3 = SHAPE_DEFINITION_REPRESENTATION(#4,#10);
#4 = PRODUCT_DEFINITION_SHAPE('','',#5);
#5 = PRODUCT_DEFINITION('design','',#6,#9);
#6 = PRODUCT_DEFINITION_FORMATION('','',#7);
#7 = PRODUCT('Body','Body','',(#8));
#8 = PRODUCT_CONTEXT('',#2,'mechanical');
#9 = PRODUCT_DEFINITION_CONTEXT('part definition',#2,'design');
#10 = ADVANCED_BREP_SHAPE_REPRESENTATION('',(#11,#15),#8663);
#11 = AXIS2_PLACEMENT_3D('',#12,#13,#14);
#12 = CARTESIAN_POINT('',(0.,0.,0.));
#13 = DIRECTION('',(0.,0.,1.));
#14 = DIRECTION('',(1.,0.,-0.));
#15 = MANIFOLD_SOLID_BREP('',#16);
#16 = CLOSED_SHELL('',(#17,#57,#119,#152,#597,#651,#676,#713,#737,#775,
    #801,#826,#844,#868,#893,#918,#935,#968,#1002,#1027,#1044,#1113,
    #1201,#1263,#1287,#1325,#1540,#1626,#1698,#1835,#2050,#2136,#2208,
    #2345,#2362,#2379,#2403,#2427,#2444,#3194,#3293,#3346,#3456,#3536,
    #3564,#3592,#3618,#3643,#3714,#3732,#3750,#3768,#3780,#3804,#3874,
    #3886,#3898,#4227,#4239,#4256,#4273,#4290,#4307,#4319,#4331,#4358,
    #4385,#5003,#5113,#5188,#5267,#5885,#5995,#6070,#6149,#6249,#6349,
    #6447,#6518,#6628,#6738,#6848,#6951,#7005,#7114,#7167,#7267,#7357,
    #7466,#7519,#7619,#7709,#7762,#7817,#7915,#7986,#8094,#8165,#8215,
    #8313,#8384,#8492,#8563,#8613));
#17 = ADVANCED_FACE('',(#18),#52,.F.);
#18 = FACE_BOUND('',#19,.F.);
#19 = EDGE_LOOP('',(#20,#30,#38,#46));
#20 = ORIENTED_EDGE('',*,*,#21,.T.);
#21 = EDGE_CURVE('',#22,#24,#26,.T.);
#22 = VERTEX_POINT('',#23);
#23 = CARTESIAN_POINT('',(-85.,-8.E-15,-35.));
#24 = VERTEX_POINT('',#25);
#25 = CARTESIAN_POINT('',(-85.,-11.,-35.));
#26 = LINE('',#27,#28);
#27 = CARTESIAN_POINT('',(-85.,-7.77E-15,-35.));
#28 = VECTOR('',#29,1.);
#29 = DIRECTION('',(0.,-1.,2.2E-16));
#30 = ORIENTED_EDGE('',*,*,#31,.T.);
#31 = EDGE_CURVE('',#24,#32,#34,.T.);
#32 = VERTEX_POINT('',#33);
#33 = CARTESIAN_POINT('',(85.,-11.,-35.));
#34 = LINE('',#35,#36);
#35 = CARTESIAN_POINT('',(-85.,-11.,-35.));
#36 = VECTOR('',#37,1.);
#37 = DIRECTION('',(1.,0.,0.));
#38 = ORIENTED_EDGE('',*,*,#39,.F.);
#39 = EDGE_CURVE('',#40,#32,#42,.T.);
#40 = VERTEX_POINT('',#41);
#41 = CARTESIAN_POINT('',(85.,-8.E-15,-35.));
#42 = LINE('',#43,#44);
#43 = CARTESIAN_POINT('',(85.,-7.77E-15,-35.));
#44 = VECTOR('',#45,1.);
#45 = DIRECTION('',(0.,-1.,2.2E-16));
#46 = ORIENTED_EDGE('',*,*,#47,.F.);
#47 = EDGE_CURVE('',#22,#40,#48,.T.);
#48 = LINE('',#49,#50);
#49 = CARTESIAN_POINT('',(-95.,0.,-35.));
#50 = VECTOR('',#51,1.);
#51 = DIRECTION('',(1.,0.,0.));
#52 = PLANE('',#53);
#53 = AXIS2_PLACEMENT_3D('',#54,#55,#56);
#54 = CARTESIAN_POINT('',(-95.,-7.77E-15,-35.));
#55 = DIRECTION('',(0.,2.2E-16,1.));
#56 = DIRECTION('',(1.,0.,0.));
#57 = ADVANCED_FACE('',(#58),#114,.T.);
#58 = FACE_BOUND('',#59,.F.);
#59 = EDGE_LOOP('',(#60,#61,#70,#78,#87,#97,#107));
#60 = ORIENTED_EDGE('',*,*,#21,.F.);
#61 = ORIENTED_EDGE('',*,*,#62,.T.);
#62 = EDGE_CURVE('',#22,#63,#65,.T.);
#63 = VERTEX_POINT('',#64);
#64 = CARTESIAN_POINT('',(-95.,-6.E-15,-25.));
#65 = CIRCLE('',#66,10.);
#66 = AXIS2_PLACEMENT_3D('',#67,#68,#69);
#67 = CARTESIAN_POINT('',(-85.,0.,-25.));
#68 = DIRECTION('',(0.,1.,-2.2E-16));
#69 = DIRECTION('',(0.,-2.2E-16,-1.));
#70 = ORIENTED_EDGE('',*,*,#71,.T.);
#71 = EDGE_CURVE('',#63,#72,#74,.T.);
#72 = VERTEX_POINT('',#73);
#73 = CARTESIAN_POINT('',(-95.,-11.,-25.));
#74 = LINE('',#75,#76);
#75 = CARTESIAN_POINT('',(-95.,-5.55E-15,-25.));
#76 = VECTOR('',#77,1.);
#77 = DIRECTION('',(0.,-1.,2.2E-16));
#78 = ORIENTED_EDGE('',*,*,#79,.T.);
#79 = EDGE_CURVE('',#72,#80,#82,.T.);
#80 = VERTEX_POINT('',#81);
#81 = CARTESIAN_POINT('',(-90.71428571428,-11.,-33.20651806648));
#82 = CIRCLE('',#83,10.);
#83 = AXIS2_PLACEMENT_3D('',#84,#85,#86);
#84 = CARTESIAN_POINT('',(-85.,-11.,-25.));
#85 = DIRECTION('',(-0.,-1.,0.));
#86 = DIRECTION('',(-1.,0.,3.6E-16));
#87 = ORIENTED_EDGE('',*,*,#88,.T.);
#88 = EDGE_CURVE('',#80,#89,#91,.T.);
#89 = VERTEX_POINT('',#90);
#90 = CARTESIAN_POINT('',(-90.24097425664,-11.06736250836,
    -33.51658316704));
#91 = ( BOUNDED_CURVE() B_SPLINE_CURVE(4,(#92,#93,#94,#95,#96),
.UNSPECIFIED.,.F.,.F.) B_SPLINE_CURVE_WITH_KNOTS((5,5),(245.33347074679,
245.89937671061),.PIECEWISE_BEZIER_KNOTS.) CURVE() 
GEOMETRIC_REPRESENTATION_ITEM() RATIONAL_B_SPLINE_CURVE((1.,1.,1.,1.,1.)
) REPRESENTATION_ITEM('') );
#92 = CARTESIAN_POINT('',(-90.71428571428,-11.,-33.20651806648));
#93 = CARTESIAN_POINT('',(-90.59818277639,-11.,-33.28736177559));
#94 = CARTESIAN_POINT('',(-90.48055483722,-11.00904886322,
    -33.36601537543));
#95 = CARTESIAN_POINT('',(-90.36146388678,-11.02953913511,
    -33.44243570234));
#96 = CARTESIAN_POINT('',(-90.24097425664,-11.06736250836,
    -33.51658316704));
#97 = ORIENTED_EDGE('',*,*,#98,.T.);
#98 = EDGE_CURVE('',#89,#99,#101,.T.);
#99 = VERTEX_POINT('',#100);
#100 = CARTESIAN_POINT('',(-88.71153744479,-11.,-34.28571428571));
#101 = ( BOUNDED_CURVE() B_SPLINE_CURVE(4,(#102,#103,#104,#105,#106),
.UNSPECIFIED.,.F.,.F.) B_SPLINE_CURVE_WITH_KNOTS((5,5),(245.89937671061,
247.61341446896),.PIECEWISE_BEZIER_KNOTS.) CURVE() 
GEOMETRIC_REPRESENTATION_ITEM() RATIONAL_B_SPLINE_CURVE((1.,1.,1.,1.,1.)
) REPRESENTATION_ITEM('') );
#102 = CARTESIAN_POINT('',(-90.24097425664,-11.06736250837,
    -33.51658316704));
#103 = CARTESIAN_POINT('',(-89.87603062862,-11.02397850333,
    -33.7411638612));
#104 = CARTESIAN_POINT('',(-89.49825476291,-11.00662725183,
    -33.94489412335));
#105 = CARTESIAN_POINT('',(-89.10943906724,-11.,-34.12667140267));
#106 = CARTESIAN_POINT('',(-88.71153744479,-11.,-34.28571428571));
#107 = ORIENTED_EDGE('',*,*,#108,.T.);
#108 = EDGE_CURVE('',#99,#24,#109,.T.);
#109 = CIRCLE('',#110,10.);
#110 = AXIS2_PLACEMENT_3D('',#111,#112,#113);
#111 = CARTESIAN_POINT('',(-85.,-11.,-25.));
#112 = DIRECTION('',(-0.,-1.,0.));
#113 = DIRECTION('',(-1.,0.,3.6E-16));
#114 = CYLINDRICAL_SURFACE('',#115,10.);
#115 = AXIS2_PLACEMENT_3D('',#116,#117,#118);
#116 = CARTESIAN_POINT('',(-85.,-5.55E-15,-25.));
#117 = DIRECTION('',(0.,-1.,2.2E-16));
#118 = DIRECTION('',(0.,-2.2E-16,-1.));
#119 = ADVANCED_FACE('',(#120),#147,.T.);
#120 = FACE_BOUND('',#121,.T.);
#121 = EDGE_LOOP('',(#122,#131,#132,#141));
#122 = ORIENTED_EDGE('',*,*,#123,.T.);
#123 = EDGE_CURVE('',#124,#24,#126,.T.);
#124 = VERTEX_POINT('',#125);
#125 = CARTESIAN_POINT('',(-85.,-14.,-32.));
#126 = CIRCLE('',#127,3.);
#127 = AXIS2_PLACEMENT_3D('',#128,#129,#130);
#128 = CARTESIAN_POINT('',(-85.,-11.,-32.));
#129 = DIRECTION('',(1.,0.,-4.2E-16));
#130 = DIRECTION('',(-4.2E-16,0.,-1.));
#131 = ORIENTED_EDGE('',*,*,#31,.T.);
#132 = ORIENTED_EDGE('',*,*,#133,.F.);
#133 = EDGE_CURVE('',#134,#32,#136,.T.);
#134 = VERTEX_POINT('',#135);
#135 = CARTESIAN_POINT('',(85.,-14.,-32.));
#136 = CIRCLE('',#137,3.);
#137 = AXIS2_PLACEMENT_3D('',#138,#139,#140);
#138 = CARTESIAN_POINT('',(85.,-11.,-32.));
#139 = DIRECTION('',(1.,0.,0.));
#140 = DIRECTION('',(0.,-1.,0.));
#141 = ORIENTED_EDGE('',*,*,#142,.F.);
#142 = EDGE_CURVE('',#124,#134,#143,.T.);
#143 = LINE('',#144,#145);
#144 = CARTESIAN_POINT('',(-85.,-14.,-32.));
#145 = VECTOR('',#146,1.);
#146 = DIRECTION('',(1.,0.,0.));
#147 = CYLINDRICAL_SURFACE('',#148,3.);
#148 = AXIS2_PLACEMENT_3D('',#149,#150,#151);
#149 = CARTESIAN_POINT('',(-85.,-11.,-32.));
#150 = DIRECTION('',(1.,0.,0.));
#151 = DIRECTION('',(0.,-1.,0.));
#152 = ADVANCED_FACE('',(#153,#206,#240,#494),#592,.T.);
#153 = FACE_BOUND('',#154,.T.);
#154 = EDGE_LOOP('',(#155,#156,#157,#165,#174,#182,#191,#199));
#155 = ORIENTED_EDGE('',*,*,#47,.F.);
#156 = ORIENTED_EDGE('',*,*,#62,.T.);
#157 = ORIENTED_EDGE('',*,*,#158,.F.);
#158 = EDGE_CURVE('',#159,#63,#161,.T.);
#159 = VERTEX_POINT('',#160);
#160 = CARTESIAN_POINT('',(-95.,6.E-15,25.));
#161 = LINE('',#162,#163);
#162 = CARTESIAN_POINT('',(-95.,0.,35.));
#163 = VECTOR('',#164,1.);
#164 = DIRECTION('',(0.,0.,-1.));
#165 = ORIENTED_EDGE('',*,*,#166,.T.);
#166 = EDGE_CURVE('',#159,#167,#169,.T.);
#167 = VERTEX_POINT('',#168);
#168 = CARTESIAN_POINT('',(-85.,8.E-15,35.));
#169 = CIRCLE('',#170,10.);
#170 = AXIS2_PLACEMENT_3D('',#171,#172,#173);
#171 = CARTESIAN_POINT('',(-85.,0.,25.));
#172 = DIRECTION('',(0.,1.,-2.2E-16));
#173 = DIRECTION('',(0.,-2.2E-16,-1.));
#174 = ORIENTED_EDGE('',*,*,#175,.F.);
#175 = EDGE_CURVE('',#176,#167,#178,.T.);
#176 = VERTEX_POINT('',#177);
#177 = CARTESIAN_POINT('',(85.,8.E-15,35.));
#178 = LINE('',#179,#180);
#179 = CARTESIAN_POINT('',(95.,0.,35.));
#180 = VECTOR('',#181,1.);
#181 = DIRECTION('',(-1.,0.,0.));
#182 = ORIENTED_EDGE('',*,*,#183,.F.);
#183 = EDGE_CURVE('',#184,#176,#186,.T.);
#184 = VERTEX_POINT('',#185);
#185 = CARTESIAN_POINT('',(95.,6.E-15,25.));
#186 = CIRCLE('',#187,10.);
#187 = AXIS2_PLACEMENT_3D('',#188,#189,#190);
#188 = CARTESIAN_POINT('',(85.,0.,25.));
#189 = DIRECTION('',(0.,-1.,2.2E-16));
#190 = DIRECTION('',(0.,-2.2E-16,-1.));
#191 = ORIENTED_EDGE('',*,*,#192,.F.);
#192 = EDGE_CURVE('',#193,#184,#195,.T.);
#193 = VERTEX_POINT('',#194);
#194 = CARTESIAN_POINT('',(95.,-6.E-15,-25.));
#195 = LINE('',#196,#197);
#196 = CARTESIAN_POINT('',(95.,0.,-35.));
#197 = VECTOR('',#198,1.);
#198 = DIRECTION('',(0.,0.,1.));
#199 = ORIENTED_EDGE('',*,*,#200,.F.);
#200 = EDGE_CURVE('',#40,#193,#201,.T.);
#201 = CIRCLE('',#202,10.);
#202 = AXIS2_PLACEMENT_3D('',#203,#204,#205);
#203 = CARTESIAN_POINT('',(85.,0.,-25.));
#204 = DIRECTION('',(0.,-1.,2.2E-16));
#205 = DIRECTION('',(0.,-2.2E-16,-1.));
#206 = FACE_BOUND('',#207,.T.);
#207 = EDGE_LOOP('',(#208,#218,#226,#234));
#208 = ORIENTED_EDGE('',*,*,#209,.F.);
#209 = EDGE_CURVE('',#210,#212,#214,.T.);
#210 = VERTEX_POINT('',#211);
#211 = CARTESIAN_POINT('',(89.,0.,-31.5));
#212 = VERTEX_POINT('',#213);
#213 = CARTESIAN_POINT('',(-89.,0.,-31.5));
#214 = LINE('',#215,#216);
#215 = CARTESIAN_POINT('',(-44.5,0.,-31.5));
#216 = VECTOR('',#217,1.);
#217 = DIRECTION('',(-1.,0.,0.));
#218 = ORIENTED_EDGE('',*,*,#219,.F.);
#219 = EDGE_CURVE('',#220,#210,#222,.T.);
#220 = VERTEX_POINT('',#221);
#221 = CARTESIAN_POINT('',(89.,0.,-26.5));
#222 = LINE('',#223,#224);
#223 = CARTESIAN_POINT('',(89.,0.,-15.75));
#224 = VECTOR('',#225,1.);
#225 = DIRECTION('',(0.,0.,-1.));
#226 = ORIENTED_EDGE('',*,*,#227,.F.);
#227 = EDGE_CURVE('',#228,#220,#230,.T.);
#228 = VERTEX_POINT('',#229);
#229 = CARTESIAN_POINT('',(-89.,0.,-26.5));
#230 = LINE('',#231,#232);
#231 = CARTESIAN_POINT('',(44.5,0.,-26.5));
#232 = VECTOR('',#233,1.);
#233 = DIRECTION('',(1.,0.,0.));
#234 = ORIENTED_EDGE('',*,*,#235,.F.);
#235 = EDGE_CURVE('',#212,#228,#236,.T.);
#236 = LINE('',#237,#238);
#237 = CARTESIAN_POINT('',(-89.,0.,-13.25));
#238 = VECTOR('',#239,1.);
#239 = DIRECTION('',(0.,0.,1.));
#240 = FACE_BOUND('',#241,.T.);
#241 = EDGE_LOOP('',(#242,#252,#260,#268,#276,#284,#292,#300,#327,#338,
    #351,#378,#386,#413,#424,#437,#464,#472,#480,#488));
#242 = ORIENTED_EDGE('',*,*,#243,.F.);
#243 = EDGE_CURVE('',#244,#246,#248,.T.);
#244 = VERTEX_POINT('',#245);
#245 = CARTESIAN_POINT('',(-81.,5.E-15,22.5));
#246 = VERTEX_POINT('',#247);
#247 = CARTESIAN_POINT('',(-81.,7.E-15,30.));
#248 = LINE('',#249,#250);
#249 = CARTESIAN_POINT('',(-81.,0.,-22.5));
#250 = VECTOR('',#251,1.);
#251 = DIRECTION('',(0.,0.,1.));
#252 = ORIENTED_EDGE('',*,*,#253,.F.);
#253 = EDGE_CURVE('',#254,#244,#256,.T.);
#254 = VERTEX_POINT('',#255);
#255 = CARTESIAN_POINT('',(-85.,5.E-15,22.5));
#256 = LINE('',#257,#258);
#257 = CARTESIAN_POINT('',(-85.,0.,22.5));
#258 = VECTOR('',#259,1.);
#259 = DIRECTION('',(1.,0.,0.));
#260 = ORIENTED_EDGE('',*,*,#261,.F.);
#261 = EDGE_CURVE('',#262,#254,#264,.T.);
#262 = VERTEX_POINT('',#263);
#263 = CARTESIAN_POINT('',(-85.,-5.E-15,-22.5));
#264 = LINE('',#265,#266);
#265 = CARTESIAN_POINT('',(-85.,0.,-22.5));
#266 = VECTOR('',#267,1.);
#267 = DIRECTION('',(0.,0.,1.));
#268 = ORIENTED_EDGE('',*,*,#269,.F.);
#269 = EDGE_CURVE('',#270,#262,#272,.T.);
#270 = VERTEX_POINT('',#271);
#271 = CARTESIAN_POINT('',(-81.,-5.E-15,-22.5));
#272 = LINE('',#273,#274);
#273 = CARTESIAN_POINT('',(-81.,0.,-22.5));
#274 = VECTOR('',#275,1.);
#275 = DIRECTION('',(-1.,0.,0.));
#276 = ORIENTED_EDGE('',*,*,#277,.F.);
#277 = EDGE_CURVE('',#278,#270,#280,.T.);
#278 = VERTEX_POINT('',#279);
#279 = CARTESIAN_POINT('',(81.,-5.E-15,-22.5));
#280 = LINE('',#281,#282);
#281 = CARTESIAN_POINT('',(81.,0.,-22.5));
#282 = VECTOR('',#283,1.);
#283 = DIRECTION('',(-1.,0.,0.));
#284 = ORIENTED_EDGE('',*,*,#285,.F.);
#285 = EDGE_CURVE('',#286,#278,#288,.T.);
#286 = VERTEX_POINT('',#287);
#287 = CARTESIAN_POINT('',(85.,-5.E-15,-22.5));
#288 = LINE('',#289,#290);
#289 = CARTESIAN_POINT('',(85.,0.,-22.5));
#290 = VECTOR('',#291,1.);
#291 = DIRECTION('',(-1.,0.,0.));
#292 = ORIENTED_EDGE('',*,*,#293,.F.);
#293 = EDGE_CURVE('',#294,#286,#296,.T.);
#294 = VERTEX_POINT('',#295);
#295 = CARTESIAN_POINT('',(85.,-2.E-15,-15.14557920847));
#296 = LINE('',#297,#298);
#297 = CARTESIAN_POINT('',(85.,0.,22.5));
#298 = VECTOR('',#299,1.);
#299 = DIRECTION('',(0.,0.,-1.));
#300 = ORIENTED_EDGE('',*,*,#301,.T.);
#301 = EDGE_CURVE('',#294,#302,#304,.T.);
#302 = VERTEX_POINT('',#303);
#303 = CARTESIAN_POINT('',(85.895073381838,0.,-14.41785289915));
#304 = B_SPLINE_CURVE_WITH_KNOTS('',6,(#305,#306,#307,#308,#309,#310,
    #311,#312,#313,#314,#315,#316,#317,#318,#319,#320,#321,#322,#323,
    #324,#325,#326),.UNSPECIFIED.,.F.,.F.,(7,5,5,5,7),(0.,0.263415733529
    ,0.513440994505,0.756508311344,1.),.UNSPECIFIED.);
#305 = CARTESIAN_POINT('',(83.749280179696,0.,-14.85148939438));
#306 = CARTESIAN_POINT('',(83.827937143996,0.,-14.92439476389));
#307 = CARTESIAN_POINT('',(83.914431423149,0.,-14.98953676017));
#308 = CARTESIAN_POINT('',(84.007713920734,0.,-15.04590738052));
#309 = CARTESIAN_POINT('',(84.106600028508,0.,-15.09273319578));
#310 = CARTESIAN_POINT('',(84.209821577261,0.,-15.1294411861));
#311 = CARTESIAN_POINT('',(84.416841797797,0.,-15.18060834543));
#312 = CARTESIAN_POINT('',(84.520362296985,0.,-15.19610806836));
#313 = CARTESIAN_POINT('',(84.625448141725,0.,-15.20189639113));
#314 = CARTESIAN_POINT('',(84.730951455798,0.,-15.19787911103));
#315 = CARTESIAN_POINT('',(84.83574020518,0.,-15.18412554076));
#316 = CARTESIAN_POINT('',(85.038815740335,0.,-15.13829339474));
#317 = CARTESIAN_POINT('',(85.137216049673,0.,-15.10673232174));
#318 = CARTESIAN_POINT('',(85.23290050104,0.,-15.06642769448));
#319 = CARTESIAN_POINT('',(85.324929895296,0.,-15.01775286019));
#320 = CARTESIAN_POINT('',(85.412436996491,0.,-14.96119772124));
#321 = CARTESIAN_POINT('',(85.576987465872,0.,-14.83344316683));
#322 = CARTESIAN_POINT('',(85.65402148826,0.,-14.76221051053));
#323 = CARTESIAN_POINT('',(85.724959219574,0.,-14.68429218393));
#324 = CARTESIAN_POINT('',(85.789130941577,0.,-14.60039338559));
#325 = CARTESIAN_POINT('',(85.845981860203,0.,-14.51129746837));
#326 = CARTESIAN_POINT('',(85.895073428824,0.,-14.41785289097));
#327 = ORIENTED_EDGE('',*,*,#328,.F.);
#328 = EDGE_CURVE('',#329,#302,#331,.T.);
#329 = VERTEX_POINT('',#330);
#330 = CARTESIAN_POINT('',(86.010010203134,0.,-13.83999997725));
#331 = B_SPLINE_CURVE_WITH_KNOTS('',5,(#332,#333,#334,#335,#336,#337),
  .UNSPECIFIED.,.F.,.F.,(6,6),(0.,1.),.PIECEWISE_BEZIER_KNOTS.);
#332 = CARTESIAN_POINT('',(86.010010203134,0.,-13.83999997725));
#333 = CARTESIAN_POINT('',(86.010010641069,0.,-13.95859384064));
#334 = CARTESIAN_POINT('',(85.998371062859,0.,-14.07719354099));
#335 = CARTESIAN_POINT('',(85.975086632307,0.,-14.19425867157));
#336 = CARTESIAN_POINT('',(85.940457646158,0.,-14.30828649442));
#337 = CARTESIAN_POINT('',(85.895073381838,0.,-14.41785289915));
#338 = ORIENTED_EDGE('',*,*,#339,.T.);
#339 = EDGE_CURVE('',#329,#340,#342,.T.);
#340 = VERTEX_POINT('',#341);
#341 = CARTESIAN_POINT('',(85.895066849044,0.,-13.26214251105));
#342 = B_SPLINE_CURVE_WITH_KNOTS('',4,(#343,#344,#345,#346,#347,#348,
    #349,#350),.UNSPECIFIED.,.F.,.F.,(5,3,5),(0.,0.635995172692,1.),
  .UNSPECIFIED.);
#343 = CARTESIAN_POINT('',(86.010010203134,0.,-13.83999997725));
#344 = CARTESIAN_POINT('',(86.010009854971,0.,-13.74571677661));
#345 = CARTESIAN_POINT('',(86.002161279855,0.,-13.65143226316));
#346 = CARTESIAN_POINT('',(85.986463271831,0.,-13.55813289923));
#347 = CARTESIAN_POINT('',(85.949821900146,0.,-13.41448735436));
#348 = CARTESIAN_POINT('',(85.933992722023,0.,-13.36283512231));
#349 = CARTESIAN_POINT('',(85.915717544915,0.,-13.31199678754));
#350 = CARTESIAN_POINT('',(85.895066878202,0.,-13.26214250219));
#351 = ORIENTED_EDGE('',*,*,#352,.T.);
#352 = EDGE_CURVE('',#340,#353,#355,.T.);
#353 = VERTEX_POINT('',#354);
#354 = CARTESIAN_POINT('',(85.,-1.E-15,-12.53443268573));
#355 = B_SPLINE_CURVE_WITH_KNOTS('',6,(#356,#357,#358,#359,#360,#361,
    #362,#363,#364,#365,#366,#367,#368,#369,#370,#371,#372,#373,#374,
    #375,#376,#377),.UNSPECIFIED.,.F.,.F.,(7,5,5,5,7),(0.,0.243491456403
    ,0.486558756205,0.736584112771,1.),.UNSPECIFIED.);
#356 = CARTESIAN_POINT('',(85.895066849044,0.,-13.26214251105));
#357 = CARTESIAN_POINT('',(85.845979166126,0.,-13.16870722496));
#358 = CARTESIAN_POINT('',(85.789133911822,0.,-13.07961970824));
#359 = CARTESIAN_POINT('',(85.724969260063,0.,-12.99572826623));
#360 = CARTESIAN_POINT('',(85.654039660027,0.,-12.91781617192));
#361 = CARTESIAN_POINT('',(85.577014566015,0.,-12.84658855672));
#362 = CARTESIAN_POINT('',(85.412483198544,0.,-12.71884140896));
#363 = CARTESIAN_POINT('',(85.324986250134,0.,-12.66228864949));
#364 = CARTESIAN_POINT('',(85.232967482607,0.,-12.61361477836));
#365 = CARTESIAN_POINT('',(85.13729397289,0.,-12.57330949966));
#366 = CARTESIAN_POINT('',(85.038904696003,0.,-12.54174597091));
#367 = CARTESIAN_POINT('',(84.835851075633,0.,-12.49590504473));
#368 = CARTESIAN_POINT('',(84.731073200277,0.,-12.48214505096));
#369 = CARTESIAN_POINT('',(84.62558019369,0.,-12.47811929439));
#370 = CARTESIAN_POINT('',(84.520503749406,0.,-12.48389720125));
#371 = CARTESIAN_POINT('',(84.416991385094,0.,-12.4993847073));
#372 = CARTESIAN_POINT('',(84.209984649328,0.,-12.55052371337));
#373 = CARTESIAN_POINT('',(84.106768287128,0.,-12.5872156001));
#374 = CARTESIAN_POINT('',(84.007885326894,0.,-12.63402397868));
#375 = CARTESIAN_POINT('',(83.914603703877,0.,-12.69037622493));
#376 = CARTESIAN_POINT('',(83.828107844544,0.,-12.75549928938));
#377 = CARTESIAN_POINT('',(83.749446727646,0.,-12.8283855724));
#378 = ORIENTED_EDGE('',*,*,#379,.F.);
#379 = EDGE_CURVE('',#380,#353,#382,.T.);
#380 = VERTEX_POINT('',#381);
#381 = CARTESIAN_POINT('',(85.,1.E-15,5.174420791529));
#382 = LINE('',#383,#384);
#383 = CARTESIAN_POINT('',(85.,0.,22.5));
#384 = VECTOR('',#385,1.);
#385 = DIRECTION('',(0.,0.,-1.));
#386 = ORIENTED_EDGE('',*,*,#387,.T.);
#387 = EDGE_CURVE('',#380,#388,#390,.T.);
#388 = VERTEX_POINT('',#389);
#389 = CARTESIAN_POINT('',(85.895073381838,0.,5.902147100849));
#390 = B_SPLINE_CURVE_WITH_KNOTS('',6,(#391,#392,#393,#394,#395,#396,
    #397,#398,#399,#400,#401,#402,#403,#404,#405,#406,#407,#408,#409,
    #410,#411,#412),.UNSPECIFIED.,.F.,.F.,(7,5,5,5,7),(0.,0.26341573353,
    0.513440994506,0.756508311344,1.),.UNSPECIFIED.);
#391 = CARTESIAN_POINT('',(83.749280179696,0.,5.468510605613));
#392 = CARTESIAN_POINT('',(83.827937143996,0.,5.395605236107));
#393 = CARTESIAN_POINT('',(83.914431423149,0.,5.330463239825));
#394 = CARTESIAN_POINT('',(84.007713920734,0.,5.274092619474));
#395 = CARTESIAN_POINT('',(84.106600028509,0.,5.227266804216));
#396 = CARTESIAN_POINT('',(84.209821577261,0.,5.1905588139));
#397 = CARTESIAN_POINT('',(84.416841797797,0.,5.139391654568));
#398 = CARTESIAN_POINT('',(84.520362296986,0.,5.123891931631));
#399 = CARTESIAN_POINT('',(84.625448141724,0.,5.118103608867));
#400 = CARTESIAN_POINT('',(84.730951455798,0.,5.122120888963));
#401 = CARTESIAN_POINT('',(84.83574020518,0.,5.135874459234));
#402 = CARTESIAN_POINT('',(85.038815740335,0.,5.181706605256));
#403 = CARTESIAN_POINT('',(85.137216049674,0.,5.213267678251));
#404 = CARTESIAN_POINT('',(85.23290050104,0.,5.25357230552));
#405 = CARTESIAN_POINT('',(85.324929895296,0.,5.302247139805));
#406 = CARTESIAN_POINT('',(85.412436996491,0.,5.358802278754));
#407 = CARTESIAN_POINT('',(85.576987465872,0.,5.486556833168));
#408 = CARTESIAN_POINT('',(85.65402148826,0.,5.557789489467));
#409 = CARTESIAN_POINT('',(85.724959219574,0.,5.635707816064));
#410 = CARTESIAN_POINT('',(85.789130941577,0.,5.719606614409));
#411 = CARTESIAN_POINT('',(85.845981860203,0.,5.808702531623));
#412 = CARTESIAN_POINT('',(85.895073428824,0.,5.902147109028));
#413 = ORIENTED_EDGE('',*,*,#414,.F.);
#414 = EDGE_CURVE('',#415,#388,#417,.T.);
#415 = VERTEX_POINT('',#416);
#416 = CARTESIAN_POINT('',(86.010010203134,0.,6.480000022743));
#417 = B_SPLINE_CURVE_WITH_KNOTS('',5,(#418,#419,#420,#421,#422,#423),
  .UNSPECIFIED.,.F.,.F.,(6,6),(0.,1.),.PIECEWISE_BEZIER_KNOTS.);
#418 = CARTESIAN_POINT('',(86.010010203134,0.,6.480000022743));
#419 = CARTESIAN_POINT('',(86.010010641069,0.,6.361406159355));
#420 = CARTESIAN_POINT('',(85.998371062858,0.,6.242806459008));
#421 = CARTESIAN_POINT('',(85.975086632307,0.,6.125741328428));
#422 = CARTESIAN_POINT('',(85.940457646158,0.,6.011713505575));
#423 = CARTESIAN_POINT('',(85.895073381838,0.,5.902147100849));
#424 = ORIENTED_EDGE('',*,*,#425,.T.);
#425 = EDGE_CURVE('',#415,#426,#428,.T.);
#426 = VERTEX_POINT('',#427);
#427 = CARTESIAN_POINT('',(85.895066849044,0.,7.057857488944));
#428 = B_SPLINE_CURVE_WITH_KNOTS('',4,(#429,#430,#431,#432,#433,#434,
    #435,#436),.UNSPECIFIED.,.F.,.F.,(5,3,5),(0.,0.635995172692,1.),
  .UNSPECIFIED.);
#429 = CARTESIAN_POINT('',(86.010010203134,0.,6.480000022743));
#430 = CARTESIAN_POINT('',(86.010009854971,0.,6.574283223387));
#431 = CARTESIAN_POINT('',(86.002161279855,0.,6.668567736835));
#432 = CARTESIAN_POINT('',(85.986463271831,0.,6.76186710077));
#433 = CARTESIAN_POINT('',(85.949821900146,0.,6.905512645635));
#434 = CARTESIAN_POINT('',(85.933992722023,0.,6.95716487769));
#435 = CARTESIAN_POINT('',(85.915717544915,0.,7.008003212458));
#436 = CARTESIAN_POINT('',(85.895066878202,0.,7.057857497804));
#437 = ORIENTED_EDGE('',*,*,#438,.T.);
#438 = EDGE_CURVE('',#426,#439,#441,.T.);
#439 = VERTEX_POINT('',#440);
#440 = CARTESIAN_POINT('',(85.,1.E-15,7.785567314264));
#441 = B_SPLINE_CURVE_WITH_KNOTS('',6,(#442,#443,#444,#445,#446,#447,
    #448,#449,#450,#451,#452,#453,#454,#455,#456,#457,#458,#459,#460,
    #461,#462,#463),.UNSPECIFIED.,.F.,.F.,(7,5,5,5,7),(0.,0.243491456403
    ,0.486558756206,0.736584112771,1.),.UNSPECIFIED.);
#442 = CARTESIAN_POINT('',(85.895066849044,0.,7.057857488944));
#443 = CARTESIAN_POINT('',(85.845979166126,0.,7.151292775033));
#444 = CARTESIAN_POINT('',(85.789133911821,0.,7.240380291758));
#445 = CARTESIAN_POINT('',(85.724969260063,0.,7.324271733769));
#446 = CARTESIAN_POINT('',(85.654039660026,0.,7.402183828072));
#447 = CARTESIAN_POINT('',(85.577014566015,0.,7.473411443273));
#448 = CARTESIAN_POINT('',(85.412483198544,0.,7.601158591037));
#449 = CARTESIAN_POINT('',(85.324986250134,0.,7.657711350502));
#450 = CARTESIAN_POINT('',(85.232967482607,0.,7.706385221636));
#451 = CARTESIAN_POINT('',(85.13729397289,0.,7.746690500335));
#452 = CARTESIAN_POINT('',(85.038904696003,0.,7.778254029081));
#453 = CARTESIAN_POINT('',(84.835851075633,0.,7.824094955266));
#454 = CARTESIAN_POINT('',(84.731073200277,0.,7.83785494904));
#455 = CARTESIAN_POINT('',(84.62558019369,0.,7.841880705607));
#456 = CARTESIAN_POINT('',(84.520503749406,0.,7.836102798742));
#457 = CARTESIAN_POINT('',(84.416991385094,0.,7.820615292699));
#458 = CARTESIAN_POINT('',(84.209984649328,0.,7.769476286628));
#459 = CARTESIAN_POINT('',(84.106768287128,0.,7.732784399897));
#460 = CARTESIAN_POINT('',(84.007885326893,0.,7.685976021319));
#461 = CARTESIAN_POINT('',(83.914603703877,0.,7.629623775064));
#462 = CARTESIAN_POINT('',(83.828107844544,0.,7.564500710612));
#463 = CARTESIAN_POINT('',(83.749446727645,0.,7.491614427593));
#464 = ORIENTED_EDGE('',*,*,#465,.F.);
#465 = EDGE_CURVE('',#466,#439,#468,.T.);
#466 = VERTEX_POINT('',#467);
#467 = CARTESIAN_POINT('',(85.,5.E-15,22.5));
#468 = LINE('',#469,#470);
#469 = CARTESIAN_POINT('',(85.,0.,22.5));
#470 = VECTOR('',#471,1.);
#471 = DIRECTION('',(0.,0.,-1.));
#472 = ORIENTED_EDGE('',*,*,#473,.F.);
#473 = EDGE_CURVE('',#474,#466,#476,.T.);
#474 = VERTEX_POINT('',#475);
#475 = CARTESIAN_POINT('',(81.,5.E-15,22.5));
#476 = LINE('',#477,#478);
#477 = CARTESIAN_POINT('',(81.,0.,22.5));
#478 = VECTOR('',#479,1.);
#479 = DIRECTION('',(1.,0.,0.));
#480 = ORIENTED_EDGE('',*,*,#481,.F.);
#481 = EDGE_CURVE('',#482,#474,#484,.T.);
#482 = VERTEX_POINT('',#483);
#483 = CARTESIAN_POINT('',(81.,7.E-15,30.));
#484 = LINE('',#485,#486);
#485 = CARTESIAN_POINT('',(81.,0.,30.));
#486 = VECTOR('',#487,1.);
#487 = DIRECTION('',(0.,0.,-1.));
#488 = ORIENTED_EDGE('',*,*,#489,.F.);
#489 = EDGE_CURVE('',#246,#482,#490,.T.);
#490 = LINE('',#491,#492);
#491 = CARTESIAN_POINT('',(-81.,0.,30.));
#492 = VECTOR('',#493,1.);
#493 = DIRECTION('',(1.,0.,0.));
#494 = FACE_BOUND('',#495,.T.);
#495 = EDGE_LOOP('',(#496,#507,#534,#545,#558,#585));
#496 = ORIENTED_EDGE('',*,*,#497,.F.);
#497 = EDGE_CURVE('',#498,#500,#502,.T.);
#498 = VERTEX_POINT('',#499);
#499 = CARTESIAN_POINT('',(83.751716032843,0.,25.786258857168));
#500 = VERTEX_POINT('',#501);
#501 = CARTESIAN_POINT('',(83.24,0.,26.8));
#502 = CIRCLE('',#503,1.26);
#503 = AXIS2_PLACEMENT_3D('',#504,#505,#506);
#504 = CARTESIAN_POINT('',(84.5,0.,26.8));
#505 = DIRECTION('',(0.,1.,-2.2E-16));
#506 = DIRECTION('',(-1.,0.,0.));
#507 = ORIENTED_EDGE('',*,*,#508,.T.);
#508 = EDGE_CURVE('',#498,#509,#511,.T.);
#509 = VERTEX_POINT('',#510);
#510 = CARTESIAN_POINT('',(85.895073381838,0.,26.222147100849));
#511 = B_SPLINE_CURVE_WITH_KNOTS('',6,(#512,#513,#514,#515,#516,#517,
    #518,#519,#520,#521,#522,#523,#524,#525,#526,#527,#528,#529,#530,
    #531,#532,#533),.UNSPECIFIED.,.F.,.F.,(7,5,5,5,7),(0.,0.263415733529
    ,0.513440994506,0.756508311344,1.),.UNSPECIFIED.);
#512 = CARTESIAN_POINT('',(83.749280179696,0.,25.788510605613));
#513 = CARTESIAN_POINT('',(83.827937143996,0.,25.715605236107));
#514 = CARTESIAN_POINT('',(83.91443142315,0.,25.650463239825));
#515 = CARTESIAN_POINT('',(84.007713920734,0.,25.594092619474));
#516 = CARTESIAN_POINT('',(84.106600028509,0.,25.547266804216));
#517 = CARTESIAN_POINT('',(84.209821577262,0.,25.5105588139));
#518 = CARTESIAN_POINT('',(84.416841797797,0.,25.459391654568));
#519 = CARTESIAN_POINT('',(84.520362296986,0.,25.443891931631));
#520 = CARTESIAN_POINT('',(84.625448141725,0.,25.438103608867));
#521 = CARTESIAN_POINT('',(84.730951455798,0.,25.442120888963));
#522 = CARTESIAN_POINT('',(84.83574020518,0.,25.455874459234));
#523 = CARTESIAN_POINT('',(85.038815740335,0.,25.501706605256));
#524 = CARTESIAN_POINT('',(85.137216049674,0.,25.533267678251));
#525 = CARTESIAN_POINT('',(85.23290050104,0.,25.57357230552));
#526 = CARTESIAN_POINT('',(85.324929895296,0.,25.622247139805));
#527 = CARTESIAN_POINT('',(85.412436996491,0.,25.678802278754));
#528 = CARTESIAN_POINT('',(85.576987465873,0.,25.806556833168));
#529 = CARTESIAN_POINT('',(85.65402148826,0.,25.877789489467));
#530 = CARTESIAN_POINT('',(85.724959219574,0.,25.955707816064));
#531 = CARTESIAN_POINT('',(85.789130941577,0.,26.039606614409));
#532 = CARTESIAN_POINT('',(85.845981860203,0.,26.128702531623));
#533 = CARTESIAN_POINT('',(85.895073428824,0.,26.222147109028));
#534 = ORIENTED_EDGE('',*,*,#535,.F.);
#535 = EDGE_CURVE('',#536,#509,#538,.T.);
#536 = VERTEX_POINT('',#537);
#537 = CARTESIAN_POINT('',(86.010010203134,0.,26.800000022743));
#538 = B_SPLINE_CURVE_WITH_KNOTS('',5,(#539,#540,#541,#542,#543,#544),
  .UNSPECIFIED.,.F.,.F.,(6,6),(0.,1.),.PIECEWISE_BEZIER_KNOTS.);
#539 = CARTESIAN_POINT('',(86.010010203134,0.,26.800000022743));
#540 = CARTESIAN_POINT('',(86.010010641069,0.,26.681406159355));
#541 = CARTESIAN_POINT('',(85.998371062858,0.,26.562806459008));
#542 = CARTESIAN_POINT('',(85.975086632307,0.,26.445741328428));
#543 = CARTESIAN_POINT('',(85.940457646158,0.,26.331713505575));
#544 = CARTESIAN_POINT('',(85.895073381838,0.,26.222147100849));
#545 = ORIENTED_EDGE('',*,*,#546,.T.);
#546 = EDGE_CURVE('',#536,#547,#549,.T.);
#547 = VERTEX_POINT('',#548);
#548 = CARTESIAN_POINT('',(85.895066849044,0.,27.377857488944));
#549 = B_SPLINE_CURVE_WITH_KNOTS('',4,(#550,#551,#552,#553,#554,#555,
    #556,#557),.UNSPECIFIED.,.F.,.F.,(5,3,5),(0.,0.635995172692,1.),
  .UNSPECIFIED.);
#550 = CARTESIAN_POINT('',(86.010010203134,0.,26.800000022743));
#551 = CARTESIAN_POINT('',(86.010009854971,0.,26.894283223387));
#552 = CARTESIAN_POINT('',(86.002161279855,0.,26.988567736835));
#553 = CARTESIAN_POINT('',(85.986463271831,0.,27.08186710077));
#554 = CARTESIAN_POINT('',(85.949821900146,0.,27.225512645635));
#555 = CARTESIAN_POINT('',(85.933992722023,0.,27.27716487769));
#556 = CARTESIAN_POINT('',(85.915717544915,0.,27.328003212458));
#557 = CARTESIAN_POINT('',(85.895066878202,0.,27.377857497804));
#558 = ORIENTED_EDGE('',*,*,#559,.T.);
#559 = EDGE_CURVE('',#547,#560,#562,.T.);
#560 = VERTEX_POINT('',#561);
#561 = CARTESIAN_POINT('',(83.751874977988,0.,27.81385843291));
#562 = B_SPLINE_CURVE_WITH_KNOTS('',6,(#563,#564,#565,#566,#567,#568,
    #569,#570,#571,#572,#573,#574,#575,#576,#577,#578,#579,#580,#581,
    #582,#583,#584),.UNSPECIFIED.,.F.,.F.,(7,5,5,5,7),(0.,0.243491456403
    ,0.486558756206,0.736584112771,1.),.UNSPECIFIED.);
#563 = CARTESIAN_POINT('',(85.895066849044,0.,27.377857488944));
#564 = CARTESIAN_POINT('',(85.845979166126,0.,27.471292775033));
#565 = CARTESIAN_POINT('',(85.789133911821,0.,27.560380291759));
#566 = CARTESIAN_POINT('',(85.724969260063,0.,27.644271733769));
#567 = CARTESIAN_POINT('',(85.654039660026,0.,27.722183828072));
#568 = CARTESIAN_POINT('',(85.577014566015,0.,27.793411443273));
#569 = CARTESIAN_POINT('',(85.412483198544,0.,27.921158591037));
#570 = CARTESIAN_POINT('',(85.324986250134,0.,27.977711350503));
#571 = CARTESIAN_POINT('',(85.232967482607,0.,28.026385221636));
#572 = CARTESIAN_POINT('',(85.13729397289,0.,28.066690500335));
#573 = CARTESIAN_POINT('',(85.038904696003,0.,28.098254029081));
#574 = CARTESIAN_POINT('',(84.835851075633,0.,28.144094955266));
#575 = CARTESIAN_POINT('',(84.731073200277,0.,28.15785494904));
#576 = CARTESIAN_POINT('',(84.62558019369,0.,28.161880705607));
#577 = CARTESIAN_POINT('',(84.520503749406,0.,28.156102798742));
#578 = CARTESIAN_POINT('',(84.416991385094,0.,28.140615292699));
#579 = CARTESIAN_POINT('',(84.209984649328,0.,28.089476286628));
#580 = CARTESIAN_POINT('',(84.106768287128,0.,28.052784399897));
#581 = CARTESIAN_POINT('',(84.007885326893,0.,28.005976021319));
#582 = CARTESIAN_POINT('',(83.914603703877,0.,27.949623775064));
#583 = CARTESIAN_POINT('',(83.828107844544,0.,27.884500710612));
#584 = CARTESIAN_POINT('',(83.749446727645,0.,27.811614427593));
#585 = ORIENTED_EDGE('',*,*,#586,.F.);
#586 = EDGE_CURVE('',#500,#560,#587,.T.);
#587 = CIRCLE('',#588,1.26);
#588 = AXIS2_PLACEMENT_3D('',#589,#590,#591);
#589 = CARTESIAN_POINT('',(84.5,0.,26.8));
#590 = DIRECTION('',(0.,1.,-2.2E-16));
#591 = DIRECTION('',(-1.,0.,0.));
#592 = PLANE('',#593);
#593 = AXIS2_PLACEMENT_3D('',#594,#595,#596);
#594 = CARTESIAN_POINT('',(0.,0.,0.));
#595 = DIRECTION('',(0.,1.,0.));
#596 = DIRECTION('',(0.,0.,1.));
#597 = ADVANCED_FACE('',(#598),#646,.T.);
#598 = FACE_BOUND('',#599,.T.);
#599 = EDGE_LOOP('',(#600,#601,#602,#610,#619,#629,#639));
#600 = ORIENTED_EDGE('',*,*,#39,.F.);
#601 = ORIENTED_EDGE('',*,*,#200,.T.);
#602 = ORIENTED_EDGE('',*,*,#603,.T.);
#603 = EDGE_CURVE('',#193,#604,#606,.T.);
#604 = VERTEX_POINT('',#605);
#605 = CARTESIAN_POINT('',(95.,-11.,-25.));
#606 = LINE('',#607,#608);
#607 = CARTESIAN_POINT('',(95.,-5.55E-15,-25.));
#608 = VECTOR('',#609,1.);
#609 = DIRECTION('',(0.,-1.,2.2E-16));
#610 = ORIENTED_EDGE('',*,*,#611,.F.);
#611 = EDGE_CURVE('',#612,#604,#614,.T.);
#612 = VERTEX_POINT('',#613);
#613 = CARTESIAN_POINT('',(90.714285714286,-11.,-33.20651806648));
#614 = CIRCLE('',#615,10.);
#615 = AXIS2_PLACEMENT_3D('',#616,#617,#618);
#616 = CARTESIAN_POINT('',(85.,-11.,-25.));
#617 = DIRECTION('',(0.,-1.,0.));
#618 = DIRECTION('',(0.,0.,-1.));
#619 = ORIENTED_EDGE('',*,*,#620,.F.);
#620 = EDGE_CURVE('',#621,#612,#623,.T.);
#621 = VERTEX_POINT('',#622);
#622 = CARTESIAN_POINT('',(90.240974256643,-11.06736250837,
    -33.51658316704));
#623 = ( BOUNDED_CURVE() B_SPLINE_CURVE(4,(#624,#625,#626,#627,#628),
.UNSPECIFIED.,.F.,.F.) B_SPLINE_CURVE_WITH_KNOTS((5,5),(426.93247636118,
427.498382325),.PIECEWISE_BEZIER_KNOTS.) CURVE() 
GEOMETRIC_REPRESENTATION_ITEM() RATIONAL_B_SPLINE_CURVE((1.,1.,1.,1.,1.)
) REPRESENTATION_ITEM('') );
#624 = CARTESIAN_POINT('',(90.240974256643,-11.06736250837,
    -33.51658316704));
#625 = CARTESIAN_POINT('',(90.361463886783,-11.02953913511,
    -33.44243570234));
#626 = CARTESIAN_POINT('',(90.480554837221,-11.00904886322,
    -33.36601537543));
#627 = CARTESIAN_POINT('',(90.598182776391,-11.,-33.28736177559));
#628 = CARTESIAN_POINT('',(90.714285714286,-11.,-33.20651806648));
#629 = ORIENTED_EDGE('',*,*,#630,.F.);
#630 = EDGE_CURVE('',#631,#621,#633,.T.);
#631 = VERTEX_POINT('',#632);
#632 = CARTESIAN_POINT('',(88.71153744479,-11.,-34.28571428571));
#633 = ( BOUNDED_CURVE() B_SPLINE_CURVE(4,(#634,#635,#636,#637,#638),
.UNSPECIFIED.,.F.,.F.) B_SPLINE_CURVE_WITH_KNOTS((5,5),(425.21843860282,
426.93247636118),.PIECEWISE_BEZIER_KNOTS.) CURVE() 
GEOMETRIC_REPRESENTATION_ITEM() RATIONAL_B_SPLINE_CURVE((1.,1.,1.,1.,1.)
) REPRESENTATION_ITEM('') );
#634 = CARTESIAN_POINT('',(88.711537444791,-11.,-34.28571428571));
#635 = CARTESIAN_POINT('',(89.109439067249,-11.,-34.12667140267));
#636 = CARTESIAN_POINT('',(89.498254762913,-11.00662725183,
    -33.94489412335));
#637 = CARTESIAN_POINT('',(89.876030628629,-11.02397850333,
    -33.7411638612));
#638 = CARTESIAN_POINT('',(90.240974256643,-11.06736250837,
    -33.51658316704));
#639 = ORIENTED_EDGE('',*,*,#640,.F.);
#640 = EDGE_CURVE('',#32,#631,#641,.T.);
#641 = CIRCLE('',#642,10.);
#642 = AXIS2_PLACEMENT_3D('',#643,#644,#645);
#643 = CARTESIAN_POINT('',(85.,-11.,-25.));
#644 = DIRECTION('',(0.,-1.,0.));
#645 = DIRECTION('',(0.,0.,-1.));
#646 = CYLINDRICAL_SURFACE('',#647,10.);
#647 = AXIS2_PLACEMENT_3D('',#648,#649,#650);
#648 = CARTESIAN_POINT('',(85.,-5.55E-15,-25.));
#649 = DIRECTION('',(0.,-1.,2.2E-16));
#650 = DIRECTION('',(0.,-2.2E-16,-1.));
#651 = ADVANCED_FACE('',(#652),#671,.T.);
#652 = FACE_BOUND('',#653,.F.);
#653 = EDGE_LOOP('',(#654,#662,#669,#670));
#654 = ORIENTED_EDGE('',*,*,#655,.F.);
#655 = EDGE_CURVE('',#656,#99,#658,.T.);
#656 = VERTEX_POINT('',#657);
#657 = CARTESIAN_POINT('',(-87.59807621135,-14.,-31.5));
#658 = ( BOUNDED_CURVE() B_SPLINE_CURVE(2,(#659,#660,#661),
.UNSPECIFIED.,.F.,.F.) B_SPLINE_CURVE_WITH_KNOTS((3,3),(0.,
1.714037758356),.PIECEWISE_BEZIER_KNOTS.) CURVE() 
GEOMETRIC_REPRESENTATION_ITEM() RATIONAL_B_SPLINE_CURVE((1.,
0.707106781187,1.)) REPRESENTATION_ITEM('') );
#659 = CARTESIAN_POINT('',(-87.59807621135,-14.,-31.5));
#660 = CARTESIAN_POINT('',(-88.71153744479,-14.,-34.28571428571));
#661 = CARTESIAN_POINT('',(-88.71153744479,-11.,-34.28571428571));
#662 = ORIENTED_EDGE('',*,*,#663,.T.);
#663 = EDGE_CURVE('',#656,#124,#664,.T.);
#664 = CIRCLE('',#665,7.);
#665 = AXIS2_PLACEMENT_3D('',#666,#667,#668);
#666 = CARTESIAN_POINT('',(-85.,-14.,-25.));
#667 = DIRECTION('',(-0.,-1.,0.));
#668 = DIRECTION('',(-1.,0.,3.6E-16));
#669 = ORIENTED_EDGE('',*,*,#123,.T.);
#670 = ORIENTED_EDGE('',*,*,#108,.F.);
#671 = TOROIDAL_SURFACE('',#672,7.,3.);
#672 = AXIS2_PLACEMENT_3D('',#673,#674,#675);
#673 = CARTESIAN_POINT('',(-85.,-11.,-25.));
#674 = DIRECTION('',(0.,1.,0.));
#675 = DIRECTION('',(-1.,0.,3.6E-16));
#676 = ADVANCED_FACE('',(#677),#697,.F.);
#677 = FACE_BOUND('',#678,.F.);
#678 = EDGE_LOOP('',(#679,#687,#695,#696));
#679 = ORIENTED_EDGE('',*,*,#680,.F.);
#680 = EDGE_CURVE('',#681,#89,#683,.T.);
#681 = VERTEX_POINT('',#682);
#682 = CARTESIAN_POINT('',(-89.,-14.,-31.5));
#683 = ( BOUNDED_CURVE() B_SPLINE_CURVE(2,(#684,#685,#686),
.UNSPECIFIED.,.F.,.F.) B_SPLINE_CURVE_WITH_KNOTS((3,3),(0.,
0.565905963817),.PIECEWISE_BEZIER_KNOTS.) CURVE() 
GEOMETRIC_REPRESENTATION_ITEM() RATIONAL_B_SPLINE_CURVE((1.,
0.778049780031,1.)) REPRESENTATION_ITEM('') );
#684 = CARTESIAN_POINT('',(-89.,-14.,-31.5));
#685 = CARTESIAN_POINT('',(-90.24097425664,-13.48958268954,
    -33.51658316704));
#686 = CARTESIAN_POINT('',(-90.24097425664,-11.06736250836,
    -33.51658316704));
#687 = ORIENTED_EDGE('',*,*,#688,.T.);
#688 = EDGE_CURVE('',#681,#656,#689,.T.);
#689 = ( BOUNDED_CURVE() B_SPLINE_CURVE(4,(#690,#691,#692,#693,#694),
.UNSPECIFIED.,.F.,.F.) B_SPLINE_CURVE_WITH_KNOTS((5,5),(245.89937671061,
247.61341446896),.PIECEWISE_BEZIER_KNOTS.) CURVE() 
GEOMETRIC_REPRESENTATION_ITEM() RATIONAL_B_SPLINE_CURVE((1.,1.,1.,1.,1.)
) REPRESENTATION_ITEM('') );
#690 = CARTESIAN_POINT('',(-89.,-14.,-31.5));
#691 = CARTESIAN_POINT('',(-88.61598961759,-14.,-31.5));
#692 = CARTESIAN_POINT('',(-88.25893351954,-14.,-31.5));
#693 = CARTESIAN_POINT('',(-87.92110640426,-14.,-31.5));
#694 = CARTESIAN_POINT('',(-87.59807621135,-14.,-31.5));
#695 = ORIENTED_EDGE('',*,*,#655,.T.);
#696 = ORIENTED_EDGE('',*,*,#98,.F.);
#697 = ( BOUNDED_SURFACE() B_SPLINE_SURFACE(2,4,(
    (#698,#699,#700,#701,#702)
    ,(#703,#704,#705,#706,#707)
    ,(#708,#709,#710,#711,#712
)),.UNSPECIFIED.,.F.,.F.,.F.) B_SPLINE_SURFACE_WITH_KNOTS((3,3),(5,5),(
    0.,1.714037758356),(245.89937671061,247.61341446896),
.PIECEWISE_BEZIER_KNOTS.) GEOMETRIC_REPRESENTATION_ITEM() 
RATIONAL_B_SPLINE_SURFACE((
    (1.,1.,1.,1.,1.)
    ,(0.778049780031,0.756493869984,0.737656616234,0.72123640876
      ,0.707106781187)
,(1.,1.,1.,1.,1.))) REPRESENTATION_ITEM('') SURFACE() );
#698 = CARTESIAN_POINT('',(-90.24097425664,-11.06736250837,
    -33.51658316704));
#699 = CARTESIAN_POINT('',(-89.87603062862,-11.02397850333,
    -33.7411638612));
#700 = CARTESIAN_POINT('',(-89.49825476291,-11.00662725183,
    -33.94489412335));
#701 = CARTESIAN_POINT('',(-89.10943906724,-11.,-34.12667140267));
#702 = CARTESIAN_POINT('',(-88.71153744479,-11.,-34.28571428571));
#703 = CARTESIAN_POINT('',(-90.24097425664,-13.48958268954,
    -33.51658316704));
#704 = CARTESIAN_POINT('',(-89.8656317446,-13.61985654427,
    -33.74756317445));
#705 = CARTESIAN_POINT('',(-89.48601124943,-13.75483159855,
    -33.95086695627));
#706 = CARTESIAN_POINT('',(-89.10164383995,-13.88245495594,
    -34.12978718645));
#707 = CARTESIAN_POINT('',(-88.71153744479,-14.,-34.28571428571));
#708 = CARTESIAN_POINT('',(-89.,-14.,-31.5));
#709 = CARTESIAN_POINT('',(-88.61598961759,-14.,-31.5));
#710 = CARTESIAN_POINT('',(-88.25893351954,-14.,-31.5));
#711 = CARTESIAN_POINT('',(-87.92110640426,-14.,-31.5));
#712 = CARTESIAN_POINT('',(-87.59807621135,-14.,-31.5));
#713 = ADVANCED_FACE('',(#714),#732,.F.);
#714 = FACE_BOUND('',#715,.F.);
#715 = EDGE_LOOP('',(#716,#724,#730,#731));
#716 = ORIENTED_EDGE('',*,*,#717,.T.);
#717 = EDGE_CURVE('',#159,#718,#720,.T.);
#718 = VERTEX_POINT('',#719);
#719 = CARTESIAN_POINT('',(-95.,-11.,25.));
#720 = LINE('',#721,#722);
#721 = CARTESIAN_POINT('',(-95.,5.55E-15,25.));
#722 = VECTOR('',#723,1.);
#723 = DIRECTION('',(0.,-1.,2.2E-16));
#724 = ORIENTED_EDGE('',*,*,#725,.T.);
#725 = EDGE_CURVE('',#718,#72,#726,.T.);
#726 = LINE('',#727,#728);
#727 = CARTESIAN_POINT('',(-95.,-11.,25.));
#728 = VECTOR('',#729,1.);
#729 = DIRECTION('',(0.,-2.2E-16,-1.));
#730 = ORIENTED_EDGE('',*,*,#71,.F.);
#731 = ORIENTED_EDGE('',*,*,#158,.F.);
#732 = PLANE('',#733);
#733 = AXIS2_PLACEMENT_3D('',#734,#735,#736);
#734 = CARTESIAN_POINT('',(-95.,7.77E-15,35.));
#735 = DIRECTION('',(1.,0.,0.));
#736 = DIRECTION('',(0.,-2.2E-16,-1.));
#737 = ADVANCED_FACE('',(#738),#759,.F.);
#738 = FACE_BOUND('',#739,.F.);
#739 = EDGE_LOOP('',(#740,#749,#757,#758));
#740 = ORIENTED_EDGE('',*,*,#741,.F.);
#741 = EDGE_CURVE('',#742,#80,#744,.T.);
#742 = VERTEX_POINT('',#743);
#743 = CARTESIAN_POINT('',(-89.,-14.,-30.74456264653));
#744 = CIRCLE('',#745,3.);
#745 = AXIS2_PLACEMENT_3D('',#746,#747,#748);
#746 = CARTESIAN_POINT('',(-89.,-11.,-30.74456264653));
#747 = DIRECTION('',(0.820651806648,0.,-0.571428571429));
#748 = DIRECTION('',(-0.571428571429,0.,-0.820651806648));
#749 = ORIENTED_EDGE('',*,*,#750,.T.);
#750 = EDGE_CURVE('',#742,#681,#751,.T.);
#751 = ( BOUNDED_CURVE() B_SPLINE_CURVE(4,(#752,#753,#754,#755,#756),
.UNSPECIFIED.,.F.,.F.) B_SPLINE_CURVE_WITH_KNOTS((5,5),(245.33347074679,
245.89937671061),.PIECEWISE_BEZIER_KNOTS.) CURVE() 
GEOMETRIC_REPRESENTATION_ITEM() RATIONAL_B_SPLINE_CURVE((1.,1.,1.,1.,1.)
) REPRESENTATION_ITEM('') );
#752 = CARTESIAN_POINT('',(-89.,-14.,-30.74456264653));
#753 = CARTESIAN_POINT('',(-89.,-14.,-30.91787134794));
#754 = CARTESIAN_POINT('',(-89.,-14.,-31.10057504708));
#755 = CARTESIAN_POINT('',(-89.,-14.,-31.29397486004));
#756 = CARTESIAN_POINT('',(-89.,-14.,-31.5));
#757 = ORIENTED_EDGE('',*,*,#680,.T.);
#758 = ORIENTED_EDGE('',*,*,#88,.F.);
#759 = ( BOUNDED_SURFACE() B_SPLINE_SURFACE(2,4,(
    (#760,#761,#762,#763,#764)
    ,(#765,#766,#767,#768,#769)
    ,(#770,#771,#772,#773,#774
)),.UNSPECIFIED.,.F.,.F.,.F.) B_SPLINE_SURFACE_WITH_KNOTS((3,3),(5,5),(
    0.,0.565905963817),(245.33347074679,245.89937671061),
.PIECEWISE_BEZIER_KNOTS.) GEOMETRIC_REPRESENTATION_ITEM() 
RATIONAL_B_SPLINE_SURFACE((
    (1.,1.,1.,1.,1.)
    ,(0.707106781187,0.723868287688,0.741228548912,0.759256742576
      ,0.778049780031)
,(1.,1.,1.,1.,1.))) REPRESENTATION_ITEM('') SURFACE() );
#760 = CARTESIAN_POINT('',(-90.71428571428,-11.,-33.20651806648));
#761 = CARTESIAN_POINT('',(-90.59818277639,-11.,-33.28736177559));
#762 = CARTESIAN_POINT('',(-90.48055483722,-11.00904886322,
    -33.36601537543));
#763 = CARTESIAN_POINT('',(-90.36146388678,-11.02953913511,
    -33.44243570234));
#764 = CARTESIAN_POINT('',(-90.24097425664,-11.06736250836,
    -33.51658316704));
#765 = CARTESIAN_POINT('',(-90.71428571428,-14.,-33.20651806648));
#766 = CARTESIAN_POINT('',(-90.60087119385,-13.86106721247,
    -33.28548980195));
#767 = CARTESIAN_POINT('',(-90.48431154753,-13.72814490067,
    -33.36354852349));
#768 = CARTESIAN_POINT('',(-90.36444623255,-13.60274573752,
    -33.44060041264));
#769 = CARTESIAN_POINT('',(-90.24097425664,-13.48958268954,
    -33.51658316704));
#770 = CARTESIAN_POINT('',(-89.,-14.,-30.74456264653));
#771 = CARTESIAN_POINT('',(-89.,-14.,-30.91787134794));
#772 = CARTESIAN_POINT('',(-89.,-14.,-31.10057504708));
#773 = CARTESIAN_POINT('',(-89.,-14.,-31.29397486004));
#774 = CARTESIAN_POINT('',(-89.,-14.,-31.5));
#775 = ADVANCED_FACE('',(#776),#796,.T.);
#776 = FACE_BOUND('',#777,.F.);
#777 = EDGE_LOOP('',(#778,#787,#794,#795));
#778 = ORIENTED_EDGE('',*,*,#779,.F.);
#779 = EDGE_CURVE('',#780,#72,#782,.T.);
#780 = VERTEX_POINT('',#781);
#781 = CARTESIAN_POINT('',(-92.,-14.,-25.));
#782 = CIRCLE('',#783,3.);
#783 = AXIS2_PLACEMENT_3D('',#784,#785,#786);
#784 = CARTESIAN_POINT('',(-92.,-11.,-25.));
#785 = DIRECTION('',(-0.,-2.2E-16,-1.));
#786 = DIRECTION('',(0.,-1.,2.2E-16));
#787 = ORIENTED_EDGE('',*,*,#788,.T.);
#788 = EDGE_CURVE('',#780,#742,#789,.T.);
#789 = CIRCLE('',#790,7.);
#790 = AXIS2_PLACEMENT_3D('',#791,#792,#793);
#791 = CARTESIAN_POINT('',(-85.,-14.,-25.));
#792 = DIRECTION('',(-0.,-1.,0.));
#793 = DIRECTION('',(-1.,0.,3.6E-16));
#794 = ORIENTED_EDGE('',*,*,#741,.T.);
#795 = ORIENTED_EDGE('',*,*,#79,.F.);
#796 = TOROIDAL_SURFACE('',#797,7.,3.);
#797 = AXIS2_PLACEMENT_3D('',#798,#799,#800);
#798 = CARTESIAN_POINT('',(-85.,-11.,-25.));
#799 = DIRECTION('',(0.,1.,0.));
#800 = DIRECTION('',(-1.,0.,3.6E-16));
#801 = ADVANCED_FACE('',(#802),#821,.F.);
#802 = FACE_BOUND('',#803,.F.);
#803 = EDGE_LOOP('',(#804,#812,#819,#820));
#804 = ORIENTED_EDGE('',*,*,#805,.T.);
#805 = EDGE_CURVE('',#656,#806,#808,.T.);
#806 = VERTEX_POINT('',#807);
#807 = CARTESIAN_POINT('',(87.598076211353,-14.,-31.5));
#808 = LINE('',#809,#810);
#809 = CARTESIAN_POINT('',(-89.,-14.,-31.5));
#810 = VECTOR('',#811,1.);
#811 = DIRECTION('',(1.,0.,0.));
#812 = ORIENTED_EDGE('',*,*,#813,.F.);
#813 = EDGE_CURVE('',#134,#806,#814,.T.);
#814 = CIRCLE('',#815,7.);
#815 = AXIS2_PLACEMENT_3D('',#816,#817,#818);
#816 = CARTESIAN_POINT('',(85.,-14.,-25.));
#817 = DIRECTION('',(0.,-1.,0.));
#818 = DIRECTION('',(0.,0.,-1.));
#819 = ORIENTED_EDGE('',*,*,#142,.F.);
#820 = ORIENTED_EDGE('',*,*,#663,.F.);
#821 = PLANE('',#822);
#822 = AXIS2_PLACEMENT_3D('',#823,#824,#825);
#823 = CARTESIAN_POINT('',(0.,-14.,3.E-15));
#824 = DIRECTION('',(0.,1.,0.));
#825 = DIRECTION('',(0.,0.,1.));
#826 = ADVANCED_FACE('',(#827),#839,.T.);
#827 = FACE_BOUND('',#828,.F.);
#828 = EDGE_LOOP('',(#829,#830,#831,#838));
#829 = ORIENTED_EDGE('',*,*,#133,.F.);
#830 = ORIENTED_EDGE('',*,*,#813,.T.);
#831 = ORIENTED_EDGE('',*,*,#832,.T.);
#832 = EDGE_CURVE('',#806,#631,#833,.T.);
#833 = CIRCLE('',#834,3.);
#834 = AXIS2_PLACEMENT_3D('',#835,#836,#837);
#835 = CARTESIAN_POINT('',(87.598076211353,-11.,-31.5));
#836 = DIRECTION('',(0.928571428571,-0.,0.371153744479));
#837 = DIRECTION('',(0.371153744479,0.,-0.928571428571));
#838 = ORIENTED_EDGE('',*,*,#640,.F.);
#839 = TOROIDAL_SURFACE('',#840,7.,3.);
#840 = AXIS2_PLACEMENT_3D('',#841,#842,#843);
#841 = CARTESIAN_POINT('',(85.,-11.,-25.));
#842 = DIRECTION('',(0.,1.,0.));
#843 = DIRECTION('',(0.,0.,-1.));
#844 = ADVANCED_FACE('',(#845),#863,.F.);
#845 = FACE_BOUND('',#846,.F.);
#846 = EDGE_LOOP('',(#847,#848,#856,#862));
#847 = ORIENTED_EDGE('',*,*,#603,.T.);
#848 = ORIENTED_EDGE('',*,*,#849,.T.);
#849 = EDGE_CURVE('',#604,#850,#852,.T.);
#850 = VERTEX_POINT('',#851);
#851 = CARTESIAN_POINT('',(95.,-11.,25.));
#852 = LINE('',#853,#854);
#853 = CARTESIAN_POINT('',(95.,-11.,-25.));
#854 = VECTOR('',#855,1.);
#855 = DIRECTION('',(0.,2.2E-16,1.));
#856 = ORIENTED_EDGE('',*,*,#857,.F.);
#857 = EDGE_CURVE('',#184,#850,#858,.T.);
#858 = LINE('',#859,#860);
#859 = CARTESIAN_POINT('',(95.,5.55E-15,25.));
#860 = VECTOR('',#861,1.);
#861 = DIRECTION('',(0.,-1.,2.2E-16));
#862 = ORIENTED_EDGE('',*,*,#192,.F.);
#863 = PLANE('',#864);
#864 = AXIS2_PLACEMENT_3D('',#865,#866,#867);
#865 = CARTESIAN_POINT('',(95.,-7.77E-15,-35.));
#866 = DIRECTION('',(-1.,0.,0.));
#867 = DIRECTION('',(0.,2.2E-16,1.));
#868 = ADVANCED_FACE('',(#869),#888,.T.);
#869 = FACE_BOUND('',#870,.F.);
#870 = EDGE_LOOP('',(#871,#872,#873,#881));
#871 = ORIENTED_EDGE('',*,*,#717,.F.);
#872 = ORIENTED_EDGE('',*,*,#166,.T.);
#873 = ORIENTED_EDGE('',*,*,#874,.T.);
#874 = EDGE_CURVE('',#167,#875,#877,.T.);
#875 = VERTEX_POINT('',#876);
#876 = CARTESIAN_POINT('',(-85.,-11.,35.));
#877 = LINE('',#878,#879);
#878 = CARTESIAN_POINT('',(-85.,7.77E-15,35.));
#879 = VECTOR('',#880,1.);
#880 = DIRECTION('',(0.,-1.,2.2E-16));
#881 = ORIENTED_EDGE('',*,*,#882,.T.);
#882 = EDGE_CURVE('',#875,#718,#883,.T.);
#883 = CIRCLE('',#884,10.);
#884 = AXIS2_PLACEMENT_3D('',#885,#886,#887);
#885 = CARTESIAN_POINT('',(-85.,-11.,25.));
#886 = DIRECTION('',(0.,-1.,0.));
#887 = DIRECTION('',(0.,0.,1.));
#888 = CYLINDRICAL_SURFACE('',#889,10.);
#889 = AXIS2_PLACEMENT_3D('',#890,#891,#892);
#890 = CARTESIAN_POINT('',(-85.,5.55E-15,25.));
#891 = DIRECTION('',(0.,-1.,2.2E-16));
#892 = DIRECTION('',(-1.,0.,0.));
#893 = ADVANCED_FACE('',(#894),#913,.T.);
#894 = FACE_BOUND('',#895,.T.);
#895 = EDGE_LOOP('',(#896,#897,#898,#906));
#896 = ORIENTED_EDGE('',*,*,#857,.F.);
#897 = ORIENTED_EDGE('',*,*,#183,.T.);
#898 = ORIENTED_EDGE('',*,*,#899,.T.);
#899 = EDGE_CURVE('',#176,#900,#902,.T.);
#900 = VERTEX_POINT('',#901);
#901 = CARTESIAN_POINT('',(85.,-11.,35.));
#902 = LINE('',#903,#904);
#903 = CARTESIAN_POINT('',(85.,7.77E-15,35.));
#904 = VECTOR('',#905,1.);
#905 = DIRECTION('',(0.,-1.,2.2E-16));
#906 = ORIENTED_EDGE('',*,*,#907,.F.);
#907 = EDGE_CURVE('',#850,#900,#908,.T.);
#908 = CIRCLE('',#909,10.);
#909 = AXIS2_PLACEMENT_3D('',#910,#911,#912);
#910 = CARTESIAN_POINT('',(85.,-11.,25.));
#911 = DIRECTION('',(0.,-1.,0.));
#912 = DIRECTION('',(1.,0.,7.1E-16));
#913 = CYLINDRICAL_SURFACE('',#914,10.);
#914 = AXIS2_PLACEMENT_3D('',#915,#916,#917);
#915 = CARTESIAN_POINT('',(85.,5.55E-15,25.));
#916 = DIRECTION('',(0.,-1.,2.2E-16));
#917 = DIRECTION('',(1.,0.,0.));
#918 = ADVANCED_FACE('',(#919),#930,.F.);
#919 = FACE_BOUND('',#920,.F.);
#920 = EDGE_LOOP('',(#921,#922,#928,#929));
#921 = ORIENTED_EDGE('',*,*,#899,.T.);
#922 = ORIENTED_EDGE('',*,*,#923,.T.);
#923 = EDGE_CURVE('',#900,#875,#924,.T.);
#924 = LINE('',#925,#926);
#925 = CARTESIAN_POINT('',(85.,-11.,35.));
#926 = VECTOR('',#927,1.);
#927 = DIRECTION('',(-1.,0.,0.));
#928 = ORIENTED_EDGE('',*,*,#874,.F.);
#929 = ORIENTED_EDGE('',*,*,#175,.F.);
#930 = PLANE('',#931);
#931 = AXIS2_PLACEMENT_3D('',#932,#933,#934);
#932 = CARTESIAN_POINT('',(95.,7.77E-15,35.));
#933 = DIRECTION('',(-0.,-2.2E-16,-1.));
#934 = DIRECTION('',(-1.,0.,0.));
#935 = ADVANCED_FACE('',(#936),#963,.F.);
#936 = FACE_BOUND('',#937,.F.);
#937 = EDGE_LOOP('',(#938,#939,#940,#946,#947,#955));
#938 = ORIENTED_EDGE('',*,*,#805,.F.);
#939 = ORIENTED_EDGE('',*,*,#688,.F.);
#940 = ORIENTED_EDGE('',*,*,#941,.T.);
#941 = EDGE_CURVE('',#681,#212,#942,.T.);
#942 = LINE('',#943,#944);
#943 = CARTESIAN_POINT('',(-89.,-14.,-31.5));
#944 = VECTOR('',#945,1.);
#945 = DIRECTION('',(0.,1.,-2.2E-16));
#946 = ORIENTED_EDGE('',*,*,#209,.F.);
#947 = ORIENTED_EDGE('',*,*,#948,.F.);
#948 = EDGE_CURVE('',#949,#210,#951,.T.);
#949 = VERTEX_POINT('',#950);
#950 = CARTESIAN_POINT('',(89.,-14.,-31.5));
#951 = LINE('',#952,#953);
#952 = CARTESIAN_POINT('',(89.,-14.,-31.5));
#953 = VECTOR('',#954,1.);
#954 = DIRECTION('',(0.,1.,-2.2E-16));
#955 = ORIENTED_EDGE('',*,*,#956,.F.);
#956 = EDGE_CURVE('',#806,#949,#957,.T.);
#957 = ( BOUNDED_CURVE() B_SPLINE_CURVE(4,(#958,#959,#960,#961,#962),
.UNSPECIFIED.,.F.,.F.) B_SPLINE_CURVE_WITH_KNOTS((5,5),(425.21843860282,
426.93247636118),.PIECEWISE_BEZIER_KNOTS.) CURVE() 
GEOMETRIC_REPRESENTATION_ITEM() RATIONAL_B_SPLINE_CURVE((1.,1.,1.,1.,1.)
) REPRESENTATION_ITEM('') );
#958 = CARTESIAN_POINT('',(87.598076211353,-14.,-31.5));
#959 = CARTESIAN_POINT('',(87.92110640426,-14.,-31.5));
#960 = CARTESIAN_POINT('',(88.258933519547,-14.,-31.5));
#961 = CARTESIAN_POINT('',(88.615989617598,-14.,-31.5));
#962 = CARTESIAN_POINT('',(89.,-14.,-31.5));
#963 = PLANE('',#964);
#964 = AXIS2_PLACEMENT_3D('',#965,#966,#967);
#965 = CARTESIAN_POINT('',(-89.,-14.,-31.5));
#966 = DIRECTION('',(0.,-2.2E-16,-1.));
#967 = DIRECTION('',(1.,0.,0.));
#968 = ADVANCED_FACE('',(#969),#997,.F.);
#969 = FACE_BOUND('',#970,.F.);
#970 = EDGE_LOOP('',(#971,#981,#989,#990,#991));
#971 = ORIENTED_EDGE('',*,*,#972,.F.);
#972 = EDGE_CURVE('',#973,#975,#977,.T.);
#973 = VERTEX_POINT('',#974);
#974 = CARTESIAN_POINT('',(89.,-14.,-30.74456264653));
#975 = VERTEX_POINT('',#976);
#976 = CARTESIAN_POINT('',(89.,-14.,-26.5));
#977 = LINE('',#978,#979);
#978 = CARTESIAN_POINT('',(89.,-14.,-31.5));
#979 = VECTOR('',#980,1.);
#980 = DIRECTION('',(0.,0.,1.));
#981 = ORIENTED_EDGE('',*,*,#982,.F.);
#982 = EDGE_CURVE('',#949,#973,#983,.T.);
#983 = ( BOUNDED_CURVE() B_SPLINE_CURVE(4,(#984,#985,#986,#987,#988),
.UNSPECIFIED.,.F.,.F.) B_SPLINE_CURVE_WITH_KNOTS((5,5),(426.93247636118,
427.498382325),.PIECEWISE_BEZIER_KNOTS.) CURVE() 
GEOMETRIC_REPRESENTATION_ITEM() RATIONAL_B_SPLINE_CURVE((1.,1.,1.,1.,1.)
) REPRESENTATION_ITEM('') );
#984 = CARTESIAN_POINT('',(89.,-14.,-31.5));
#985 = CARTESIAN_POINT('',(89.,-14.,-31.29397486004));
#986 = CARTESIAN_POINT('',(89.,-14.,-31.10057504708));
#987 = CARTESIAN_POINT('',(89.,-14.,-30.91787134795));
#988 = CARTESIAN_POINT('',(89.,-14.,-30.74456264653));
#989 = ORIENTED_EDGE('',*,*,#948,.T.);
#990 = ORIENTED_EDGE('',*,*,#219,.F.);
#991 = ORIENTED_EDGE('',*,*,#992,.F.);
#992 = EDGE_CURVE('',#975,#220,#993,.T.);
#993 = LINE('',#994,#995);
#994 = CARTESIAN_POINT('',(89.,-14.,-26.5));
#995 = VECTOR('',#996,1.);
#996 = DIRECTION('',(0.,1.,-2.2E-16));
#997 = PLANE('',#998);
#998 = AXIS2_PLACEMENT_3D('',#999,#1000,#1001);
#999 = CARTESIAN_POINT('',(89.,-14.,-31.5));
#1000 = DIRECTION('',(1.,0.,0.));
#1001 = DIRECTION('',(0.,2.2E-16,1.));
#1002 = ADVANCED_FACE('',(#1003),#1022,.F.);
#1003 = FACE_BOUND('',#1004,.F.);
#1004 = EDGE_LOOP('',(#1005,#1013,#1019,#1020,#1021));
#1005 = ORIENTED_EDGE('',*,*,#1006,.F.);
#1006 = EDGE_CURVE('',#1007,#742,#1009,.T.);
#1007 = VERTEX_POINT('',#1008);
#1008 = CARTESIAN_POINT('',(-89.,-14.,-26.5));
#1009 = LINE('',#1010,#1011);
#1010 = CARTESIAN_POINT('',(-89.,-14.,-26.5));
#1011 = VECTOR('',#1012,1.);
#1012 = DIRECTION('',(0.,0.,-1.));
#1013 = ORIENTED_EDGE('',*,*,#1014,.T.);
#1014 = EDGE_CURVE('',#1007,#228,#1015,.T.);
#1015 = LINE('',#1016,#1017);
#1016 = CARTESIAN_POINT('',(-89.,-14.,-26.5));
#1017 = VECTOR('',#1018,1.);
#1018 = DIRECTION('',(0.,1.,-2.2E-16));
#1019 = ORIENTED_EDGE('',*,*,#235,.F.);
#1020 = ORIENTED_EDGE('',*,*,#941,.F.);
#1021 = ORIENTED_EDGE('',*,*,#750,.F.);
#1022 = PLANE('',#1023);
#1023 = AXIS2_PLACEMENT_3D('',#1024,#1025,#1026);
#1024 = CARTESIAN_POINT('',(-89.,-14.,-26.5));
#1025 = DIRECTION('',(-1.,0.,0.));
#1026 = DIRECTION('',(-0.,-2.2E-16,-1.));
#1027 = ADVANCED_FACE('',(#1028),#1039,.F.);
#1028 = FACE_BOUND('',#1029,.F.);
#1029 = EDGE_LOOP('',(#1030,#1036,#1037,#1038));
#1030 = ORIENTED_EDGE('',*,*,#1031,.F.);
#1031 = EDGE_CURVE('',#975,#1007,#1032,.T.);
#1032 = LINE('',#1033,#1034);
#1033 = CARTESIAN_POINT('',(89.,-14.,-26.5));
#1034 = VECTOR('',#1035,1.);
#1035 = DIRECTION('',(-1.,0.,0.));
#1036 = ORIENTED_EDGE('',*,*,#992,.T.);
#1037 = ORIENTED_EDGE('',*,*,#227,.F.);
#1038 = ORIENTED_EDGE('',*,*,#1014,.F.);
#1039 = PLANE('',#1040);
#1040 = AXIS2_PLACEMENT_3D('',#1041,#1042,#1043);
#1041 = CARTESIAN_POINT('',(89.,-14.,-26.5));
#1042 = DIRECTION('',(0.,2.2E-16,1.));
#1043 = DIRECTION('',(-1.,0.,0.));
#1044 = ADVANCED_FACE('',(#1045),#1108,.T.);
#1045 = FACE_BOUND('',#1046,.T.);
#1046 = EDGE_LOOP('',(#1047,#1048,#1056,#1064,#1072,#1080,#1086,#1094,
    #1102));
#1047 = ORIENTED_EDGE('',*,*,#243,.T.);
#1048 = ORIENTED_EDGE('',*,*,#1049,.T.);
#1049 = EDGE_CURVE('',#246,#1050,#1052,.T.);
#1050 = VERTEX_POINT('',#1051);
#1051 = CARTESIAN_POINT('',(-81.,-2.,30.));
#1052 = LINE('',#1053,#1054);
#1053 = CARTESIAN_POINT('',(-81.,6.66E-15,30.));
#1054 = VECTOR('',#1055,1.);
#1055 = DIRECTION('',(0.,-1.,2.2E-16));
#1056 = ORIENTED_EDGE('',*,*,#1057,.F.);
#1057 = EDGE_CURVE('',#1058,#1050,#1060,.T.);
#1058 = VERTEX_POINT('',#1059);
#1059 = CARTESIAN_POINT('',(-81.,-2.,-18.));
#1060 = LINE('',#1061,#1062);
#1061 = CARTESIAN_POINT('',(-81.,-2.,-8.25));
#1062 = VECTOR('',#1063,1.);
#1063 = DIRECTION('',(0.,0.,1.));
#1064 = ORIENTED_EDGE('',*,*,#1065,.F.);
#1065 = EDGE_CURVE('',#1066,#1058,#1068,.T.);
#1066 = VERTEX_POINT('',#1067);
#1067 = CARTESIAN_POINT('',(-81.,-6.,-18.));
#1068 = LINE('',#1069,#1070);
#1069 = CARTESIAN_POINT('',(-81.,-7.,-18.));
#1070 = VECTOR('',#1071,1.);
#1071 = DIRECTION('',(0.,1.,-2.2E-16));
#1072 = ORIENTED_EDGE('',*,*,#1073,.F.);
#1073 = EDGE_CURVE('',#1074,#1066,#1076,.T.);
#1074 = VERTEX_POINT('',#1075);
#1075 = CARTESIAN_POINT('',(-81.,-6.,-22.5));
#1076 = LINE('',#1077,#1078);
#1077 = CARTESIAN_POINT('',(-81.,-6.,-22.5));
#1078 = VECTOR('',#1079,1.);
#1079 = DIRECTION('',(0.,0.,1.));
#1080 = ORIENTED_EDGE('',*,*,#1081,.F.);
#1081 = EDGE_CURVE('',#270,#1074,#1082,.T.);
#1082 = LINE('',#1083,#1084);
#1083 = CARTESIAN_POINT('',(-81.,-5.E-15,-22.5));
#1084 = VECTOR('',#1085,1.);
#1085 = DIRECTION('',(0.,-1.,2.2E-16));
#1086 = ORIENTED_EDGE('',*,*,#1087,.T.);
#1087 = EDGE_CURVE('',#270,#1088,#1090,.T.);
#1088 = VERTEX_POINT('',#1089);
#1089 = CARTESIAN_POINT('',(-81.,12.,-22.5));
#1090 = LINE('',#1091,#1092);
#1091 = CARTESIAN_POINT('',(-81.,-5.E-15,-22.5));
#1092 = VECTOR('',#1093,1.);
#1093 = DIRECTION('',(0.,1.,-2.2E-16));
#1094 = ORIENTED_EDGE('',*,*,#1095,.F.);
#1095 = EDGE_CURVE('',#1096,#1088,#1098,.T.);
#1096 = VERTEX_POINT('',#1097);
#1097 = CARTESIAN_POINT('',(-81.,12.,22.5));
#1098 = LINE('',#1099,#1100);
#1099 = CARTESIAN_POINT('',(-81.,12.,22.5));
#1100 = VECTOR('',#1101,1.);
#1101 = DIRECTION('',(0.,0.,-1.));
#1102 = ORIENTED_EDGE('',*,*,#1103,.F.);
#1103 = EDGE_CURVE('',#244,#1096,#1104,.T.);
#1104 = LINE('',#1105,#1106);
#1105 = CARTESIAN_POINT('',(-81.,5.E-15,22.5));
#1106 = VECTOR('',#1107,1.);
#1107 = DIRECTION('',(0.,1.,-2.2E-16));
#1108 = PLANE('',#1109);
#1109 = AXIS2_PLACEMENT_3D('',#1110,#1111,#1112);
#1110 = CARTESIAN_POINT('',(-81.,3.723404255319,1.75));
#1111 = DIRECTION('',(1.,0.,0.));
#1112 = DIRECTION('',(0.,0.,1.));
#1113 = ADVANCED_FACE('',(#1114),#1196,.T.);
#1114 = FACE_BOUND('',#1115,.T.);
#1115 = EDGE_LOOP('',(#1116,#1117,#1125,#1133,#1141,#1149,#1157,#1165,
    #1173,#1181,#1189,#1195));
#1116 = ORIENTED_EDGE('',*,*,#489,.T.);
#1117 = ORIENTED_EDGE('',*,*,#1118,.T.);
#1118 = EDGE_CURVE('',#482,#1119,#1121,.T.);
#1119 = VERTEX_POINT('',#1120);
#1120 = CARTESIAN_POINT('',(81.,-2.,30.));
#1121 = LINE('',#1122,#1123);
#1122 = CARTESIAN_POINT('',(81.,6.66E-15,30.));
#1123 = VECTOR('',#1124,1.);
#1124 = DIRECTION('',(0.,-1.,2.2E-16));
#1125 = ORIENTED_EDGE('',*,*,#1126,.F.);
#1126 = EDGE_CURVE('',#1127,#1119,#1129,.T.);
#1127 = VERTEX_POINT('',#1128);
#1128 = CARTESIAN_POINT('',(89.,-2.,30.));
#1129 = LINE('',#1130,#1131);
#1130 = CARTESIAN_POINT('',(89.,-2.,30.));
#1131 = VECTOR('',#1132,1.);
#1132 = DIRECTION('',(-1.,0.,0.));
#1133 = ORIENTED_EDGE('',*,*,#1134,.F.);
#1134 = EDGE_CURVE('',#1135,#1127,#1137,.T.);
#1135 = VERTEX_POINT('',#1136);
#1136 = CARTESIAN_POINT('',(89.,-14.,30.));
#1137 = LINE('',#1138,#1139);
#1138 = CARTESIAN_POINT('',(89.,-14.,30.));
#1139 = VECTOR('',#1140,1.);
#1140 = DIRECTION('',(0.,1.,-2.2E-16));
#1141 = ORIENTED_EDGE('',*,*,#1142,.T.);
#1142 = EDGE_CURVE('',#1135,#1143,#1145,.T.);
#1143 = VERTEX_POINT('',#1144);
#1144 = CARTESIAN_POINT('',(-89.,-14.,30.));
#1145 = LINE('',#1146,#1147);
#1146 = CARTESIAN_POINT('',(89.,-14.,30.));
#1147 = VECTOR('',#1148,1.);
#1148 = DIRECTION('',(-1.,0.,0.));
#1149 = ORIENTED_EDGE('',*,*,#1150,.T.);
#1150 = EDGE_CURVE('',#1143,#1151,#1153,.T.);
#1151 = VERTEX_POINT('',#1152);
#1152 = CARTESIAN_POINT('',(-89.,-7.,30.));
#1153 = LINE('',#1154,#1155);
#1154 = CARTESIAN_POINT('',(-89.,-14.,30.));
#1155 = VECTOR('',#1156,1.);
#1156 = DIRECTION('',(0.,1.,-2.2E-16));
#1157 = ORIENTED_EDGE('',*,*,#1158,.T.);
#1158 = EDGE_CURVE('',#1151,#1159,#1161,.T.);
#1159 = VERTEX_POINT('',#1160);
#1160 = CARTESIAN_POINT('',(-88.,-7.,30.));
#1161 = LINE('',#1162,#1163);
#1162 = CARTESIAN_POINT('',(-89.,-7.,30.));
#1163 = VECTOR('',#1164,1.);
#1164 = DIRECTION('',(1.,0.,0.));
#1165 = ORIENTED_EDGE('',*,*,#1166,.F.);
#1166 = EDGE_CURVE('',#1167,#1159,#1169,.T.);
#1167 = VERTEX_POINT('',#1168);
#1168 = CARTESIAN_POINT('',(-88.,-6.,30.));
#1169 = LINE('',#1170,#1171);
#1170 = CARTESIAN_POINT('',(-88.,-6.,30.));
#1171 = VECTOR('',#1172,1.);
#1172 = DIRECTION('',(0.,-1.,0.));
#1173 = ORIENTED_EDGE('',*,*,#1174,.F.);
#1174 = EDGE_CURVE('',#1175,#1167,#1177,.T.);
#1175 = VERTEX_POINT('',#1176);
#1176 = CARTESIAN_POINT('',(-89.,-6.,30.));
#1177 = LINE('',#1178,#1179);
#1178 = CARTESIAN_POINT('',(-89.,-6.,30.));
#1179 = VECTOR('',#1180,1.);
#1180 = DIRECTION('',(1.,0.,0.));
#1181 = ORIENTED_EDGE('',*,*,#1182,.T.);
#1182 = EDGE_CURVE('',#1175,#1183,#1185,.T.);
#1183 = VERTEX_POINT('',#1184);
#1184 = CARTESIAN_POINT('',(-89.,-2.,30.));
#1185 = LINE('',#1186,#1187);
#1186 = CARTESIAN_POINT('',(-89.,-14.,30.));
#1187 = VECTOR('',#1188,1.);
#1188 = DIRECTION('',(0.,1.,-2.2E-16));
#1189 = ORIENTED_EDGE('',*,*,#1190,.F.);
#1190 = EDGE_CURVE('',#1050,#1183,#1191,.T.);
#1191 = LINE('',#1192,#1193);
#1192 = CARTESIAN_POINT('',(89.,-2.,30.));
#1193 = VECTOR('',#1194,1.);
#1194 = DIRECTION('',(-1.,0.,0.));
#1195 = ORIENTED_EDGE('',*,*,#1049,.F.);
#1196 = PLANE('',#1197);
#1197 = AXIS2_PLACEMENT_3D('',#1198,#1199,#1200);
#1198 = CARTESIAN_POINT('',(-0.455958549223,-7.080310880829,30.));
#1199 = DIRECTION('',(-0.,-0.,-1.));
#1200 = DIRECTION('',(-1.,0.,0.));
#1201 = ADVANCED_FACE('',(#1202),#1258,.T.);
#1202 = FACE_BOUND('',#1203,.T.);
#1203 = EDGE_LOOP('',(#1204,#1205,#1213,#1221,#1227,#1235,#1243,#1251,
    #1257));
#1204 = ORIENTED_EDGE('',*,*,#481,.T.);
#1205 = ORIENTED_EDGE('',*,*,#1206,.T.);
#1206 = EDGE_CURVE('',#474,#1207,#1209,.T.);
#1207 = VERTEX_POINT('',#1208);
#1208 = CARTESIAN_POINT('',(81.,12.,22.5));
#1209 = LINE('',#1210,#1211);
#1210 = CARTESIAN_POINT('',(81.,5.E-15,22.5));
#1211 = VECTOR('',#1212,1.);
#1212 = DIRECTION('',(0.,1.,-2.2E-16));
#1213 = ORIENTED_EDGE('',*,*,#1214,.F.);
#1214 = EDGE_CURVE('',#1215,#1207,#1217,.T.);
#1215 = VERTEX_POINT('',#1216);
#1216 = CARTESIAN_POINT('',(81.,12.,-22.5));
#1217 = LINE('',#1218,#1219);
#1218 = CARTESIAN_POINT('',(81.,12.,-22.5));
#1219 = VECTOR('',#1220,1.);
#1220 = DIRECTION('',(0.,0.,1.));
#1221 = ORIENTED_EDGE('',*,*,#1222,.F.);
#1222 = EDGE_CURVE('',#278,#1215,#1223,.T.);
#1223 = LINE('',#1224,#1225);
#1224 = CARTESIAN_POINT('',(81.,-5.E-15,-22.5));
#1225 = VECTOR('',#1226,1.);
#1226 = DIRECTION('',(0.,1.,-2.2E-16));
#1227 = ORIENTED_EDGE('',*,*,#1228,.T.);
#1228 = EDGE_CURVE('',#278,#1229,#1231,.T.);
#1229 = VERTEX_POINT('',#1230);
#1230 = CARTESIAN_POINT('',(81.,-6.,-22.5));
#1231 = LINE('',#1232,#1233);
#1232 = CARTESIAN_POINT('',(81.,-5.E-15,-22.5));
#1233 = VECTOR('',#1234,1.);
#1234 = DIRECTION('',(0.,-1.,2.2E-16));
#1235 = ORIENTED_EDGE('',*,*,#1236,.F.);
#1236 = EDGE_CURVE('',#1237,#1229,#1239,.T.);
#1237 = VERTEX_POINT('',#1238);
#1238 = CARTESIAN_POINT('',(81.,-6.,-18.));
#1239 = LINE('',#1240,#1241);
#1240 = CARTESIAN_POINT('',(81.,-6.,30.));
#1241 = VECTOR('',#1242,1.);
#1242 = DIRECTION('',(0.,0.,-1.));
#1243 = ORIENTED_EDGE('',*,*,#1244,.F.);
#1244 = EDGE_CURVE('',#1245,#1237,#1247,.T.);
#1245 = VERTEX_POINT('',#1246);
#1246 = CARTESIAN_POINT('',(81.,-2.,-18.));
#1247 = LINE('',#1248,#1249);
#1248 = CARTESIAN_POINT('',(81.,-7.,-18.));
#1249 = VECTOR('',#1250,1.);
#1250 = DIRECTION('',(0.,-1.,2.2E-16));
#1251 = ORIENTED_EDGE('',*,*,#1252,.F.);
#1252 = EDGE_CURVE('',#1119,#1245,#1253,.T.);
#1253 = LINE('',#1254,#1255);
#1254 = CARTESIAN_POINT('',(81.,-2.,18.));
#1255 = VECTOR('',#1256,1.);
#1256 = DIRECTION('',(0.,0.,-1.));
#1257 = ORIENTED_EDGE('',*,*,#1118,.F.);
#1258 = PLANE('',#1259);
#1259 = AXIS2_PLACEMENT_3D('',#1260,#1261,#1262);
#1260 = CARTESIAN_POINT('',(81.,3.723404255319,1.75));
#1261 = DIRECTION('',(-1.,-0.,-0.));
#1262 = DIRECTION('',(0.,0.,-1.));
#1263 = ADVANCED_FACE('',(#1264),#1282,.F.);
#1264 = FACE_BOUND('',#1265,.F.);
#1265 = EDGE_LOOP('',(#1266,#1267,#1275,#1281));
#1266 = ORIENTED_EDGE('',*,*,#1206,.T.);
#1267 = ORIENTED_EDGE('',*,*,#1268,.T.);
#1268 = EDGE_CURVE('',#1207,#1269,#1271,.T.);
#1269 = VERTEX_POINT('',#1270);
#1270 = CARTESIAN_POINT('',(85.,12.,22.5));
#1271 = LINE('',#1272,#1273);
#1272 = CARTESIAN_POINT('',(81.,12.,22.5));
#1273 = VECTOR('',#1274,1.);
#1274 = DIRECTION('',(1.,0.,0.));
#1275 = ORIENTED_EDGE('',*,*,#1276,.F.);
#1276 = EDGE_CURVE('',#466,#1269,#1277,.T.);
#1277 = LINE('',#1278,#1279);
#1278 = CARTESIAN_POINT('',(85.,5.E-15,22.5));
#1279 = VECTOR('',#1280,1.);
#1280 = DIRECTION('',(0.,1.,-2.2E-16));
#1281 = ORIENTED_EDGE('',*,*,#473,.F.);
#1282 = PLANE('',#1283);
#1283 = AXIS2_PLACEMENT_3D('',#1284,#1285,#1286);
#1284 = CARTESIAN_POINT('',(81.,5.E-15,22.5));
#1285 = DIRECTION('',(0.,-2.2E-16,-1.));
#1286 = DIRECTION('',(1.,0.,0.));
#1287 = ADVANCED_FACE('',(#1288),#1320,.F.);
#1288 = FACE_BOUND('',#1289,.F.);
#1289 = EDGE_LOOP('',(#1290,#1291,#1299,#1305,#1306,#1312,#1313,#1319));
#1290 = ORIENTED_EDGE('',*,*,#1276,.T.);
#1291 = ORIENTED_EDGE('',*,*,#1292,.T.);
#1292 = EDGE_CURVE('',#1269,#1293,#1295,.T.);
#1293 = VERTEX_POINT('',#1294);
#1294 = CARTESIAN_POINT('',(85.,12.,-22.5));
#1295 = LINE('',#1296,#1297);
#1296 = CARTESIAN_POINT('',(85.,12.,22.5));
#1297 = VECTOR('',#1298,1.);
#1298 = DIRECTION('',(0.,0.,-1.));
#1299 = ORIENTED_EDGE('',*,*,#1300,.F.);
#1300 = EDGE_CURVE('',#286,#1293,#1301,.T.);
#1301 = LINE('',#1302,#1303);
#1302 = CARTESIAN_POINT('',(85.,-5.E-15,-22.5));
#1303 = VECTOR('',#1304,1.);
#1304 = DIRECTION('',(0.,1.,-2.2E-16));
#1305 = ORIENTED_EDGE('',*,*,#293,.F.);
#1306 = ORIENTED_EDGE('',*,*,#1307,.F.);
#1307 = EDGE_CURVE('',#353,#294,#1308,.T.);
#1308 = LINE('',#1309,#1310);
#1309 = CARTESIAN_POINT('',(85.,0.,22.5));
#1310 = VECTOR('',#1311,1.);
#1311 = DIRECTION('',(0.,0.,-1.));
#1312 = ORIENTED_EDGE('',*,*,#379,.F.);
#1313 = ORIENTED_EDGE('',*,*,#1314,.F.);
#1314 = EDGE_CURVE('',#439,#380,#1315,.T.);
#1315 = LINE('',#1316,#1317);
#1316 = CARTESIAN_POINT('',(85.,0.,22.5));
#1317 = VECTOR('',#1318,1.);
#1318 = DIRECTION('',(0.,0.,-1.));
#1319 = ORIENTED_EDGE('',*,*,#465,.F.);
#1320 = PLANE('',#1321);
#1321 = AXIS2_PLACEMENT_3D('',#1322,#1323,#1324);
#1322 = CARTESIAN_POINT('',(85.,5.E-15,22.5));
#1323 = DIRECTION('',(-1.,0.,0.));
#1324 = DIRECTION('',(-0.,-2.2E-16,-1.));
#1325 = ADVANCED_FACE('',(#1326),#1477,.F.);
#1326 = FACE_BOUND('',#1327,.F.);
#1327 = EDGE_LOOP('',(#1328,#1367,#1374,#1408,#1409,#1436));
#1328 = ORIENTED_EDGE('',*,*,#1329,.F.);
#1329 = EDGE_CURVE('',#1330,#1332,#1334,.T.);
#1330 = VERTEX_POINT('',#1331);
#1331 = CARTESIAN_POINT('',(85.76,-0.324412204471,6.479999838739));
#1332 = VERTEX_POINT('',#1333);
#1333 = CARTESIAN_POINT('',(83.24,-7.441324963583E-02,6.48));
#1334 = B_SPLINE_CURVE_WITH_KNOTS('',6,(#1335,#1336,#1337,#1338,#1339,
    #1340,#1341,#1342,#1343,#1344,#1345,#1346,#1347,#1348,#1349,#1350,
    #1351,#1352,#1353,#1354,#1355,#1356,#1357,#1358,#1359,#1360,#1361,
    #1362,#1363,#1364,#1365,#1366),.UNSPECIFIED.,.F.,.F.,(7,5,5,5,5,5,7)
  ,(0.,7.000312731607E-02,0.265534299439,0.45375280131,0.573033511129,
    0.760552993823,1.),.UNSPECIFIED.);
#1335 = CARTESIAN_POINT('',(85.76,-0.324412204471,6.479999838739));
#1336 = CARTESIAN_POINT('',(85.759999994089,-0.321495639086,
    6.43381785579));
#1337 = CARTESIAN_POINT('',(85.757968761061,-0.318578741207,
    6.387636026542));
#1338 = CARTESIAN_POINT('',(85.75390638839,-0.315661725359,
    6.341566435069));
#1339 = CARTESIAN_POINT('',(85.747821075982,-0.312744731971,
    6.295720300293));
#1340 = CARTESIAN_POINT('',(85.739729136175,-0.309827827377,
    6.250207975992));
#1341 = CARTESIAN_POINT('',(85.701516124035,-0.298763797372,
    6.079253155952));
#1342 = CARTESIAN_POINT('',(85.657907754052,-0.290616040492,
    5.956804647113));
#1343 = CARTESIAN_POINT('',(85.599362089366,-0.282470694366,
    5.840213940486));
#1344 = CARTESIAN_POINT('',(85.526913720499,-0.274324745469,
    5.731713649721));
#1345 = CARTESIAN_POINT('',(85.44199217874,-0.266177005546,
    5.633306462156));
#1346 = CARTESIAN_POINT('',(85.254461831228,-0.250188201542,
    5.463237859519));
#1347 = CARTESIAN_POINT('',(85.152606971277,-0.242344874837,
    5.390689923413));
#1348 = CARTESIAN_POINT('',(85.042507044223,-0.234502669409,
    5.330496622374));
#1349 = CARTESIAN_POINT('',(84.926052634158,-0.226660620366,
    5.28376784363));
#1350 = CARTESIAN_POINT('',(84.805302361588,-0.218817453199,
    5.251257435536));
#1351 = CARTESIAN_POINT('',(84.604581668831,-0.206005585741,
    5.221884430249));
#1352 = CARTESIAN_POINT('',(84.525865359288,-0.201035708458,
    5.216325441209));
#1353 = CARTESIAN_POINT('',(84.446843634596,-0.196065962125,
    5.216681863217));
#1354 = CARTESIAN_POINT('',(84.368071228423,-0.191096197738,
    5.222964900983));
#1355 = CARTESIAN_POINT('',(84.290099989806,-0.186126274425,
    5.23511682096));
#1356 = CARTESIAN_POINT('',(84.093004828397,-0.173343403788,
    5.281142826376));
#1357 = CARTESIAN_POINT('',(83.975836600692,-0.165529289331,
    5.323471189825));
#1358 = CARTESIAN_POINT('',(83.864094824771,-0.157716293766,
    5.379506344582));
#1359 = CARTESIAN_POINT('',(83.759746349768,-0.149903301371,
    5.448336015949));
#1360 = CARTESIAN_POINT('',(83.664563555641,-0.142089229916,
    5.528711682277));
#1361 = CARTESIAN_POINT('',(83.472095679748,-0.12429983148,
    5.734369131827));
#1362 = CARTESIAN_POINT('',(83.381471226053,-0.114320150826,
    5.865983207278));
#1363 = CARTESIAN_POINT('',(83.311322934972,-0.104344764533,
    6.010538131674));
#1364 = CARTESIAN_POINT('',(83.263764958969,-9.436939923203E-02,
    6.164015230156));
#1365 = CARTESIAN_POINT('',(83.24,-8.438974272636E-02,6.322035499339));
#1366 = CARTESIAN_POINT('',(83.24,-7.441324963584E-02,6.48));
#1367 = ORIENTED_EDGE('',*,*,#1368,.T.);
#1368 = EDGE_CURVE('',#1330,#1369,#1371,.T.);
#1369 = VERTEX_POINT('',#1370);
#1370 = CARTESIAN_POINT('',(86.010007877136,-0.468749866341,
    6.480000019864));
#1371 = B_SPLINE_CURVE_WITH_KNOTS('',1,(#1372,#1373),.UNSPECIFIED.,.F.,
  .F.,(2,2),(0.,0.4355),.PIECEWISE_BEZIER_KNOTS.);
#1372 = CARTESIAN_POINT('',(85.632850904777,-0.251004904974,
    6.479999746623));
#1373 = CARTESIAN_POINT('',(86.010007877136,-0.468749866341,
    6.480000019864));
#1374 = ORIENTED_EDGE('',*,*,#1375,.T.);
#1375 = EDGE_CURVE('',#1369,#426,#1376,.T.);
#1376 = B_SPLINE_CURVE_WITH_KNOTS('',9,(#1377,#1378,#1379,#1380,#1381,
    #1382,#1383,#1384,#1385,#1386,#1387,#1388,#1389,#1390,#1391,#1392,
    #1393,#1394,#1395,#1396,#1397,#1398,#1399,#1400,#1401,#1402,#1403,
    #1404,#1405,#1406,#1407),.UNSPECIFIED.,.F.,.F.,(10,7,7,7,10),(0.,
    1.57576206969,3.151524139379,4.727286209069,6.303048278758),
  .UNSPECIFIED.);
#1377 = CARTESIAN_POINT('',(86.010007877136,-0.468749866341,
    6.480000019864));
#1378 = CARTESIAN_POINT('',(86.010008565607,-0.454860962827,
    6.216454148354));
#1379 = CARTESIAN_POINT('',(85.958276543804,-0.440971988834,
    5.952908955707));
#1380 = CARTESIAN_POINT('',(85.854765772646,-0.427083187114,
    5.700970820787));
#1381 = CARTESIAN_POINT('',(85.702557255454,-0.413194341132,
    5.472262855577));
#1382 = CARTESIAN_POINT('',(85.507733583759,-0.399305430222,
    5.277437146893));
#1383 = CARTESIAN_POINT('',(85.279024905141,-0.385416519357,
    5.125232453961));
#1384 = CARTESIAN_POINT('',(85.027093555317,-0.371527615267,
    5.021738287628));
#1385 = CARTESIAN_POINT('',(84.500002808672,-0.343749830103,
    4.918243401028));
#1386 = CARTESIAN_POINT('',(83.972907920673,-0.315972070682,
    5.021738171361));
#1387 = CARTESIAN_POINT('',(83.720972136625,-0.302083193297,
    5.125232747703));
#1388 = CARTESIAN_POINT('',(83.492260060296,-0.288194305168,
    5.277434958404));
#1389 = CARTESIAN_POINT('',(83.297432473842,-0.274305407317,
    5.472262743368));
#1390 = CARTESIAN_POINT('',(83.145231650574,-0.260416510442,
    5.700973802659));
#1391 = CARTESIAN_POINT('',(83.041739044929,-0.246527621029,
    5.952907799125));
#1392 = CARTESIAN_POINT('',(82.938246457293,-0.21874984724,
    6.480000009956));
#1393 = CARTESIAN_POINT('',(83.041739412853,-0.190972073451,
    7.007092148546));
#1394 = CARTESIAN_POINT('',(83.145232009057,-0.177083184039,
    7.259026029088));
#1395 = CARTESIAN_POINT('',(83.297431912086,-0.163194287163,
    7.487737287788));
#1396 = CARTESIAN_POINT('',(83.49225904194,-0.149305389311,
    7.682565842284));
#1397 = CARTESIAN_POINT('',(83.720971627447,-0.135416501183,
    7.834768351877));
#1398 = CARTESIAN_POINT('',(83.972907800011,-0.121527623799,
    7.938261883134));
#1399 = CARTESIAN_POINT('',(84.500002783905,-9.374986437542E-02,
    8.041755028229));
#1400 = CARTESIAN_POINT('',(85.027093434654,-6.59720792126E-02,
    7.938260790085));
#1401 = CARTESIAN_POINT('',(85.279025578298,-5.208317512964E-02,
    7.834767174358));
#1402 = CARTESIAN_POINT('',(85.50773261571,-3.81942642328E-02,
    7.682567153526));
#1403 = CARTESIAN_POINT('',(85.702563044574,-2.430535338739E-02,
    7.487739676167));
#1404 = CARTESIAN_POINT('',(85.854766358243,-1.041650732942E-02,
    7.259026300754));
#1405 = CARTESIAN_POINT('',(85.958269037643,3.472294340697E-03,
    7.007090815674));
#1406 = CARTESIAN_POINT('',(86.010008977538,1.736126834624E-02,
    6.743545893401));
#1407 = CARTESIAN_POINT('',(86.010009666363,3.125017186271E-02,
    6.480000021891));
#1408 = ORIENTED_EDGE('',*,*,#438,.T.);
#1409 = ORIENTED_EDGE('',*,*,#1410,.T.);
#1410 = EDGE_CURVE('',#439,#1411,#1413,.T.);
#1411 = VERTEX_POINT('',#1412);
#1412 = CARTESIAN_POINT('',(83.751874977988,0.,7.49385843291));
#1413 = B_SPLINE_CURVE_WITH_KNOTS('',6,(#1414,#1415,#1416,#1417,#1418,
    #1419,#1420,#1421,#1422,#1423,#1424,#1425,#1426,#1427,#1428,#1429,
    #1430,#1431,#1432,#1433,#1434,#1435),.UNSPECIFIED.,.F.,.F.,(7,5,5,5,
    7),(0.,0.243491456403,0.486558756206,0.736584112771,1.),
  .UNSPECIFIED.);
#1414 = CARTESIAN_POINT('',(85.895066849044,0.,7.057857488944));
#1415 = CARTESIAN_POINT('',(85.845979166126,0.,7.151292775033));
#1416 = CARTESIAN_POINT('',(85.789133911821,0.,7.240380291758));
#1417 = CARTESIAN_POINT('',(85.724969260063,0.,7.324271733769));
#1418 = CARTESIAN_POINT('',(85.654039660026,0.,7.402183828072));
#1419 = CARTESIAN_POINT('',(85.577014566015,0.,7.473411443273));
#1420 = CARTESIAN_POINT('',(85.412483198544,0.,7.601158591037));
#1421 = CARTESIAN_POINT('',(85.324986250134,0.,7.657711350502));
#1422 = CARTESIAN_POINT('',(85.232967482607,0.,7.706385221636));
#1423 = CARTESIAN_POINT('',(85.13729397289,0.,7.746690500335));
#1424 = CARTESIAN_POINT('',(85.038904696003,0.,7.778254029081));
#1425 = CARTESIAN_POINT('',(84.835851075633,0.,7.824094955266));
#1426 = CARTESIAN_POINT('',(84.731073200277,0.,7.83785494904));
#1427 = CARTESIAN_POINT('',(84.62558019369,0.,7.841880705607));
#1428 = CARTESIAN_POINT('',(84.520503749406,0.,7.836102798742));
#1429 = CARTESIAN_POINT('',(84.416991385094,0.,7.820615292699));
#1430 = CARTESIAN_POINT('',(84.209984649328,0.,7.769476286628));
#1431 = CARTESIAN_POINT('',(84.106768287128,0.,7.732784399897));
#1432 = CARTESIAN_POINT('',(84.007885326893,0.,7.685976021319));
#1433 = CARTESIAN_POINT('',(83.914603703877,0.,7.629623775064));
#1434 = CARTESIAN_POINT('',(83.828107844544,0.,7.564500710612));
#1435 = CARTESIAN_POINT('',(83.749446727645,0.,7.491614427593));
#1436 = ORIENTED_EDGE('',*,*,#1437,.F.);
#1437 = EDGE_CURVE('',#1332,#1411,#1438,.T.);
#1438 = B_SPLINE_CURVE_WITH_KNOTS('',7,(#1439,#1440,#1441,#1442,#1443,
    #1444,#1445,#1446,#1447,#1448,#1449,#1450,#1451,#1452,#1453,#1454,
    #1455,#1456,#1457,#1458,#1459,#1460,#1461,#1462,#1463,#1464,#1465,
    #1466,#1467,#1468,#1469,#1470,#1471,#1472,#1473,#1474,#1475,#1476),
  .UNSPECIFIED.,.F.,.F.,(8,6,6,6,6,6,8),(0.,0.257881368463,
    0.492740010013,0.602521383387,0.736291014183,0.91743327146,1.),
  .UNSPECIFIED.);
#1439 = CARTESIAN_POINT('',(83.24,-7.441324963584E-02,6.48));
#1440 = CARTESIAN_POINT('',(83.24,-6.520375658853E-02,6.625820074986));
#1441 = CARTESIAN_POINT('',(83.259688467972,-5.599048765437E-02,
    6.771696616272));
#1442 = CARTESIAN_POINT('',(83.299092488826,-4.677990250145E-02,
    6.914337156697));
#1443 = CARTESIAN_POINT('',(83.357511844152,-3.757039983427E-02,
    7.050568402953));
#1444 = CARTESIAN_POINT('',(83.433682216775,-2.835983626847E-02,
    7.1774424273));
#1445 = CARTESIAN_POINT('',(83.525787702085,-1.914659062186E-02,
    7.292264589814));
#1446 = CARTESIAN_POINT('',(83.727629773882,-1.549806262015E-03,
    7.484330841679));
#1447 = CARTESIAN_POINT('',(83.835118686043,6.839566167691E-03,
    7.564071859026));
#1448 = CARTESIAN_POINT('',(83.95210661999,1.522716906328E-02,
    7.630290139061));
#1449 = CARTESIAN_POINT('',(84.076535462114,2.361374047497E-02,
    7.681678998185));
#1450 = CARTESIAN_POINT('',(84.206156277022,3.200147951864E-02,
    7.717309565047));
#1451 = CARTESIAN_POINT('',(84.338588569233,4.039099858448E-02,
    7.7366553227));
#1452 = CARTESIAN_POINT('',(84.533415965479,5.269889899518E-02,
    7.741085575963));
#1453 = CARTESIAN_POINT('',(84.595558010351,5.661950839349E-02,
    7.738929659358));
#1454 = CARTESIAN_POINT('',(84.657534521803,6.054008677638E-02,
    7.733201026401));
#1455 = CARTESIAN_POINT('',(84.719099192962,6.446063531462E-02,
    7.723915379619));
#1456 = CARTESIAN_POINT('',(84.780008196187,6.838118714011E-02,
    7.711109502668));
#1457 = CARTESIAN_POINT('',(84.840021564412,7.230174714208E-02,
    7.694841048765));
#1458 = CARTESIAN_POINT('',(84.970654068852,8.099937896211E-02,
    7.651241306309));
#1459 = CARTESIAN_POINT('',(85.040728302003,8.577662071479E-02,
    7.622268331738));
#1460 = CARTESIAN_POINT('',(85.1087015472,9.055372526706E-02,
    7.588411596657));
#1461 = CARTESIAN_POINT('',(85.174166910929,9.533074686814E-02,
    7.549856456922));
#1462 = CARTESIAN_POINT('',(85.236739590195,0.100107841108,
    7.506829520028));
#1463 = CARTESIAN_POINT('',(85.296060131821,0.104885080254,7.45959673215
    ));
#1464 = CARTESIAN_POINT('',(85.427273921738,0.116131230737,
    7.339217365243));
#1465 = CARTESIAN_POINT('',(85.496190338626,0.122600958386,
    7.262808310892));
#1466 = CARTESIAN_POINT('',(85.557716976355,0.129070422684,
    7.179991429272));
#1467 = CARTESIAN_POINT('',(85.611152381691,0.135539910406,
    7.091631826598));
#1468 = CARTESIAN_POINT('',(85.655921215152,0.142009802743,
    6.998681016375));
#1469 = CARTESIAN_POINT('',(85.691583193215,0.148479820398,
    6.902162029395));
#1470 = CARTESIAN_POINT('',(85.729827621997,0.157897340793,
    6.758035488981));
#1471 = CARTESIAN_POINT('',(85.739851181904,0.160845863752,
    6.712391802701));
#1472 = CARTESIAN_POINT('',(85.747897088822,0.163794260025,
    6.666332031173));
#1473 = CARTESIAN_POINT('',(85.753945096251,0.166742539861,
    6.619958916262));
#1474 = CARTESIAN_POINT('',(85.757981673919,0.169690767584,
    6.573376057183));
#1475 = CARTESIAN_POINT('',(85.760000007776,0.172639061589,
    6.526687910502));
#1476 = CARTESIAN_POINT('',(85.76,0.175587594345,6.479999790139));
#1477 = B_SPLINE_SURFACE_WITH_KNOTS('',1,9,(
    (#1478,#1479,#1480,#1481,#1482,#1483,#1484,#1485,#1486,#1487,#1488
      ,#1489,#1490,#1491,#1492,#1493,#1494,#1495,#1496,#1497,#1498,#1499
      ,#1500,#1501,#1502,#1503,#1504,#1505,#1506,#1507,#1508)
    ,(#1509,#1510,#1511,#1512,#1513,#1514,#1515,#1516,#1517,#1518,#1519
      ,#1520,#1521,#1522,#1523,#1524,#1525,#1526,#1527,#1528,#1529,#1530
      ,#1531,#1532,#1533,#1534,#1535,#1536,#1537,#1538,#1539
  )),.UNSPECIFIED.,.F.,.F.,.F.,(2,2),(10,7,7,7,10),(0.,0.4355),(0.,
    1.57576206969,3.151524139379,4.727286209069,6.303048278758),
  .UNSPECIFIED.);
#1478 = CARTESIAN_POINT('',(85.632850904776,-0.251004904974,
    6.479999746623));
#1479 = CARTESIAN_POINT('',(85.632851227368,-0.237116552617,
    6.282266069766));
#1480 = CARTESIAN_POINT('',(85.594036729574,-0.223230785804,
    6.084572334806));
#1481 = CARTESIAN_POINT('',(85.516392845142,-0.209338698687,
    5.895558538969));
#1482 = CARTESIAN_POINT('',(85.402194132198,-0.195448236275,
    5.723963606126));
#1483 = CARTESIAN_POINT('',(85.256024329705,-0.181560155403,
    5.577799105273));
#1484 = CARTESIAN_POINT('',(85.084445768521,-0.167672072254,
    5.46361596469));
#1485 = CARTESIAN_POINT('',(84.895440103212,-0.153783741138,
    5.385970762572));
#1486 = CARTESIAN_POINT('',(84.500002592723,-0.126006234275,
    5.308326092715));
#1487 = CARTESIAN_POINT('',(84.104559579881,-9.822778316964E-02,
    5.385970795946));
#1488 = CARTESIAN_POINT('',(83.915548970581,-8.433847229241E-02,
    5.463615675421));
#1489 = CARTESIAN_POINT('',(83.743963679182,-7.044955547626E-02,
    5.577802767637));
#1490 = CARTESIAN_POINT('',(83.597800238619,-5.656099538035E-02,
    5.723966940916));
#1491 = CARTESIAN_POINT('',(83.483615334603,-4.267239945506E-02,
    5.89555055242));
#1492 = CARTESIAN_POINT('',(83.405971814887,-2.878352976276E-02,
    6.08455892244));
#1493 = CARTESIAN_POINT('',(83.328328443321,-1.005605681015E-03,
    6.480000317401));
#1494 = CARTESIAN_POINT('',(83.405972222547,2.677231840089E-02,
    6.87544163232));
#1495 = CARTESIAN_POINT('',(83.48361583789,4.06611880929E-02,
    7.064449898906));
#1496 = CARTESIAN_POINT('',(83.597800340543,5.454978401868E-02,
    7.236033556364));
#1497 = CARTESIAN_POINT('',(83.743963614469,6.843834411457E-02,
    7.382198063847));
#1498 = CARTESIAN_POINT('',(83.915549239348,8.232726093043E-02,
    7.496385224709));
#1499 = CARTESIAN_POINT('',(84.10456009805,9.621657180717E-02,
    7.574029443881));
#1500 = CARTESIAN_POINT('',(84.500003203601,0.123995022914,
    7.651673066186));
#1501 = CARTESIAN_POINT('',(84.895440621381,0.151772529776,
    7.574028532915));
#1502 = CARTESIAN_POINT('',(85.084446026326,0.165660860934,
    7.496385244978));
#1503 = CARTESIAN_POINT('',(85.256025948122,0.179548943938,
    7.382198371844));
#1504 = CARTESIAN_POINT('',(85.402195978678,0.193437025008,
    7.236041691904));
#1505 = CARTESIAN_POINT('',(85.516394114139,0.207327487299,
    7.064437658246));
#1506 = CARTESIAN_POINT('',(85.594032920849,0.221219574435,
    6.875426959985));
#1507 = CARTESIAN_POINT('',(85.632851553249,0.235105341254,
    6.677733349133));
#1508 = CARTESIAN_POINT('',(85.63285186287,0.248993693613,6.479999672276
    ));
#1509 = CARTESIAN_POINT('',(86.010007877136,-0.468749866341,
    6.480000019864));
#1510 = CARTESIAN_POINT('',(86.010008565607,-0.454860962827,
    6.216454148354));
#1511 = CARTESIAN_POINT('',(85.958276543804,-0.440971988834,
    5.952908955707));
#1512 = CARTESIAN_POINT('',(85.854765772646,-0.427083187114,
    5.700970820787));
#1513 = CARTESIAN_POINT('',(85.702557255454,-0.413194341132,
    5.472262855577));
#1514 = CARTESIAN_POINT('',(85.507733583759,-0.399305430222,
    5.277437146893));
#1515 = CARTESIAN_POINT('',(85.279024905141,-0.385416519357,
    5.125232453961));
#1516 = CARTESIAN_POINT('',(85.027093555317,-0.371527615267,
    5.021738287628));
#1517 = CARTESIAN_POINT('',(84.500002808672,-0.343749830103,
    4.918243401028));
#1518 = CARTESIAN_POINT('',(83.972907920673,-0.315972070682,
    5.021738171361));
#1519 = CARTESIAN_POINT('',(83.720972136625,-0.302083193297,
    5.125232747703));
#1520 = CARTESIAN_POINT('',(83.492260060296,-0.288194305168,
    5.277434958404));
#1521 = CARTESIAN_POINT('',(83.297432473842,-0.274305407317,
    5.472262743368));
#1522 = CARTESIAN_POINT('',(83.145231650574,-0.260416510442,
    5.700973802659));
#1523 = CARTESIAN_POINT('',(83.041739044929,-0.246527621029,
    5.952907799125));
#1524 = CARTESIAN_POINT('',(82.938246457293,-0.21874984724,
    6.480000009956));
#1525 = CARTESIAN_POINT('',(83.041739412853,-0.190972073451,
    7.007092148546));
#1526 = CARTESIAN_POINT('',(83.145232009057,-0.177083184039,
    7.259026029088));
#1527 = CARTESIAN_POINT('',(83.297431912086,-0.163194287163,
    7.487737287788));
#1528 = CARTESIAN_POINT('',(83.49225904194,-0.149305389311,
    7.682565842284));
#1529 = CARTESIAN_POINT('',(83.720971627447,-0.135416501183,
    7.834768351877));
#1530 = CARTESIAN_POINT('',(83.972907800011,-0.121527623799,
    7.938261883134));
#1531 = CARTESIAN_POINT('',(84.500002783905,-9.374986437542E-02,
    8.041755028229));
#1532 = CARTESIAN_POINT('',(85.027093434654,-6.59720792126E-02,
    7.938260790085));
#1533 = CARTESIAN_POINT('',(85.279025578298,-5.208317512964E-02,
    7.834767174358));
#1534 = CARTESIAN_POINT('',(85.50773261571,-3.81942642328E-02,
    7.682567153526));
#1535 = CARTESIAN_POINT('',(85.702563044574,-2.430535338739E-02,
    7.487739676167));
#1536 = CARTESIAN_POINT('',(85.854766358243,-1.041650732942E-02,
    7.259026300754));
#1537 = CARTESIAN_POINT('',(85.958269037643,3.472294340697E-03,
    7.007090815674));
#1538 = CARTESIAN_POINT('',(86.010008977538,1.736126834624E-02,
    6.743545893401));
#1539 = CARTESIAN_POINT('',(86.010009666363,3.125017186271E-02,
    6.480000021891));
#1540 = ADVANCED_FACE('',(#1541),#1583,.F.);
#1541 = FACE_BOUND('',#1542,.F.);
#1542 = EDGE_LOOP('',(#1543,#1544,#1551,#1577,#1582));
#1543 = ORIENTED_EDGE('',*,*,#1375,.F.);
#1544 = ORIENTED_EDGE('',*,*,#1545,.T.);
#1545 = EDGE_CURVE('',#1369,#1546,#1548,.T.);
#1546 = VERTEX_POINT('',#1547);
#1547 = CARTESIAN_POINT('',(86.010008712108,-0.531249866335,
    6.480000021568));
#1548 = B_SPLINE_CURVE_WITH_KNOTS('',1,(#1549,#1550),.UNSPECIFIED.,.F.,
  .F.,(2,2),(0.,6.25E-02),.PIECEWISE_BEZIER_KNOTS.);
#1549 = CARTESIAN_POINT('',(86.010007877136,-0.468749866341,
    6.480000019864));
#1550 = CARTESIAN_POINT('',(86.010008712108,-0.531249866335,
    6.480000021568));
#1551 = ORIENTED_EDGE('',*,*,#1552,.T.);
#1552 = EDGE_CURVE('',#1546,#1553,#1555,.T.);
#1553 = VERTEX_POINT('',#1554);
#1554 = CARTESIAN_POINT('',(86.010010739899,-3.124982812807E-02,
    6.480000023595));
#1555 = B_SPLINE_CURVE_WITH_KNOTS('',11,(#1556,#1557,#1558,#1559,#1560,
    #1561,#1562,#1563,#1564,#1565,#1566,#1567,#1568,#1569,#1570,#1571,
    #1572,#1573,#1574,#1575,#1576),.UNSPECIFIED.,.F.,.F.,(12,9,12),(0.,
    3.151524139379,6.303048278758),.UNSPECIFIED.);
#1556 = CARTESIAN_POINT('',(86.010008712108,-0.531249866335,
    6.480000021568));
#1557 = CARTESIAN_POINT('',(86.010009988641,-0.508522569674,
    6.048742868438));
#1558 = CARTESIAN_POINT('',(85.87456667981,-0.485795088471,
    5.617487445342));
#1559 = CARTESIAN_POINT('',(85.603480348129,-0.463068421016,
    5.233499358852));
#1560 = CARTESIAN_POINT('',(85.215717951139,-0.440340677238,
    4.944188853924));
#1561 = CARTESIAN_POINT('',(84.748047387259,-0.417613191967,
    4.788243884907));
#1562 = CARTESIAN_POINT('',(84.251957191434,-0.394886406749,
    4.788337035172));
#1563 = CARTESIAN_POINT('',(83.784322506881,-0.372158918933,
    4.944127492262));
#1564 = CARTESIAN_POINT('',(83.396434946402,-0.349431677588,
    5.233521626075));
#1565 = CARTESIAN_POINT('',(83.125473079127,-0.32670438616,5.61748492544
    ));
#1566 = CARTESIAN_POINT('',(82.854510356765,-0.281249847233,
    6.480000045582));
#1567 = CARTESIAN_POINT('',(83.125473762693,-0.235795308305,
    7.342514950979));
#1568 = CARTESIAN_POINT('',(83.396438174031,-0.213068016908,
    7.726481700363));
#1569 = CARTESIAN_POINT('',(83.784302971955,-0.190340775391,
    8.015852418131));
#1570 = CARTESIAN_POINT('',(84.251983017639,-0.167613288031,
    8.171728917096));
#1571 = CARTESIAN_POINT('',(84.74804361609,-0.144886502079,
    8.171654267203));
#1572 = CARTESIAN_POINT('',(85.215683937085,-0.122159017576,
    8.015880643515));
#1573 = CARTESIAN_POINT('',(85.603528054751,-9.94312732746E-02,
    7.726484834));
#1574 = CARTESIAN_POINT('',(85.874544191992,-7.670460603288E-02,
    7.34251179774));
#1575 = CARTESIAN_POINT('',(86.010009462789,-5.397712479385E-02,
    6.911257176724));
#1576 = CARTESIAN_POINT('',(86.010010739899,-3.124982812807E-02,
    6.480000023595));
#1577 = ORIENTED_EDGE('',*,*,#1578,.F.);
#1578 = EDGE_CURVE('',#415,#1553,#1579,.T.);
#1579 = B_SPLINE_CURVE_WITH_KNOTS('',1,(#1580,#1581),.UNSPECIFIED.,.F.,
  .F.,(2,2),(0.,6.25E-02),.PIECEWISE_BEZIER_KNOTS.);
#1580 = CARTESIAN_POINT('',(86.010009666363,3.125017186271E-02,
    6.480000021891));
#1581 = CARTESIAN_POINT('',(86.010010739899,-3.124982812807E-02,
    6.480000023595));
#1582 = ORIENTED_EDGE('',*,*,#425,.T.);
#1583 = B_SPLINE_SURFACE_WITH_KNOTS('',1,11,(
    (#1584,#1585,#1586,#1587,#1588,#1589,#1590,#1591,#1592,#1593,#1594
      ,#1595,#1596,#1597,#1598,#1599,#1600,#1601,#1602,#1603,#1604)
    ,(#1605,#1606,#1607,#1608,#1609,#1610,#1611,#1612,#1613,#1614,#1615
      ,#1616,#1617,#1618,#1619,#1620,#1621,#1622,#1623,#1624,#1625
  )),.UNSPECIFIED.,.F.,.F.,.F.,(2,2),(12,9,12),(0.,6.25E-02),(0.,
    3.151524139379,6.303048278758),.UNSPECIFIED.);
#1584 = CARTESIAN_POINT('',(86.010007877136,-0.468749866341,
    6.480000019864));
#1585 = CARTESIAN_POINT('',(86.010009003726,-0.446022569682,
    6.048743139211));
#1586 = CARTESIAN_POINT('',(85.874564488869,-0.423295088496,
    5.617488035946));
#1587 = CARTESIAN_POINT('',(85.603482457974,-0.400568420996,
    5.233501077008));
#1588 = CARTESIAN_POINT('',(85.215715498658,-0.377840677233,
    4.94418573678));
#1589 = CARTESIAN_POINT('',(84.748047010108,-0.355113192027,
    4.788250945446));
#1590 = CARTESIAN_POINT('',(84.251958868221,-0.332386406719,
    4.788334224288));
#1591 = CARTESIAN_POINT('',(83.784321811068,-0.30965891895,
    4.944129644284));
#1592 = CARTESIAN_POINT('',(83.396435834446,-0.286931677592,
    5.233522217393));
#1593 = CARTESIAN_POINT('',(83.125473988519,-0.264204386168,
    5.617485476903));
#1594 = CARTESIAN_POINT('',(82.854511396636,-0.21874984724,
    6.480000039181));
#1595 = CARTESIAN_POINT('',(83.125474590577,-0.173295308312,
    7.34251441232));
#1596 = CARTESIAN_POINT('',(83.396438680781,-0.150568016915,
    7.726480716306));
#1597 = CARTESIAN_POINT('',(83.78430457243,-0.127840775405,
    8.015852628688));
#1598 = CARTESIAN_POINT('',(84.251981653913,-0.105113288038,
    8.171723968577));
#1599 = CARTESIAN_POINT('',(84.74804368047,-8.23865020839E-02,
    8.171659189083));
#1600 = CARTESIAN_POINT('',(85.215685484319,-5.965901755455E-02,
    8.015875585393));
#1601 = CARTESIAN_POINT('',(85.603524550478,-3.693127332979E-02,
    7.726484976901));
#1602 = CARTESIAN_POINT('',(85.874544645589,-1.420460601745E-02,
    7.342511297921));
#1603 = CARTESIAN_POINT('',(86.010008539194,8.522875199457E-03,
    6.911256902544));
#1604 = CARTESIAN_POINT('',(86.010009666363,3.125017186271E-02,
    6.480000021891));
#1605 = CARTESIAN_POINT('',(86.010008712108,-0.531249866335,
    6.480000021568));
#1606 = CARTESIAN_POINT('',(86.010009988641,-0.508522569674,
    6.048742868438));
#1607 = CARTESIAN_POINT('',(85.87456667981,-0.485795088471,
    5.617487445342));
#1608 = CARTESIAN_POINT('',(85.603480348129,-0.463068421016,
    5.233499358852));
#1609 = CARTESIAN_POINT('',(85.215717951139,-0.440340677238,
    4.944188853924));
#1610 = CARTESIAN_POINT('',(84.748047387259,-0.417613191967,
    4.788243884907));
#1611 = CARTESIAN_POINT('',(84.251957191434,-0.394886406749,
    4.788337035172));
#1612 = CARTESIAN_POINT('',(83.784322506881,-0.372158918933,
    4.944127492262));
#1613 = CARTESIAN_POINT('',(83.396434946402,-0.349431677588,
    5.233521626075));
#1614 = CARTESIAN_POINT('',(83.125473079127,-0.32670438616,5.61748492544
    ));
#1615 = CARTESIAN_POINT('',(82.854510356765,-0.281249847233,
    6.480000045582));
#1616 = CARTESIAN_POINT('',(83.125473762693,-0.235795308305,
    7.342514950979));
#1617 = CARTESIAN_POINT('',(83.396438174031,-0.213068016908,
    7.726481700363));
#1618 = CARTESIAN_POINT('',(83.784302971955,-0.190340775391,
    8.015852418131));
#1619 = CARTESIAN_POINT('',(84.251983017639,-0.167613288031,
    8.171728917096));
#1620 = CARTESIAN_POINT('',(84.74804361609,-0.144886502079,
    8.171654267203));
#1621 = CARTESIAN_POINT('',(85.215683937085,-0.122159017576,
    8.015880643515));
#1622 = CARTESIAN_POINT('',(85.603528054751,-9.94312732746E-02,
    7.726484834));
#1623 = CARTESIAN_POINT('',(85.874544191992,-7.670460603288E-02,
    7.34251179774));
#1624 = CARTESIAN_POINT('',(86.010009462789,-5.397712479385E-02,
    6.911257176724));
#1625 = CARTESIAN_POINT('',(86.010010739899,-3.124982812807E-02,
    6.480000023595));
#1626 = ADVANCED_FACE('',(#1627),#1655,.F.);
#1627 = FACE_BOUND('',#1628,.F.);
#1628 = EDGE_LOOP('',(#1629,#1630,#1631));
#1629 = ORIENTED_EDGE('',*,*,#414,.F.);
#1630 = ORIENTED_EDGE('',*,*,#1578,.T.);
#1631 = ORIENTED_EDGE('',*,*,#1632,.T.);
#1632 = EDGE_CURVE('',#1553,#388,#1633,.T.);
#1633 = B_SPLINE_CURVE_WITH_KNOTS('',11,(#1634,#1635,#1636,#1637,#1638,
    #1639,#1640,#1641,#1642,#1643,#1644,#1645,#1646,#1647,#1648,#1649,
    #1650,#1651,#1652,#1653,#1654),.UNSPECIFIED.,.F.,.F.,(12,9,12),(0.,
    3.151524139379,6.303048278758),.UNSPECIFIED.);
#1634 = CARTESIAN_POINT('',(86.010010739899,-3.124982812807E-02,
    6.480000023595));
#1635 = CARTESIAN_POINT('',(86.010012017009,-8.522531462199E-03,
    6.048742291455));
#1636 = CARTESIAN_POINT('',(85.874568526895,1.420494978327E-02,
    5.617486288615));
#1637 = CARTESIAN_POINT('',(85.603481831383,3.693161711595E-02,
    5.233497686626));
#1638 = CARTESIAN_POINT('',(85.215718915023,5.965936098816E-02,
    4.944186792592));
#1639 = CARTESIAN_POINT('',(84.748047721849,8.238684630419E-02,
    4.788241612921));
#1640 = CARTESIAN_POINT('',(84.25195686108,0.105113631421,4.788334763598
    ));
#1641 = CARTESIAN_POINT('',(83.78432154774,0.127841119283,4.944125428498
    ));
#1642 = CARTESIAN_POINT('',(83.396433466107,0.15056836062,5.233519950758
    ));
#1643 = CARTESIAN_POINT('',(83.125471234431,0.173295652053,
    5.617483765341));
#1644 = CARTESIAN_POINT('',(82.854508147039,0.218750190978,
    6.480000043373));
#1645 = CARTESIAN_POINT('',(83.12547191568,0.264204729905,7.342516107387
    ));
#1646 = CARTESIAN_POINT('',(83.396436690388,0.286932021305,
    7.726483372716));
#1647 = CARTESIAN_POINT('',(83.784302008691,0.309659262817,
    8.015854479975));
#1648 = CARTESIAN_POINT('',(84.251982682742,0.332386750219,8.171731188)
  );
#1649 = CARTESIAN_POINT('',(84.748043946137,0.355113536073,
    8.171656539862));
#1650 = CARTESIAN_POINT('',(85.215684896848,0.377841020619,
    8.015882706764));
#1651 = CARTESIAN_POINT('',(85.603529534655,0.400568765016,
    7.726486509189));
#1652 = CARTESIAN_POINT('',(85.874546036762,0.423295432135,
    7.342512958159));
#1653 = CARTESIAN_POINT('',(86.01001149,0.446022913416,6.911257757762));
#1654 = CARTESIAN_POINT('',(86.010012767689,0.468750210087,
    6.480000025622));
#1655 = B_SPLINE_SURFACE_WITH_KNOTS('',1,11,(
    (#1656,#1657,#1658,#1659,#1660,#1661,#1662,#1663,#1664,#1665,#1666
      ,#1667,#1668,#1669,#1670,#1671,#1672,#1673,#1674,#1675,#1676)
    ,(#1677,#1678,#1679,#1680,#1681,#1682,#1683,#1684,#1685,#1686,#1687
      ,#1688,#1689,#1690,#1691,#1692,#1693,#1694,#1695,#1696,#1697
  )),.UNSPECIFIED.,.F.,.F.,.F.,(2,2),(12,9,12),(0.,6.25E-02),(0.,
    3.151524139379,6.303048278758),.UNSPECIFIED.);
#1656 = CARTESIAN_POINT('',(86.010009666363,3.125017186271E-02,
    6.480000021891));
#1657 = CARTESIAN_POINT('',(86.010010793531,5.3977468526E-02,
    6.048742630346));
#1658 = CARTESIAN_POINT('',(85.874566118786,7.670494974877E-02,
    5.617487015521));
#1659 = CARTESIAN_POINT('',(85.603483766924,9.943161714091E-02,
    5.233499601689));
#1660 = CARTESIAN_POINT('',(85.215716349386,0.122159360988,4.94418391807
    ));
#1661 = CARTESIAN_POINT('',(84.748047305601,0.144886846233,
    4.788248940792));
#1662 = CARTESIAN_POINT('',(84.251958576999,0.167613631452,
    4.788332219918));
#1663 = CARTESIAN_POINT('',(83.784320965009,0.190341119261,
    4.944127823203));
#1664 = CARTESIAN_POINT('',(83.3964345285,0.213068360612,5.233520738998)
  );
#1665 = CARTESIAN_POINT('',(83.125472360982,0.23579565204,5.617484453069
    ));
#1666 = CARTESIAN_POINT('',(82.854509446878,0.281250190967,
    6.480000036972));
#1667 = CARTESIAN_POINT('',(83.125472960724,0.326704729894,
    7.342515432463));
#1668 = CARTESIAN_POINT('',(83.396437371488,0.349432021294,
    7.726482191738));
#1669 = CARTESIAN_POINT('',(83.784303722249,0.372159262799,8.01585444785
    ));
#1670 = CARTESIAN_POINT('',(84.251981358148,0.394886750204,
    8.171725972274));
#1671 = CARTESIAN_POINT('',(84.748043971421,0.417613536071,
    8.171661194411));
#1672 = CARTESIAN_POINT('',(85.215686330928,0.440341020639,
    8.015877406018));
#1673 = CARTESIAN_POINT('',(85.603525856078,0.463068764947,
    7.726486455184));
#1674 = CARTESIAN_POINT('',(85.874546273191,0.485795432152,
    7.342512322037));
#1675 = CARTESIAN_POINT('',(86.010010327842,0.508522913406,
    6.911257415463));
#1676 = CARTESIAN_POINT('',(86.010011455589,0.531250210073,
    6.480000023918));
#1677 = CARTESIAN_POINT('',(86.010010739899,-3.124982812807E-02,
    6.480000023595));
#1678 = CARTESIAN_POINT('',(86.010012017009,-8.522531462199E-03,
    6.048742291455));
#1679 = CARTESIAN_POINT('',(85.874568526895,1.420494978327E-02,
    5.617486288615));
#1680 = CARTESIAN_POINT('',(85.603481831383,3.693161711595E-02,
    5.233497686626));
#1681 = CARTESIAN_POINT('',(85.215718915023,5.965936098816E-02,
    4.944186792592));
#1682 = CARTESIAN_POINT('',(84.748047721849,8.238684630419E-02,
    4.788241612921));
#1683 = CARTESIAN_POINT('',(84.25195686108,0.105113631421,4.788334763598
    ));
#1684 = CARTESIAN_POINT('',(83.78432154774,0.127841119283,4.944125428498
    ));
#1685 = CARTESIAN_POINT('',(83.396433466107,0.15056836062,5.233519950758
    ));
#1686 = CARTESIAN_POINT('',(83.125471234431,0.173295652053,
    5.617483765341));
#1687 = CARTESIAN_POINT('',(82.854508147039,0.218750190978,
    6.480000043373));
#1688 = CARTESIAN_POINT('',(83.12547191568,0.264204729905,7.342516107387
    ));
#1689 = CARTESIAN_POINT('',(83.396436690388,0.286932021305,
    7.726483372716));
#1690 = CARTESIAN_POINT('',(83.784302008691,0.309659262817,
    8.015854479975));
#1691 = CARTESIAN_POINT('',(84.251982682742,0.332386750219,8.171731188)
  );
#1692 = CARTESIAN_POINT('',(84.748043946137,0.355113536073,
    8.171656539862));
#1693 = CARTESIAN_POINT('',(85.215684896848,0.377841020619,
    8.015882706764));
#1694 = CARTESIAN_POINT('',(85.603529534655,0.400568765016,
    7.726486509189));
#1695 = CARTESIAN_POINT('',(85.874546036762,0.423295432135,
    7.342512958159));
#1696 = CARTESIAN_POINT('',(86.01001149,0.446022913416,6.911257757762));
#1697 = CARTESIAN_POINT('',(86.010012767689,0.468750210087,
    6.480000025622));
#1698 = ADVANCED_FACE('',(#1699),#1772,.F.);
#1699 = FACE_BOUND('',#1700,.F.);
#1700 = EDGE_LOOP('',(#1701,#1702,#1709,#1746,#1771));
#1701 = ORIENTED_EDGE('',*,*,#1632,.F.);
#1702 = ORIENTED_EDGE('',*,*,#1703,.T.);
#1703 = EDGE_CURVE('',#1553,#1704,#1706,.T.);
#1704 = VERTEX_POINT('',#1705);
#1705 = CARTESIAN_POINT('',(85.76,-0.175599321939,6.479999799706));
#1706 = B_SPLINE_CURVE_WITH_KNOTS('',1,(#1707,#1708),.UNSPECIFIED.,.F.,
  .F.,(2,2),(0.,0.4355),.PIECEWISE_BEZIER_KNOTS.);
#1707 = CARTESIAN_POINT('',(86.010010739899,-3.124982812807E-02,
    6.480000023595));
#1708 = CARTESIAN_POINT('',(85.632860416807,-0.249006306314,
    6.47999968585));
#1709 = ORIENTED_EDGE('',*,*,#1710,.T.);
#1710 = EDGE_CURVE('',#1704,#1711,#1713,.T.);
#1711 = VERTEX_POINT('',#1712);
#1712 = CARTESIAN_POINT('',(83.751716032843,0.,5.466258857168));
#1713 = B_SPLINE_CURVE_WITH_KNOTS('',6,(#1714,#1715,#1716,#1717,#1718,
    #1719,#1720,#1721,#1722,#1723,#1724,#1725,#1726,#1727,#1728,#1729,
    #1730,#1731,#1732,#1733,#1734,#1735,#1736,#1737,#1738,#1739,#1740,
    #1741,#1742,#1743,#1744,#1745),.UNSPECIFIED.,.F.,.F.,(7,5,5,5,5,5,7)
  ,(0.,7.800281823731E-02,0.268234062045,0.461540479397,0.611116513241,
    0.770342026346,1.),.UNSPECIFIED.);
#1714 = CARTESIAN_POINT('',(85.76,-0.175599321939,6.479999799706));
#1715 = CARTESIAN_POINT('',(85.75999999182,-0.172349641034,6.42853998795
    ));
#1716 = CARTESIAN_POINT('',(85.757477945517,-0.169100486193,
    6.377080212862));
#1717 = CARTESIAN_POINT('',(85.752433995556,-0.165851407281,
    6.325775775577));
#1718 = CARTESIAN_POINT('',(85.744880770841,-0.162602131949,
    6.274780467963));
#1719 = CARTESIAN_POINT('',(85.734843394722,-0.159352565629,
    6.224246572623));
#1720 = CARTESIAN_POINT('',(85.691914050727,-0.14817732703,
    6.052577095956));
#1721 = CARTESIAN_POINT('',(85.646912908751,-0.140249346982,
    5.934451143862));
#1722 = CARTESIAN_POINT('',(85.587902063076,-0.132321516828,
    5.822160811356));
#1723 = CARTESIAN_POINT('',(85.515872327727,-0.124394660623,
    5.717742438515));
#1724 = CARTESIAN_POINT('',(85.432166412638,-0.116467137678,
    5.623019602706));
#1725 = CARTESIAN_POINT('',(85.243303242908,-0.100487161149,
    5.454639952777));
#1726 = CARTESIAN_POINT('',(85.137793206012,-9.243242926903E-02,
    5.381323576893));
#1727 = CARTESIAN_POINT('',(85.02374419541,-8.437933233019E-02,
    5.321155396401));
#1728 = CARTESIAN_POINT('',(84.903222693385,-7.632592084252E-02,
    5.275308582336));
#1729 = CARTESIAN_POINT('',(84.77847476605,-6.827082292304E-02,
    5.244558921723));
#1730 = CARTESIAN_POINT('',(84.553921613458,-5.398461118614E-02,
    5.217292778155));
#1731 = CARTESIAN_POINT('',(84.454841584477,-4.775207561654E-02,
    5.214604030439));
#1732 = CARTESIAN_POINT('',(84.35573097425,-4.151985134381E-02,
    5.221253242342));
#1733 = CARTESIAN_POINT('',(84.257685992643,-3.52876404627E-02,
    5.237200653138));
#1734 = CARTESIAN_POINT('',(84.161783448948,-2.905512403404E-02,
    5.262237018678));
#1735 = CARTESIAN_POINT('',(83.970349577229,-1.618881571647E-02,
    5.331912724035));
#1736 = CARTESIAN_POINT('',(83.875228995357,-9.554262410843E-03,
    5.377716481216));
#1737 = CARTESIAN_POINT('',(83.784946750921,-2.920318329207E-03,
    5.432944938543));
#1738 = CARTESIAN_POINT('',(83.700650889805,3.713608813888E-03,
    5.496939118548));
#1739 = CARTESIAN_POINT('',(83.623372897604,1.034811695548E-02,
    5.568869476389));
#1740 = CARTESIAN_POINT('',(83.453914798309,2.655094453072E-02,
    5.761487500935));
#1741 = CARTESIAN_POINT('',(83.370224025023,3.612257346539E-02,
    5.889713652618));
#1742 = CARTESIAN_POINT('',(83.305607333513,4.569114063062E-02,
    6.029389464343));
#1743 = CARTESIAN_POINT('',(83.261861770698,5.525982696608E-02,
    6.176939564974));
#1744 = CARTESIAN_POINT('',(83.24,6.483161538996E-02,6.328492393271));
#1745 = CARTESIAN_POINT('',(83.24,7.440039258156E-02,6.48));
#1746 = ORIENTED_EDGE('',*,*,#1747,.T.);
#1747 = EDGE_CURVE('',#1711,#380,#1748,.T.);
#1748 = B_SPLINE_CURVE_WITH_KNOTS('',6,(#1749,#1750,#1751,#1752,#1753,
    #1754,#1755,#1756,#1757,#1758,#1759,#1760,#1761,#1762,#1763,#1764,
    #1765,#1766,#1767,#1768,#1769,#1770),.UNSPECIFIED.,.F.,.F.,(7,5,5,5,
    7),(0.,0.26341573353,0.513440994506,0.756508311344,1.),
  .UNSPECIFIED.);
#1749 = CARTESIAN_POINT('',(83.749280179696,0.,5.468510605613));
#1750 = CARTESIAN_POINT('',(83.827937143996,0.,5.395605236107));
#1751 = CARTESIAN_POINT('',(83.914431423149,0.,5.330463239825));
#1752 = CARTESIAN_POINT('',(84.007713920734,0.,5.274092619474));
#1753 = CARTESIAN_POINT('',(84.106600028509,0.,5.227266804216));
#1754 = CARTESIAN_POINT('',(84.209821577261,0.,5.1905588139));
#1755 = CARTESIAN_POINT('',(84.416841797797,0.,5.139391654568));
#1756 = CARTESIAN_POINT('',(84.520362296986,0.,5.123891931631));
#1757 = CARTESIAN_POINT('',(84.625448141724,0.,5.118103608867));
#1758 = CARTESIAN_POINT('',(84.730951455798,0.,5.122120888963));
#1759 = CARTESIAN_POINT('',(84.83574020518,0.,5.135874459234));
#1760 = CARTESIAN_POINT('',(85.038815740335,0.,5.181706605256));
#1761 = CARTESIAN_POINT('',(85.137216049674,0.,5.213267678251));
#1762 = CARTESIAN_POINT('',(85.23290050104,0.,5.25357230552));
#1763 = CARTESIAN_POINT('',(85.324929895296,0.,5.302247139805));
#1764 = CARTESIAN_POINT('',(85.412436996491,0.,5.358802278754));
#1765 = CARTESIAN_POINT('',(85.576987465872,0.,5.486556833168));
#1766 = CARTESIAN_POINT('',(85.65402148826,0.,5.557789489467));
#1767 = CARTESIAN_POINT('',(85.724959219574,0.,5.635707816064));
#1768 = CARTESIAN_POINT('',(85.789130941577,0.,5.719606614409));
#1769 = CARTESIAN_POINT('',(85.845981860203,0.,5.808702531623));
#1770 = CARTESIAN_POINT('',(85.895073428824,0.,5.902147109028));
#1771 = ORIENTED_EDGE('',*,*,#387,.T.);
#1772 = B_SPLINE_SURFACE_WITH_KNOTS('',1,9,(
    (#1773,#1774,#1775,#1776,#1777,#1778,#1779,#1780,#1781,#1782,#1783
      ,#1784,#1785,#1786,#1787,#1788,#1789,#1790,#1791,#1792,#1793,#1794
      ,#1795,#1796,#1797,#1798,#1799,#1800,#1801,#1802,#1803)
    ,(#1804,#1805,#1806,#1807,#1808,#1809,#1810,#1811,#1812,#1813,#1814
      ,#1815,#1816,#1817,#1818,#1819,#1820,#1821,#1822,#1823,#1824,#1825
      ,#1826,#1827,#1828,#1829,#1830,#1831,#1832,#1833,#1834
  )),.UNSPECIFIED.,.F.,.F.,.F.,(2,2),(10,7,7,7,10),(0.,0.4355),(0.,
    1.57576206969,3.151524139379,4.727286209069,6.303048278758),
  .UNSPECIFIED.);
#1773 = CARTESIAN_POINT('',(86.010010739899,-3.124982812807E-02,
    6.480000023595));
#1774 = CARTESIAN_POINT('',(86.010011520355,-1.736092461006E-02,
    6.216453631731));
#1775 = CARTESIAN_POINT('',(85.958279924441,-3.471950592773E-03,
    5.952907900365));
#1776 = CARTESIAN_POINT('',(85.854768361252,1.041685110404E-02,
    5.700969091384));
#1777 = CARTESIAN_POINT('',(85.702559369041,2.430569707204E-02,
    5.472261034553));
#1778 = CARTESIAN_POINT('',(85.507735515193,3.819460798693E-02,
    5.277435059807));
#1779 = CARTESIAN_POINT('',(85.279026447811,5.208351886007E-02,
    5.125229754021));
#1780 = CARTESIAN_POINT('',(85.027094605208,6.597242295454E-02,
    5.021735346622));
#1781 = CARTESIAN_POINT('',(84.500002811302,9.375020812017E-02,
    4.918240212074));
#1782 = CARTESIAN_POINT('',(83.972906888708,0.121527967536,
    5.021735294811));
#1783 = CARTESIAN_POINT('',(83.720970632969,0.135416844918,
    5.125230145049));
#1784 = CARTESIAN_POINT('',(83.492258138809,0.149305733046,
    5.277432636254));
#1785 = CARTESIAN_POINT('',(83.297430137024,0.1631946309,5.47226075456)
  );
#1786 = CARTESIAN_POINT('',(83.145228951687,0.177083527778,
    5.700972252148));
#1787 = CARTESIAN_POINT('',(83.041736140877,0.19097241719,5.952906753807
    ));
#1788 = CARTESIAN_POINT('',(82.938243373058,0.218750190978,
    6.480000010304));
#1789 = CARTESIAN_POINT('',(83.041736557196,0.246527964767,
    7.007093185058));
#1790 = CARTESIAN_POINT('',(83.145229356991,0.260416854179,
    7.259027555466));
#1791 = CARTESIAN_POINT('',(83.297429499103,0.274305751057,
    7.487739279242));
#1792 = CARTESIAN_POINT('',(83.492256983163,0.288194648912,
    7.682568269929));
#1793 = CARTESIAN_POINT('',(83.720970054202,0.302083537039,
    7.834771100164));
#1794 = CARTESIAN_POINT('',(83.972906750129,0.31597241442,7.938264766289
    ));
#1795 = CARTESIAN_POINT('',(84.500002781273,0.343750173838,8.04175800775
    ));
#1796 = CARTESIAN_POINT('',(85.027094466628,0.371527959003,
    7.938263608781));
#1797 = CARTESIAN_POINT('',(85.279027133155,0.385416863089,
    7.834769882307));
#1798 = CARTESIAN_POINT('',(85.507734611649,0.399305773998,
    7.682569669749));
#1799 = CARTESIAN_POINT('',(85.702565733692,0.413194684841,7.48774198178
    ));
#1800 = CARTESIAN_POINT('',(85.85476909982,0.427083530895,7.259027591473
    ));
#1801 = CARTESIAN_POINT('',(85.958271416797,0.440972332534,
    7.007091842363));
#1802 = CARTESIAN_POINT('',(86.010011986879,0.454861306566,
    6.743546417485));
#1803 = CARTESIAN_POINT('',(86.010012767689,0.468750210087,
    6.480000025622));
#1804 = CARTESIAN_POINT('',(85.632860416807,-0.249006306314,
    6.47999968585));
#1805 = CARTESIAN_POINT('',(85.632861456546,-0.235117953942,
    6.282264183341));
#1806 = CARTESIAN_POINT('',(85.594050791983,-0.221232187047,
    6.08456848086));
#1807 = CARTESIAN_POINT('',(85.516401493527,-0.207340100003,
    5.89555153898));
#1808 = CARTESIAN_POINT('',(85.40220032211,-0.193449637648,
    5.723957899066));
#1809 = CARTESIAN_POINT('',(85.256030772099,-0.17956155676,
    5.577793005707));
#1810 = CARTESIAN_POINT('',(85.084451118524,-0.165673473576,
    5.463606336192));
#1811 = CARTESIAN_POINT('',(84.8954437393,-0.151785142448,5.385960139769
    ));
#1812 = CARTESIAN_POINT('',(84.500002520081,-0.124007635577,
    5.308314437321));
#1813 = CARTESIAN_POINT('',(84.104555911797,-9.62291844916E-02,
    5.385960749919));
#1814 = CARTESIAN_POINT('',(83.915543768996,-8.233987362599E-02,
    5.463606915458));
#1815 = CARTESIAN_POINT('',(83.743957171717,-6.845095681039E-02,
    5.577794916023));
#1816 = CARTESIAN_POINT('',(83.597792149354,-5.456239670536E-02,
    5.723960041177));
#1817 = CARTESIAN_POINT('',(83.483605714503,-4.0673800772E-02,
    5.895545139853));
#1818 = CARTESIAN_POINT('',(83.405961486551,-2.678493107895E-02,
    6.084555322715));
#1819 = CARTESIAN_POINT('',(83.328317622318,9.929929985759E-04,
    6.480000413774));
#1820 = CARTESIAN_POINT('',(83.405962343006,2.877091707636E-02,
    6.87544533667));
#1821 = CARTESIAN_POINT('',(83.483606684235,4.265978676876E-02,
    7.064455281569));
#1822 = CARTESIAN_POINT('',(83.597791765187,5.654838270304E-02,
    7.236040621329));
#1823 = CARTESIAN_POINT('',(83.743956157224,7.043694280873E-02,
    7.382206876836));
#1824 = CARTESIAN_POINT('',(83.91554364566,8.432585962339E-02,
    7.49639523846));
#1825 = CARTESIAN_POINT('',(84.104556461994,9.821517048778E-02,
    7.574039605716));
#1826 = CARTESIAN_POINT('',(84.500003276237,0.125993621576,
    7.651683052817));
#1827 = CARTESIAN_POINT('',(84.895444289496,0.153771128446,
    7.574038117965));
#1828 = CARTESIAN_POINT('',(85.084451635796,0.167659459609,7.49639484398
    ));
#1829 = CARTESIAN_POINT('',(85.256033048727,0.181547542677,
    7.382207769828));
#1830 = CARTESIAN_POINT('',(85.402206875144,0.195435623702,
    7.236051116212));
#1831 = CARTESIAN_POINT('',(85.516404074806,0.209326086012,
    7.064441000335));
#1832 = CARTESIAN_POINT('',(85.594039066603,0.223218173023,
    6.875430410823));
#1833 = CARTESIAN_POINT('',(85.632862249013,0.237103939938,
    6.677735114014));
#1834 = CARTESIAN_POINT('',(85.632863275781,0.250992292314,
    6.479999611505));
#1835 = ADVANCED_FACE('',(#1836),#1987,.F.);
#1836 = FACE_BOUND('',#1837,.F.);
#1837 = EDGE_LOOP('',(#1838,#1877,#1884,#1918,#1919,#1946));
#1838 = ORIENTED_EDGE('',*,*,#1839,.F.);
#1839 = EDGE_CURVE('',#1840,#1842,#1844,.T.);
#1840 = VERTEX_POINT('',#1841);
#1841 = CARTESIAN_POINT('',(85.76,-0.324412204471,-13.84000016126));
#1842 = VERTEX_POINT('',#1843);
#1843 = CARTESIAN_POINT('',(83.24,-7.441324963584E-02,-13.84));
#1844 = B_SPLINE_CURVE_WITH_KNOTS('',6,(#1845,#1846,#1847,#1848,#1849,
    #1850,#1851,#1852,#1853,#1854,#1855,#1856,#1857,#1858,#1859,#1860,
    #1861,#1862,#1863,#1864,#1865,#1866,#1867,#1868,#1869,#1870,#1871,
    #1872,#1873,#1874,#1875,#1876),.UNSPECIFIED.,.F.,.F.,(7,5,5,5,5,5,7)
  ,(0.,7.000312731607E-02,0.265534299439,0.45375280131,0.573033511129,
    0.760552993823,1.),.UNSPECIFIED.);
#1845 = CARTESIAN_POINT('',(85.76,-0.324412204471,-13.84000016126));
#1846 = CARTESIAN_POINT('',(85.759999994089,-0.321495639086,
    -13.88618214421));
#1847 = CARTESIAN_POINT('',(85.757968761061,-0.318578741207,
    -13.93236397345));
#1848 = CARTESIAN_POINT('',(85.75390638839,-0.315661725359,
    -13.97843356493));
#1849 = CARTESIAN_POINT('',(85.747821075982,-0.312744731971,
    -14.0242796997));
#1850 = CARTESIAN_POINT('',(85.739729136175,-0.309827827377,
    -14.069792024));
#1851 = CARTESIAN_POINT('',(85.701516124035,-0.298763797372,
    -14.24074684404));
#1852 = CARTESIAN_POINT('',(85.657907754052,-0.290616040492,
    -14.36319535288));
#1853 = CARTESIAN_POINT('',(85.599362089366,-0.282470694366,
    -14.47978605951));
#1854 = CARTESIAN_POINT('',(85.526913720499,-0.274324745469,
    -14.58828635027));
#1855 = CARTESIAN_POINT('',(85.44199217874,-0.266177005546,
    -14.68669353784));
#1856 = CARTESIAN_POINT('',(85.254461831228,-0.250188201542,
    -14.85676214048));
#1857 = CARTESIAN_POINT('',(85.152606971277,-0.242344874837,
    -14.92931007658));
#1858 = CARTESIAN_POINT('',(85.042507044223,-0.234502669409,
    -14.98950337762));
#1859 = CARTESIAN_POINT('',(84.926052634158,-0.226660620366,
    -15.03623215637));
#1860 = CARTESIAN_POINT('',(84.805302361588,-0.218817453199,
    -15.06874256446));
#1861 = CARTESIAN_POINT('',(84.604581668831,-0.206005585741,
    -15.09811556975));
#1862 = CARTESIAN_POINT('',(84.525865359288,-0.201035708458,
    -15.10367455879));
#1863 = CARTESIAN_POINT('',(84.446843634596,-0.196065962125,
    -15.10331813678));
#1864 = CARTESIAN_POINT('',(84.368071228423,-0.191096197738,
    -15.09703509901));
#1865 = CARTESIAN_POINT('',(84.290099989806,-0.186126274425,
    -15.08488317904));
#1866 = CARTESIAN_POINT('',(84.093004828397,-0.173343403788,
    -15.03885717362));
#1867 = CARTESIAN_POINT('',(83.975836600692,-0.165529289331,
    -14.99652881017));
#1868 = CARTESIAN_POINT('',(83.864094824771,-0.157716293766,
    -14.94049365541));
#1869 = CARTESIAN_POINT('',(83.759746349768,-0.149903301371,
    -14.87166398405));
#1870 = CARTESIAN_POINT('',(83.664563555641,-0.142089229916,
    -14.79128831772));
#1871 = CARTESIAN_POINT('',(83.472095679748,-0.12429983148,
    -14.58563086817));
#1872 = CARTESIAN_POINT('',(83.381471226053,-0.114320150826,
    -14.45401679272));
#1873 = CARTESIAN_POINT('',(83.311322934972,-0.104344764533,
    -14.30946186832));
#1874 = CARTESIAN_POINT('',(83.263764958969,-9.436939923203E-02,
    -14.15598476984));
#1875 = CARTESIAN_POINT('',(83.24,-8.438974272637E-02,-13.99796450066));
#1876 = CARTESIAN_POINT('',(83.24,-7.441324963584E-02,-13.84));
#1877 = ORIENTED_EDGE('',*,*,#1878,.T.);
#1878 = EDGE_CURVE('',#1840,#1879,#1881,.T.);
#1879 = VERTEX_POINT('',#1880);
#1880 = CARTESIAN_POINT('',(86.010007877136,-0.468749866341,
    -13.83999998013));
#1881 = B_SPLINE_CURVE_WITH_KNOTS('',1,(#1882,#1883),.UNSPECIFIED.,.F.,
  .F.,(2,2),(0.,0.4355),.PIECEWISE_BEZIER_KNOTS.);
#1882 = CARTESIAN_POINT('',(85.632850904777,-0.251004904974,
    -13.84000025337));
#1883 = CARTESIAN_POINT('',(86.010007877136,-0.468749866341,
    -13.83999998013));
#1884 = ORIENTED_EDGE('',*,*,#1885,.T.);
#1885 = EDGE_CURVE('',#1879,#340,#1886,.T.);
#1886 = B_SPLINE_CURVE_WITH_KNOTS('',9,(#1887,#1888,#1889,#1890,#1891,
    #1892,#1893,#1894,#1895,#1896,#1897,#1898,#1899,#1900,#1901,#1902,
    #1903,#1904,#1905,#1906,#1907,#1908,#1909,#1910,#1911,#1912,#1913,
    #1914,#1915,#1916,#1917),.UNSPECIFIED.,.F.,.F.,(10,7,7,7,10),(0.,
    1.57576206969,3.151524139379,4.727286209069,6.303048278758),
  .UNSPECIFIED.);
#1887 = CARTESIAN_POINT('',(86.010007877136,-0.468749866341,
    -13.83999998013));
#1888 = CARTESIAN_POINT('',(86.010008565607,-0.454860962827,
    -14.10354585164));
#1889 = CARTESIAN_POINT('',(85.958276543804,-0.440971988834,
    -14.36709104429));
#1890 = CARTESIAN_POINT('',(85.854765772646,-0.427083187114,
    -14.61902917921));
#1891 = CARTESIAN_POINT('',(85.702557255454,-0.413194341132,
    -14.84773714442));
#1892 = CARTESIAN_POINT('',(85.507733583759,-0.399305430222,
    -15.0425628531));
#1893 = CARTESIAN_POINT('',(85.279024905141,-0.385416519357,
    -15.19476754603));
#1894 = CARTESIAN_POINT('',(85.027093555317,-0.371527615267,
    -15.29826171237));
#1895 = CARTESIAN_POINT('',(84.500002808672,-0.343749830103,
    -15.40175659897));
#1896 = CARTESIAN_POINT('',(83.972907920673,-0.315972070682,
    -15.29826182863));
#1897 = CARTESIAN_POINT('',(83.720972136625,-0.302083193297,
    -15.19476725229));
#1898 = CARTESIAN_POINT('',(83.492260060296,-0.288194305168,
    -15.04256504159));
#1899 = CARTESIAN_POINT('',(83.297432473842,-0.274305407317,
    -14.84773725663));
#1900 = CARTESIAN_POINT('',(83.145231650574,-0.260416510442,
    -14.61902619734));
#1901 = CARTESIAN_POINT('',(83.041739044929,-0.246527621029,
    -14.36709220087));
#1902 = CARTESIAN_POINT('',(82.938246457293,-0.21874984724,
    -13.83999999004));
#1903 = CARTESIAN_POINT('',(83.041739412853,-0.190972073451,
    -13.31290785145));
#1904 = CARTESIAN_POINT('',(83.145232009057,-0.177083184039,
    -13.06097397091));
#1905 = CARTESIAN_POINT('',(83.297431912086,-0.163194287163,
    -12.83226271221));
#1906 = CARTESIAN_POINT('',(83.49225904194,-0.149305389311,
    -12.63743415771));
#1907 = CARTESIAN_POINT('',(83.720971627447,-0.135416501183,
    -12.48523164812));
#1908 = CARTESIAN_POINT('',(83.972907800011,-0.121527623799,
    -12.38173811686));
#1909 = CARTESIAN_POINT('',(84.500002783905,-9.374986437542E-02,
    -12.27824497177));
#1910 = CARTESIAN_POINT('',(85.027093434654,-6.597207921261E-02,
    -12.38173920991));
#1911 = CARTESIAN_POINT('',(85.279025578298,-5.208317512964E-02,
    -12.48523282564));
#1912 = CARTESIAN_POINT('',(85.50773261571,-3.81942642328E-02,
    -12.63743284647));
#1913 = CARTESIAN_POINT('',(85.702563044574,-2.43053533874E-02,
    -12.83226032383));
#1914 = CARTESIAN_POINT('',(85.854766358243,-1.041650732942E-02,
    -13.06097369924));
#1915 = CARTESIAN_POINT('',(85.958269037643,3.472294340693E-03,
    -13.31290918432));
#1916 = CARTESIAN_POINT('',(86.010008977538,1.736126834623E-02,
    -13.57645410659));
#1917 = CARTESIAN_POINT('',(86.010009666363,3.12501718627E-02,
    -13.8399999781));
#1918 = ORIENTED_EDGE('',*,*,#352,.T.);
#1919 = ORIENTED_EDGE('',*,*,#1920,.T.);
#1920 = EDGE_CURVE('',#353,#1921,#1923,.T.);
#1921 = VERTEX_POINT('',#1922);
#1922 = CARTESIAN_POINT('',(83.751874977988,0.,-12.82614156709));
#1923 = B_SPLINE_CURVE_WITH_KNOTS('',6,(#1924,#1925,#1926,#1927,#1928,
    #1929,#1930,#1931,#1932,#1933,#1934,#1935,#1936,#1937,#1938,#1939,
    #1940,#1941,#1942,#1943,#1944,#1945),.UNSPECIFIED.,.F.,.F.,(7,5,5,5,
    7),(0.,0.243491456403,0.486558756205,0.736584112771,1.),
  .UNSPECIFIED.);
#1924 = CARTESIAN_POINT('',(85.895066849044,0.,-13.26214251105));
#1925 = CARTESIAN_POINT('',(85.845979166126,0.,-13.16870722496));
#1926 = CARTESIAN_POINT('',(85.789133911822,0.,-13.07961970824));
#1927 = CARTESIAN_POINT('',(85.724969260063,0.,-12.99572826623));
#1928 = CARTESIAN_POINT('',(85.654039660027,0.,-12.91781617192));
#1929 = CARTESIAN_POINT('',(85.577014566015,0.,-12.84658855672));
#1930 = CARTESIAN_POINT('',(85.412483198544,0.,-12.71884140896));
#1931 = CARTESIAN_POINT('',(85.324986250134,0.,-12.66228864949));
#1932 = CARTESIAN_POINT('',(85.232967482607,0.,-12.61361477836));
#1933 = CARTESIAN_POINT('',(85.13729397289,0.,-12.57330949966));
#1934 = CARTESIAN_POINT('',(85.038904696003,0.,-12.54174597091));
#1935 = CARTESIAN_POINT('',(84.835851075633,0.,-12.49590504473));
#1936 = CARTESIAN_POINT('',(84.731073200277,0.,-12.48214505096));
#1937 = CARTESIAN_POINT('',(84.62558019369,0.,-12.47811929439));
#1938 = CARTESIAN_POINT('',(84.520503749406,0.,-12.48389720125));
#1939 = CARTESIAN_POINT('',(84.416991385094,0.,-12.4993847073));
#1940 = CARTESIAN_POINT('',(84.209984649328,0.,-12.55052371337));
#1941 = CARTESIAN_POINT('',(84.106768287128,0.,-12.5872156001));
#1942 = CARTESIAN_POINT('',(84.007885326894,0.,-12.63402397868));
#1943 = CARTESIAN_POINT('',(83.914603703877,0.,-12.69037622493));
#1944 = CARTESIAN_POINT('',(83.828107844544,0.,-12.75549928938));
#1945 = CARTESIAN_POINT('',(83.749446727646,0.,-12.8283855724));
#1946 = ORIENTED_EDGE('',*,*,#1947,.F.);
#1947 = EDGE_CURVE('',#1842,#1921,#1948,.T.);
#1948 = B_SPLINE_CURVE_WITH_KNOTS('',7,(#1949,#1950,#1951,#1952,#1953,
    #1954,#1955,#1956,#1957,#1958,#1959,#1960,#1961,#1962,#1963,#1964,
    #1965,#1966,#1967,#1968,#1969,#1970,#1971,#1972,#1973,#1974,#1975,
    #1976,#1977,#1978,#1979,#1980,#1981,#1982,#1983,#1984,#1985,#1986),
  .UNSPECIFIED.,.F.,.F.,(8,6,6,6,6,6,8),(0.,0.257881368463,
    0.492740010013,0.602521383387,0.736291014183,0.91743327146,1.),
  .UNSPECIFIED.);
#1949 = CARTESIAN_POINT('',(83.24,-7.441324963584E-02,-13.84));
#1950 = CARTESIAN_POINT('',(83.24,-6.520375658854E-02,-13.69417992501));
#1951 = CARTESIAN_POINT('',(83.259688467972,-5.599048765438E-02,
    -13.54830338372));
#1952 = CARTESIAN_POINT('',(83.299092488826,-4.677990250146E-02,
    -13.4056628433));
#1953 = CARTESIAN_POINT('',(83.357511844152,-3.757039983427E-02,
    -13.26943159704));
#1954 = CARTESIAN_POINT('',(83.433682216775,-2.835983626847E-02,
    -13.1425575727));
#1955 = CARTESIAN_POINT('',(83.525787702085,-1.914659062187E-02,
    -13.02773541018));
#1956 = CARTESIAN_POINT('',(83.727629773882,-1.549806262019E-03,
    -12.83566915832));
#1957 = CARTESIAN_POINT('',(83.835118686043,6.839566167687E-03,
    -12.75592814097));
#1958 = CARTESIAN_POINT('',(83.95210661999,1.522716906328E-02,
    -12.68970986093));
#1959 = CARTESIAN_POINT('',(84.076535462114,2.361374047497E-02,
    -12.63832100181));
#1960 = CARTESIAN_POINT('',(84.206156277022,3.200147951863E-02,
    -12.60269043495));
#1961 = CARTESIAN_POINT('',(84.338588569233,4.039099858448E-02,
    -12.5833446773));
#1962 = CARTESIAN_POINT('',(84.533415965479,5.269889899518E-02,
    -12.57891442403));
#1963 = CARTESIAN_POINT('',(84.595558010351,5.661950839349E-02,
    -12.58107034064));
#1964 = CARTESIAN_POINT('',(84.657534521803,6.054008677638E-02,
    -12.58679897359));
#1965 = CARTESIAN_POINT('',(84.719099192962,6.446063531461E-02,
    -12.59608462038));
#1966 = CARTESIAN_POINT('',(84.780008196187,6.838118714011E-02,
    -12.60889049733));
#1967 = CARTESIAN_POINT('',(84.840021564412,7.230174714208E-02,
    -12.62515895123));
#1968 = CARTESIAN_POINT('',(84.970654068852,8.099937896211E-02,
    -12.66875869369));
#1969 = CARTESIAN_POINT('',(85.040728302003,8.577662071479E-02,
    -12.69773166826));
#1970 = CARTESIAN_POINT('',(85.1087015472,9.055372526706E-02,
    -12.73158840334));
#1971 = CARTESIAN_POINT('',(85.174166910929,9.533074686813E-02,
    -12.77014354307));
#1972 = CARTESIAN_POINT('',(85.236739590195,0.100107841108,
    -12.81317047997));
#1973 = CARTESIAN_POINT('',(85.296060131821,0.104885080254,
    -12.86040326785));
#1974 = CARTESIAN_POINT('',(85.427273921738,0.116131230737,
    -12.98078263475));
#1975 = CARTESIAN_POINT('',(85.496190338626,0.122600958386,
    -13.0571916891));
#1976 = CARTESIAN_POINT('',(85.557716976355,0.129070422684,
    -13.14000857072));
#1977 = CARTESIAN_POINT('',(85.611152381691,0.135539910406,
    -13.2283681734));
#1978 = CARTESIAN_POINT('',(85.655921215152,0.142009802743,
    -13.32131898362));
#1979 = CARTESIAN_POINT('',(85.691583193215,0.148479820398,
    -13.4178379706));
#1980 = CARTESIAN_POINT('',(85.729827621997,0.157897340793,
    -13.56196451101));
#1981 = CARTESIAN_POINT('',(85.739851181904,0.160845863752,
    -13.60760819729));
#1982 = CARTESIAN_POINT('',(85.747897088822,0.163794260025,
    -13.65366796882));
#1983 = CARTESIAN_POINT('',(85.753945096251,0.166742539861,
    -13.70004108373));
#1984 = CARTESIAN_POINT('',(85.757981673919,0.169690767584,
    -13.74662394281));
#1985 = CARTESIAN_POINT('',(85.760000007776,0.172639061589,
    -13.79331208949));
#1986 = CARTESIAN_POINT('',(85.76,0.175587594345,-13.84000020986));
#1987 = B_SPLINE_SURFACE_WITH_KNOTS('',1,9,(
    (#1988,#1989,#1990,#1991,#1992,#1993,#1994,#1995,#1996,#1997,#1998
      ,#1999,#2000,#2001,#2002,#2003,#2004,#2005,#2006,#2007,#2008,#2009
      ,#2010,#2011,#2012,#2013,#2014,#2015,#2016,#2017,#2018)
    ,(#2019,#2020,#2021,#2022,#2023,#2024,#2025,#2026,#2027,#2028,#2029
      ,#2030,#2031,#2032,#2033,#2034,#2035,#2036,#2037,#2038,#2039,#2040
      ,#2041,#2042,#2043,#2044,#2045,#2046,#2047,#2048,#2049
  )),.UNSPECIFIED.,.F.,.F.,.F.,(2,2),(10,7,7,7,10),(0.,0.4355),(0.,
    1.57576206969,3.151524139379,4.727286209069,6.303048278758),
  .UNSPECIFIED.);
#1988 = CARTESIAN_POINT('',(85.632850904776,-0.251004904974,
    -13.84000025337));
#1989 = CARTESIAN_POINT('',(85.632851227368,-0.237116552617,
    -14.03773393023));
#1990 = CARTESIAN_POINT('',(85.594036729574,-0.223230785804,
    -14.23542766519));
#1991 = CARTESIAN_POINT('',(85.516392845142,-0.209338698687,
    -14.42444146103));
#1992 = CARTESIAN_POINT('',(85.402194132198,-0.195448236275,
    -14.59603639387));
#1993 = CARTESIAN_POINT('',(85.256024329705,-0.181560155403,
    -14.74220089472));
#1994 = CARTESIAN_POINT('',(85.084445768521,-0.167672072254,
    -14.85638403531));
#1995 = CARTESIAN_POINT('',(84.895440103212,-0.153783741138,
    -14.93402923742));
#1996 = CARTESIAN_POINT('',(84.500002592723,-0.126006234275,
    -15.01167390728));
#1997 = CARTESIAN_POINT('',(84.104559579881,-9.822778316965E-02,
    -14.93402920405));
#1998 = CARTESIAN_POINT('',(83.915548970581,-8.433847229241E-02,
    -14.85638432457));
#1999 = CARTESIAN_POINT('',(83.743963679182,-7.044955547626E-02,
    -14.74219723236));
#2000 = CARTESIAN_POINT('',(83.597800238619,-5.656099538035E-02,
    -14.59603305908));
#2001 = CARTESIAN_POINT('',(83.483615334603,-4.267239945506E-02,
    -14.42444944758));
#2002 = CARTESIAN_POINT('',(83.405971814887,-2.878352976277E-02,
    -14.23544107756));
#2003 = CARTESIAN_POINT('',(83.328328443321,-1.005605681019E-03,
    -13.83999968259));
#2004 = CARTESIAN_POINT('',(83.405972222547,2.677231840088E-02,
    -13.44455836768));
#2005 = CARTESIAN_POINT('',(83.48361583789,4.06611880929E-02,
    -13.25555010109));
#2006 = CARTESIAN_POINT('',(83.597800340543,5.454978401867E-02,
    -13.08396644363));
#2007 = CARTESIAN_POINT('',(83.743963614469,6.843834411457E-02,
    -12.93780193615));
#2008 = CARTESIAN_POINT('',(83.915549239348,8.232726093043E-02,
    -12.82361477529));
#2009 = CARTESIAN_POINT('',(84.10456009805,9.621657180716E-02,
    -12.74597055611));
#2010 = CARTESIAN_POINT('',(84.500003203601,0.123995022914,
    -12.66832693381));
#2011 = CARTESIAN_POINT('',(84.895440621381,0.151772529776,
    -12.74597146708));
#2012 = CARTESIAN_POINT('',(85.084446026326,0.165660860934,
    -12.82361475502));
#2013 = CARTESIAN_POINT('',(85.256025948122,0.179548943938,
    -12.93780162815));
#2014 = CARTESIAN_POINT('',(85.402195978678,0.193437025008,
    -13.08395830809));
#2015 = CARTESIAN_POINT('',(85.516394114139,0.207327487299,
    -13.25556234175));
#2016 = CARTESIAN_POINT('',(85.594032920849,0.221219574435,
    -13.44457304001));
#2017 = CARTESIAN_POINT('',(85.632851553249,0.235105341254,
    -13.64226665086));
#2018 = CARTESIAN_POINT('',(85.63285186287,0.248993693613,
    -13.84000032772));
#2019 = CARTESIAN_POINT('',(86.010007877136,-0.468749866341,
    -13.83999998013));
#2020 = CARTESIAN_POINT('',(86.010008565607,-0.454860962827,
    -14.10354585164));
#2021 = CARTESIAN_POINT('',(85.958276543804,-0.440971988834,
    -14.36709104429));
#2022 = CARTESIAN_POINT('',(85.854765772646,-0.427083187114,
    -14.61902917921));
#2023 = CARTESIAN_POINT('',(85.702557255454,-0.413194341132,
    -14.84773714442));
#2024 = CARTESIAN_POINT('',(85.507733583759,-0.399305430222,
    -15.0425628531));
#2025 = CARTESIAN_POINT('',(85.279024905141,-0.385416519357,
    -15.19476754603));
#2026 = CARTESIAN_POINT('',(85.027093555317,-0.371527615267,
    -15.29826171237));
#2027 = CARTESIAN_POINT('',(84.500002808672,-0.343749830103,
    -15.40175659897));
#2028 = CARTESIAN_POINT('',(83.972907920673,-0.315972070682,
    -15.29826182863));
#2029 = CARTESIAN_POINT('',(83.720972136625,-0.302083193297,
    -15.19476725229));
#2030 = CARTESIAN_POINT('',(83.492260060296,-0.288194305168,
    -15.04256504159));
#2031 = CARTESIAN_POINT('',(83.297432473842,-0.274305407317,
    -14.84773725663));
#2032 = CARTESIAN_POINT('',(83.145231650574,-0.260416510442,
    -14.61902619734));
#2033 = CARTESIAN_POINT('',(83.041739044929,-0.246527621029,
    -14.36709220087));
#2034 = CARTESIAN_POINT('',(82.938246457293,-0.21874984724,
    -13.83999999004));
#2035 = CARTESIAN_POINT('',(83.041739412853,-0.190972073451,
    -13.31290785145));
#2036 = CARTESIAN_POINT('',(83.145232009057,-0.177083184039,
    -13.06097397091));
#2037 = CARTESIAN_POINT('',(83.297431912086,-0.163194287163,
    -12.83226271221));
#2038 = CARTESIAN_POINT('',(83.49225904194,-0.149305389311,
    -12.63743415771));
#2039 = CARTESIAN_POINT('',(83.720971627447,-0.135416501183,
    -12.48523164812));
#2040 = CARTESIAN_POINT('',(83.972907800011,-0.121527623799,
    -12.38173811686));
#2041 = CARTESIAN_POINT('',(84.500002783905,-9.374986437542E-02,
    -12.27824497177));
#2042 = CARTESIAN_POINT('',(85.027093434654,-6.597207921261E-02,
    -12.38173920991));
#2043 = CARTESIAN_POINT('',(85.279025578298,-5.208317512964E-02,
    -12.48523282564));
#2044 = CARTESIAN_POINT('',(85.50773261571,-3.81942642328E-02,
    -12.63743284647));
#2045 = CARTESIAN_POINT('',(85.702563044574,-2.43053533874E-02,
    -12.83226032383));
#2046 = CARTESIAN_POINT('',(85.854766358243,-1.041650732942E-02,
    -13.06097369924));
#2047 = CARTESIAN_POINT('',(85.958269037643,3.472294340693E-03,
    -13.31290918432));
#2048 = CARTESIAN_POINT('',(86.010008977538,1.736126834623E-02,
    -13.57645410659));
#2049 = CARTESIAN_POINT('',(86.010009666363,3.12501718627E-02,
    -13.8399999781));
#2050 = ADVANCED_FACE('',(#2051),#2093,.F.);
#2051 = FACE_BOUND('',#2052,.F.);
#2052 = EDGE_LOOP('',(#2053,#2054,#2061,#2087,#2092));
#2053 = ORIENTED_EDGE('',*,*,#1885,.F.);
#2054 = ORIENTED_EDGE('',*,*,#2055,.T.);
#2055 = EDGE_CURVE('',#1879,#2056,#2058,.T.);
#2056 = VERTEX_POINT('',#2057);
#2057 = CARTESIAN_POINT('',(86.010008712108,-0.531249866335,
    -13.83999997843));
#2058 = B_SPLINE_CURVE_WITH_KNOTS('',1,(#2059,#2060),.UNSPECIFIED.,.F.,
  .F.,(2,2),(0.,6.25E-02),.PIECEWISE_BEZIER_KNOTS.);
#2059 = CARTESIAN_POINT('',(86.010007877136,-0.468749866341,
    -13.83999998013));
#2060 = CARTESIAN_POINT('',(86.010008712108,-0.531249866335,
    -13.83999997843));
#2061 = ORIENTED_EDGE('',*,*,#2062,.T.);
#2062 = EDGE_CURVE('',#2056,#2063,#2065,.T.);
#2063 = VERTEX_POINT('',#2064);
#2064 = CARTESIAN_POINT('',(86.010010739899,-3.124982812808E-02,
    -13.8399999764));
#2065 = B_SPLINE_CURVE_WITH_KNOTS('',11,(#2066,#2067,#2068,#2069,#2070,
    #2071,#2072,#2073,#2074,#2075,#2076,#2077,#2078,#2079,#2080,#2081,
    #2082,#2083,#2084,#2085,#2086),.UNSPECIFIED.,.F.,.F.,(12,9,12),(0.,
    3.151524139379,6.303048278758),.UNSPECIFIED.);
#2066 = CARTESIAN_POINT('',(86.010008712108,-0.531249866335,
    -13.83999997843));
#2067 = CARTESIAN_POINT('',(86.010009988641,-0.508522569674,
    -14.27125713156));
#2068 = CARTESIAN_POINT('',(85.87456667981,-0.485795088471,
    -14.70251255465));
#2069 = CARTESIAN_POINT('',(85.603480348129,-0.463068421016,
    -15.08650064114));
#2070 = CARTESIAN_POINT('',(85.215717951139,-0.440340677238,
    -15.37581114607));
#2071 = CARTESIAN_POINT('',(84.748047387259,-0.417613191967,
    -15.53175611509));
#2072 = CARTESIAN_POINT('',(84.251957191434,-0.394886406749,
    -15.53166296482));
#2073 = CARTESIAN_POINT('',(83.784322506881,-0.372158918933,
    -15.37587250773));
#2074 = CARTESIAN_POINT('',(83.396434946402,-0.349431677588,
    -15.08647837392));
#2075 = CARTESIAN_POINT('',(83.125473079127,-0.32670438616,
    -14.70251507456));
#2076 = CARTESIAN_POINT('',(82.854510356765,-0.281249847233,
    -13.83999995441));
#2077 = CARTESIAN_POINT('',(83.125473762693,-0.235795308305,
    -12.97748504902));
#2078 = CARTESIAN_POINT('',(83.396438174031,-0.213068016908,
    -12.59351829963));
#2079 = CARTESIAN_POINT('',(83.784302971955,-0.190340775391,
    -12.30414758186));
#2080 = CARTESIAN_POINT('',(84.251983017639,-0.167613288031,
    -12.1482710829));
#2081 = CARTESIAN_POINT('',(84.74804361609,-0.144886502079,
    -12.14834573279));
#2082 = CARTESIAN_POINT('',(85.215683937085,-0.122159017576,
    -12.30411935648));
#2083 = CARTESIAN_POINT('',(85.603528054751,-9.943127327461E-02,
    -12.593515166));
#2084 = CARTESIAN_POINT('',(85.874544191992,-7.670460603289E-02,
    -12.97748820226));
#2085 = CARTESIAN_POINT('',(86.010009462789,-5.397712479386E-02,
    -13.40874282327));
#2086 = CARTESIAN_POINT('',(86.010010739899,-3.124982812808E-02,
    -13.8399999764));
#2087 = ORIENTED_EDGE('',*,*,#2088,.F.);
#2088 = EDGE_CURVE('',#329,#2063,#2089,.T.);
#2089 = B_SPLINE_CURVE_WITH_KNOTS('',1,(#2090,#2091),.UNSPECIFIED.,.F.,
  .F.,(2,2),(0.,6.25E-02),.PIECEWISE_BEZIER_KNOTS.);
#2090 = CARTESIAN_POINT('',(86.010009666363,3.12501718627E-02,
    -13.8399999781));
#2091 = CARTESIAN_POINT('',(86.010010739899,-3.124982812808E-02,
    -13.8399999764));
#2092 = ORIENTED_EDGE('',*,*,#339,.T.);
#2093 = B_SPLINE_SURFACE_WITH_KNOTS('',1,11,(
    (#2094,#2095,#2096,#2097,#2098,#2099,#2100,#2101,#2102,#2103,#2104
      ,#2105,#2106,#2107,#2108,#2109,#2110,#2111,#2112,#2113,#2114)
    ,(#2115,#2116,#2117,#2118,#2119,#2120,#2121,#2122,#2123,#2124,#2125
      ,#2126,#2127,#2128,#2129,#2130,#2131,#2132,#2133,#2134,#2135
  )),.UNSPECIFIED.,.F.,.F.,.F.,(2,2),(12,9,12),(0.,6.25E-02),(0.,
    3.151524139379,6.303048278758),.UNSPECIFIED.);
#2094 = CARTESIAN_POINT('',(86.010007877136,-0.468749866341,
    -13.83999998013));
#2095 = CARTESIAN_POINT('',(86.010009003726,-0.446022569682,
    -14.27125686078));
#2096 = CARTESIAN_POINT('',(85.874564488869,-0.423295088496,
    -14.70251196405));
#2097 = CARTESIAN_POINT('',(85.603482457974,-0.400568420996,
    -15.08649892299));
#2098 = CARTESIAN_POINT('',(85.215715498658,-0.377840677233,
    -15.37581426322));
#2099 = CARTESIAN_POINT('',(84.748047010108,-0.355113192027,
    -15.53174905455));
#2100 = CARTESIAN_POINT('',(84.251958868221,-0.332386406719,
    -15.53166577571));
#2101 = CARTESIAN_POINT('',(83.784321811068,-0.30965891895,
    -15.37587035571));
#2102 = CARTESIAN_POINT('',(83.396435834446,-0.286931677592,
    -15.0864777826));
#2103 = CARTESIAN_POINT('',(83.125473988519,-0.264204386168,
    -14.70251452309));
#2104 = CARTESIAN_POINT('',(82.854511396636,-0.21874984724,
    -13.83999996081));
#2105 = CARTESIAN_POINT('',(83.125474590577,-0.173295308312,
    -12.97748558768));
#2106 = CARTESIAN_POINT('',(83.396438680781,-0.150568016915,
    -12.59351928369));
#2107 = CARTESIAN_POINT('',(83.78430457243,-0.127840775405,
    -12.30414737131));
#2108 = CARTESIAN_POINT('',(84.251981653913,-0.105113288038,
    -12.14827603142));
#2109 = CARTESIAN_POINT('',(84.74804368047,-8.23865020839E-02,
    -12.14834081091));
#2110 = CARTESIAN_POINT('',(85.215685484319,-5.965901755455E-02,
    -12.3041244146));
#2111 = CARTESIAN_POINT('',(85.603524550478,-3.69312733298E-02,
    -12.59351502309));
#2112 = CARTESIAN_POINT('',(85.874544645589,-1.420460601745E-02,
    -12.97748870207));
#2113 = CARTESIAN_POINT('',(86.010008539194,8.522875199453E-03,
    -13.40874309745));
#2114 = CARTESIAN_POINT('',(86.010009666363,3.12501718627E-02,
    -13.8399999781));
#2115 = CARTESIAN_POINT('',(86.010008712108,-0.531249866335,
    -13.83999997843));
#2116 = CARTESIAN_POINT('',(86.010009988641,-0.508522569674,
    -14.27125713156));
#2117 = CARTESIAN_POINT('',(85.87456667981,-0.485795088471,
    -14.70251255465));
#2118 = CARTESIAN_POINT('',(85.603480348129,-0.463068421016,
    -15.08650064114));
#2119 = CARTESIAN_POINT('',(85.215717951139,-0.440340677238,
    -15.37581114607));
#2120 = CARTESIAN_POINT('',(84.748047387259,-0.417613191967,
    -15.53175611509));
#2121 = CARTESIAN_POINT('',(84.251957191434,-0.394886406749,
    -15.53166296482));
#2122 = CARTESIAN_POINT('',(83.784322506881,-0.372158918933,
    -15.37587250773));
#2123 = CARTESIAN_POINT('',(83.396434946402,-0.349431677588,
    -15.08647837392));
#2124 = CARTESIAN_POINT('',(83.125473079127,-0.32670438616,
    -14.70251507456));
#2125 = CARTESIAN_POINT('',(82.854510356765,-0.281249847233,
    -13.83999995441));
#2126 = CARTESIAN_POINT('',(83.125473762693,-0.235795308305,
    -12.97748504902));
#2127 = CARTESIAN_POINT('',(83.396438174031,-0.213068016908,
    -12.59351829963));
#2128 = CARTESIAN_POINT('',(83.784302971955,-0.190340775391,
    -12.30414758186));
#2129 = CARTESIAN_POINT('',(84.251983017639,-0.167613288031,
    -12.1482710829));
#2130 = CARTESIAN_POINT('',(84.74804361609,-0.144886502079,
    -12.14834573279));
#2131 = CARTESIAN_POINT('',(85.215683937085,-0.122159017576,
    -12.30411935648));
#2132 = CARTESIAN_POINT('',(85.603528054751,-9.943127327461E-02,
    -12.593515166));
#2133 = CARTESIAN_POINT('',(85.874544191992,-7.670460603289E-02,
    -12.97748820226));
#2134 = CARTESIAN_POINT('',(86.010009462789,-5.397712479386E-02,
    -13.40874282327));
#2135 = CARTESIAN_POINT('',(86.010010739899,-3.124982812808E-02,
    -13.8399999764));
#2136 = ADVANCED_FACE('',(#2137),#2165,.F.);
#2137 = FACE_BOUND('',#2138,.F.);
#2138 = EDGE_LOOP('',(#2139,#2140,#2141));
#2139 = ORIENTED_EDGE('',*,*,#328,.F.);
#2140 = ORIENTED_EDGE('',*,*,#2088,.T.);
#2141 = ORIENTED_EDGE('',*,*,#2142,.T.);
#2142 = EDGE_CURVE('',#2063,#302,#2143,.T.);
#2143 = B_SPLINE_CURVE_WITH_KNOTS('',11,(#2144,#2145,#2146,#2147,#2148,
    #2149,#2150,#2151,#2152,#2153,#2154,#2155,#2156,#2157,#2158,#2159,
    #2160,#2161,#2162,#2163,#2164),.UNSPECIFIED.,.F.,.F.,(12,9,12),(0.,
    3.151524139379,6.303048278758),.UNSPECIFIED.);
#2144 = CARTESIAN_POINT('',(86.010010739899,-3.124982812808E-02,
    -13.8399999764));
#2145 = CARTESIAN_POINT('',(86.010012017009,-8.522531462203E-03,
    -14.27125770854));
#2146 = CARTESIAN_POINT('',(85.874568526895,1.420494978326E-02,
    -14.70251371138));
#2147 = CARTESIAN_POINT('',(85.603481831383,3.693161711594E-02,
    -15.08650231337));
#2148 = CARTESIAN_POINT('',(85.215718915023,5.965936098815E-02,
    -15.3758132074));
#2149 = CARTESIAN_POINT('',(84.748047721849,8.238684630419E-02,
    -15.53175838707));
#2150 = CARTESIAN_POINT('',(84.25195686108,0.105113631421,-15.5316652364
    ));
#2151 = CARTESIAN_POINT('',(83.78432154774,0.127841119283,-15.3758745715
    ));
#2152 = CARTESIAN_POINT('',(83.396433466107,0.15056836062,
    -15.08648004924));
#2153 = CARTESIAN_POINT('',(83.125471234431,0.173295652053,
    -14.70251623465));
#2154 = CARTESIAN_POINT('',(82.854508147039,0.218750190978,
    -13.83999995662));
#2155 = CARTESIAN_POINT('',(83.12547191568,0.264204729905,
    -12.97748389261));
#2156 = CARTESIAN_POINT('',(83.396436690388,0.286932021305,
    -12.59351662728));
#2157 = CARTESIAN_POINT('',(83.784302008691,0.309659262817,
    -12.30414552002));
#2158 = CARTESIAN_POINT('',(84.251982682742,0.332386750219,-12.148268812
    ));
#2159 = CARTESIAN_POINT('',(84.748043946137,0.355113536073,
    -12.14834346013));
#2160 = CARTESIAN_POINT('',(85.215684896848,0.377841020619,
    -12.30411729323));
#2161 = CARTESIAN_POINT('',(85.603529534655,0.400568765016,
    -12.59351349081));
#2162 = CARTESIAN_POINT('',(85.874546036762,0.423295432135,
    -12.97748704184));
#2163 = CARTESIAN_POINT('',(86.01001149,0.446022913416,-13.40874224223)
  );
#2164 = CARTESIAN_POINT('',(86.010012767689,0.468750210087,
    -13.83999997437));
#2165 = B_SPLINE_SURFACE_WITH_KNOTS('',1,11,(
    (#2166,#2167,#2168,#2169,#2170,#2171,#2172,#2173,#2174,#2175,#2176
      ,#2177,#2178,#2179,#2180,#2181,#2182,#2183,#2184,#2185,#2186)
    ,(#2187,#2188,#2189,#2190,#2191,#2192,#2193,#2194,#2195,#2196,#2197
      ,#2198,#2199,#2200,#2201,#2202,#2203,#2204,#2205,#2206,#2207
  )),.UNSPECIFIED.,.F.,.F.,.F.,(2,2),(12,9,12),(0.,6.25E-02),(0.,
    3.151524139379,6.303048278758),.UNSPECIFIED.);
#2166 = CARTESIAN_POINT('',(86.010009666363,3.12501718627E-02,
    -13.8399999781));
#2167 = CARTESIAN_POINT('',(86.010010793531,5.3977468526E-02,
    -14.27125736965));
#2168 = CARTESIAN_POINT('',(85.874566118786,7.670494974876E-02,
    -14.70251298447));
#2169 = CARTESIAN_POINT('',(85.603483766924,9.943161714091E-02,
    -15.08650039831));
#2170 = CARTESIAN_POINT('',(85.215716349386,0.122159360988,
    -15.37581608193));
#2171 = CARTESIAN_POINT('',(84.748047305601,0.144886846233,
    -15.5317510592));
#2172 = CARTESIAN_POINT('',(84.251958576999,0.167613631452,
    -15.53166778008));
#2173 = CARTESIAN_POINT('',(83.784320965009,0.190341119261,
    -15.37587217679));
#2174 = CARTESIAN_POINT('',(83.3964345285,0.213068360612,-15.086479261)
  );
#2175 = CARTESIAN_POINT('',(83.125472360982,0.23579565204,
    -14.70251554693));
#2176 = CARTESIAN_POINT('',(82.854509446878,0.281250190967,
    -13.83999996302));
#2177 = CARTESIAN_POINT('',(83.125472960724,0.326704729894,
    -12.97748456753));
#2178 = CARTESIAN_POINT('',(83.396437371488,0.349432021294,
    -12.59351780826));
#2179 = CARTESIAN_POINT('',(83.784303722249,0.372159262799,
    -12.30414555215));
#2180 = CARTESIAN_POINT('',(84.251981358148,0.394886750204,
    -12.14827402772));
#2181 = CARTESIAN_POINT('',(84.748043971421,0.417613536071,
    -12.14833880558));
#2182 = CARTESIAN_POINT('',(85.215686330928,0.440341020639,
    -12.30412259398));
#2183 = CARTESIAN_POINT('',(85.603525856078,0.463068764947,
    -12.59351354481));
#2184 = CARTESIAN_POINT('',(85.874546273191,0.485795432152,
    -12.97748767796));
#2185 = CARTESIAN_POINT('',(86.010010327842,0.508522913406,
    -13.40874258453));
#2186 = CARTESIAN_POINT('',(86.010011455589,0.531250210073,
    -13.83999997608));
#2187 = CARTESIAN_POINT('',(86.010010739899,-3.124982812808E-02,
    -13.8399999764));
#2188 = CARTESIAN_POINT('',(86.010012017009,-8.522531462203E-03,
    -14.27125770854));
#2189 = CARTESIAN_POINT('',(85.874568526895,1.420494978326E-02,
    -14.70251371138));
#2190 = CARTESIAN_POINT('',(85.603481831383,3.693161711594E-02,
    -15.08650231337));
#2191 = CARTESIAN_POINT('',(85.215718915023,5.965936098815E-02,
    -15.3758132074));
#2192 = CARTESIAN_POINT('',(84.748047721849,8.238684630419E-02,
    -15.53175838707));
#2193 = CARTESIAN_POINT('',(84.25195686108,0.105113631421,-15.5316652364
    ));
#2194 = CARTESIAN_POINT('',(83.78432154774,0.127841119283,-15.3758745715
    ));
#2195 = CARTESIAN_POINT('',(83.396433466107,0.15056836062,
    -15.08648004924));
#2196 = CARTESIAN_POINT('',(83.125471234431,0.173295652053,
    -14.70251623465));
#2197 = CARTESIAN_POINT('',(82.854508147039,0.218750190978,
    -13.83999995662));
#2198 = CARTESIAN_POINT('',(83.12547191568,0.264204729905,
    -12.97748389261));
#2199 = CARTESIAN_POINT('',(83.396436690388,0.286932021305,
    -12.59351662728));
#2200 = CARTESIAN_POINT('',(83.784302008691,0.309659262817,
    -12.30414552002));
#2201 = CARTESIAN_POINT('',(84.251982682742,0.332386750219,-12.148268812
    ));
#2202 = CARTESIAN_POINT('',(84.748043946137,0.355113536073,
    -12.14834346013));
#2203 = CARTESIAN_POINT('',(85.215684896848,0.377841020619,
    -12.30411729323));
#2204 = CARTESIAN_POINT('',(85.603529534655,0.400568765016,
    -12.59351349081));
#2205 = CARTESIAN_POINT('',(85.874546036762,0.423295432135,
    -12.97748704184));
#2206 = CARTESIAN_POINT('',(86.01001149,0.446022913416,-13.40874224223)
  );
#2207 = CARTESIAN_POINT('',(86.010012767689,0.468750210087,
    -13.83999997437));
#2208 = ADVANCED_FACE('',(#2209),#2282,.F.);
#2209 = FACE_BOUND('',#2210,.F.);
#2210 = EDGE_LOOP('',(#2211,#2212,#2219,#2256,#2281));
#2211 = ORIENTED_EDGE('',*,*,#2142,.F.);
#2212 = ORIENTED_EDGE('',*,*,#2213,.T.);
#2213 = EDGE_CURVE('',#2063,#2214,#2216,.T.);
#2214 = VERTEX_POINT('',#2215);
#2215 = CARTESIAN_POINT('',(85.76,-0.175599321939,-13.84000020029));
#2216 = B_SPLINE_CURVE_WITH_KNOTS('',1,(#2217,#2218),.UNSPECIFIED.,.F.,
  .F.,(2,2),(0.,0.4355),.PIECEWISE_BEZIER_KNOTS.);
#2217 = CARTESIAN_POINT('',(86.010010739899,-3.124982812808E-02,
    -13.8399999764));
#2218 = CARTESIAN_POINT('',(85.632860416807,-0.249006306314,
    -13.84000031415));
#2219 = ORIENTED_EDGE('',*,*,#2220,.T.);
#2220 = EDGE_CURVE('',#2214,#2221,#2223,.T.);
#2221 = VERTEX_POINT('',#2222);
#2222 = CARTESIAN_POINT('',(83.751716032843,0.,-14.85374114283));
#2223 = B_SPLINE_CURVE_WITH_KNOTS('',6,(#2224,#2225,#2226,#2227,#2228,
    #2229,#2230,#2231,#2232,#2233,#2234,#2235,#2236,#2237,#2238,#2239,
    #2240,#2241,#2242,#2243,#2244,#2245,#2246,#2247,#2248,#2249,#2250,
    #2251,#2252,#2253,#2254,#2255),.UNSPECIFIED.,.F.,.F.,(7,5,5,5,5,5,7)
  ,(0.,7.800281823731E-02,0.268234062045,0.461540479397,0.611116513241,
    0.770342026346,1.),.UNSPECIFIED.);
#2224 = CARTESIAN_POINT('',(85.76,-0.175599321939,-13.84000020029));
#2225 = CARTESIAN_POINT('',(85.75999999182,-0.172349641034,
    -13.89146001205));
#2226 = CARTESIAN_POINT('',(85.757477945517,-0.169100486193,
    -13.94291978713));
#2227 = CARTESIAN_POINT('',(85.752433995556,-0.165851407281,
    -13.99422422442));
#2228 = CARTESIAN_POINT('',(85.744880770841,-0.162602131949,
    -14.04521953203));
#2229 = CARTESIAN_POINT('',(85.734843394722,-0.159352565629,
    -14.09575342737));
#2230 = CARTESIAN_POINT('',(85.691914050727,-0.14817732703,
    -14.26742290404));
#2231 = CARTESIAN_POINT('',(85.646912908751,-0.140249346982,
    -14.38554885613));
#2232 = CARTESIAN_POINT('',(85.587902063076,-0.132321516828,
    -14.49783918864));
#2233 = CARTESIAN_POINT('',(85.515872327727,-0.124394660623,
    -14.60225756148));
#2234 = CARTESIAN_POINT('',(85.432166412638,-0.116467137678,
    -14.69698039729));
#2235 = CARTESIAN_POINT('',(85.243303242908,-0.100487161149,
    -14.86536004722));
#2236 = CARTESIAN_POINT('',(85.137793206012,-9.243242926904E-02,
    -14.9386764231));
#2237 = CARTESIAN_POINT('',(85.02374419541,-8.437933233019E-02,
    -14.99884460359));
#2238 = CARTESIAN_POINT('',(84.903222693385,-7.632592084253E-02,
    -15.04469141766));
#2239 = CARTESIAN_POINT('',(84.77847476605,-6.827082292305E-02,
    -15.07544107827));
#2240 = CARTESIAN_POINT('',(84.553921613458,-5.398461118614E-02,
    -15.10270722184));
#2241 = CARTESIAN_POINT('',(84.454841584477,-4.775207561654E-02,
    -15.10539596956));
#2242 = CARTESIAN_POINT('',(84.35573097425,-4.151985134381E-02,
    -15.09874675765));
#2243 = CARTESIAN_POINT('',(84.257685992643,-3.52876404627E-02,
    -15.08279934686));
#2244 = CARTESIAN_POINT('',(84.161783448948,-2.905512403404E-02,
    -15.05776298132));
#2245 = CARTESIAN_POINT('',(83.970349577229,-1.618881571648E-02,
    -14.98808727596));
#2246 = CARTESIAN_POINT('',(83.875228995357,-9.554262410847E-03,
    -14.94228351878));
#2247 = CARTESIAN_POINT('',(83.784946750921,-2.920318329211E-03,
    -14.88705506145));
#2248 = CARTESIAN_POINT('',(83.700650889805,3.713608813884E-03,
    -14.82306088145));
#2249 = CARTESIAN_POINT('',(83.623372897604,1.034811695548E-02,
    -14.75113052361));
#2250 = CARTESIAN_POINT('',(83.453914798309,2.655094453072E-02,
    -14.55851249906));
#2251 = CARTESIAN_POINT('',(83.370224025023,3.612257346538E-02,
    -14.43028634738));
#2252 = CARTESIAN_POINT('',(83.305607333513,4.569114063061E-02,
    -14.29061053565));
#2253 = CARTESIAN_POINT('',(83.261861770698,5.525982696608E-02,
    -14.14306043502));
#2254 = CARTESIAN_POINT('',(83.24,6.483161538996E-02,-13.99150760672));
#2255 = CARTESIAN_POINT('',(83.24,7.440039258155E-02,-13.84));
#2256 = ORIENTED_EDGE('',*,*,#2257,.T.);
#2257 = EDGE_CURVE('',#2221,#294,#2258,.T.);
#2258 = B_SPLINE_CURVE_WITH_KNOTS('',6,(#2259,#2260,#2261,#2262,#2263,
    #2264,#2265,#2266,#2267,#2268,#2269,#2270,#2271,#2272,#2273,#2274,
    #2275,#2276,#2277,#2278,#2279,#2280),.UNSPECIFIED.,.F.,.F.,(7,5,5,5,
    7),(0.,0.263415733529,0.513440994505,0.756508311344,1.),
  .UNSPECIFIED.);
#2259 = CARTESIAN_POINT('',(83.749280179696,0.,-14.85148939438));
#2260 = CARTESIAN_POINT('',(83.827937143996,0.,-14.92439476389));
#2261 = CARTESIAN_POINT('',(83.914431423149,0.,-14.98953676017));
#2262 = CARTESIAN_POINT('',(84.007713920734,0.,-15.04590738052));
#2263 = CARTESIAN_POINT('',(84.106600028508,0.,-15.09273319578));
#2264 = CARTESIAN_POINT('',(84.209821577261,0.,-15.1294411861));
#2265 = CARTESIAN_POINT('',(84.416841797797,0.,-15.18060834543));
#2266 = CARTESIAN_POINT('',(84.520362296985,0.,-15.19610806836));
#2267 = CARTESIAN_POINT('',(84.625448141725,0.,-15.20189639113));
#2268 = CARTESIAN_POINT('',(84.730951455798,0.,-15.19787911103));
#2269 = CARTESIAN_POINT('',(84.83574020518,0.,-15.18412554076));
#2270 = CARTESIAN_POINT('',(85.038815740335,0.,-15.13829339474));
#2271 = CARTESIAN_POINT('',(85.137216049673,0.,-15.10673232174));
#2272 = CARTESIAN_POINT('',(85.23290050104,0.,-15.06642769448));
#2273 = CARTESIAN_POINT('',(85.324929895296,0.,-15.01775286019));
#2274 = CARTESIAN_POINT('',(85.412436996491,0.,-14.96119772124));
#2275 = CARTESIAN_POINT('',(85.576987465872,0.,-14.83344316683));
#2276 = CARTESIAN_POINT('',(85.65402148826,0.,-14.76221051053));
#2277 = CARTESIAN_POINT('',(85.724959219574,0.,-14.68429218393));
#2278 = CARTESIAN_POINT('',(85.789130941577,0.,-14.60039338559));
#2279 = CARTESIAN_POINT('',(85.845981860203,0.,-14.51129746837));
#2280 = CARTESIAN_POINT('',(85.895073428824,0.,-14.41785289097));
#2281 = ORIENTED_EDGE('',*,*,#301,.T.);
#2282 = B_SPLINE_SURFACE_WITH_KNOTS('',1,9,(
    (#2283,#2284,#2285,#2286,#2287,#2288,#2289,#2290,#2291,#2292,#2293
      ,#2294,#2295,#2296,#2297,#2298,#2299,#2300,#2301,#2302,#2303,#2304
      ,#2305,#2306,#2307,#2308,#2309,#2310,#2311,#2312,#2313)
    ,(#2314,#2315,#2316,#2317,#2318,#2319,#2320,#2321,#2322,#2323,#2324
      ,#2325,#2326,#2327,#2328,#2329,#2330,#2331,#2332,#2333,#2334,#2335
      ,#2336,#2337,#2338,#2339,#2340,#2341,#2342,#2343,#2344
  )),.UNSPECIFIED.,.F.,.F.,.F.,(2,2),(10,7,7,7,10),(0.,0.4355),(0.,
    1.57576206969,3.151524139379,4.727286209069,6.303048278758),
  .UNSPECIFIED.);
#2283 = CARTESIAN_POINT('',(86.010010739899,-3.124982812808E-02,
    -13.8399999764));
#2284 = CARTESIAN_POINT('',(86.010011520355,-1.736092461007E-02,
    -14.10354636826));
#2285 = CARTESIAN_POINT('',(85.958279924441,-3.471950592777E-03,
    -14.36709209963));
#2286 = CARTESIAN_POINT('',(85.854768361252,1.041685110404E-02,
    -14.61903090861));
#2287 = CARTESIAN_POINT('',(85.702559369041,2.430569707203E-02,
    -14.84773896544));
#2288 = CARTESIAN_POINT('',(85.507735515193,3.819460798693E-02,
    -15.04256494019));
#2289 = CARTESIAN_POINT('',(85.279026447811,5.208351886007E-02,
    -15.19477024597));
#2290 = CARTESIAN_POINT('',(85.027094605208,6.597242295454E-02,
    -15.29826465337));
#2291 = CARTESIAN_POINT('',(84.500002811302,9.375020812017E-02,
    -15.40175978792));
#2292 = CARTESIAN_POINT('',(83.972906888708,0.121527967536,
    -15.29826470518));
#2293 = CARTESIAN_POINT('',(83.720970632969,0.135416844918,
    -15.19476985495));
#2294 = CARTESIAN_POINT('',(83.492258138809,0.149305733046,
    -15.04256736374));
#2295 = CARTESIAN_POINT('',(83.297430137024,0.1631946309,-14.84773924544
    ));
#2296 = CARTESIAN_POINT('',(83.145228951687,0.177083527778,
    -14.61902774785));
#2297 = CARTESIAN_POINT('',(83.041736140877,0.19097241719,
    -14.36709324619));
#2298 = CARTESIAN_POINT('',(82.938243373058,0.218750190978,
    -13.83999998969));
#2299 = CARTESIAN_POINT('',(83.041736557196,0.246527964767,
    -13.31290681494));
#2300 = CARTESIAN_POINT('',(83.145229356991,0.260416854179,
    -13.06097244453));
#2301 = CARTESIAN_POINT('',(83.297429499103,0.274305751057,
    -12.83226072075));
#2302 = CARTESIAN_POINT('',(83.492256983163,0.288194648912,
    -12.63743173007));
#2303 = CARTESIAN_POINT('',(83.720970054202,0.302083537039,
    -12.48522889983));
#2304 = CARTESIAN_POINT('',(83.972906750129,0.31597241442,
    -12.38173523371));
#2305 = CARTESIAN_POINT('',(84.500002781273,0.343750173838,
    -12.27824199225));
#2306 = CARTESIAN_POINT('',(85.027094466628,0.371527959003,
    -12.38173639121));
#2307 = CARTESIAN_POINT('',(85.279027133155,0.385416863089,
    -12.48523011769));
#2308 = CARTESIAN_POINT('',(85.507734611649,0.399305773998,
    -12.63743033025));
#2309 = CARTESIAN_POINT('',(85.702565733692,0.413194684841,
    -12.83225801822));
#2310 = CARTESIAN_POINT('',(85.85476909982,0.427083530895,
    -13.06097240852));
#2311 = CARTESIAN_POINT('',(85.958271416797,0.440972332534,
    -13.31290815763));
#2312 = CARTESIAN_POINT('',(86.010011986879,0.454861306566,
    -13.57645358251));
#2313 = CARTESIAN_POINT('',(86.010012767689,0.468750210087,
    -13.83999997437));
#2314 = CARTESIAN_POINT('',(85.632860416807,-0.249006306314,
    -13.84000031415));
#2315 = CARTESIAN_POINT('',(85.632861456546,-0.235117953942,
    -14.03773581665));
#2316 = CARTESIAN_POINT('',(85.594050791983,-0.221232187047,
    -14.23543151914));
#2317 = CARTESIAN_POINT('',(85.516401493527,-0.207340100003,
    -14.42444846102));
#2318 = CARTESIAN_POINT('',(85.40220032211,-0.193449637648,
    -14.59604210093));
#2319 = CARTESIAN_POINT('',(85.256030772099,-0.17956155676,
    -14.74220699429));
#2320 = CARTESIAN_POINT('',(85.084451118524,-0.165673473576,
    -14.8563936638));
#2321 = CARTESIAN_POINT('',(84.8954437393,-0.151785142448,
    -14.93403986023));
#2322 = CARTESIAN_POINT('',(84.500002520081,-0.124007635577,
    -15.01168556267));
#2323 = CARTESIAN_POINT('',(84.104555911797,-9.622918449161E-02,
    -14.93403925008));
#2324 = CARTESIAN_POINT('',(83.915543768996,-8.233987362599E-02,
    -14.85639308454));
#2325 = CARTESIAN_POINT('',(83.743957171717,-6.845095681039E-02,
    -14.74220508397));
#2326 = CARTESIAN_POINT('',(83.597792149354,-5.456239670537E-02,
    -14.59603995882));
#2327 = CARTESIAN_POINT('',(83.483605714503,-4.067380077201E-02,
    -14.42445486014));
#2328 = CARTESIAN_POINT('',(83.405961486551,-2.678493107896E-02,
    -14.23544467728));
#2329 = CARTESIAN_POINT('',(83.328317622318,9.929929985719E-04,
    -13.83999958622));
#2330 = CARTESIAN_POINT('',(83.405962343006,2.877091707635E-02,
    -13.44455466333));
#2331 = CARTESIAN_POINT('',(83.483606684235,4.265978676876E-02,
    -13.25554471843));
#2332 = CARTESIAN_POINT('',(83.597791765187,5.654838270303E-02,
    -13.08395937867));
#2333 = CARTESIAN_POINT('',(83.743956157224,7.043694280872E-02,
    -12.93779312316));
#2334 = CARTESIAN_POINT('',(83.91554364566,8.432585962338E-02,
    -12.82360476154));
#2335 = CARTESIAN_POINT('',(84.104556461994,9.821517048777E-02,
    -12.74596039428));
#2336 = CARTESIAN_POINT('',(84.500003276237,0.125993621576,
    -12.66831694718));
#2337 = CARTESIAN_POINT('',(84.895444289496,0.153771128446,
    -12.74596188203));
#2338 = CARTESIAN_POINT('',(85.084451635796,0.167659459609,
    -12.82360515602));
#2339 = CARTESIAN_POINT('',(85.256033048727,0.181547542677,
    -12.93779223017));
#2340 = CARTESIAN_POINT('',(85.402206875144,0.195435623702,
    -13.08394888378));
#2341 = CARTESIAN_POINT('',(85.516404074806,0.209326086012,
    -13.25555899966));
#2342 = CARTESIAN_POINT('',(85.594039066603,0.223218173023,
    -13.44456958917));
#2343 = CARTESIAN_POINT('',(85.632862249013,0.237103939938,
    -13.64226488598));
#2344 = CARTESIAN_POINT('',(85.632863275781,0.250992292314,
    -13.84000038849));
#2345 = ADVANCED_FACE('',(#2346),#2357,.F.);
#2346 = FACE_BOUND('',#2347,.F.);
#2347 = EDGE_LOOP('',(#2348,#2349,#2355,#2356));
#2348 = ORIENTED_EDGE('',*,*,#1300,.T.);
#2349 = ORIENTED_EDGE('',*,*,#2350,.T.);
#2350 = EDGE_CURVE('',#1293,#1215,#2351,.T.);
#2351 = LINE('',#2352,#2353);
#2352 = CARTESIAN_POINT('',(85.,12.,-22.5));
#2353 = VECTOR('',#2354,1.);
#2354 = DIRECTION('',(-1.,0.,0.));
#2355 = ORIENTED_EDGE('',*,*,#1222,.F.);
#2356 = ORIENTED_EDGE('',*,*,#285,.F.);
#2357 = PLANE('',#2358);
#2358 = AXIS2_PLACEMENT_3D('',#2359,#2360,#2361);
#2359 = CARTESIAN_POINT('',(85.,-5.E-15,-22.5));
#2360 = DIRECTION('',(0.,2.2E-16,1.));
#2361 = DIRECTION('',(-1.,0.,0.));
#2362 = ADVANCED_FACE('',(#2363),#2374,.F.);
#2363 = FACE_BOUND('',#2364,.F.);
#2364 = EDGE_LOOP('',(#2365,#2366,#2372,#2373));
#2365 = ORIENTED_EDGE('',*,*,#1228,.T.);
#2366 = ORIENTED_EDGE('',*,*,#2367,.T.);
#2367 = EDGE_CURVE('',#1229,#1074,#2368,.T.);
#2368 = LINE('',#2369,#2370);
#2369 = CARTESIAN_POINT('',(81.,-6.,-22.5));
#2370 = VECTOR('',#2371,1.);
#2371 = DIRECTION('',(-1.,0.,0.));
#2372 = ORIENTED_EDGE('',*,*,#1081,.F.);
#2373 = ORIENTED_EDGE('',*,*,#277,.F.);
#2374 = PLANE('',#2375);
#2375 = AXIS2_PLACEMENT_3D('',#2376,#2377,#2378);
#2376 = CARTESIAN_POINT('',(81.,-5.E-15,-22.5));
#2377 = DIRECTION('',(-0.,-2.2E-16,-1.));
#2378 = DIRECTION('',(-1.,0.,0.));
#2379 = ADVANCED_FACE('',(#2380),#2398,.F.);
#2380 = FACE_BOUND('',#2381,.F.);
#2381 = EDGE_LOOP('',(#2382,#2383,#2391,#2397));
#2382 = ORIENTED_EDGE('',*,*,#1087,.T.);
#2383 = ORIENTED_EDGE('',*,*,#2384,.T.);
#2384 = EDGE_CURVE('',#1088,#2385,#2387,.T.);
#2385 = VERTEX_POINT('',#2386);
#2386 = CARTESIAN_POINT('',(-85.,12.,-22.5));
#2387 = LINE('',#2388,#2389);
#2388 = CARTESIAN_POINT('',(-81.,12.,-22.5));
#2389 = VECTOR('',#2390,1.);
#2390 = DIRECTION('',(-1.,0.,0.));
#2391 = ORIENTED_EDGE('',*,*,#2392,.F.);
#2392 = EDGE_CURVE('',#262,#2385,#2393,.T.);
#2393 = LINE('',#2394,#2395);
#2394 = CARTESIAN_POINT('',(-85.,-5.E-15,-22.5));
#2395 = VECTOR('',#2396,1.);
#2396 = DIRECTION('',(0.,1.,-2.2E-16));
#2397 = ORIENTED_EDGE('',*,*,#269,.F.);
#2398 = PLANE('',#2399);
#2399 = AXIS2_PLACEMENT_3D('',#2400,#2401,#2402);
#2400 = CARTESIAN_POINT('',(-81.,-5.E-15,-22.5));
#2401 = DIRECTION('',(0.,2.2E-16,1.));
#2402 = DIRECTION('',(-1.,0.,0.));
#2403 = ADVANCED_FACE('',(#2404),#2422,.F.);
#2404 = FACE_BOUND('',#2405,.F.);
#2405 = EDGE_LOOP('',(#2406,#2407,#2415,#2421));
#2406 = ORIENTED_EDGE('',*,*,#2392,.T.);
#2407 = ORIENTED_EDGE('',*,*,#2408,.T.);
#2408 = EDGE_CURVE('',#2385,#2409,#2411,.T.);
#2409 = VERTEX_POINT('',#2410);
#2410 = CARTESIAN_POINT('',(-85.,12.,22.5));
#2411 = LINE('',#2412,#2413);
#2412 = CARTESIAN_POINT('',(-85.,12.,-22.5));
#2413 = VECTOR('',#2414,1.);
#2414 = DIRECTION('',(0.,0.,1.));
#2415 = ORIENTED_EDGE('',*,*,#2416,.F.);
#2416 = EDGE_CURVE('',#254,#2409,#2417,.T.);
#2417 = LINE('',#2418,#2419);
#2418 = CARTESIAN_POINT('',(-85.,5.E-15,22.5));
#2419 = VECTOR('',#2420,1.);
#2420 = DIRECTION('',(0.,1.,-2.2E-16));
#2421 = ORIENTED_EDGE('',*,*,#261,.F.);
#2422 = PLANE('',#2423);
#2423 = AXIS2_PLACEMENT_3D('',#2424,#2425,#2426);
#2424 = CARTESIAN_POINT('',(-85.,-5.E-15,-22.5));
#2425 = DIRECTION('',(1.,0.,0.));
#2426 = DIRECTION('',(0.,2.2E-16,1.));
#2427 = ADVANCED_FACE('',(#2428),#2439,.F.);
#2428 = FACE_BOUND('',#2429,.F.);
#2429 = EDGE_LOOP('',(#2430,#2431,#2437,#2438));
#2430 = ORIENTED_EDGE('',*,*,#2416,.T.);
#2431 = ORIENTED_EDGE('',*,*,#2432,.T.);
#2432 = EDGE_CURVE('',#2409,#1096,#2433,.T.);
#2433 = LINE('',#2434,#2435);
#2434 = CARTESIAN_POINT('',(-85.,12.,22.5));
#2435 = VECTOR('',#2436,1.);
#2436 = DIRECTION('',(1.,0.,0.));
#2437 = ORIENTED_EDGE('',*,*,#1103,.F.);
#2438 = ORIENTED_EDGE('',*,*,#253,.F.);
#2439 = PLANE('',#2440);
#2440 = AXIS2_PLACEMENT_3D('',#2441,#2442,#2443);
#2441 = CARTESIAN_POINT('',(-85.,5.E-15,22.5));
#2442 = DIRECTION('',(0.,-2.2E-16,-1.));
#2443 = DIRECTION('',(1.,0.,0.));
#2444 = ADVANCED_FACE('',(#2445),#3189,.F.);
#2445 = FACE_BOUND('',#2446,.T.);
#2446 = EDGE_LOOP('',(#2447,#2458,#2475,#2524,#2561,#2604,#2641,#2690,
    #2727,#2776,#2811,#2812,#2813,#2856,#2893,#2936,#2973,#3022,#3059,
    #3108,#3145,#3182));
#2447 = ORIENTED_EDGE('',*,*,#2448,.T.);
#2448 = EDGE_CURVE('',#2449,#2451,#2453,.T.);
#2449 = VERTEX_POINT('',#2450);
#2450 = CARTESIAN_POINT('',(83.24,-2.,26.8));
#2451 = VERTEX_POINT('',#2452);
#2452 = CARTESIAN_POINT('',(83.751838747711,-2.,25.786168287844));
#2453 = CIRCLE('',#2454,1.26);
#2454 = AXIS2_PLACEMENT_3D('',#2455,#2456,#2457);
#2455 = CARTESIAN_POINT('',(84.5,-2.,26.8));
#2456 = DIRECTION('',(0.,-1.,2.2E-16));
#2457 = DIRECTION('',(-1.,0.,0.));
#2458 = ORIENTED_EDGE('',*,*,#2459,.T.);
#2459 = EDGE_CURVE('',#2451,#2460,#2462,.T.);
#2460 = VERTEX_POINT('',#2461);
#2461 = CARTESIAN_POINT('',(83.24,-1.925589975285,26.8));
#2462 = B_SPLINE_CURVE_WITH_KNOTS('',6,(#2463,#2464,#2465,#2466,#2467,
    #2468,#2469,#2470,#2471,#2472,#2473,#2474),.UNSPECIFIED.,.F.,.F.,(7,
    5,7),(0.,0.22894037797,1.),.UNSPECIFIED.);
#2463 = CARTESIAN_POINT('',(83.752529625097,-2.000054213761,
    25.785658815466));
#2464 = CARTESIAN_POINT('',(83.716315365207,-1.997213162226,
    25.812345187696));
#2465 = CARTESIAN_POINT('',(83.681244282577,-1.994372108219,
    25.840583195904));
#2466 = CARTESIAN_POINT('',(83.647399841171,-1.991531048368,
    25.870311293598));
#2467 = CARTESIAN_POINT('',(83.614860523374,-1.988689980103,
    25.901462503593));
#2468 = CARTESIAN_POINT('',(83.583699829992,-1.985848901645,
    25.933964418015));
#2469 = CARTESIAN_POINT('',(83.453912546494,-1.973439165737,
    26.081490951268));
#2470 = CARTESIAN_POINT('',(83.370222633787,-1.963867588362,
    26.20971665959));
#2471 = CARTESIAN_POINT('',(83.305606627024,-1.954299072681,
    26.349391847066));
#2472 = CARTESIAN_POINT('',(83.261861535434,-1.944730437839,
    26.496941196593));
#2473 = CARTESIAN_POINT('',(83.24,-1.935158700988,26.648493208461));
#2474 = CARTESIAN_POINT('',(83.24,-1.925589975285,26.8));
#2475 = ORIENTED_EDGE('',*,*,#2476,.T.);
#2476 = EDGE_CURVE('',#2460,#2477,#2479,.T.);
#2477 = VERTEX_POINT('',#2478);
#2478 = CARTESIAN_POINT('',(85.76,-1.675592107022,26.79999994551));
#2479 = B_SPLINE_CURVE_WITH_KNOTS('',7,(#2480,#2481,#2482,#2483,#2484,
    #2485,#2486,#2487,#2488,#2489,#2490,#2491,#2492,#2493,#2494,#2495,
    #2496,#2497,#2498,#2499,#2500,#2501,#2502,#2503,#2504,#2505,#2506,
    #2507,#2508,#2509,#2510,#2511,#2512,#2513,#2514,#2515,#2516,#2517,
    #2518,#2519,#2520,#2521,#2522,#2523),.UNSPECIFIED.,.F.,.F.,(8,6,6,6,
    6,6,6,8),(0.,0.263391909435,0.505950631463,0.680019905746,
    0.739241890819,0.792658310952,0.926665786909,1.),.UNSPECIFIED.);
#2480 = CARTESIAN_POINT('',(83.24,-1.925589975285,26.8));
#2481 = CARTESIAN_POINT('',(83.24,-1.916183618225,26.948935921281));
#2482 = CARTESIAN_POINT('',(83.260538858971,-1.906773569276,
    27.097933783365));
#2483 = CARTESIAN_POINT('',(83.301646908771,-1.897367001692,
    27.243481482288));
#2484 = CARTESIAN_POINT('',(83.362559784956,-1.887961938342,
    27.38219904019));
#2485 = CARTESIAN_POINT('',(83.44190334767,-1.87855544361,
    27.510957386319));
#2486 = CARTESIAN_POINT('',(83.537706852909,-1.869145432683,
    27.626905939709));
#2487 = CARTESIAN_POINT('',(83.748343356565,-1.851076983362,
    27.820501672697));
#2488 = CARTESIAN_POINT('',(83.861143198169,-1.842411945805,
    27.900518152192));
#2489 = CARTESIAN_POINT('',(83.983760320305,-1.833748656661,
    27.965876501958));
#2490 = CARTESIAN_POINT('',(84.113891494746,-1.825086518351,
    28.015192049071));
#2491 = CARTESIAN_POINT('',(84.249028494112,-1.81642322966,
    28.047514190301));
#2492 = CARTESIAN_POINT('',(84.386528733466,-1.80775820294,
    28.062353232424));
#2493 = CARTESIAN_POINT('',(84.622069277085,-1.792879585997,
    28.057929664328));
#2494 = CARTESIAN_POINT('',(84.720318869827,-1.78666281419,
    28.047112561201));
#2495 = CARTESIAN_POINT('',(84.817412553928,-1.780446491898,
    28.027342763975));
#2496 = CARTESIAN_POINT('',(84.912375289811,-1.774230424492,
    27.998777538062));
#2497 = CARTESIAN_POINT('',(85.004262891684,-1.768014099927,
    27.961700921007));
#2498 = CARTESIAN_POINT('',(85.092175456404,-1.76179737477,
    27.916519662522));
#2499 = CARTESIAN_POINT('',(85.203545589462,-1.753466205902,
    27.845822634569));
#2500 = CARTESIAN_POINT('',(85.231260976967,-1.751351297294,
    27.826999234539));
#2501 = CARTESIAN_POINT('',(85.258387235604,-1.749236383309,
    27.807319962774));
#2502 = CARTESIAN_POINT('',(85.28489273419,-1.74712146452,
    27.786807025038));
#2503 = CARTESIAN_POINT('',(85.310746941599,-1.745006541723,
    27.765484047811));
#2504 = CARTESIAN_POINT('',(85.335920426764,-1.742891615944,
    27.743376078291));
#2505 = CARTESIAN_POINT('',(85.382451028387,-1.738869088474,
    27.699884705924));
#2506 = CARTESIAN_POINT('',(85.40394042082,-1.736961485813,
    27.678642664752));
#2507 = CARTESIAN_POINT('',(85.424832264194,-1.735053881679,
    27.656802879966));
#2508 = CARTESIAN_POINT('',(85.445106669319,-1.733146277238,
    27.634385568355));
#2509 = CARTESIAN_POINT('',(85.464744629595,-1.731238673597,
    27.61141174441));
#2510 = CARTESIAN_POINT('',(85.48372802101,-1.729331071802,
    27.587903220324));
#2511 = CARTESIAN_POINT('',(85.547978449457,-1.722637818516,
    27.503621325104));
#2512 = CARTESIAN_POINT('',(85.589690406851,-1.717852042164,
    27.44013513294));
#2513 = CARTESIAN_POINT('',(85.626901920381,-1.713066401416,
    27.373782994187));
#2514 = CARTESIAN_POINT('',(85.659379615499,-1.708280850469,
    27.304949215209));
#2515 = CARTESIAN_POINT('',(85.686931924228,-1.703495238825,
    27.234039920003));
#2516 = CARTESIAN_POINT('',(85.709410712343,-1.698709510023,
    27.161479526157));
#2517 = CARTESIAN_POINT('',(85.736181354395,-1.691305024713,
    27.04733608537));
#2518 = CARTESIAN_POINT('',(85.744099781038,-1.688686144828,
    27.006601200897));
#2519 = CARTESIAN_POINT('',(85.750451382825,-1.686067260919,
    26.965574372212));
#2520 = CARTESIAN_POINT('',(85.75522354272,-1.683448385125,
    26.92432786796));
#2521 = CARTESIAN_POINT('',(85.758407830308,-1.680829541533,
    26.882934420603));
#2522 = CARTESIAN_POINT('',(85.760000001793,-1.678210766173,
    26.84146722642));
#2523 = CARTESIAN_POINT('',(85.76,-1.675592107022,26.79999994551));
#2524 = ORIENTED_EDGE('',*,*,#2525,.T.);
#2525 = EDGE_CURVE('',#2477,#2526,#2528,.T.);
#2526 = VERTEX_POINT('',#2527);
#2527 = CARTESIAN_POINT('',(83.24,-1.42559238329,26.8));
#2528 = B_SPLINE_CURVE_WITH_KNOTS('',6,(#2529,#2530,#2531,#2532,#2533,
    #2534,#2535,#2536,#2537,#2538,#2539,#2540,#2541,#2542,#2543,#2544,
    #2545,#2546,#2547,#2548,#2549,#2550,#2551,#2552,#2553,#2554,#2555,
    #2556,#2557,#2558,#2559,#2560),.UNSPECIFIED.,.F.,.F.,(7,5,5,5,5,5,7)
  ,(0.,7.800281534423E-02,0.268234058211,0.461540465065,0.611116848424,
    0.770342945168,1.),.UNSPECIFIED.);
#2529 = CARTESIAN_POINT('',(85.76,-1.675592107022,26.79999994551));
#2530 = CARTESIAN_POINT('',(85.759999997775,-1.672342426111,
    26.748540133754));
#2531 = CARTESIAN_POINT('',(85.757477957427,-1.66909327125,
    26.697080358376));
#2532 = CARTESIAN_POINT('',(85.752434013402,-1.665844192315,
    26.645775920508));
#2533 = CARTESIAN_POINT('',(85.744880794589,-1.662594916965,
    26.594780612021));
#2534 = CARTESIAN_POINT('',(85.734843424318,-1.659345350633,
    26.544246715519));
#2535 = CARTESIAN_POINT('',(85.691914099209,-1.648170111759,
    26.37257722997));
#2536 = CARTESIAN_POINT('',(85.646912968987,-1.640242131477,
    26.254451268982));
#2537 = CARTESIAN_POINT('',(85.587902133505,-1.632314301119,
    26.142160926408));
#2538 = CARTESIAN_POINT('',(85.515872406665,-1.624387444688,
    26.037742542633));
#2539 = CARTESIAN_POINT('',(85.432166498343,-1.616459921499,
    25.943019695339));
#2540 = CARTESIAN_POINT('',(85.243303343487,-1.600479944852,
    25.774640025962));
#2541 = CARTESIAN_POINT('',(85.137793315661,-1.592425213096,
    25.701323640962));
#2542 = CARTESIAN_POINT('',(85.023744313123,-1.584372116275,
    25.641155450048));
#2543 = CARTESIAN_POINT('',(84.903222817932,-1.576318704912,
    25.595308624402));
#2544 = CARTESIAN_POINT('',(84.778474896002,-1.568263607126,
    25.564558951241));
#2545 = CARTESIAN_POINT('',(84.553921515973,-1.553977380734,
    25.537292755687));
#2546 = CARTESIAN_POINT('',(84.454841249381,-1.547744830369,
    25.534604012843));
#2547 = CARTESIAN_POINT('',(84.355730403007,-1.541512591307,
    25.541253274268));
#2548 = CARTESIAN_POINT('',(84.257685194552,-1.535280365637,
    25.557200778654));
#2549 = CARTESIAN_POINT('',(84.161782440879,-1.529047834414,
    25.582237279675));
#2550 = CARTESIAN_POINT('',(83.970348053839,-1.516181486742,
    25.651913391241));
#2551 = CARTESIAN_POINT('',(83.875227179176,-1.509546908864,
    25.69771745055));
#2552 = CARTESIAN_POINT('',(83.784944691967,-1.502912940219,
    25.752946273253));
#2553 = CARTESIAN_POINT('',(83.700648649798,-1.496278988511,
    25.816940872594));
#2554 = CARTESIAN_POINT('',(83.623370547961,-1.489644455794,
    25.88887169222));
#2555 = CARTESIAN_POINT('',(83.453913139472,-1.473441641576,
    26.081490042678));
#2556 = CARTESIAN_POINT('',(83.370223000146,-1.463870050624,
    26.209715867752));
#2557 = CARTESIAN_POINT('',(83.305606813066,-1.454301521385,
    26.349391219615));
#2558 = CARTESIAN_POINT('',(83.261861597387,-1.444732872984,
    26.496940766932));
#2559 = CARTESIAN_POINT('',(83.24,-1.435161122553,26.648492993794));
#2560 = CARTESIAN_POINT('',(83.24,-1.42559238329,26.8));
#2561 = ORIENTED_EDGE('',*,*,#2562,.T.);
#2562 = EDGE_CURVE('',#2526,#2563,#2565,.T.);
#2563 = VERTEX_POINT('',#2564);
#2564 = CARTESIAN_POINT('',(85.76,-1.175594511976,26.799999896909));
#2565 = B_SPLINE_CURVE_WITH_KNOTS('',7,(#2566,#2567,#2568,#2569,#2570,
    #2571,#2572,#2573,#2574,#2575,#2576,#2577,#2578,#2579,#2580,#2581,
    #2582,#2583,#2584,#2585,#2586,#2587,#2588,#2589,#2590,#2591,#2592,
    #2593,#2594,#2595,#2596,#2597,#2598,#2599,#2600,#2601,#2602,#2603),
  .UNSPECIFIED.,.F.,.F.,(8,6,6,6,6,6,8),(0.,0.263361801597,
    0.504827237793,0.739289959461,0.79277830025,0.926787795119,1.),
  .UNSPECIFIED.);
#2566 = CARTESIAN_POINT('',(83.24,-1.42559238329,26.8));
#2567 = CARTESIAN_POINT('',(83.24,-1.416187240281,26.948916698561));
#2568 = CARTESIAN_POINT('',(83.260533557488,-1.406778408087,
    27.097895294193));
#2569 = CARTESIAN_POINT('',(83.301630979097,-1.39737305504,
    27.243425076889));
#2570 = CARTESIAN_POINT('',(83.362528312478,-1.387969205431,
    27.382127373206));
#2571 = CARTESIAN_POINT('',(83.441852117597,-1.378563925231,
    27.510874251104));
#2572 = CARTESIAN_POINT('',(83.537632637392,-1.36915513105,
    27.626816102287));
#2573 = CARTESIAN_POINT('',(83.747777699353,-1.351127067109,
    27.820001587176));
#2574 = CARTESIAN_POINT('',(83.860005309673,-1.342501260211,
    27.899725444025));
#2575 = CARTESIAN_POINT('',(83.98197211836,-1.333877159946,
    27.964933116293));
#2576 = CARTESIAN_POINT('',(84.111407755032,-1.325254182523,
    28.014256228627));
#2577 = CARTESIAN_POINT('',(84.245839843831,-1.316630079118,
    28.046752584487));
#2578 = CARTESIAN_POINT('',(84.382662985426,-1.308004277032,
    28.061932522482));
#2579 = CARTESIAN_POINT('',(84.651741152077,-1.291008174863,
    28.057835727563));
#2580 = CARTESIAN_POINT('',(84.784088589266,-1.282633137512,
    28.039544408119));
#2581 = CARTESIAN_POINT('',(84.913760150118,-1.274259855337,
    28.005003403634));
#2582 = CARTESIAN_POINT('',(85.03838382765,-1.265887597928,
    27.954717945789));
#2583 = CARTESIAN_POINT('',(85.155715084743,-1.257514201563,
    27.889593693767));
#2584 = CARTESIAN_POINT('',(85.263695621705,-1.249139069383,
    27.810913018151));
#2585 = CARTESIAN_POINT('',(85.382627419077,-1.238855954944,
    27.699713049429));
#2586 = CARTESIAN_POINT('',(85.404141176172,-1.236945812651,
    27.678438390175));
#2587 = CARTESIAN_POINT('',(85.425055666338,-1.235035668892,
    27.656564518615));
#2588 = CARTESIAN_POINT('',(85.445350925382,-1.23312552483,
    27.634111736692));
#2589 = CARTESIAN_POINT('',(85.46500787656,-1.231215381573,
    27.611101148128));
#2590 = CARTESIAN_POINT('',(85.484008330579,-1.229305240176,
    27.587554658426));
#2591 = CARTESIAN_POINT('',(85.548250520552,-1.222609447474,
    27.50321593102));
#2592 = CARTESIAN_POINT('',(85.589937918559,-1.217823671334,
    27.439713611328));
#2593 = CARTESIAN_POINT('',(85.627123764541,-1.213038030843,
    27.373347086321));
#2594 = CARTESIAN_POINT('',(85.659574832729,-1.2082524801,
    27.304500752613));
#2595 = CARTESIAN_POINT('',(85.687099712394,-1.203466868514,
    27.233580808153));
#2596 = CARTESIAN_POINT('',(85.709550433587,-1.19868113964,
    27.161011727462));
#2597 = CARTESIAN_POINT('',(85.736261056161,-1.191281050855,
    27.046925722976));
#2598 = CARTESIAN_POINT('',(85.744153058517,-1.188666567391,
    27.00625677522));
#2599 = CARTESIAN_POINT('',(85.750483408008,-1.186052079971,
    26.965297345693));
#2600 = CARTESIAN_POINT('',(85.755239571595,-1.18343760078,
    26.924119344913));
#2601 = CARTESIAN_POINT('',(85.758413175137,-1.180823153838,
    26.882795141844));
#2602 = CARTESIAN_POINT('',(85.760000003387,-1.178208775005,
    26.841397563892));
#2603 = CARTESIAN_POINT('',(85.76,-1.175594511976,26.799999896909));
#2604 = ORIENTED_EDGE('',*,*,#2605,.T.);
#2605 = EDGE_CURVE('',#2563,#2606,#2608,.T.);
#2606 = VERTEX_POINT('',#2607);
#2607 = CARTESIAN_POINT('',(83.24,-0.925594791314,26.8));
#2608 = B_SPLINE_CURVE_WITH_KNOTS('',6,(#2609,#2610,#2611,#2612,#2613,
    #2614,#2615,#2616,#2617,#2618,#2619,#2620,#2621,#2622,#2623,#2624,
    #2625,#2626,#2627,#2628,#2629,#2630,#2631,#2632,#2633,#2634,#2635,
    #2636,#2637,#2638,#2639,#2640),.UNSPECIFIED.,.F.,.F.,(7,5,5,5,5,5,7)
  ,(0.,7.800281630834E-02,0.26823406014,0.461540471573,0.611116740922,
    0.770342647711,1.),.UNSPECIFIED.);
#2609 = CARTESIAN_POINT('',(85.76,-1.175594511976,26.799999896909));
#2610 = CARTESIAN_POINT('',(85.75999999579,-1.172344831067,
    26.748540085153));
#2611 = CARTESIAN_POINT('',(85.757477953457,-1.169095676212,
    26.697080309872));
#2612 = CARTESIAN_POINT('',(85.752434007453,-1.165846597285,
    26.645775872198));
#2613 = CARTESIAN_POINT('',(85.744880786673,-1.162597321941,
    26.594780564002));
#2614 = CARTESIAN_POINT('',(85.734843414453,-1.159347755613,
    26.544246667887));
#2615 = CARTESIAN_POINT('',(85.691914082944,-1.148172516803,
    26.372577184882));
#2616 = CARTESIAN_POINT('',(85.6469129486,-1.140244536573,
    26.254451226466));
#2617 = CARTESIAN_POINT('',(85.587902109422,-1.132316706255,
    26.142160886904));
#2618 = CARTESIAN_POINT('',(85.515872379365,-1.124389849872,
    26.037742506496));
#2619 = CARTESIAN_POINT('',(85.432166468341,-1.116462326738,
    25.943019662839));
#2620 = CARTESIAN_POINT('',(85.243303307329,-1.100482350058,
    25.774639999571));
#2621 = CARTESIAN_POINT('',(85.137793275682,-1.092427618216,
    25.70132361748));
#2622 = CARTESIAN_POINT('',(85.023744269599,-1.08437452131,
    25.641155430084));
#2623 = CARTESIAN_POINT('',(84.903222771255,-1.076321109861,
    25.595308608529));
#2624 = CARTESIAN_POINT('',(84.778474846669,-1.068266011985,
    25.564558939972));
#2625 = CARTESIAN_POINT('',(84.553921539962,-1.053979790329,
    25.537292762685));
#2626 = CARTESIAN_POINT('',(84.454841350887,-1.047747244792,
    25.534604018865));
#2627 = CARTESIAN_POINT('',(84.35573058161,-1.041515010556,
    25.541253264744));
#2628 = CARTESIAN_POINT('',(84.257685447276,-1.035282789711,
    25.557200739198));
#2629 = CARTESIAN_POINT('',(84.161782762275,-1.029050263315,
    25.582237196605));
#2630 = CARTESIAN_POINT('',(83.970348543541,-1.016183928466,
    25.651913176909));
#2631 = CARTESIAN_POINT('',(83.875227764444,-1.009549358588,
    25.697717138378));
#2632 = CARTESIAN_POINT('',(83.784945356568,-1.00291539794,
    25.752945842624));
#2633 = CARTESIAN_POINT('',(83.700649373687,-0.996281454228,
    25.81694030591));
#2634 = CARTESIAN_POINT('',(83.623371307932,-0.989646929512,
    25.888870975623));
#2635 = CARTESIAN_POINT('',(83.453913676352,-0.973444111018,
    26.081489220046));
#2636 = CARTESIAN_POINT('',(83.370223331846,-0.963872507772,
    26.209715150827));
#2637 = CARTESIAN_POINT('',(83.305606981508,-0.954303966259,
    26.349390651524));
#2638 = CARTESIAN_POINT('',(83.261861653479,-0.94473530558,
    26.49694037792));
#2639 = CARTESIAN_POINT('',(83.24,-0.935163542852,26.648492799435));
#2640 = CARTESIAN_POINT('',(83.24,-0.925594791314,26.8));
#2641 = ORIENTED_EDGE('',*,*,#2642,.T.);
#2642 = EDGE_CURVE('',#2606,#2643,#2645,.T.);
#2643 = VERTEX_POINT('',#2644);
#2644 = CARTESIAN_POINT('',(85.76,-0.675596916948,26.799999848308));
#2645 = B_SPLINE_CURVE_WITH_KNOTS('',7,(#2646,#2647,#2648,#2649,#2650,
    #2651,#2652,#2653,#2654,#2655,#2656,#2657,#2658,#2659,#2660,#2661,
    #2662,#2663,#2664,#2665,#2666,#2667,#2668,#2669,#2670,#2671,#2672,
    #2673,#2674,#2675,#2676,#2677,#2678,#2679,#2680,#2681,#2682,#2683,
    #2684,#2685,#2686,#2687,#2688,#2689),.UNSPECIFIED.,.F.,.F.,(8,6,6,6,
    6,6,6,8),(0.,0.263326463195,0.505013454115,0.680041059335,
    0.739297254935,0.792789128752,0.927519732185,1.),.UNSPECIFIED.);
#2646 = CARTESIAN_POINT('',(83.24,-0.925594791314,26.8));
#2647 = CARTESIAN_POINT('',(83.24,-0.916190767659,26.948898975216));
#2648 = CARTESIAN_POINT('',(83.260528670129,-0.906783057312,
    27.097859807209));
#2649 = CARTESIAN_POINT('',(83.301616293777,-0.897378824067,
    27.243373070857));
#2650 = CARTESIAN_POINT('',(83.362499298396,-0.887976093528,
    27.38206129509));
#2651 = CARTESIAN_POINT('',(83.441804888948,-0.878571933126,
    27.510797597539));
#2652 = CARTESIAN_POINT('',(83.537564218017,-0.869164260783,
    27.626733266564));
#2653 = CARTESIAN_POINT('',(83.747770936467,-0.851129273947,
    27.820013653764));
#2654 = CARTESIAN_POINT('',(83.860106377448,-0.842495412602,
    27.899811176703));
#2655 = CARTESIAN_POINT('',(83.982198784141,-0.833863266251,
    27.965064611173));
#2656 = CARTESIAN_POINT('',(84.111771232885,-0.825232248263,
    28.014401969664));
#2657 = CARTESIAN_POINT('',(84.246344130626,-0.81660009911,
    28.046879028317));
#2658 = CARTESIAN_POINT('',(84.383304530149,-0.807966243075,
    28.062005793313));
#2659 = CARTESIAN_POINT('',(84.618906122369,-0.793084521862,
    28.058275111589));
#2660 = CARTESIAN_POINT('',(84.717727652677,-0.786833508509,
    28.047639769064));
#2661 = CARTESIAN_POINT('',(84.815401597226,-0.780582957452,
    28.027949508359));
#2662 = CARTESIAN_POINT('',(84.910936314798,-0.774332668516,
    27.999362115441));
#2663 = CARTESIAN_POINT('',(85.003371465666,-0.768082115415,
    27.962164979957));
#2664 = CARTESIAN_POINT('',(85.091791824325,-0.761831151291,
    27.916770942212));
#2665 = CARTESIAN_POINT('',(85.203631120999,-0.753464534668,
    27.84576571068));
#2666 = CARTESIAN_POINT('',(85.231360959468,-0.751348403679,
    27.826929089427));
#2667 = CARTESIAN_POINT('',(85.258500912173,-0.74923226731,
    27.807235657901));
#2668 = CARTESIAN_POINT('',(85.285019295158,-0.74711612613,
    27.78670766332));
#2669 = CARTESIAN_POINT('',(85.310885527207,-0.744999980937,
    27.765368776793));
#2670 = CARTESIAN_POINT('',(85.336070129846,-0.742883832762,
    27.743244093327));
#2671 = CARTESIAN_POINT('',(85.382638485932,-0.738857387708,
    27.699702275396));
#2672 = CARTESIAN_POINT('',(85.404153728652,-0.73694708987,
    27.678425611697));
#2673 = CARTESIAN_POINT('',(85.425069598963,-0.735036790566,
    27.656549645867));
#2674 = CARTESIAN_POINT('',(85.445366128077,-0.733126490958,
    27.634094685079));
#2675 = CARTESIAN_POINT('',(85.465024234956,-0.731216192156,
    27.611081838534));
#2676 = CARTESIAN_POINT('',(85.484025726309,-0.729305895215,
    27.587533017467));
#2677 = CARTESIAN_POINT('',(85.548515160596,-0.722584121259,
    27.502865489107));
#2678 = CARTESIAN_POINT('',(85.590403068936,-0.717772515944,
    27.439001959657));
#2679 = CARTESIAN_POINT('',(85.627739143665,-0.712961049655,
    27.372245298797));
#2680 = CARTESIAN_POINT('',(85.660286585226,-0.708149674965,
    27.302986319308));
#2681 = CARTESIAN_POINT('',(85.687851339334,-0.703338237102,
    27.231638070856));
#2682 = CARTESIAN_POINT('',(85.710283763863,-0.6985266785,
    27.158632216096));
#2683 = CARTESIAN_POINT('',(85.736731417612,-0.691126862527,
    27.044489405717));
#2684 = CARTESIAN_POINT('',(85.74446745743,-0.688538477963,
    27.004212148837));
#2685 = CARTESIAN_POINT('',(85.750672379146,-0.685950090083,
    26.963652992883));
#2686 = CARTESIAN_POINT('',(85.755334142035,-0.683361710832,
    26.922881732745));
#2687 = CARTESIAN_POINT('',(85.758444700672,-0.680773363664,
    26.881968601458));
#2688 = CARTESIAN_POINT('',(85.760000004934,-0.678185083545,
    26.840984270204));
#2689 = CARTESIAN_POINT('',(85.76,-0.675596916948,26.799999848308));
#2690 = ORIENTED_EDGE('',*,*,#2691,.T.);
#2691 = EDGE_CURVE('',#2643,#2692,#2694,.T.);
#2692 = VERTEX_POINT('',#2693);
#2693 = CARTESIAN_POINT('',(83.24,-0.425597199357,26.8));
#2694 = B_SPLINE_CURVE_WITH_KNOTS('',6,(#2695,#2696,#2697,#2698,#2699,
    #2700,#2701,#2702,#2703,#2704,#2705,#2706,#2707,#2708,#2709,#2710,
    #2711,#2712,#2713,#2714,#2715,#2716,#2717,#2718,#2719,#2720,#2721,
    #2722,#2723,#2724,#2725,#2726),.UNSPECIFIED.,.F.,.F.,(7,5,5,5,5,5,7)
  ,(0.,7.800281727429E-02,0.268234054842,0.461540460482,0.611116592241,
    0.770342266889,1.),.UNSPECIFIED.);
#2695 = CARTESIAN_POINT('',(85.76,-0.675596916948,26.799999848308));
#2696 = CARTESIAN_POINT('',(85.759999993805,-0.672347236041,
    26.748540036552));
#2697 = CARTESIAN_POINT('',(85.757477949487,-0.669098081193,
    26.697080261367));
#2698 = CARTESIAN_POINT('',(85.752434001505,-0.665849002274,
    26.645775823888));
#2699 = CARTESIAN_POINT('',(85.744880778757,-0.662599726936,
    26.594780515983));
#2700 = CARTESIAN_POINT('',(85.734843404588,-0.659350160612,
    26.544246620255));
#2701 = CARTESIAN_POINT('',(85.691914067837,-0.648174922168,
    26.372577144423));
#2702 = CARTESIAN_POINT('',(85.646912931635,-0.64024694229,
    26.254451192935));
#2703 = CARTESIAN_POINT('',(85.587902092072,-0.632319112315,
    26.142160860211));
#2704 = CARTESIAN_POINT('',(85.515872363023,-0.624392256282,
    26.037742486243));
#2705 = CARTESIAN_POINT('',(85.432166454254,-0.616464733502,
    25.943019648349));
#2706 = CARTESIAN_POINT('',(85.243303299585,-0.600484757523,
    25.774639994629));
#2707 = CARTESIAN_POINT('',(85.137793272003,-0.592430026027,
    25.701323616367));
#2708 = CARTESIAN_POINT('',(85.023744270785,-0.58437692947,
    25.641155431715));
#2709 = CARTESIAN_POINT('',(84.90322277784,-0.576323518366,
    25.595308611666));
#2710 = CARTESIAN_POINT('',(84.7784748589,-0.568268420834,
    25.564558943286));
#2711 = CARTESIAN_POINT('',(84.553921649264,-0.553982205329,
    25.537292774541));
#2712 = CARTESIAN_POINT('',(84.454841553657,-0.547749665602,
    25.534604023235));
#2713 = CARTESIAN_POINT('',(84.355730876746,-0.541517437175,
    25.541253244092));
#2714 = CARTESIAN_POINT('',(84.257685830604,-0.535285222138,
    25.557200676277));
#2715 = CARTESIAN_POINT('',(84.161783226659,-0.529052701553,
    25.582237075083));
#2716 = CARTESIAN_POINT('',(83.970349207987,-0.516186382267,
    25.651912884509));
#2717 = CARTESIAN_POINT('',(83.875228542785,-0.509551822147,
    25.697716721071));
#2718 = CARTESIAN_POINT('',(83.784946228455,-0.502917871252,
    25.752945275545));
#2719 = CARTESIAN_POINT('',(83.700650314155,-0.496283937296,
    25.816939567941));
#2720 = CARTESIAN_POINT('',(83.623372288209,-0.489649422338,
    25.888870050271));
#2721 = CARTESIAN_POINT('',(83.453914365138,-0.473446597852,
    26.081488164658));
#2722 = CARTESIAN_POINT('',(83.370223757397,-0.463874978836,
    26.209714231055));
#2723 = CARTESIAN_POINT('',(83.305607197609,-0.454306421576,
    26.349389922697));
#2724 = CARTESIAN_POINT('',(83.261861725441,-0.444737745147,
    26.49693987884));
#2725 = CARTESIAN_POINT('',(83.24,-0.435165966644,26.648492550085));
#2726 = CARTESIAN_POINT('',(83.24,-0.425597199357,26.8));
#2727 = ORIENTED_EDGE('',*,*,#2728,.T.);
#2728 = EDGE_CURVE('',#2692,#2729,#2731,.T.);
#2729 = VERTEX_POINT('',#2730);
#2730 = CARTESIAN_POINT('',(85.76,-0.175599321939,26.799999799706));
#2731 = B_SPLINE_CURVE_WITH_KNOTS('',7,(#2732,#2733,#2734,#2735,#2736,
    #2737,#2738,#2739,#2740,#2741,#2742,#2743,#2744,#2745,#2746,#2747,
    #2748,#2749,#2750,#2751,#2752,#2753,#2754,#2755,#2756,#2757,#2758,
    #2759,#2760,#2761,#2762,#2763,#2764,#2765,#2766,#2767,#2768,#2769,
    #2770,#2771,#2772,#2773,#2774,#2775),.UNSPECIFIED.,.F.,.F.,(8,6,6,6,
    6,6,6,8),(0.,0.26328780958,0.508037451618,0.680044008303,
    0.739304807481,0.79280717856,0.926814757961,1.),.UNSPECIFIED.);
#2732 = CARTESIAN_POINT('',(83.24,-0.425597199357,26.8));
#2733 = CARTESIAN_POINT('',(83.24,-0.416194565203,26.94887697448));
#2734 = CARTESIAN_POINT('',(83.260522604053,-0.406788247449,
    27.09781575576));
#2735 = CARTESIAN_POINT('',(83.301598066724,-0.397385404259,
    27.243308513235));
#2736 = CARTESIAN_POINT('',(83.362463286719,-0.387984062867,
    27.381979267989));
#2737 = CARTESIAN_POINT('',(83.441746269347,-0.378581292517,
    27.510702440365));
#2738 = CARTESIAN_POINT('',(83.53747929594,-0.369175012756,
    27.62663043158));
#2739 = CARTESIAN_POINT('',(83.748920727714,-0.35103205166,
    27.821093844754));
#2740 = CARTESIAN_POINT('',(83.862820748678,-0.342288619113,
    27.901754244656));
#2741 = CARTESIAN_POINT('',(83.986706218893,-0.33354718849,
    27.967477377223));
#2742 = CARTESIAN_POINT('',(84.118197876006,-0.324806648056,
    28.01684064552));
#2743 = CARTESIAN_POINT('',(84.254728685482,-0.316065224105,
    28.048880271989));
#2744 = CARTESIAN_POINT('',(84.393570842575,-0.307321811582,
    28.063101572237));
#2745 = CARTESIAN_POINT('',(84.629149606459,-0.292438641835,
    28.057131683717));
#2746 = CARTESIAN_POINT('',(84.726164972905,-0.286295571272,
    28.04591137591));
#2747 = CARTESIAN_POINT('',(84.822005947946,-0.280152923492,
    28.025956718427));
#2748 = CARTESIAN_POINT('',(84.915732630769,-0.274010515315,
    27.997423928145));
#2749 = CARTESIAN_POINT('',(85.00643503818,-0.267867864254,
    27.960590046984));
#2750 = CARTESIAN_POINT('',(85.093245735939,-0.261724834072,
    27.915849078974));
#2751 = CARTESIAN_POINT('',(85.203644228999,-0.253465948059,
    27.84575697324));
#2752 = CARTESIAN_POINT('',(85.231375951923,-0.251349654964,
    27.826918551643));
#2753 = CARTESIAN_POINT('',(85.258517687218,-0.249233356489,
    27.807223196273));
#2754 = CARTESIAN_POINT('',(85.285037743963,-0.247117053201,
    27.7866931599));
#2755 = CARTESIAN_POINT('',(85.310905534337,-0.245000745901,
    27.76535211961));
#2756 = CARTESIAN_POINT('',(85.336091573615,-0.242884435618,
    27.743225176804));
#2757 = CARTESIAN_POINT('',(85.382665039662,-0.238857455653,
    27.699676422988));
#2758 = CARTESIAN_POINT('',(85.404183842132,-0.236946785012,
    27.678394954283));
#2759 = CARTESIAN_POINT('',(85.42510301932,-0.235036112907,
    27.656513968162));
#2760 = CARTESIAN_POINT('',(85.445402591426,-0.233125440499,
    27.634053784335));
#2761 = CARTESIAN_POINT('',(85.465063467119,-0.231214768897,
    27.611035525141));
#2762 = CARTESIAN_POINT('',(85.484067443528,-0.229304099158,
    27.587481115549));
#2763 = CARTESIAN_POINT('',(85.54830782822,-0.222607778155,
    27.503130497654));
#2764 = CARTESIAN_POINT('',(85.589990050562,-0.217822002059,
    27.439624780967));
#2765 = CARTESIAN_POINT('',(85.627170487467,-0.213036361624,
    27.373255225921));
#2766 = CARTESIAN_POINT('',(85.659615944517,-0.208250810926,
    27.30440624814));
#2767 = CARTESIAN_POINT('',(85.687135044123,-0.203465199354,
    27.233484061144));
#2768 = CARTESIAN_POINT('',(85.709579850951,-0.198679470466,
    27.160913151445));
#2769 = CARTESIAN_POINT('',(85.736277836211,-0.191280307204,
    27.046839239689));
#2770 = CARTESIAN_POINT('',(85.74416427758,-0.188666749456,
    27.006184179055));
#2771 = CARTESIAN_POINT('',(85.750490153896,-0.186053187796,
    26.965238943994));
#2772 = CARTESIAN_POINT('',(85.755242950237,-0.183439634299,
    26.924075366622));
#2773 = CARTESIAN_POINT('',(85.758414304337,-0.180826112936,
    26.882765738913));
#2774 = CARTESIAN_POINT('',(85.760000006578,-0.178212659566,
    26.841382812708));
#2775 = CARTESIAN_POINT('',(85.76,-0.175599321939,26.799999799706));
#2776 = ORIENTED_EDGE('',*,*,#2777,.T.);
#2777 = EDGE_CURVE('',#2729,#498,#2778,.T.);
#2778 = B_SPLINE_CURVE_WITH_KNOTS('',6,(#2779,#2780,#2781,#2782,#2783,
    #2784,#2785,#2786,#2787,#2788,#2789,#2790,#2791,#2792,#2793,#2794,
    #2795,#2796,#2797,#2798,#2799,#2800,#2801,#2802,#2803,#2804,#2805,
    #2806,#2807,#2808,#2809,#2810),.UNSPECIFIED.,.F.,.F.,(7,5,5,5,5,5,7)
  ,(0.,7.800281823731E-02,0.268234062045,0.461540479397,0.611116513241,
    0.770342026346,1.),.UNSPECIFIED.);
#2779 = CARTESIAN_POINT('',(85.76,-0.175599321939,26.799999799706));
#2780 = CARTESIAN_POINT('',(85.75999999182,-0.172349641034,
    26.74853998795));
#2781 = CARTESIAN_POINT('',(85.757477945517,-0.169100486193,
    26.697080212862));
#2782 = CARTESIAN_POINT('',(85.752433995556,-0.165851407281,
    26.645775775577));
#2783 = CARTESIAN_POINT('',(85.744880770841,-0.162602131949,
    26.594780467963));
#2784 = CARTESIAN_POINT('',(85.734843394722,-0.159352565629,
    26.544246572623));
#2785 = CARTESIAN_POINT('',(85.691914050727,-0.14817732703,
    26.372577095956));
#2786 = CARTESIAN_POINT('',(85.646912908751,-0.140249346982,
    26.254451143862));
#2787 = CARTESIAN_POINT('',(85.587902063076,-0.132321516828,
    26.142160811356));
#2788 = CARTESIAN_POINT('',(85.515872327727,-0.124394660623,
    26.037742438515));
#2789 = CARTESIAN_POINT('',(85.432166412638,-0.116467137678,
    25.943019602706));
#2790 = CARTESIAN_POINT('',(85.243303242908,-0.100487161149,
    25.774639952777));
#2791 = CARTESIAN_POINT('',(85.137793206012,-9.243242926903E-02,
    25.701323576893));
#2792 = CARTESIAN_POINT('',(85.02374419541,-8.437933233018E-02,
    25.641155396401));
#2793 = CARTESIAN_POINT('',(84.903222693385,-7.632592084252E-02,
    25.595308582336));
#2794 = CARTESIAN_POINT('',(84.77847476605,-6.827082292304E-02,
    25.564558921723));
#2795 = CARTESIAN_POINT('',(84.553921613458,-5.398461118613E-02,
    25.537292778155));
#2796 = CARTESIAN_POINT('',(84.454841584477,-4.775207561653E-02,
    25.534604030439));
#2797 = CARTESIAN_POINT('',(84.35573097425,-4.15198513438E-02,
    25.541253242342));
#2798 = CARTESIAN_POINT('',(84.257685992643,-3.528764046269E-02,
    25.557200653138));
#2799 = CARTESIAN_POINT('',(84.161783448948,-2.905512403403E-02,
    25.582237018678));
#2800 = CARTESIAN_POINT('',(83.970349577229,-1.618881571647E-02,
    25.651912724035));
#2801 = CARTESIAN_POINT('',(83.875228995357,-9.554262410838E-03,
    25.697716481216));
#2802 = CARTESIAN_POINT('',(83.784946750921,-2.920318329202E-03,
    25.752944938543));
#2803 = CARTESIAN_POINT('',(83.700650889805,3.713608813893E-03,
    25.816939118548));
#2804 = CARTESIAN_POINT('',(83.623372897604,1.034811695549E-02,
    25.888869476389));
#2805 = CARTESIAN_POINT('',(83.453914798309,2.655094453073E-02,
    26.081487500935));
#2806 = CARTESIAN_POINT('',(83.370224025023,3.612257346539E-02,
    26.209713652618));
#2807 = CARTESIAN_POINT('',(83.305607333513,4.569114063062E-02,
    26.349389464343));
#2808 = CARTESIAN_POINT('',(83.261861770698,5.525982696609E-02,
    26.496939564974));
#2809 = CARTESIAN_POINT('',(83.24,6.483161538997E-02,26.648492393271));
#2810 = CARTESIAN_POINT('',(83.24,7.440039258156E-02,26.8));
#2811 = ORIENTED_EDGE('',*,*,#497,.T.);
#2812 = ORIENTED_EDGE('',*,*,#586,.T.);
#2813 = ORIENTED_EDGE('',*,*,#2814,.F.);
#2814 = EDGE_CURVE('',#2815,#560,#2817,.T.);
#2815 = VERTEX_POINT('',#2816);
#2816 = CARTESIAN_POINT('',(83.24,-7.441324963583E-02,26.8));
#2817 = B_SPLINE_CURVE_WITH_KNOTS('',7,(#2818,#2819,#2820,#2821,#2822,
    #2823,#2824,#2825,#2826,#2827,#2828,#2829,#2830,#2831,#2832,#2833,
    #2834,#2835,#2836,#2837,#2838,#2839,#2840,#2841,#2842,#2843,#2844,
    #2845,#2846,#2847,#2848,#2849,#2850,#2851,#2852,#2853,#2854,#2855),
  .UNSPECIFIED.,.F.,.F.,(8,6,6,6,6,6,8),(0.,0.257881368463,
    0.492740010013,0.602521383387,0.736291014183,0.91743327146,1.),
  .UNSPECIFIED.);
#2818 = CARTESIAN_POINT('',(83.24,-7.441324963583E-02,26.8));
#2819 = CARTESIAN_POINT('',(83.24,-6.520375658853E-02,26.945820074986));
#2820 = CARTESIAN_POINT('',(83.259688467972,-5.599048765437E-02,
    27.091696616272));
#2821 = CARTESIAN_POINT('',(83.299092488826,-4.677990250145E-02,
    27.234337156697));
#2822 = CARTESIAN_POINT('',(83.357511844152,-3.757039983426E-02,
    27.370568402953));
#2823 = CARTESIAN_POINT('',(83.433682216775,-2.835983626846E-02,
    27.4974424273));
#2824 = CARTESIAN_POINT('',(83.525787702085,-1.914659062186E-02,
    27.612264589814));
#2825 = CARTESIAN_POINT('',(83.727629773882,-1.54980626201E-03,
    27.804330841679));
#2826 = CARTESIAN_POINT('',(83.835118686043,6.839566167696E-03,
    27.884071859026));
#2827 = CARTESIAN_POINT('',(83.95210661999,1.522716906329E-02,
    27.950290139061));
#2828 = CARTESIAN_POINT('',(84.076535462114,2.361374047498E-02,
    28.001678998185));
#2829 = CARTESIAN_POINT('',(84.206156277022,3.200147951864E-02,
    28.037309565047));
#2830 = CARTESIAN_POINT('',(84.338588569233,4.039099858449E-02,
    28.0566553227));
#2831 = CARTESIAN_POINT('',(84.533415965479,5.269889899519E-02,
    28.061085575963));
#2832 = CARTESIAN_POINT('',(84.595558010351,5.661950839349E-02,
    28.058929659358));
#2833 = CARTESIAN_POINT('',(84.657534521803,6.054008677639E-02,
    28.053201026401));
#2834 = CARTESIAN_POINT('',(84.719099192962,6.446063531462E-02,
    28.043915379619));
#2835 = CARTESIAN_POINT('',(84.780008196187,6.838118714012E-02,
    28.031109502668));
#2836 = CARTESIAN_POINT('',(84.840021564412,7.230174714209E-02,
    28.014841048765));
#2837 = CARTESIAN_POINT('',(84.970654068852,8.099937896212E-02,
    27.971241306309));
#2838 = CARTESIAN_POINT('',(85.040728302003,8.577662071479E-02,
    27.942268331738));
#2839 = CARTESIAN_POINT('',(85.1087015472,9.055372526707E-02,
    27.908411596657));
#2840 = CARTESIAN_POINT('',(85.174166910929,9.533074686814E-02,
    27.869856456922));
#2841 = CARTESIAN_POINT('',(85.236739590195,0.100107841108,
    27.826829520028));
#2842 = CARTESIAN_POINT('',(85.296060131821,0.104885080254,
    27.77959673215));
#2843 = CARTESIAN_POINT('',(85.427273921738,0.116131230737,
    27.659217365243));
#2844 = CARTESIAN_POINT('',(85.496190338626,0.122600958386,
    27.582808310892));
#2845 = CARTESIAN_POINT('',(85.557716976355,0.129070422684,
    27.499991429272));
#2846 = CARTESIAN_POINT('',(85.611152381691,0.135539910406,
    27.411631826598));
#2847 = CARTESIAN_POINT('',(85.655921215152,0.142009802743,
    27.318681016375));
#2848 = CARTESIAN_POINT('',(85.691583193215,0.148479820398,
    27.222162029395));
#2849 = CARTESIAN_POINT('',(85.729827621997,0.157897340793,
    27.078035488981));
#2850 = CARTESIAN_POINT('',(85.739851181904,0.160845863752,
    27.032391802701));
#2851 = CARTESIAN_POINT('',(85.747897088822,0.163794260025,
    26.986332031173));
#2852 = CARTESIAN_POINT('',(85.753945096251,0.166742539861,
    26.939958916262));
#2853 = CARTESIAN_POINT('',(85.757981673919,0.169690767584,
    26.893376057183));
#2854 = CARTESIAN_POINT('',(85.760000007776,0.172639061589,
    26.846687910502));
#2855 = CARTESIAN_POINT('',(85.76,0.175587594345,26.799999790139));
#2856 = ORIENTED_EDGE('',*,*,#2857,.F.);
#2857 = EDGE_CURVE('',#2858,#2815,#2860,.T.);
#2858 = VERTEX_POINT('',#2859);
#2859 = CARTESIAN_POINT('',(85.76,-0.324412204471,26.799999838739));
#2860 = B_SPLINE_CURVE_WITH_KNOTS('',6,(#2861,#2862,#2863,#2864,#2865,
    #2866,#2867,#2868,#2869,#2870,#2871,#2872,#2873,#2874,#2875,#2876,
    #2877,#2878,#2879,#2880,#2881,#2882,#2883,#2884,#2885,#2886,#2887,
    #2888,#2889,#2890,#2891,#2892),.UNSPECIFIED.,.F.,.F.,(7,5,5,5,5,5,7)
  ,(0.,7.000312731607E-02,0.265534299439,0.45375280131,0.573033511129,
    0.760552993823,1.),.UNSPECIFIED.);
#2861 = CARTESIAN_POINT('',(85.76,-0.324412204471,26.799999838739));
#2862 = CARTESIAN_POINT('',(85.759999994089,-0.321495639086,
    26.75381785579));
#2863 = CARTESIAN_POINT('',(85.757968761061,-0.318578741207,
    26.707636026542));
#2864 = CARTESIAN_POINT('',(85.75390638839,-0.315661725359,
    26.661566435069));
#2865 = CARTESIAN_POINT('',(85.747821075982,-0.312744731971,
    26.615720300293));
#2866 = CARTESIAN_POINT('',(85.739729136175,-0.309827827377,
    26.570207975992));
#2867 = CARTESIAN_POINT('',(85.701516124035,-0.298763797372,
    26.399253155952));
#2868 = CARTESIAN_POINT('',(85.657907754052,-0.290616040492,
    26.276804647113));
#2869 = CARTESIAN_POINT('',(85.599362089366,-0.282470694366,
    26.160213940486));
#2870 = CARTESIAN_POINT('',(85.526913720499,-0.274324745469,
    26.051713649721));
#2871 = CARTESIAN_POINT('',(85.44199217874,-0.266177005546,
    25.953306462156));
#2872 = CARTESIAN_POINT('',(85.254461831228,-0.250188201542,
    25.783237859519));
#2873 = CARTESIAN_POINT('',(85.152606971277,-0.242344874837,
    25.710689923413));
#2874 = CARTESIAN_POINT('',(85.042507044223,-0.234502669409,
    25.650496622374));
#2875 = CARTESIAN_POINT('',(84.926052634158,-0.226660620366,
    25.60376784363));
#2876 = CARTESIAN_POINT('',(84.805302361588,-0.218817453199,
    25.571257435536));
#2877 = CARTESIAN_POINT('',(84.604581668831,-0.206005585741,
    25.541884430249));
#2878 = CARTESIAN_POINT('',(84.525865359288,-0.201035708458,
    25.536325441209));
#2879 = CARTESIAN_POINT('',(84.446843634596,-0.196065962125,
    25.536681863217));
#2880 = CARTESIAN_POINT('',(84.368071228423,-0.191096197738,
    25.542964900983));
#2881 = CARTESIAN_POINT('',(84.290099989806,-0.186126274425,
    25.55511682096));
#2882 = CARTESIAN_POINT('',(84.093004828397,-0.173343403788,
    25.601142826376));
#2883 = CARTESIAN_POINT('',(83.975836600692,-0.165529289331,
    25.643471189825));
#2884 = CARTESIAN_POINT('',(83.864094824771,-0.157716293766,
    25.699506344582));
#2885 = CARTESIAN_POINT('',(83.759746349768,-0.149903301371,
    25.768336015949));
#2886 = CARTESIAN_POINT('',(83.664563555641,-0.142089229916,
    25.848711682277));
#2887 = CARTESIAN_POINT('',(83.472095679748,-0.12429983148,
    26.054369131827));
#2888 = CARTESIAN_POINT('',(83.381471226053,-0.114320150826,
    26.185983207278));
#2889 = CARTESIAN_POINT('',(83.311322934972,-0.104344764533,
    26.330538131674));
#2890 = CARTESIAN_POINT('',(83.263764958969,-9.436939923202E-02,
    26.484015230156));
#2891 = CARTESIAN_POINT('',(83.24,-8.438974272636E-02,26.642035499339));
#2892 = CARTESIAN_POINT('',(83.24,-7.441324963583E-02,26.8));
#2893 = ORIENTED_EDGE('',*,*,#2894,.F.);
#2894 = EDGE_CURVE('',#2895,#2858,#2897,.T.);
#2895 = VERTEX_POINT('',#2896);
#2896 = CARTESIAN_POINT('',(83.24,-0.574413045394,26.8));
#2897 = B_SPLINE_CURVE_WITH_KNOTS('',7,(#2898,#2899,#2900,#2901,#2902,
    #2903,#2904,#2905,#2906,#2907,#2908,#2909,#2910,#2911,#2912,#2913,
    #2914,#2915,#2916,#2917,#2918,#2919,#2920,#2921,#2922,#2923,#2924,
    #2925,#2926,#2927,#2928,#2929,#2930,#2931,#2932,#2933,#2934,#2935),
  .UNSPECIFIED.,.F.,.F.,(8,6,6,6,6,6,8),(0.,0.258813202396,0.49125987724
    ,0.603035043116,0.736352964184,0.917601597041,1.),.UNSPECIFIED.);
#2898 = CARTESIAN_POINT('',(83.24,-0.574413045394,26.8));
#2899 = CARTESIAN_POINT('',(83.24,-0.56517027533,26.946346972283));
#2900 = CARTESIAN_POINT('',(83.259831008278,-0.555923659867,
    27.09275148746));
#2901 = CARTESIAN_POINT('',(83.299520723367,-0.546679781611,
    27.235884423311));
#2902 = CARTESIAN_POINT('',(83.358358320507,-0.537437004145,
    27.372538094134));
#2903 = CARTESIAN_POINT('',(83.435061362162,-0.528193152404,
    27.499734354428));
#2904 = CARTESIAN_POINT('',(83.527788326828,-0.518946568187,
    27.614752590323));
#2905 = CARTESIAN_POINT('',(83.729584178157,-0.501402645244,
    27.805651675899));
#2906 = CARTESIAN_POINT('',(83.836084831135,-0.49309951572,
    27.884381437178));
#2907 = CARTESIAN_POINT('',(83.951869529765,-0.484798069083,
    27.949855327216));
#2908 = CARTESIAN_POINT('',(84.074942422907,-0.476497602266,
    28.000808226987));
#2909 = CARTESIAN_POINT('',(84.203124394002,-0.468196024998,
    28.036337917178));
#2910 = CARTESIAN_POINT('',(84.334109283842,-0.459892754964,
    28.055928402725));
#2911 = CARTESIAN_POINT('',(84.52867769121,-0.447599786046,
    28.061258217182));
#2912 = CARTESIAN_POINT('',(84.591959754579,-0.443607966912,
    28.05929146352));
#2913 = CARTESIAN_POINT('',(84.655082781261,-0.439616181275,
    28.053620151141));
#2914 = CARTESIAN_POINT('',(84.717786718348,-0.435624427556,
    28.044260055776));
#2915 = CARTESIAN_POINT('',(84.779814130582,-0.431632669149,
    28.03124961475));
#2916 = CARTESIAN_POINT('',(84.840911713072,-0.427640900396,
    28.014649696631));
#2917 = CARTESIAN_POINT('',(84.972300469645,-0.418888195021,
    27.970561894037));
#2918 = CARTESIAN_POINT('',(85.042097097398,-0.414127084847,
    27.94159104444));
#2919 = CARTESIAN_POINT('',(85.109800509245,-0.409366109727,
    27.907772249019));
#2920 = CARTESIAN_POINT('',(85.175008161033,-0.404605216069,
    27.869289493024));
#2921 = CARTESIAN_POINT('',(85.237339345108,-0.399844250596,
    27.826367436037));
#2922 = CARTESIAN_POINT('',(85.296438392928,-0.395083141952,
    27.779269527982));
#2923 = CARTESIAN_POINT('',(85.427485023297,-0.383849317467,
    27.658996667852));
#2924 = CARTESIAN_POINT('',(85.496423262486,-0.377375785009,
    27.582525093684));
#2925 = CARTESIAN_POINT('',(85.557961292252,-0.370902517011,
    27.499640037999));
#2926 = CARTESIAN_POINT('',(85.611396664014,-0.364429225901,
    27.411208341601));
#2927 = CARTESIAN_POINT('',(85.656153363926,-0.357955529938,
    27.318183411883));
#2928 = CARTESIAN_POINT('',(85.691790776062,-0.351481709679,
    27.221590284966));
#2929 = CARTESIAN_POINT('',(85.729950066571,-0.342066400455,
    27.077477333658));
#2930 = CARTESIAN_POINT('',(85.739933084912,-0.339123888363,
    27.031922449278));
#2931 = CARTESIAN_POINT('',(85.747946339424,-0.336181502289,
    26.985954006834));
#2932 = CARTESIAN_POINT('',(85.753969747819,-0.333239231758,
    26.939674127749));
#2933 = CARTESIAN_POINT('',(85.757989889579,-0.33029701268,
    26.893185783704));
#2934 = CARTESIAN_POINT('',(85.760000005963,-0.327354727355,
    26.846592796636));
#2935 = CARTESIAN_POINT('',(85.76,-0.324412204471,26.799999838739));
#2936 = ORIENTED_EDGE('',*,*,#2937,.F.);
#2937 = EDGE_CURVE('',#2938,#2895,#2940,.T.);
#2938 = VERTEX_POINT('',#2939);
#2939 = CARTESIAN_POINT('',(85.76,-0.824412003293,26.79999988734));
#2940 = B_SPLINE_CURVE_WITH_KNOTS('',6,(#2941,#2942,#2943,#2944,#2945,
    #2946,#2947,#2948,#2949,#2950,#2951,#2952,#2953,#2954,#2955,#2956,
    #2957,#2958,#2959,#2960,#2961,#2962,#2963,#2964,#2965,#2966,#2967,
    #2968,#2969,#2970,#2971,#2972),.UNSPECIFIED.,.F.,.F.,(7,5,5,5,5,5,7)
  ,(0.,7.000312307223E-02,0.265534228716,0.453750365944,0.573097128697,
    0.760694833902,1.),.UNSPECIFIED.);
#2941 = CARTESIAN_POINT('',(85.76,-0.824412003293,26.79999988734));
#2942 = CARTESIAN_POINT('',(85.759999995871,-0.821495437908,
    26.753817904391));
#2943 = CARTESIAN_POINT('',(85.757968764624,-0.818578540026,
    26.707636075065));
#2944 = CARTESIAN_POINT('',(85.753906393729,-0.815661524173,
    26.661566483435));
#2945 = CARTESIAN_POINT('',(85.74782108309,-0.812744530781,
    26.615720348425));
#2946 = CARTESIAN_POINT('',(85.739729145038,-0.809827626185,
    26.570208023812));
#2947 = CARTESIAN_POINT('',(85.701516147354,-0.798763598448,
    26.399253237465));
#2948 = CARTESIAN_POINT('',(85.657907798603,-0.79061584385,
    26.276804760213));
#2949 = CARTESIAN_POINT('',(85.599362163126,-0.782470500012,
    26.160214080632));
#2950 = CARTESIAN_POINT('',(85.526913830339,-0.774324553398,
    26.051713810599));
#2951 = CARTESIAN_POINT('',(85.441992330034,-0.766176815756,
    25.953306635969));
#2952 = CARTESIAN_POINT('',(85.254463194945,-0.750188112076,
    25.783239061017));
#2953 = CARTESIAN_POINT('',(85.152609747655,-0.742344883485,
    25.710691875112));
#2954 = CARTESIAN_POINT('',(85.042511416337,-0.734502776094,
    25.650498994567));
#2955 = CARTESIAN_POINT('',(84.9260587104,-0.726660825081,
    25.603770270363));
#2956 = CARTESIAN_POINT('',(84.805310168992,-0.718817756019,
    25.571259532327));
#2957 = CARTESIAN_POINT('',(84.604548114841,-0.706003234224,
    25.541878914996));
#2958 = CARTESIAN_POINT('',(84.525787775895,-0.701030604298,
    25.536319481522));
#2959 = CARTESIAN_POINT('',(84.446721944596,-0.696058105652,
    25.536682055679));
#2960 = CARTESIAN_POINT('',(84.367906280304,-0.691085588914,
    25.542977826383));
#2961 = CARTESIAN_POINT('',(84.289893544599,-0.686112912858,
    25.555148891741));
#2962 = CARTESIAN_POINT('',(84.092714895344,-0.673324029966,
    25.601235966449));
#2963 = CARTESIAN_POINT('',(83.975507610711,-0.665506653575,
    25.643611353579));
#2964 = CARTESIAN_POINT('',(83.86373495153,-0.657690398564,
    25.69970368587));
#2965 = CARTESIAN_POINT('',(83.759365978352,-0.649874146973,
    25.76859896339));
#2966 = CARTESIAN_POINT('',(83.66417486246,-0.642056814159,
    25.849046464026));
#2967 = CARTESIAN_POINT('',(83.471827326805,-0.624270066271,26.054759041
    ));
#2968 = CARTESIAN_POINT('',(83.381305003525,-0.614296305158,
    26.186325813606));
#2969 = CARTESIAN_POINT('',(83.311238403726,-0.604326825823,
    26.330810983872));
#2970 = CARTESIAN_POINT('',(83.263736813748,-0.594357367085,
    26.484202520778));
#2971 = CARTESIAN_POINT('',(83.24,-0.58438362937,26.642129062303));
#2972 = CARTESIAN_POINT('',(83.24,-0.574413045394,26.8));
#2973 = ORIENTED_EDGE('',*,*,#2974,.F.);
#2974 = EDGE_CURVE('',#2975,#2938,#2977,.T.);
#2975 = VERTEX_POINT('',#2976);
#2976 = CARTESIAN_POINT('',(83.24,-1.074412841157,26.8));
#2977 = B_SPLINE_CURVE_WITH_KNOTS('',7,(#2978,#2979,#2980,#2981,#2982,
    #2983,#2984,#2985,#2986,#2987,#2988,#2989,#2990,#2991,#2992,#2993,
    #2994,#2995,#2996,#2997,#2998,#2999,#3000,#3001,#3002,#3003,#3004,
    #3005,#3006,#3007,#3008,#3009,#3010,#3011,#3012,#3013,#3014,#3015,
    #3016,#3017,#3018,#3019,#3020,#3021),.UNSPECIFIED.,.F.,.F.,(8,6,6,6,
    6,6,6,8),(0.,0.257521230897,0.492056507649,0.604551218485,
    0.736101578472,0.787816046189,0.916850887849,1.),.UNSPECIFIED.);
#2978 = CARTESIAN_POINT('',(83.24,-1.074412841157,26.8));
#2979 = CARTESIAN_POINT('',(83.24,-1.065216165076,26.945617135384));
#2980 = CARTESIAN_POINT('',(83.259633704485,-1.056015732803,
    27.091290434963));
#2981 = CARTESIAN_POINT('',(83.298928016435,-1.046817964824,
    27.233741349284));
#2982 = CARTESIAN_POINT('',(83.357186725753,-1.037621273391,
    27.369809757742));
#2983 = CARTESIAN_POINT('',(83.433152448552,-1.028423527938,
    27.49655929387));
#2984 = CARTESIAN_POINT('',(83.525019012746,-1.019223122734,
    27.611305318504));
#2985 = CARTESIAN_POINT('',(83.726365735177,-1.001650650316,
    27.803333388251));
#2986 = CARTESIAN_POINT('',(83.83360171112,-0.993272799203,
    27.883102054843));
#2987 = CARTESIAN_POINT('',(83.950328298615,-0.984896706111,
    27.949398193878));
#2988 = CARTESIAN_POINT('',(84.074497766107,-0.976521637834,
    28.000917622302));
#2989 = CARTESIAN_POINT('',(84.203872020799,-0.968145408952,
    28.036731633441));
#2990 = CARTESIAN_POINT('',(84.336081394013,-0.95976740969,
    28.056311498221));
#2991 = CARTESIAN_POINT('',(84.532250816615,-0.947374098894,
    28.061192379302));
#2992 = CARTESIAN_POINT('',(84.59593597714,-0.943356563526,
    28.059029104585));
#2993 = CARTESIAN_POINT('',(84.659448918025,-0.939339063409,
    28.053113763284));
#2994 = CARTESIAN_POINT('',(84.722524571383,-0.935321596685,
    28.043463254577));
#2995 = CARTESIAN_POINT('',(84.784900632429,-0.931304125282,
    28.030117719118));
#2996 = CARTESIAN_POINT('',(84.846319121332,-0.927286643053,
    28.013140296567));
#2997 = CARTESIAN_POINT('',(84.976935632472,-0.918571331471,
    27.968616977623));
#2998 = CARTESIAN_POINT('',(85.045692069769,-0.913873334108,
    27.93976693993));
#2999 = CARTESIAN_POINT('',(85.112393345602,-0.909175463964,
    27.906204545444));
#3000 = CARTESIAN_POINT('',(85.176653355079,-0.904477669883,
    27.868107842688));
#3001 = CARTESIAN_POINT('',(85.238106790999,-0.899779807453,
    27.825693387072));
#3002 = CARTESIAN_POINT('',(85.29641213508,-0.895081809049,
    27.779214474666));
#3003 = CARTESIAN_POINT('',(85.372814084121,-0.888537015495,
    27.709203324545));
#3004 = CARTESIAN_POINT('',(85.393838633063,-0.886690164769,
    27.6888634936));
#3005 = CARTESIAN_POINT('',(85.414309277268,-0.88484329994,
    27.667957314284));
#3006 = CARTESIAN_POINT('',(85.434207764326,-0.882996419795,
    27.646502928416));
#3007 = CARTESIAN_POINT('',(85.453516608169,-0.881149523657,
    27.624519188505));
#3008 = CARTESIAN_POINT('',(85.472219089075,-0.879302611379,
    27.60202565774));
#3009 = CARTESIAN_POINT('',(85.535411797167,-0.872847339165,
    27.521696686183));
#3010 = CARTESIAN_POINT('',(85.576651085409,-0.86823879117,
    27.461301562009));
#3011 = CARTESIAN_POINT('',(85.613768184747,-0.863630217382,
    27.398173778001));
#3012 = CARTESIAN_POINT('',(85.646548275649,-0.859021653389,
    27.332652270603));
#3013 = CARTESIAN_POINT('',(85.674812064766,-0.854413102419,
    27.265095499414));
#3014 = CARTESIAN_POINT('',(85.698417197012,-0.849804645409,
    27.195878574434));
#3015 = CARTESIAN_POINT('',(85.729401618473,-0.84222712866,
    27.07996830632));
#3016 = CARTESIAN_POINT('',(85.739566210846,-0.839257789381,
    27.034017291628));
#3017 = CARTESIAN_POINT('',(85.747725714664,-0.836288578957,
    26.987641357901));
#3018 = CARTESIAN_POINT('',(85.75385930719,-0.833319487761,
    26.940945411852));
#3019 = CARTESIAN_POINT('',(85.757953073045,-0.830350450835,
    26.894035248223));
#3020 = CARTESIAN_POINT('',(85.760000004204,-0.827381347888,
    26.847017549785));
#3021 = CARTESIAN_POINT('',(85.76,-0.824412003293,26.79999988734));
#3022 = ORIENTED_EDGE('',*,*,#3023,.F.);
#3023 = EDGE_CURVE('',#3024,#2975,#3026,.T.);
#3024 = VERTEX_POINT('',#3025);
#3025 = CARTESIAN_POINT('',(85.76,-1.324411802121,26.79999993594));
#3026 = B_SPLINE_CURVE_WITH_KNOTS('',6,(#3027,#3028,#3029,#3030,#3031,
    #3032,#3033,#3034,#3035,#3036,#3037,#3038,#3039,#3040,#3041,#3042,
    #3043,#3044,#3045,#3046,#3047,#3048,#3049,#3050,#3051,#3052,#3053,
    #3054,#3055,#3056,#3057,#3058),.UNSPECIFIED.,.F.,.F.,(7,5,5,5,5,5,7)
  ,(0.,7.000311864095E-02,0.265534151766,0.453747699978,0.573166930152,
    0.760843966152,1.),.UNSPECIFIED.);
#3027 = CARTESIAN_POINT('',(85.76,-1.324411802121,26.79999993594));
#3028 = CARTESIAN_POINT('',(85.759999997652,-1.321495236736,
    26.753817952991));
#3029 = CARTESIAN_POINT('',(85.757968768187,-1.31857833885,
    26.707636123587));
#3030 = CARTESIAN_POINT('',(85.753906399069,-1.315661322993,
    26.6615665318));
#3031 = CARTESIAN_POINT('',(85.747821090198,-1.312744329597,
    26.615720396556));
#3032 = CARTESIAN_POINT('',(85.739729153902,-1.309827424998,
    26.570208071631));
#3033 = CARTESIAN_POINT('',(85.701516171467,-1.29876339976,
    26.39925332253));
#3034 = CARTESIAN_POINT('',(85.657907845615,-1.290615647673,
    26.276804880223));
#3035 = CARTESIAN_POINT('',(85.599362241843,-1.282470306354,
    26.160214230649));
#3036 = CARTESIAN_POINT('',(85.526913948357,-1.274324362252,
    26.051713983724));
#3037 = CARTESIAN_POINT('',(85.441992493308,-1.266176627121,
    25.953306823665));
#3038 = CARTESIAN_POINT('',(85.254464685687,-1.250188033322,
    25.783240374808));
#3039 = CARTESIAN_POINT('',(85.152612785251,-1.24234491218,
    25.710694010748));
#3040 = CARTESIAN_POINT('',(85.04251620131,-1.234502912154,
    25.650501591003));
#3041 = CARTESIAN_POINT('',(84.926065361488,-1.226661068496,
    25.603772926855));
#3042 = CARTESIAN_POINT('',(84.805318715846,-1.218818106873,
    25.571261827832));
#3043 = CARTESIAN_POINT('',(84.604511280444,-1.206000672796,
    25.541872861664));
#3044 = CARTESIAN_POINT('',(84.525702635884,-1.201025022928,
    25.536312945338));
#3045 = CARTESIAN_POINT('',(84.446588414828,-1.196049504705,
    25.536682278086));
#3046 = CARTESIAN_POINT('',(84.367725293408,-1.191073968348,
    25.542992031376));
#3047 = CARTESIAN_POINT('',(84.289667035497,-1.186098272242,
    25.555184118214));
#3048 = CARTESIAN_POINT('',(84.092400978838,-1.173303063601,
    25.60133726129));
#3049 = CARTESIAN_POINT('',(83.975154803444,-1.165482379029,
    25.64376230738));
#3050 = CARTESIAN_POINT('',(83.863351778743,-1.157662818374,
    25.699914507799));
#3051 = CARTESIAN_POINT('',(83.758963194109,-1.149843261405,
    25.768878077795));
#3052 = CARTESIAN_POINT('',(83.663765017303,-1.142022621025,
    25.849400031335));
#3053 = CARTESIAN_POINT('',(83.471545332431,-1.124238781338,
    26.055169093698));
#3054 = CARTESIAN_POINT('',(83.381130338096,-1.114271244071,
    26.186686074142));
#3055 = CARTESIAN_POINT('',(83.311149580874,-1.104307975383,
    26.331097873742));
#3056 = CARTESIAN_POINT('',(83.263707239586,-1.094344726886,
    26.484399439762));
#3057 = CARTESIAN_POINT('',(83.24,-1.084377212235,26.642227435293));
#3058 = CARTESIAN_POINT('',(83.24,-1.074412841157,26.8));
#3059 = ORIENTED_EDGE('',*,*,#3060,.F.);
#3060 = EDGE_CURVE('',#3061,#3024,#3063,.T.);
#3061 = VERTEX_POINT('',#3062);
#3062 = CARTESIAN_POINT('',(83.24,-1.574412636927,26.8));
#3063 = B_SPLINE_CURVE_WITH_KNOTS('',7,(#3064,#3065,#3066,#3067,#3068,
    #3069,#3070,#3071,#3072,#3073,#3074,#3075,#3076,#3077,#3078,#3079,
    #3080,#3081,#3082,#3083,#3084,#3085,#3086,#3087,#3088,#3089,#3090,
    #3091,#3092,#3093,#3094,#3095,#3096,#3097,#3098,#3099,#3100,#3101,
    #3102,#3103,#3104,#3105,#3106,#3107),.UNSPECIFIED.,.F.,.F.,(8,6,6,6,
    6,6,6,8),(0.,0.257714529393,0.493218061715,0.604568797339,
    0.736140859475,0.787876202754,0.916985734588,1.),.UNSPECIFIED.);
#3064 = CARTESIAN_POINT('',(83.24,-1.574412636927,26.8));
#3065 = CARTESIAN_POINT('',(83.24,-1.565209064893,26.945726323618));
#3066 = CARTESIAN_POINT('',(83.259663159656,-1.55600172242,
    27.09150903204));
#3067 = CARTESIAN_POINT('',(83.299016507362,-1.546797055178,
    27.234062024946));
#3068 = CARTESIAN_POINT('',(83.357361655061,-1.537593468245,
    27.370218094358));
#3069 = CARTESIAN_POINT('',(83.433437494496,-1.528388824541,
    27.497034641451));
#3070 = CARTESIAN_POINT('',(83.525432587179,-1.51918151078,
    27.611821665928));
#3071 = CARTESIAN_POINT('',(83.727371266311,-1.50156757063,
    27.80418036109));
#3072 = CARTESIAN_POINT('',(83.835145513097,-1.493155099831,
    27.884164485004));
#3073 = CARTESIAN_POINT('',(83.952473263752,-1.484744422055,
    27.950551459937));
#3074 = CARTESIAN_POINT('',(84.077279166925,-1.476334789642,
    28.002023861983));
#3075 = CARTESIAN_POINT('',(84.207295089444,-1.467923973531,
    28.037646194173));
#3076 = CARTESIAN_POINT('',(84.340120216445,-1.459511353044,
    28.05688975315));
#3077 = CARTESIAN_POINT('',(84.536206736659,-1.447124319522,
    28.061052546528));
#3078 = CARTESIAN_POINT('',(84.599235175839,-1.443147642653,
    28.058718929309));
#3079 = CARTESIAN_POINT('',(84.662084120647,-1.439170999696,
    28.052709869482));
#3080 = CARTESIAN_POINT('',(84.724496572276,-1.43519438903,
    28.043042460416));
#3081 = CARTESIAN_POINT('',(84.786218231931,-1.431217774639,
    28.029756099273));
#3082 = CARTESIAN_POINT('',(84.846998983874,-1.427241150824,
    28.012912254923));
#3083 = CARTESIAN_POINT('',(84.977012314295,-1.418565921445,
    27.968586458536));
#3084 = CARTESIAN_POINT('',(85.04577818702,-1.413867150985,
    27.939727044356));
#3085 = CARTESIAN_POINT('',(85.112487892649,-1.409168507825,
    27.906153859641));
#3086 = CARTESIAN_POINT('',(85.176755148146,-1.404469940757,
    27.868045069174));
#3087 = CARTESIAN_POINT('',(85.238214485001,-1.399771305249,
    27.825617368268));
#3088 = CARTESIAN_POINT('',(85.296524242814,-1.395072533629,
    27.77912421483));
#3089 = CARTESIAN_POINT('',(85.372935246463,-1.388526222105,
    27.709087375376));
#3090 = CARTESIAN_POINT('',(85.39396554027,-1.386678626583,
    27.688736505197));
#3091 = CARTESIAN_POINT('',(85.414441404706,-1.384831016941,
    27.667818905451));
#3092 = CARTESIAN_POINT('',(85.434344567847,-1.382983391964,
    27.646352742449));
#3093 = CARTESIAN_POINT('',(85.453657525435,-1.381135750975,
    27.624356894238));
#3094 = CARTESIAN_POINT('',(85.472363540881,-1.379288093831,
    27.601850950598));
#3095 = CARTESIAN_POINT('',(85.535574424314,-1.372829410953,
    27.521467579734));
#3096 = CARTESIAN_POINT('',(85.576823890113,-1.368218196785,
    27.461027949061));
#3097 = CARTESIAN_POINT('',(85.613945734794,-1.363606956959,
    27.397853461079));
#3098 = CARTESIAN_POINT('',(85.646724849218,-1.358995727278,
    27.332283695737));
#3099 = CARTESIAN_POINT('',(85.674981738264,-1.35438451105,
    27.264677791232));
#3100 = CARTESIAN_POINT('',(85.698573936115,-1.349773389332,
    27.195411562374));
#3101 = CARTESIAN_POINT('',(85.729500461439,-1.342198026651,
    27.079521092659));
#3102 = CARTESIAN_POINT('',(85.739632329456,-1.339233505186,
    27.03364118009));
#3103 = CARTESIAN_POINT('',(85.747765474497,-1.336269112079,
    26.987338403933));
#3104 = CARTESIAN_POINT('',(85.753879208239,-1.333304837571,
    26.940717167421));
#3105 = CARTESIAN_POINT('',(85.757959705129,-1.330340616841,
    26.89388275431));
#3106 = CARTESIAN_POINT('',(85.760000002387,-1.327376330006,
    26.846941328881));
#3107 = CARTESIAN_POINT('',(85.76,-1.324411802121,26.79999993594));
#3108 = ORIENTED_EDGE('',*,*,#3109,.F.);
#3109 = EDGE_CURVE('',#3110,#3061,#3112,.T.);
#3110 = VERTEX_POINT('',#3111);
#3111 = CARTESIAN_POINT('',(85.76,-1.824411600954,26.79999998454));
#3112 = B_SPLINE_CURVE_WITH_KNOTS('',6,(#3113,#3114,#3115,#3116,#3117,
    #3118,#3119,#3120,#3121,#3122,#3123,#3124,#3125,#3126,#3127,#3128,
    #3129,#3130,#3131,#3132,#3133,#3134,#3135,#3136,#3137,#3138,#3139,
    #3140,#3141,#3142,#3143,#3144),.UNSPECIFIED.,.F.,.F.,(7,5,5,5,5,5,7)
  ,(0.,7.000316915503E-02,0.265534284598,0.453745441789,0.573235973534,
    0.758296964211,1.),.UNSPECIFIED.);
#3113 = CARTESIAN_POINT('',(85.76,-1.824411600954,26.79999998454));
#3114 = CARTESIAN_POINT('',(85.759999999433,-1.821495035569,
    26.753818001591));
#3115 = CARTESIAN_POINT('',(85.757968771749,-1.81857813768,
    26.707636172109));
#3116 = CARTESIAN_POINT('',(85.753906404409,-1.815661121818,
    26.661566580166));
#3117 = CARTESIAN_POINT('',(85.747821097306,-1.812744128419,
    26.615720444687));
#3118 = CARTESIAN_POINT('',(85.739729162766,-1.809827223817,
    26.57020811945));
#3119 = CARTESIAN_POINT('',(85.701516195383,-1.798763201022,
    26.399253406717));
#3120 = CARTESIAN_POINT('',(85.657907892018,-1.790615451388,
    26.276804998524));
#3121 = CARTESIAN_POINT('',(85.599362319334,-1.78247011253,
    26.160214378225));
#3122 = CARTESIAN_POINT('',(85.526914064353,-1.774324170885,
    26.051714153819));
#3123 = CARTESIAN_POINT('',(85.441992653619,-1.766176438208,
    25.953307007928));
#3124 = CARTESIAN_POINT('',(85.254466147504,-1.750187952138,
    25.783241663087));
#3125 = CARTESIAN_POINT('',(85.152615763756,-1.742344936349,
    25.710696104831));
#3126 = CARTESIAN_POINT('',(85.04252089311,-1.734503041593,
    25.65050413689));
#3127 = CARTESIAN_POINT('',(84.926071883007,-1.726661303197,
    25.603775531625));
#3128 = CARTESIAN_POINT('',(84.805327096152,-1.718818446916,
    25.571264078662));
#3129 = CARTESIAN_POINT('',(84.604475064267,-1.705998150945,
    25.541866911025));
#3130 = CARTESIAN_POINT('',(84.525618952936,-1.701019533623,
    25.536306525034));
#3131 = CARTESIAN_POINT('',(84.446457182998,-1.696041048304,
    25.536682508081));
#3132 = CARTESIAN_POINT('',(84.367547430895,-1.69106254481,
    25.543006014362));
#3133 = CARTESIAN_POINT('',(84.289444446536,-1.686083881143,
    25.555218774588));
#3134 = CARTESIAN_POINT('',(84.093823040891,-1.673394708521,
    25.601031608105));
#3135 = CARTESIAN_POINT('',(83.978175379578,-1.665683098065,
    25.64269458227));
#3136 = CARTESIAN_POINT('',(83.867793713668,-1.657972532809,
    25.697710036611));
#3137 = CARTESIAN_POINT('',(83.764570039632,-1.650261968533,
    25.765205610435));
#3138 = CARTESIAN_POINT('',(83.670212524806,-1.642550394783,
    25.843988703847));
#3139 = CARTESIAN_POINT('',(83.476383446881,-1.624769425468,
    26.048179396266));
#3140 = CARTESIAN_POINT('',(83.384128010942,-1.614695584448,
    26.180538694204));
#3141 = CARTESIAN_POINT('',(83.312674267872,-1.604626241498,
    26.32619934058));
#3142 = CARTESIAN_POINT('',(83.26421488301,-1.594556926142,
    26.481036102503));
#3143 = CARTESIAN_POINT('',(83.24,-1.584483120989,26.640547277295));
#3144 = CARTESIAN_POINT('',(83.24,-1.574412636927,26.8));
#3145 = ORIENTED_EDGE('',*,*,#3146,.F.);
#3146 = EDGE_CURVE('',#3147,#3110,#3149,.T.);
#3147 = VERTEX_POINT('',#3148);
#3148 = CARTESIAN_POINT('',(83.751864498603,-2.,27.813850714627));
#3149 = B_SPLINE_CURVE_WITH_KNOTS('',6,(#3150,#3151,#3152,#3153,#3154,
    #3155,#3156,#3157,#3158,#3159,#3160,#3161,#3162,#3163,#3164,#3165,
    #3166,#3167,#3168,#3169,#3170,#3171,#3172,#3173,#3174,#3175,#3176,
    #3177,#3178,#3179,#3180,#3181),.UNSPECIFIED.,.F.,.F.,(7,5,5,5,5,5,7)
  ,(0.,0.276687464651,0.435095378588,0.622600604907,0.697508819731,
    0.880338711512,1.),.UNSPECIFIED.);
#3150 = CARTESIAN_POINT('',(83.751173955179,-2.000054213761,
    27.813340788974));
#3151 = CARTESIAN_POINT('',(83.854314254907,-1.991954750819,
    27.889558132163));
#3152 = CARTESIAN_POINT('',(83.966779598223,-1.983854162763,
    27.953189710851));
#3153 = CARTESIAN_POINT('',(84.086615739418,-1.975755022691,
    28.002780965753));
#3154 = CARTESIAN_POINT('',(84.211618853372,-1.967655776483,
    28.037338623926));
#3155 = CARTESIAN_POINT('',(84.339440057753,-1.959554977834,
    28.056291181831));
#3156 = CARTESIAN_POINT('',(84.541042350777,-1.946818177768,
    28.061469951002));
#3157 = CARTESIAN_POINT('',(84.614573953645,-1.942180920788,
    28.058222862733));
#3158 = CARTESIAN_POINT('',(84.68778735098,-1.937543744061,
    28.049831694634));
#3159 = CARTESIAN_POINT('',(84.760233955142,-1.932906587309,
    28.03633742252));
#3160 = CARTESIAN_POINT('',(84.831472964505,-1.928269385634,
    28.017832730602));
#3161 = CARTESIAN_POINT('',(84.983465326851,-1.918143436754,
    27.966796689805));
#3162 = CARTESIAN_POINT('',(85.063566787957,-1.912654457575,
    27.932311716532));
#3163 = CARTESIAN_POINT('',(85.14066987451,-1.907165733448,
    27.891245220576));
#3164 = CARTESIAN_POINT('',(85.214104912544,-1.901677020955,
    27.843930828621));
#3165 = CARTESIAN_POINT('',(85.283254175952,-1.896188056543,
    27.790790687684));
#3166 = CARTESIAN_POINT('',(85.373253569751,-1.888506342969,
    27.708973985369));
#3167 = CARTESIAN_POINT('',(85.398172451856,-1.886313512272,
    27.684769107164));
#3168 = CARTESIAN_POINT('',(85.422283881778,-1.884120660476,
    27.659746667706));
#3169 = CARTESIAN_POINT('',(85.445554556527,-1.881927785876,
    27.633940471705));
#3170 = CARTESIAN_POINT('',(85.467953089286,-1.879734887879,
    27.607386105813));
#3171 = CARTESIAN_POINT('',(85.541917947559,-1.872189663671,
    27.513574331134));
#3172 = CARTESIAN_POINT('',(85.589016421726,-1.866837079116,
    27.442791196056));
#3173 = CARTESIAN_POINT('',(85.630315060127,-1.86148451816,
    27.368317560148));
#3174 = CARTESIAN_POINT('',(85.665461594076,-1.856131959008,
    27.290750886345));
#3175 = CARTESIAN_POINT('',(85.694186708928,-1.850779433271,
    27.210730254947));
#3176 = CARTESIAN_POINT('',(85.730787759871,-1.841924529771,
    27.075386408332));
#3177 = CARTESIAN_POINT('',(85.742438572768,-1.83842177943,
    27.021081195962));
#3178 = CARTESIAN_POINT('',(85.751210693734,-1.83491921291,
    26.966198218804));
#3179 = CARTESIAN_POINT('',(85.757070196763,-1.831416800421,
    26.910928239756));
#3180 = CARTESIAN_POINT('',(85.760000000681,-1.827914377979,
    26.855464206508));
#3181 = CARTESIAN_POINT('',(85.76,-1.824411600954,26.79999998454));
#3182 = ORIENTED_EDGE('',*,*,#3183,.T.);
#3183 = EDGE_CURVE('',#3147,#2449,#3184,.T.);
#3184 = CIRCLE('',#3185,1.26);
#3185 = AXIS2_PLACEMENT_3D('',#3186,#3187,#3188);
#3186 = CARTESIAN_POINT('',(84.5,-2.,26.8));
#3187 = DIRECTION('',(0.,-1.,2.2E-16));
#3188 = DIRECTION('',(-1.,0.,0.));
#3189 = CYLINDRICAL_SURFACE('',#3190,1.26);
#3190 = AXIS2_PLACEMENT_3D('',#3191,#3192,#3193);
#3191 = CARTESIAN_POINT('',(84.5,-2.,26.8));
#3192 = DIRECTION('',(0.,1.,-2.2E-16));
#3193 = DIRECTION('',(-1.,0.,0.));
#3194 = ADVANCED_FACE('',(#3195),#3230,.F.);
#3195 = FACE_BOUND('',#3196,.F.);
#3196 = EDGE_LOOP('',(#3197,#3223,#3228,#3229));
#3197 = ORIENTED_EDGE('',*,*,#3198,.F.);
#3198 = EDGE_CURVE('',#3199,#509,#3201,.T.);
#3199 = VERTEX_POINT('',#3200);
#3200 = CARTESIAN_POINT('',(86.010010739899,-3.124982812807E-02,
    26.800000023595));
#3201 = B_SPLINE_CURVE_WITH_KNOTS('',11,(#3202,#3203,#3204,#3205,#3206,
    #3207,#3208,#3209,#3210,#3211,#3212,#3213,#3214,#3215,#3216,#3217,
    #3218,#3219,#3220,#3221,#3222),.UNSPECIFIED.,.F.,.F.,(12,9,12),(0.,
    3.151524139379,6.303048278758),.UNSPECIFIED.);
#3202 = CARTESIAN_POINT('',(86.010010739899,-3.124982812807E-02,
    26.800000023595));
#3203 = CARTESIAN_POINT('',(86.010012017009,-8.522531462194E-03,
    26.368742291455));
#3204 = CARTESIAN_POINT('',(85.874568526895,1.420494978327E-02,
    25.937486288615));
#3205 = CARTESIAN_POINT('',(85.603481831383,3.693161711595E-02,
    25.553497686626));
#3206 = CARTESIAN_POINT('',(85.215718915023,5.965936098816E-02,
    25.264186792592));
#3207 = CARTESIAN_POINT('',(84.748047721849,8.23868463042E-02,
    25.108241612921));
#3208 = CARTESIAN_POINT('',(84.25195686108,0.105113631421,
    25.108334763598));
#3209 = CARTESIAN_POINT('',(83.78432154774,0.127841119283,
    25.264125428498));
#3210 = CARTESIAN_POINT('',(83.396433466107,0.15056836062,
    25.553519950758));
#3211 = CARTESIAN_POINT('',(83.125471234431,0.173295652053,
    25.937483765341));
#3212 = CARTESIAN_POINT('',(82.854508147039,0.218750190978,
    26.800000043373));
#3213 = CARTESIAN_POINT('',(83.12547191568,0.264204729905,
    27.662516107387));
#3214 = CARTESIAN_POINT('',(83.396436690388,0.286932021305,
    28.046483372716));
#3215 = CARTESIAN_POINT('',(83.784302008691,0.309659262817,
    28.335854479975));
#3216 = CARTESIAN_POINT('',(84.251982682742,0.332386750219,28.491731188)
  );
#3217 = CARTESIAN_POINT('',(84.748043946137,0.355113536073,
    28.491656539862));
#3218 = CARTESIAN_POINT('',(85.215684896848,0.377841020619,
    28.335882706764));
#3219 = CARTESIAN_POINT('',(85.603529534655,0.400568765016,
    28.046486509189));
#3220 = CARTESIAN_POINT('',(85.874546036762,0.423295432135,
    27.662512958159));
#3221 = CARTESIAN_POINT('',(86.01001149,0.446022913416,27.231257757762)
  );
#3222 = CARTESIAN_POINT('',(86.010012767689,0.468750210087,
    26.800000025622));
#3223 = ORIENTED_EDGE('',*,*,#3224,.T.);
#3224 = EDGE_CURVE('',#3199,#2729,#3225,.T.);
#3225 = B_SPLINE_CURVE_WITH_KNOTS('',1,(#3226,#3227),.UNSPECIFIED.,.F.,
  .F.,(2,2),(0.,0.4355),.PIECEWISE_BEZIER_KNOTS.);
#3226 = CARTESIAN_POINT('',(86.010010739899,-3.124982812807E-02,
    26.800000023595));
#3227 = CARTESIAN_POINT('',(85.632860416807,-0.249006306314,
    26.79999968585));
#3228 = ORIENTED_EDGE('',*,*,#2777,.T.);
#3229 = ORIENTED_EDGE('',*,*,#508,.T.);
#3230 = B_SPLINE_SURFACE_WITH_KNOTS('',1,9,(
    (#3231,#3232,#3233,#3234,#3235,#3236,#3237,#3238,#3239,#3240,#3241
      ,#3242,#3243,#3244,#3245,#3246,#3247,#3248,#3249,#3250,#3251,#3252
      ,#3253,#3254,#3255,#3256,#3257,#3258,#3259,#3260,#3261)
    ,(#3262,#3263,#3264,#3265,#3266,#3267,#3268,#3269,#3270,#3271,#3272
      ,#3273,#3274,#3275,#3276,#3277,#3278,#3279,#3280,#3281,#3282,#3283
      ,#3284,#3285,#3286,#3287,#3288,#3289,#3290,#3291,#3292
  )),.UNSPECIFIED.,.F.,.F.,.F.,(2,2),(10,7,7,7,10),(0.,0.4355),(0.,
    1.57576206969,3.151524139379,4.727286209069,6.303048278758),
  .UNSPECIFIED.);
#3231 = CARTESIAN_POINT('',(86.010010739899,-3.124982812807E-02,
    26.800000023595));
#3232 = CARTESIAN_POINT('',(86.010011520355,-1.736092461006E-02,
    26.536453631731));
#3233 = CARTESIAN_POINT('',(85.958279924441,-3.471950592768E-03,
    26.272907900365));
#3234 = CARTESIAN_POINT('',(85.854768361252,1.041685110405E-02,
    26.020969091384));
#3235 = CARTESIAN_POINT('',(85.702559369041,2.430569707204E-02,
    25.792261034553));
#3236 = CARTESIAN_POINT('',(85.507735515193,3.819460798694E-02,
    25.597435059807));
#3237 = CARTESIAN_POINT('',(85.279026447811,5.208351886008E-02,
    25.445229754021));
#3238 = CARTESIAN_POINT('',(85.027094605208,6.597242295455E-02,
    25.341735346622));
#3239 = CARTESIAN_POINT('',(84.500002811302,9.375020812018E-02,
    25.238240212074));
#3240 = CARTESIAN_POINT('',(83.972906888708,0.121527967536,
    25.341735294811));
#3241 = CARTESIAN_POINT('',(83.720970632969,0.135416844918,
    25.445230145049));
#3242 = CARTESIAN_POINT('',(83.492258138809,0.149305733046,
    25.597432636254));
#3243 = CARTESIAN_POINT('',(83.297430137024,0.1631946309,25.79226075456)
  );
#3244 = CARTESIAN_POINT('',(83.145228951687,0.177083527778,
    26.020972252148));
#3245 = CARTESIAN_POINT('',(83.041736140877,0.19097241719,
    26.272906753807));
#3246 = CARTESIAN_POINT('',(82.938243373058,0.218750190978,
    26.800000010304));
#3247 = CARTESIAN_POINT('',(83.041736557196,0.246527964767,
    27.327093185058));
#3248 = CARTESIAN_POINT('',(83.145229356991,0.260416854179,
    27.579027555466));
#3249 = CARTESIAN_POINT('',(83.297429499103,0.274305751057,
    27.807739279242));
#3250 = CARTESIAN_POINT('',(83.492256983163,0.288194648912,
    28.002568269929));
#3251 = CARTESIAN_POINT('',(83.720970054202,0.302083537039,
    28.154771100164));
#3252 = CARTESIAN_POINT('',(83.972906750129,0.31597241442,
    28.258264766289));
#3253 = CARTESIAN_POINT('',(84.500002781273,0.343750173838,
    28.36175800775));
#3254 = CARTESIAN_POINT('',(85.027094466628,0.371527959003,
    28.258263608781));
#3255 = CARTESIAN_POINT('',(85.279027133155,0.385416863089,
    28.154769882307));
#3256 = CARTESIAN_POINT('',(85.507734611649,0.399305773998,
    28.002569669749));
#3257 = CARTESIAN_POINT('',(85.702565733692,0.413194684841,
    27.80774198178));
#3258 = CARTESIAN_POINT('',(85.85476909982,0.427083530895,
    27.579027591473));
#3259 = CARTESIAN_POINT('',(85.958271416797,0.440972332534,
    27.327091842363));
#3260 = CARTESIAN_POINT('',(86.010011986879,0.454861306566,
    27.063546417485));
#3261 = CARTESIAN_POINT('',(86.010012767689,0.468750210087,
    26.800000025622));
#3262 = CARTESIAN_POINT('',(85.632860416807,-0.249006306314,
    26.79999968585));
#3263 = CARTESIAN_POINT('',(85.632861456546,-0.235117953942,
    26.602264183341));
#3264 = CARTESIAN_POINT('',(85.594050791983,-0.221232187047,
    26.40456848086));
#3265 = CARTESIAN_POINT('',(85.516401493527,-0.207340100003,
    26.21555153898));
#3266 = CARTESIAN_POINT('',(85.40220032211,-0.193449637648,
    26.043957899066));
#3267 = CARTESIAN_POINT('',(85.256030772099,-0.17956155676,
    25.897793005707));
#3268 = CARTESIAN_POINT('',(85.084451118524,-0.165673473576,
    25.783606336192));
#3269 = CARTESIAN_POINT('',(84.8954437393,-0.151785142448,
    25.705960139769));
#3270 = CARTESIAN_POINT('',(84.500002520081,-0.124007635577,
    25.628314437321));
#3271 = CARTESIAN_POINT('',(84.104555911797,-9.62291844916E-02,
    25.705960749919));
#3272 = CARTESIAN_POINT('',(83.915543768996,-8.233987362598E-02,
    25.783606915458));
#3273 = CARTESIAN_POINT('',(83.743957171717,-6.845095681038E-02,
    25.897794916023));
#3274 = CARTESIAN_POINT('',(83.597792149354,-5.456239670536E-02,
    26.043960041177));
#3275 = CARTESIAN_POINT('',(83.483605714503,-4.0673800772E-02,
    26.215545139853));
#3276 = CARTESIAN_POINT('',(83.405961486551,-2.678493107895E-02,
    26.404555322715));
#3277 = CARTESIAN_POINT('',(83.328317622318,9.929929985808E-04,
    26.800000413774));
#3278 = CARTESIAN_POINT('',(83.405962343006,2.877091707636E-02,
    27.19544533667));
#3279 = CARTESIAN_POINT('',(83.483606684235,4.265978676877E-02,
    27.384455281569));
#3280 = CARTESIAN_POINT('',(83.597791765187,5.654838270304E-02,
    27.556040621329));
#3281 = CARTESIAN_POINT('',(83.743956157224,7.043694280873E-02,
    27.702206876836));
#3282 = CARTESIAN_POINT('',(83.91554364566,8.432585962339E-02,
    27.81639523846));
#3283 = CARTESIAN_POINT('',(84.104556461994,9.821517048778E-02,
    27.894039605716));
#3284 = CARTESIAN_POINT('',(84.500003276237,0.125993621576,
    27.971683052817));
#3285 = CARTESIAN_POINT('',(84.895444289496,0.153771128446,
    27.894038117965));
#3286 = CARTESIAN_POINT('',(85.084451635796,0.167659459609,
    27.81639484398));
#3287 = CARTESIAN_POINT('',(85.256033048727,0.181547542677,
    27.702207769828));
#3288 = CARTESIAN_POINT('',(85.402206875144,0.195435623702,
    27.556051116212));
#3289 = CARTESIAN_POINT('',(85.516404074806,0.209326086012,
    27.384441000335));
#3290 = CARTESIAN_POINT('',(85.594039066603,0.223218173023,
    27.195430410823));
#3291 = CARTESIAN_POINT('',(85.632862249013,0.237103939938,
    26.997735114014));
#3292 = CARTESIAN_POINT('',(85.632863275781,0.250992292314,
    26.799999611505));
#3293 = ADVANCED_FACE('',(#3294),#3303,.F.);
#3294 = FACE_BOUND('',#3295,.F.);
#3295 = EDGE_LOOP('',(#3296,#3297,#3302));
#3296 = ORIENTED_EDGE('',*,*,#535,.F.);
#3297 = ORIENTED_EDGE('',*,*,#3298,.T.);
#3298 = EDGE_CURVE('',#536,#3199,#3299,.T.);
#3299 = B_SPLINE_CURVE_WITH_KNOTS('',1,(#3300,#3301),.UNSPECIFIED.,.F.,
  .F.,(2,2),(0.,6.25E-02),.PIECEWISE_BEZIER_KNOTS.);
#3300 = CARTESIAN_POINT('',(86.010009666363,3.125017186271E-02,
    26.800000021891));
#3301 = CARTESIAN_POINT('',(86.010010739899,-3.124982812807E-02,
    26.800000023595));
#3302 = ORIENTED_EDGE('',*,*,#3198,.T.);
#3303 = B_SPLINE_SURFACE_WITH_KNOTS('',1,11,(
    (#3304,#3305,#3306,#3307,#3308,#3309,#3310,#3311,#3312,#3313,#3314
      ,#3315,#3316,#3317,#3318,#3319,#3320,#3321,#3322,#3323,#3324)
    ,(#3325,#3326,#3327,#3328,#3329,#3330,#3331,#3332,#3333,#3334,#3335
      ,#3336,#3337,#3338,#3339,#3340,#3341,#3342,#3343,#3344,#3345
  )),.UNSPECIFIED.,.F.,.F.,.F.,(2,2),(12,9,12),(0.,6.25E-02),(0.,
    3.151524139379,6.303048278758),.UNSPECIFIED.);
#3304 = CARTESIAN_POINT('',(86.010009666363,3.125017186271E-02,
    26.800000021891));
#3305 = CARTESIAN_POINT('',(86.010010793531,5.397746852601E-02,
    26.368742630346));
#3306 = CARTESIAN_POINT('',(85.874566118786,7.670494974877E-02,
    25.937487015521));
#3307 = CARTESIAN_POINT('',(85.603483766924,9.943161714091E-02,
    25.553499601689));
#3308 = CARTESIAN_POINT('',(85.215716349386,0.122159360988,
    25.26418391807));
#3309 = CARTESIAN_POINT('',(84.748047305601,0.144886846233,
    25.108248940792));
#3310 = CARTESIAN_POINT('',(84.251958576999,0.167613631452,
    25.108332219918));
#3311 = CARTESIAN_POINT('',(83.784320965009,0.190341119261,
    25.264127823203));
#3312 = CARTESIAN_POINT('',(83.3964345285,0.213068360612,25.553520738998
    ));
#3313 = CARTESIAN_POINT('',(83.125472360982,0.23579565204,
    25.937484453069));
#3314 = CARTESIAN_POINT('',(82.854509446878,0.281250190967,
    26.800000036972));
#3315 = CARTESIAN_POINT('',(83.125472960724,0.326704729894,
    27.662515432463));
#3316 = CARTESIAN_POINT('',(83.396437371488,0.349432021294,
    28.046482191738));
#3317 = CARTESIAN_POINT('',(83.784303722249,0.372159262799,
    28.33585444785));
#3318 = CARTESIAN_POINT('',(84.251981358148,0.394886750204,
    28.491725972274));
#3319 = CARTESIAN_POINT('',(84.748043971421,0.417613536071,
    28.491661194411));
#3320 = CARTESIAN_POINT('',(85.215686330928,0.440341020639,
    28.335877406018));
#3321 = CARTESIAN_POINT('',(85.603525856078,0.463068764947,
    28.046486455184));
#3322 = CARTESIAN_POINT('',(85.874546273191,0.485795432152,
    27.662512322037));
#3323 = CARTESIAN_POINT('',(86.010010327842,0.508522913406,
    27.231257415463));
#3324 = CARTESIAN_POINT('',(86.010011455589,0.531250210073,
    26.800000023918));
#3325 = CARTESIAN_POINT('',(86.010010739899,-3.124982812807E-02,
    26.800000023595));
#3326 = CARTESIAN_POINT('',(86.010012017009,-8.522531462194E-03,
    26.368742291455));
#3327 = CARTESIAN_POINT('',(85.874568526895,1.420494978327E-02,
    25.937486288615));
#3328 = CARTESIAN_POINT('',(85.603481831383,3.693161711595E-02,
    25.553497686626));
#3329 = CARTESIAN_POINT('',(85.215718915023,5.965936098816E-02,
    25.264186792592));
#3330 = CARTESIAN_POINT('',(84.748047721849,8.23868463042E-02,
    25.108241612921));
#3331 = CARTESIAN_POINT('',(84.25195686108,0.105113631421,
    25.108334763598));
#3332 = CARTESIAN_POINT('',(83.78432154774,0.127841119283,
    25.264125428498));
#3333 = CARTESIAN_POINT('',(83.396433466107,0.15056836062,
    25.553519950758));
#3334 = CARTESIAN_POINT('',(83.125471234431,0.173295652053,
    25.937483765341));
#3335 = CARTESIAN_POINT('',(82.854508147039,0.218750190978,
    26.800000043373));
#3336 = CARTESIAN_POINT('',(83.12547191568,0.264204729905,
    27.662516107387));
#3337 = CARTESIAN_POINT('',(83.396436690388,0.286932021305,
    28.046483372716));
#3338 = CARTESIAN_POINT('',(83.784302008691,0.309659262817,
    28.335854479975));
#3339 = CARTESIAN_POINT('',(84.251982682742,0.332386750219,28.491731188)
  );
#3340 = CARTESIAN_POINT('',(84.748043946137,0.355113536073,
    28.491656539862));
#3341 = CARTESIAN_POINT('',(85.215684896848,0.377841020619,
    28.335882706764));
#3342 = CARTESIAN_POINT('',(85.603529534655,0.400568765016,
    28.046486509189));
#3343 = CARTESIAN_POINT('',(85.874546036762,0.423295432135,
    27.662512958159));
#3344 = CARTESIAN_POINT('',(86.01001149,0.446022913416,27.231257757762)
  );
#3345 = CARTESIAN_POINT('',(86.010012767689,0.468750210087,
    26.800000025622));
#3346 = ADVANCED_FACE('',(#3347),#3393,.F.);
#3347 = FACE_BOUND('',#3348,.F.);
#3348 = EDGE_LOOP('',(#3349,#3350,#3357,#3391,#3392));
#3349 = ORIENTED_EDGE('',*,*,#2857,.F.);
#3350 = ORIENTED_EDGE('',*,*,#3351,.T.);
#3351 = EDGE_CURVE('',#2858,#3352,#3354,.T.);
#3352 = VERTEX_POINT('',#3353);
#3353 = CARTESIAN_POINT('',(86.010007877136,-0.468749866341,
    26.800000019864));
#3354 = B_SPLINE_CURVE_WITH_KNOTS('',1,(#3355,#3356),.UNSPECIFIED.,.F.,
  .F.,(2,2),(0.,0.4355),.PIECEWISE_BEZIER_KNOTS.);
#3355 = CARTESIAN_POINT('',(85.632850904777,-0.251004904974,
    26.799999746623));
#3356 = CARTESIAN_POINT('',(86.010007877136,-0.468749866341,
    26.800000019864));
#3357 = ORIENTED_EDGE('',*,*,#3358,.T.);
#3358 = EDGE_CURVE('',#3352,#547,#3359,.T.);
#3359 = B_SPLINE_CURVE_WITH_KNOTS('',9,(#3360,#3361,#3362,#3363,#3364,
    #3365,#3366,#3367,#3368,#3369,#3370,#3371,#3372,#3373,#3374,#3375,
    #3376,#3377,#3378,#3379,#3380,#3381,#3382,#3383,#3384,#3385,#3386,
    #3387,#3388,#3389,#3390),.UNSPECIFIED.,.F.,.F.,(10,7,7,7,10),(0.,
    1.57576206969,3.151524139379,4.727286209069,6.303048278758),
  .UNSPECIFIED.);
#3360 = CARTESIAN_POINT('',(86.010007877136,-0.468749866341,
    26.800000019864));
#3361 = CARTESIAN_POINT('',(86.010008565607,-0.454860962827,
    26.536454148354));
#3362 = CARTESIAN_POINT('',(85.958276543804,-0.440971988834,
    26.272908955707));
#3363 = CARTESIAN_POINT('',(85.854765772646,-0.427083187114,
    26.020970820787));
#3364 = CARTESIAN_POINT('',(85.702557255454,-0.413194341132,
    25.792262855577));
#3365 = CARTESIAN_POINT('',(85.507733583759,-0.399305430222,
    25.597437146893));
#3366 = CARTESIAN_POINT('',(85.279024905141,-0.385416519357,
    25.445232453961));
#3367 = CARTESIAN_POINT('',(85.027093555317,-0.371527615267,
    25.341738287628));
#3368 = CARTESIAN_POINT('',(84.500002808672,-0.343749830103,
    25.238243401028));
#3369 = CARTESIAN_POINT('',(83.972907920673,-0.315972070682,
    25.341738171361));
#3370 = CARTESIAN_POINT('',(83.720972136625,-0.302083193297,
    25.445232747703));
#3371 = CARTESIAN_POINT('',(83.492260060296,-0.288194305168,
    25.597434958404));
#3372 = CARTESIAN_POINT('',(83.297432473842,-0.274305407317,
    25.792262743368));
#3373 = CARTESIAN_POINT('',(83.145231650574,-0.260416510442,
    26.020973802659));
#3374 = CARTESIAN_POINT('',(83.041739044929,-0.246527621029,
    26.272907799125));
#3375 = CARTESIAN_POINT('',(82.938246457293,-0.21874984724,
    26.800000009956));
#3376 = CARTESIAN_POINT('',(83.041739412853,-0.190972073451,
    27.327092148546));
#3377 = CARTESIAN_POINT('',(83.145232009057,-0.177083184039,
    27.579026029088));
#3378 = CARTESIAN_POINT('',(83.297431912086,-0.163194287163,
    27.807737287788));
#3379 = CARTESIAN_POINT('',(83.49225904194,-0.149305389311,
    28.002565842284));
#3380 = CARTESIAN_POINT('',(83.720971627447,-0.135416501183,
    28.154768351877));
#3381 = CARTESIAN_POINT('',(83.972907800011,-0.121527623799,
    28.258261883134));
#3382 = CARTESIAN_POINT('',(84.500002783905,-9.374986437541E-02,
    28.361755028229));
#3383 = CARTESIAN_POINT('',(85.027093434654,-6.59720792126E-02,
    28.258260790085));
#3384 = CARTESIAN_POINT('',(85.279025578298,-5.208317512963E-02,
    28.154767174358));
#3385 = CARTESIAN_POINT('',(85.50773261571,-3.819426423279E-02,
    28.002567153526));
#3386 = CARTESIAN_POINT('',(85.702563044574,-2.430535338739E-02,
    27.807739676167));
#3387 = CARTESIAN_POINT('',(85.854766358243,-1.041650732941E-02,
    27.579026300754));
#3388 = CARTESIAN_POINT('',(85.958269037643,3.472294340702E-03,
    27.327090815674));
#3389 = CARTESIAN_POINT('',(86.010008977538,1.736126834624E-02,
    27.063545893401));
#3390 = CARTESIAN_POINT('',(86.010009666363,3.125017186271E-02,
    26.800000021891));
#3391 = ORIENTED_EDGE('',*,*,#559,.T.);
#3392 = ORIENTED_EDGE('',*,*,#2814,.F.);
#3393 = B_SPLINE_SURFACE_WITH_KNOTS('',1,9,(
    (#3394,#3395,#3396,#3397,#3398,#3399,#3400,#3401,#3402,#3403,#3404
      ,#3405,#3406,#3407,#3408,#3409,#3410,#3411,#3412,#3413,#3414,#3415
      ,#3416,#3417,#3418,#3419,#3420,#3421,#3422,#3423,#3424)
    ,(#3425,#3426,#3427,#3428,#3429,#3430,#3431,#3432,#3433,#3434,#3435
      ,#3436,#3437,#3438,#3439,#3440,#3441,#3442,#3443,#3444,#3445,#3446
      ,#3447,#3448,#3449,#3450,#3451,#3452,#3453,#3454,#3455
  )),.UNSPECIFIED.,.F.,.F.,.F.,(2,2),(10,7,7,7,10),(0.,0.4355),(0.,
    1.57576206969,3.151524139379,4.727286209069,6.303048278758),
  .UNSPECIFIED.);
#3394 = CARTESIAN_POINT('',(85.632850904776,-0.251004904974,
    26.799999746623));
#3395 = CARTESIAN_POINT('',(85.632851227368,-0.237116552617,
    26.602266069766));
#3396 = CARTESIAN_POINT('',(85.594036729574,-0.223230785804,
    26.404572334806));
#3397 = CARTESIAN_POINT('',(85.516392845142,-0.209338698687,
    26.215558538969));
#3398 = CARTESIAN_POINT('',(85.402194132198,-0.195448236275,
    26.043963606126));
#3399 = CARTESIAN_POINT('',(85.256024329705,-0.181560155403,
    25.897799105273));
#3400 = CARTESIAN_POINT('',(85.084445768521,-0.167672072254,
    25.78361596469));
#3401 = CARTESIAN_POINT('',(84.895440103212,-0.153783741138,
    25.705970762572));
#3402 = CARTESIAN_POINT('',(84.500002592723,-0.126006234275,
    25.628326092715));
#3403 = CARTESIAN_POINT('',(84.104559579881,-9.822778316964E-02,
    25.705970795946));
#3404 = CARTESIAN_POINT('',(83.915548970581,-8.43384722924E-02,
    25.783615675421));
#3405 = CARTESIAN_POINT('',(83.743963679182,-7.044955547626E-02,
    25.897802767637));
#3406 = CARTESIAN_POINT('',(83.597800238619,-5.656099538034E-02,
    26.043966940916));
#3407 = CARTESIAN_POINT('',(83.483615334603,-4.267239945505E-02,
    26.21555055242));
#3408 = CARTESIAN_POINT('',(83.405971814887,-2.878352976276E-02,
    26.40455892244));
#3409 = CARTESIAN_POINT('',(83.328328443321,-1.00560568101E-03,
    26.800000317401));
#3410 = CARTESIAN_POINT('',(83.405972222547,2.677231840089E-02,
    27.19544163232));
#3411 = CARTESIAN_POINT('',(83.48361583789,4.066118809291E-02,
    27.384449898906));
#3412 = CARTESIAN_POINT('',(83.597800340543,5.454978401868E-02,
    27.556033556364));
#3413 = CARTESIAN_POINT('',(83.743963614469,6.843834411458E-02,
    27.702198063847));
#3414 = CARTESIAN_POINT('',(83.915549239348,8.232726093044E-02,
    27.816385224709));
#3415 = CARTESIAN_POINT('',(84.10456009805,9.621657180717E-02,
    27.894029443881));
#3416 = CARTESIAN_POINT('',(84.500003203601,0.123995022914,
    27.971673066186));
#3417 = CARTESIAN_POINT('',(84.895440621381,0.151772529776,
    27.894028532915));
#3418 = CARTESIAN_POINT('',(85.084446026326,0.165660860934,
    27.816385244978));
#3419 = CARTESIAN_POINT('',(85.256025948122,0.179548943938,
    27.702198371844));
#3420 = CARTESIAN_POINT('',(85.402195978678,0.193437025008,
    27.556041691904));
#3421 = CARTESIAN_POINT('',(85.516394114139,0.207327487299,
    27.384437658246));
#3422 = CARTESIAN_POINT('',(85.594032920849,0.221219574435,
    27.195426959985));
#3423 = CARTESIAN_POINT('',(85.632851553249,0.235105341254,
    26.997733349133));
#3424 = CARTESIAN_POINT('',(85.63285186287,0.248993693613,
    26.799999672276));
#3425 = CARTESIAN_POINT('',(86.010007877136,-0.468749866341,
    26.800000019864));
#3426 = CARTESIAN_POINT('',(86.010008565607,-0.454860962827,
    26.536454148354));
#3427 = CARTESIAN_POINT('',(85.958276543804,-0.440971988834,
    26.272908955707));
#3428 = CARTESIAN_POINT('',(85.854765772646,-0.427083187114,
    26.020970820787));
#3429 = CARTESIAN_POINT('',(85.702557255454,-0.413194341132,
    25.792262855577));
#3430 = CARTESIAN_POINT('',(85.507733583759,-0.399305430222,
    25.597437146893));
#3431 = CARTESIAN_POINT('',(85.279024905141,-0.385416519357,
    25.445232453961));
#3432 = CARTESIAN_POINT('',(85.027093555317,-0.371527615267,
    25.341738287628));
#3433 = CARTESIAN_POINT('',(84.500002808672,-0.343749830103,
    25.238243401028));
#3434 = CARTESIAN_POINT('',(83.972907920673,-0.315972070682,
    25.341738171361));
#3435 = CARTESIAN_POINT('',(83.720972136625,-0.302083193297,
    25.445232747703));
#3436 = CARTESIAN_POINT('',(83.492260060296,-0.288194305168,
    25.597434958404));
#3437 = CARTESIAN_POINT('',(83.297432473842,-0.274305407317,
    25.792262743368));
#3438 = CARTESIAN_POINT('',(83.145231650574,-0.260416510442,
    26.020973802659));
#3439 = CARTESIAN_POINT('',(83.041739044929,-0.246527621029,
    26.272907799125));
#3440 = CARTESIAN_POINT('',(82.938246457293,-0.21874984724,
    26.800000009956));
#3441 = CARTESIAN_POINT('',(83.041739412853,-0.190972073451,
    27.327092148546));
#3442 = CARTESIAN_POINT('',(83.145232009057,-0.177083184039,
    27.579026029088));
#3443 = CARTESIAN_POINT('',(83.297431912086,-0.163194287163,
    27.807737287788));
#3444 = CARTESIAN_POINT('',(83.49225904194,-0.149305389311,
    28.002565842284));
#3445 = CARTESIAN_POINT('',(83.720971627447,-0.135416501183,
    28.154768351877));
#3446 = CARTESIAN_POINT('',(83.972907800011,-0.121527623799,
    28.258261883134));
#3447 = CARTESIAN_POINT('',(84.500002783905,-9.374986437541E-02,
    28.361755028229));
#3448 = CARTESIAN_POINT('',(85.027093434654,-6.59720792126E-02,
    28.258260790085));
#3449 = CARTESIAN_POINT('',(85.279025578298,-5.208317512963E-02,
    28.154767174358));
#3450 = CARTESIAN_POINT('',(85.50773261571,-3.819426423279E-02,
    28.002567153526));
#3451 = CARTESIAN_POINT('',(85.702563044574,-2.430535338739E-02,
    27.807739676167));
#3452 = CARTESIAN_POINT('',(85.854766358243,-1.041650732941E-02,
    27.579026300754));
#3453 = CARTESIAN_POINT('',(85.958269037643,3.472294340702E-03,
    27.327090815674));
#3454 = CARTESIAN_POINT('',(86.010008977538,1.736126834624E-02,
    27.063545893401));
#3455 = CARTESIAN_POINT('',(86.010009666363,3.125017186271E-02,
    26.800000021891));
#3456 = ADVANCED_FACE('',(#3457),#3493,.F.);
#3457 = FACE_BOUND('',#3458,.F.);
#3458 = EDGE_LOOP('',(#3459,#3460,#3467,#3491,#3492));
#3459 = ORIENTED_EDGE('',*,*,#3358,.F.);
#3460 = ORIENTED_EDGE('',*,*,#3461,.T.);
#3461 = EDGE_CURVE('',#3352,#3462,#3464,.T.);
#3462 = VERTEX_POINT('',#3463);
#3463 = CARTESIAN_POINT('',(86.010008712108,-0.531249866335,
    26.800000021568));
#3464 = B_SPLINE_CURVE_WITH_KNOTS('',1,(#3465,#3466),.UNSPECIFIED.,.F.,
  .F.,(2,2),(0.,6.25E-02),.PIECEWISE_BEZIER_KNOTS.);
#3465 = CARTESIAN_POINT('',(86.010007877136,-0.468749866341,
    26.800000019864));
#3466 = CARTESIAN_POINT('',(86.010008712108,-0.531249866335,
    26.800000021568));
#3467 = ORIENTED_EDGE('',*,*,#3468,.T.);
#3468 = EDGE_CURVE('',#3462,#3199,#3469,.T.);
#3469 = B_SPLINE_CURVE_WITH_KNOTS('',11,(#3470,#3471,#3472,#3473,#3474,
    #3475,#3476,#3477,#3478,#3479,#3480,#3481,#3482,#3483,#3484,#3485,
    #3486,#3487,#3488,#3489,#3490),.UNSPECIFIED.,.F.,.F.,(12,9,12),(0.,
    3.151524139379,6.303048278758),.UNSPECIFIED.);
#3470 = CARTESIAN_POINT('',(86.010008712108,-0.531249866335,
    26.800000021568));
#3471 = CARTESIAN_POINT('',(86.010009988641,-0.508522569674,
    26.368742868438));
#3472 = CARTESIAN_POINT('',(85.87456667981,-0.485795088471,
    25.937487445342));
#3473 = CARTESIAN_POINT('',(85.603480348129,-0.463068421016,
    25.553499358852));
#3474 = CARTESIAN_POINT('',(85.215717951139,-0.440340677238,
    25.264188853924));
#3475 = CARTESIAN_POINT('',(84.748047387259,-0.417613191967,
    25.108243884907));
#3476 = CARTESIAN_POINT('',(84.251957191434,-0.394886406749,
    25.108337035172));
#3477 = CARTESIAN_POINT('',(83.784322506881,-0.372158918933,
    25.264127492262));
#3478 = CARTESIAN_POINT('',(83.396434946402,-0.349431677588,
    25.553521626075));
#3479 = CARTESIAN_POINT('',(83.125473079127,-0.32670438616,
    25.93748492544));
#3480 = CARTESIAN_POINT('',(82.854510356765,-0.281249847233,
    26.800000045582));
#3481 = CARTESIAN_POINT('',(83.125473762693,-0.235795308305,
    27.662514950979));
#3482 = CARTESIAN_POINT('',(83.396438174031,-0.213068016908,
    28.046481700363));
#3483 = CARTESIAN_POINT('',(83.784302971955,-0.190340775391,
    28.335852418131));
#3484 = CARTESIAN_POINT('',(84.251983017639,-0.167613288031,
    28.491728917096));
#3485 = CARTESIAN_POINT('',(84.74804361609,-0.144886502079,
    28.491654267203));
#3486 = CARTESIAN_POINT('',(85.215683937085,-0.122159017576,
    28.335880643515));
#3487 = CARTESIAN_POINT('',(85.603528054751,-9.94312732746E-02,
    28.046484834));
#3488 = CARTESIAN_POINT('',(85.874544191992,-7.670460603288E-02,
    27.66251179774));
#3489 = CARTESIAN_POINT('',(86.010009462789,-5.397712479385E-02,
    27.231257176724));
#3490 = CARTESIAN_POINT('',(86.010010739899,-3.124982812807E-02,
    26.800000023595));
#3491 = ORIENTED_EDGE('',*,*,#3298,.F.);
#3492 = ORIENTED_EDGE('',*,*,#546,.T.);
#3493 = B_SPLINE_SURFACE_WITH_KNOTS('',1,11,(
    (#3494,#3495,#3496,#3497,#3498,#3499,#3500,#3501,#3502,#3503,#3504
      ,#3505,#3506,#3507,#3508,#3509,#3510,#3511,#3512,#3513,#3514)
    ,(#3515,#3516,#3517,#3518,#3519,#3520,#3521,#3522,#3523,#3524,#3525
      ,#3526,#3527,#3528,#3529,#3530,#3531,#3532,#3533,#3534,#3535
  )),.UNSPECIFIED.,.F.,.F.,.F.,(2,2),(12,9,12),(0.,6.25E-02),(0.,
    3.151524139379,6.303048278758),.UNSPECIFIED.);
#3494 = CARTESIAN_POINT('',(86.010007877136,-0.468749866341,
    26.800000019864));
#3495 = CARTESIAN_POINT('',(86.010009003726,-0.446022569682,
    26.368743139211));
#3496 = CARTESIAN_POINT('',(85.874564488869,-0.423295088496,
    25.937488035946));
#3497 = CARTESIAN_POINT('',(85.603482457974,-0.400568420996,
    25.553501077008));
#3498 = CARTESIAN_POINT('',(85.215715498658,-0.377840677233,
    25.26418573678));
#3499 = CARTESIAN_POINT('',(84.748047010108,-0.355113192027,
    25.108250945446));
#3500 = CARTESIAN_POINT('',(84.251958868221,-0.332386406719,
    25.108334224288));
#3501 = CARTESIAN_POINT('',(83.784321811068,-0.30965891895,
    25.264129644284));
#3502 = CARTESIAN_POINT('',(83.396435834446,-0.286931677592,
    25.553522217393));
#3503 = CARTESIAN_POINT('',(83.125473988519,-0.264204386168,
    25.937485476903));
#3504 = CARTESIAN_POINT('',(82.854511396636,-0.21874984724,
    26.800000039181));
#3505 = CARTESIAN_POINT('',(83.125474590577,-0.173295308312,
    27.66251441232));
#3506 = CARTESIAN_POINT('',(83.396438680781,-0.150568016915,
    28.046480716306));
#3507 = CARTESIAN_POINT('',(83.78430457243,-0.127840775405,
    28.335852628688));
#3508 = CARTESIAN_POINT('',(84.251981653913,-0.105113288038,
    28.491723968577));
#3509 = CARTESIAN_POINT('',(84.74804368047,-8.238650208389E-02,
    28.491659189083));
#3510 = CARTESIAN_POINT('',(85.215685484319,-5.965901755454E-02,
    28.335875585393));
#3511 = CARTESIAN_POINT('',(85.603524550478,-3.693127332979E-02,
    28.046484976901));
#3512 = CARTESIAN_POINT('',(85.874544645589,-1.420460601744E-02,
    27.662511297921));
#3513 = CARTESIAN_POINT('',(86.010008539194,8.522875199462E-03,
    27.231256902544));
#3514 = CARTESIAN_POINT('',(86.010009666363,3.125017186271E-02,
    26.800000021891));
#3515 = CARTESIAN_POINT('',(86.010008712108,-0.531249866335,
    26.800000021568));
#3516 = CARTESIAN_POINT('',(86.010009988641,-0.508522569674,
    26.368742868438));
#3517 = CARTESIAN_POINT('',(85.87456667981,-0.485795088471,
    25.937487445342));
#3518 = CARTESIAN_POINT('',(85.603480348129,-0.463068421016,
    25.553499358852));
#3519 = CARTESIAN_POINT('',(85.215717951139,-0.440340677238,
    25.264188853924));
#3520 = CARTESIAN_POINT('',(84.748047387259,-0.417613191967,
    25.108243884907));
#3521 = CARTESIAN_POINT('',(84.251957191434,-0.394886406749,
    25.108337035172));
#3522 = CARTESIAN_POINT('',(83.784322506881,-0.372158918933,
    25.264127492262));
#3523 = CARTESIAN_POINT('',(83.396434946402,-0.349431677588,
    25.553521626075));
#3524 = CARTESIAN_POINT('',(83.125473079127,-0.32670438616,
    25.93748492544));
#3525 = CARTESIAN_POINT('',(82.854510356765,-0.281249847233,
    26.800000045582));
#3526 = CARTESIAN_POINT('',(83.125473762693,-0.235795308305,
    27.662514950979));
#3527 = CARTESIAN_POINT('',(83.396438174031,-0.213068016908,
    28.046481700363));
#3528 = CARTESIAN_POINT('',(83.784302971955,-0.190340775391,
    28.335852418131));
#3529 = CARTESIAN_POINT('',(84.251983017639,-0.167613288031,
    28.491728917096));
#3530 = CARTESIAN_POINT('',(84.74804361609,-0.144886502079,
    28.491654267203));
#3531 = CARTESIAN_POINT('',(85.215683937085,-0.122159017576,
    28.335880643515));
#3532 = CARTESIAN_POINT('',(85.603528054751,-9.94312732746E-02,
    28.046484834));
#3533 = CARTESIAN_POINT('',(85.874544191992,-7.670460603288E-02,
    27.66251179774));
#3534 = CARTESIAN_POINT('',(86.010009462789,-5.397712479385E-02,
    27.231257176724));
#3535 = CARTESIAN_POINT('',(86.010010739899,-3.124982812807E-02,
    26.800000023595));
#3536 = ADVANCED_FACE('',(#3537),#3548,.F.);
#3537 = FACE_BOUND('',#3538,.F.);
#3538 = EDGE_LOOP('',(#3539,#3540,#3541,#3547));
#3539 = ORIENTED_EDGE('',*,*,#832,.F.);
#3540 = ORIENTED_EDGE('',*,*,#956,.T.);
#3541 = ORIENTED_EDGE('',*,*,#3542,.T.);
#3542 = EDGE_CURVE('',#949,#621,#3543,.T.);
#3543 = ( BOUNDED_CURVE() B_SPLINE_CURVE(2,(#3544,#3545,#3546),
.UNSPECIFIED.,.F.,.F.) B_SPLINE_CURVE_WITH_KNOTS((3,3),(0.,
1.714037758355),.PIECEWISE_BEZIER_KNOTS.) CURVE() 
GEOMETRIC_REPRESENTATION_ITEM() RATIONAL_B_SPLINE_CURVE((1.,
0.778049780031,1.)) REPRESENTATION_ITEM('') );
#3544 = CARTESIAN_POINT('',(89.,-14.,-31.5));
#3545 = CARTESIAN_POINT('',(90.240974256643,-13.48958268954,
    -33.51658316704));
#3546 = CARTESIAN_POINT('',(90.240974256643,-11.06736250837,
    -33.51658316704));
#3547 = ORIENTED_EDGE('',*,*,#630,.F.);
#3548 = ( BOUNDED_SURFACE() B_SPLINE_SURFACE(2,4,(
    (#3549,#3550,#3551,#3552,#3553)
    ,(#3554,#3555,#3556,#3557,#3558)
    ,(#3559,#3560,#3561,#3562,#3563
)),.UNSPECIFIED.,.F.,.F.,.F.) B_SPLINE_SURFACE_WITH_KNOTS((3,3),(5,5),(
    0.,1.714037758355),(425.21843860282,426.93247636118),
.PIECEWISE_BEZIER_KNOTS.) GEOMETRIC_REPRESENTATION_ITEM() 
RATIONAL_B_SPLINE_SURFACE((
    (1.,1.,1.,1.,1.)
    ,(0.707106781187,0.72123640876,0.737656616234,0.756493869984
      ,0.778049780031)
,(1.,1.,1.,1.,1.))) REPRESENTATION_ITEM('') SURFACE() );
#3549 = CARTESIAN_POINT('',(88.711537444791,-11.,-34.28571428571));
#3550 = CARTESIAN_POINT('',(89.109439067249,-11.,-34.12667140267));
#3551 = CARTESIAN_POINT('',(89.498254762913,-11.00662725183,
    -33.94489412335));
#3552 = CARTESIAN_POINT('',(89.876030628629,-11.02397850333,
    -33.7411638612));
#3553 = CARTESIAN_POINT('',(90.240974256643,-11.06736250837,
    -33.51658316704));
#3554 = CARTESIAN_POINT('',(88.711537444791,-14.,-34.28571428571));
#3555 = CARTESIAN_POINT('',(89.101643839958,-13.88245495594,
    -34.12978718645));
#3556 = CARTESIAN_POINT('',(89.486011249432,-13.75483159855,
    -33.95086695627));
#3557 = CARTESIAN_POINT('',(89.865631744607,-13.61985654427,
    -33.74756317445));
#3558 = CARTESIAN_POINT('',(90.240974256643,-13.48958268954,
    -33.51658316704));
#3559 = CARTESIAN_POINT('',(87.598076211353,-14.,-31.5));
#3560 = CARTESIAN_POINT('',(87.92110640426,-14.,-31.5));
#3561 = CARTESIAN_POINT('',(88.258933519547,-14.,-31.5));
#3562 = CARTESIAN_POINT('',(88.615989617598,-14.,-31.5));
#3563 = CARTESIAN_POINT('',(89.,-14.,-31.5));
#3564 = ADVANCED_FACE('',(#3565),#3576,.F.);
#3565 = FACE_BOUND('',#3566,.F.);
#3566 = EDGE_LOOP('',(#3567,#3568,#3569,#3575));
#3567 = ORIENTED_EDGE('',*,*,#3542,.F.);
#3568 = ORIENTED_EDGE('',*,*,#982,.T.);
#3569 = ORIENTED_EDGE('',*,*,#3570,.T.);
#3570 = EDGE_CURVE('',#973,#612,#3571,.T.);
#3571 = ( BOUNDED_CURVE() B_SPLINE_CURVE(2,(#3572,#3573,#3574),
.UNSPECIFIED.,.F.,.F.) B_SPLINE_CURVE_WITH_KNOTS((3,3),(0.,
0.565905963817),.PIECEWISE_BEZIER_KNOTS.) CURVE() 
GEOMETRIC_REPRESENTATION_ITEM() RATIONAL_B_SPLINE_CURVE((1.,
0.707106781187,1.)) REPRESENTATION_ITEM('') );
#3572 = CARTESIAN_POINT('',(89.,-14.,-30.74456264653));
#3573 = CARTESIAN_POINT('',(90.714285714286,-14.,-33.20651806648));
#3574 = CARTESIAN_POINT('',(90.714285714286,-11.,-33.20651806648));
#3575 = ORIENTED_EDGE('',*,*,#620,.F.);
#3576 = ( BOUNDED_SURFACE() B_SPLINE_SURFACE(2,4,(
    (#3577,#3578,#3579,#3580,#3581)
    ,(#3582,#3583,#3584,#3585,#3586)
    ,(#3587,#3588,#3589,#3590,#3591
)),.UNSPECIFIED.,.F.,.F.,.F.) B_SPLINE_SURFACE_WITH_KNOTS((3,3),(5,5),(
    0.,0.565905963817),(426.93247636118,427.498382325),
.PIECEWISE_BEZIER_KNOTS.) GEOMETRIC_REPRESENTATION_ITEM() 
RATIONAL_B_SPLINE_SURFACE((
    (1.,1.,1.,1.,1.)
    ,(0.778049780031,0.759256742576,0.741228548912,0.723868287688
      ,0.707106781187)
,(1.,1.,1.,1.,1.))) REPRESENTATION_ITEM('') SURFACE() );
#3577 = CARTESIAN_POINT('',(90.240974256643,-11.06736250837,
    -33.51658316704));
#3578 = CARTESIAN_POINT('',(90.361463886783,-11.02953913511,
    -33.44243570234));
#3579 = CARTESIAN_POINT('',(90.480554837221,-11.00904886322,
    -33.36601537543));
#3580 = CARTESIAN_POINT('',(90.598182776391,-11.,-33.28736177559));
#3581 = CARTESIAN_POINT('',(90.714285714286,-11.,-33.20651806648));
#3582 = CARTESIAN_POINT('',(90.240974256643,-13.48958268954,
    -33.51658316704));
#3583 = CARTESIAN_POINT('',(90.36444623255,-13.60274573752,
    -33.44060041264));
#3584 = CARTESIAN_POINT('',(90.484311547534,-13.72814490067,
    -33.36354852349));
#3585 = CARTESIAN_POINT('',(90.600871193858,-13.86106721247,
    -33.28548980195));
#3586 = CARTESIAN_POINT('',(90.714285714286,-14.,-33.20651806648));
#3587 = CARTESIAN_POINT('',(89.,-14.,-31.5));
#3588 = CARTESIAN_POINT('',(89.,-14.,-31.29397486004));
#3589 = CARTESIAN_POINT('',(89.,-14.,-31.10057504708));
#3590 = CARTESIAN_POINT('',(89.,-14.,-30.91787134795));
#3591 = CARTESIAN_POINT('',(89.,-14.,-30.74456264653));
#3592 = ADVANCED_FACE('',(#3593),#3613,.T.);
#3593 = FACE_BOUND('',#3594,.F.);
#3594 = EDGE_LOOP('',(#3595,#3596,#3605,#3612));
#3595 = ORIENTED_EDGE('',*,*,#3570,.F.);
#3596 = ORIENTED_EDGE('',*,*,#3597,.T.);
#3597 = EDGE_CURVE('',#973,#3598,#3600,.T.);
#3598 = VERTEX_POINT('',#3599);
#3599 = CARTESIAN_POINT('',(92.,-14.,-25.));
#3600 = CIRCLE('',#3601,7.);
#3601 = AXIS2_PLACEMENT_3D('',#3602,#3603,#3604);
#3602 = CARTESIAN_POINT('',(85.,-14.,-25.));
#3603 = DIRECTION('',(0.,-1.,0.));
#3604 = DIRECTION('',(0.,0.,-1.));
#3605 = ORIENTED_EDGE('',*,*,#3606,.T.);
#3606 = EDGE_CURVE('',#3598,#604,#3607,.T.);
#3607 = CIRCLE('',#3608,3.);
#3608 = AXIS2_PLACEMENT_3D('',#3609,#3610,#3611);
#3609 = CARTESIAN_POINT('',(92.,-11.,-25.));
#3610 = DIRECTION('',(6.E-17,-0.,1.));
#3611 = DIRECTION('',(1.,0.,-6.E-17));
#3612 = ORIENTED_EDGE('',*,*,#611,.F.);
#3613 = TOROIDAL_SURFACE('',#3614,7.,3.);
#3614 = AXIS2_PLACEMENT_3D('',#3615,#3616,#3617);
#3615 = CARTESIAN_POINT('',(85.,-11.,-25.));
#3616 = DIRECTION('',(0.,1.,0.));
#3617 = DIRECTION('',(0.,0.,-1.));
#3618 = ADVANCED_FACE('',(#3619),#3638,.T.);
#3619 = FACE_BOUND('',#3620,.T.);
#3620 = EDGE_LOOP('',(#3621,#3630,#3631,#3632));
#3621 = ORIENTED_EDGE('',*,*,#3622,.T.);
#3622 = EDGE_CURVE('',#3623,#718,#3625,.T.);
#3623 = VERTEX_POINT('',#3624);
#3624 = CARTESIAN_POINT('',(-92.,-14.,25.));
#3625 = CIRCLE('',#3626,3.);
#3626 = AXIS2_PLACEMENT_3D('',#3627,#3628,#3629);
#3627 = CARTESIAN_POINT('',(-92.,-11.,25.));
#3628 = DIRECTION('',(-6.E-17,0.,-1.));
#3629 = DIRECTION('',(-1.,0.,6.E-17));
#3630 = ORIENTED_EDGE('',*,*,#725,.T.);
#3631 = ORIENTED_EDGE('',*,*,#779,.F.);
#3632 = ORIENTED_EDGE('',*,*,#3633,.F.);
#3633 = EDGE_CURVE('',#3623,#780,#3634,.T.);
#3634 = LINE('',#3635,#3636);
#3635 = CARTESIAN_POINT('',(-92.,-14.,25.));
#3636 = VECTOR('',#3637,1.);
#3637 = DIRECTION('',(0.,-2.2E-16,-1.));
#3638 = CYLINDRICAL_SURFACE('',#3639,3.);
#3639 = AXIS2_PLACEMENT_3D('',#3640,#3641,#3642);
#3640 = CARTESIAN_POINT('',(-92.,-11.,25.));
#3641 = DIRECTION('',(0.,-2.2E-16,-1.));
#3642 = DIRECTION('',(0.,-1.,2.2E-16));
#3643 = ADVANCED_FACE('',(#3644,#3684),#3709,.F.);
#3644 = FACE_BOUND('',#3645,.F.);
#3645 = EDGE_LOOP('',(#3646,#3647,#3648,#3649,#3658,#3666,#3675,#3681,
    #3682,#3683));
#3646 = ORIENTED_EDGE('',*,*,#1006,.T.);
#3647 = ORIENTED_EDGE('',*,*,#788,.F.);
#3648 = ORIENTED_EDGE('',*,*,#3633,.F.);
#3649 = ORIENTED_EDGE('',*,*,#3650,.F.);
#3650 = EDGE_CURVE('',#3651,#3623,#3653,.T.);
#3651 = VERTEX_POINT('',#3652);
#3652 = CARTESIAN_POINT('',(-85.,-14.,32.));
#3653 = CIRCLE('',#3654,7.);
#3654 = AXIS2_PLACEMENT_3D('',#3655,#3656,#3657);
#3655 = CARTESIAN_POINT('',(-85.,-14.,25.));
#3656 = DIRECTION('',(0.,-1.,0.));
#3657 = DIRECTION('',(0.,0.,1.));
#3658 = ORIENTED_EDGE('',*,*,#3659,.F.);
#3659 = EDGE_CURVE('',#3660,#3651,#3662,.T.);
#3660 = VERTEX_POINT('',#3661);
#3661 = CARTESIAN_POINT('',(85.,-14.,32.));
#3662 = LINE('',#3663,#3664);
#3663 = CARTESIAN_POINT('',(85.,-14.,32.));
#3664 = VECTOR('',#3665,1.);
#3665 = DIRECTION('',(-1.,0.,0.));
#3666 = ORIENTED_EDGE('',*,*,#3667,.F.);
#3667 = EDGE_CURVE('',#3668,#3660,#3670,.T.);
#3668 = VERTEX_POINT('',#3669);
#3669 = CARTESIAN_POINT('',(92.,-14.,25.));
#3670 = CIRCLE('',#3671,7.);
#3671 = AXIS2_PLACEMENT_3D('',#3672,#3673,#3674);
#3672 = CARTESIAN_POINT('',(85.,-14.,25.));
#3673 = DIRECTION('',(0.,-1.,0.));
#3674 = DIRECTION('',(1.,0.,7.1E-16));
#3675 = ORIENTED_EDGE('',*,*,#3676,.F.);
#3676 = EDGE_CURVE('',#3598,#3668,#3677,.T.);
#3677 = LINE('',#3678,#3679);
#3678 = CARTESIAN_POINT('',(92.,-14.,-25.));
#3679 = VECTOR('',#3680,1.);
#3680 = DIRECTION('',(0.,2.2E-16,1.));
#3681 = ORIENTED_EDGE('',*,*,#3597,.F.);
#3682 = ORIENTED_EDGE('',*,*,#972,.T.);
#3683 = ORIENTED_EDGE('',*,*,#1031,.T.);
#3684 = FACE_BOUND('',#3685,.F.);
#3685 = EDGE_LOOP('',(#3686,#3694,#3702,#3708));
#3686 = ORIENTED_EDGE('',*,*,#3687,.T.);
#3687 = EDGE_CURVE('',#1143,#3688,#3690,.T.);
#3688 = VERTEX_POINT('',#3689);
#3689 = CARTESIAN_POINT('',(-89.,-14.,-18.));
#3690 = LINE('',#3691,#3692);
#3691 = CARTESIAN_POINT('',(-89.,-14.,30.));
#3692 = VECTOR('',#3693,1.);
#3693 = DIRECTION('',(0.,0.,-1.));
#3694 = ORIENTED_EDGE('',*,*,#3695,.T.);
#3695 = EDGE_CURVE('',#3688,#3696,#3698,.T.);
#3696 = VERTEX_POINT('',#3697);
#3697 = CARTESIAN_POINT('',(89.,-14.,-18.));
#3698 = LINE('',#3699,#3700);
#3699 = CARTESIAN_POINT('',(-89.,-14.,-18.));
#3700 = VECTOR('',#3701,1.);
#3701 = DIRECTION('',(1.,0.,0.));
#3702 = ORIENTED_EDGE('',*,*,#3703,.T.);
#3703 = EDGE_CURVE('',#3696,#1135,#3704,.T.);
#3704 = LINE('',#3705,#3706);
#3705 = CARTESIAN_POINT('',(89.,-14.,-18.));
#3706 = VECTOR('',#3707,1.);
#3707 = DIRECTION('',(0.,0.,1.));
#3708 = ORIENTED_EDGE('',*,*,#1142,.T.);
#3709 = PLANE('',#3710);
#3710 = AXIS2_PLACEMENT_3D('',#3711,#3712,#3713);
#3711 = CARTESIAN_POINT('',(0.,-14.,3.E-15));
#3712 = DIRECTION('',(0.,1.,0.));
#3713 = DIRECTION('',(0.,0.,1.));
#3714 = ADVANCED_FACE('',(#3715),#3727,.T.);
#3715 = FACE_BOUND('',#3716,.T.);
#3716 = EDGE_LOOP('',(#3717,#3718,#3719,#3726));
#3717 = ORIENTED_EDGE('',*,*,#3606,.T.);
#3718 = ORIENTED_EDGE('',*,*,#849,.T.);
#3719 = ORIENTED_EDGE('',*,*,#3720,.F.);
#3720 = EDGE_CURVE('',#3668,#850,#3721,.T.);
#3721 = CIRCLE('',#3722,3.);
#3722 = AXIS2_PLACEMENT_3D('',#3723,#3724,#3725);
#3723 = CARTESIAN_POINT('',(92.,-11.,25.));
#3724 = DIRECTION('',(-0.,2.2E-16,1.));
#3725 = DIRECTION('',(0.,-1.,2.2E-16));
#3726 = ORIENTED_EDGE('',*,*,#3676,.F.);
#3727 = CYLINDRICAL_SURFACE('',#3728,3.);
#3728 = AXIS2_PLACEMENT_3D('',#3729,#3730,#3731);
#3729 = CARTESIAN_POINT('',(92.,-11.,-25.));
#3730 = DIRECTION('',(0.,2.2E-16,1.));
#3731 = DIRECTION('',(0.,-1.,2.2E-16));
#3732 = ADVANCED_FACE('',(#3733),#3745,.T.);
#3733 = FACE_BOUND('',#3734,.F.);
#3734 = EDGE_LOOP('',(#3735,#3742,#3743,#3744));
#3735 = ORIENTED_EDGE('',*,*,#3736,.F.);
#3736 = EDGE_CURVE('',#3651,#875,#3737,.T.);
#3737 = CIRCLE('',#3738,3.);
#3738 = AXIS2_PLACEMENT_3D('',#3739,#3740,#3741);
#3739 = CARTESIAN_POINT('',(-85.,-11.,32.));
#3740 = DIRECTION('',(-1.,0.,0.));
#3741 = DIRECTION('',(-0.,-1.,-0.));
#3742 = ORIENTED_EDGE('',*,*,#3650,.T.);
#3743 = ORIENTED_EDGE('',*,*,#3622,.T.);
#3744 = ORIENTED_EDGE('',*,*,#882,.F.);
#3745 = TOROIDAL_SURFACE('',#3746,7.,3.);
#3746 = AXIS2_PLACEMENT_3D('',#3747,#3748,#3749);
#3747 = CARTESIAN_POINT('',(-85.,-11.,25.));
#3748 = DIRECTION('',(0.,1.,0.));
#3749 = DIRECTION('',(0.,-0.,1.));
#3750 = ADVANCED_FACE('',(#3751),#3763,.T.);
#3751 = FACE_BOUND('',#3752,.F.);
#3752 = EDGE_LOOP('',(#3753,#3754,#3755,#3762));
#3753 = ORIENTED_EDGE('',*,*,#3720,.F.);
#3754 = ORIENTED_EDGE('',*,*,#3667,.T.);
#3755 = ORIENTED_EDGE('',*,*,#3756,.T.);
#3756 = EDGE_CURVE('',#3660,#900,#3757,.T.);
#3757 = CIRCLE('',#3758,3.);
#3758 = AXIS2_PLACEMENT_3D('',#3759,#3760,#3761);
#3759 = CARTESIAN_POINT('',(85.,-11.,32.));
#3760 = DIRECTION('',(-1.,0.,0.));
#3761 = DIRECTION('',(-0.,-1.,-0.));
#3762 = ORIENTED_EDGE('',*,*,#907,.F.);
#3763 = TOROIDAL_SURFACE('',#3764,7.,3.);
#3764 = AXIS2_PLACEMENT_3D('',#3765,#3766,#3767);
#3765 = CARTESIAN_POINT('',(85.,-11.,25.));
#3766 = DIRECTION('',(0.,1.,0.));
#3767 = DIRECTION('',(1.,-0.,7.1E-16));
#3768 = ADVANCED_FACE('',(#3769),#3775,.T.);
#3769 = FACE_BOUND('',#3770,.T.);
#3770 = EDGE_LOOP('',(#3771,#3772,#3773,#3774));
#3771 = ORIENTED_EDGE('',*,*,#3756,.T.);
#3772 = ORIENTED_EDGE('',*,*,#923,.T.);
#3773 = ORIENTED_EDGE('',*,*,#3736,.F.);
#3774 = ORIENTED_EDGE('',*,*,#3659,.F.);
#3775 = CYLINDRICAL_SURFACE('',#3776,3.);
#3776 = AXIS2_PLACEMENT_3D('',#3777,#3778,#3779);
#3777 = CARTESIAN_POINT('',(85.,-11.,32.));
#3778 = DIRECTION('',(-1.,0.,0.));
#3779 = DIRECTION('',(-0.,-1.,-0.));
#3780 = ADVANCED_FACE('',(#3781),#3799,.F.);
#3781 = FACE_BOUND('',#3782,.F.);
#3782 = EDGE_LOOP('',(#3783,#3791,#3797,#3798));
#3783 = ORIENTED_EDGE('',*,*,#3784,.F.);
#3784 = EDGE_CURVE('',#3785,#1058,#3787,.T.);
#3785 = VERTEX_POINT('',#3786);
#3786 = CARTESIAN_POINT('',(-89.,-2.,-18.));
#3787 = LINE('',#3788,#3789);
#3788 = CARTESIAN_POINT('',(-89.,-2.,-18.));
#3789 = VECTOR('',#3790,1.);
#3790 = DIRECTION('',(1.,0.,0.));
#3791 = ORIENTED_EDGE('',*,*,#3792,.F.);
#3792 = EDGE_CURVE('',#1183,#3785,#3793,.T.);
#3793 = LINE('',#3794,#3795);
#3794 = CARTESIAN_POINT('',(-89.,-2.,30.));
#3795 = VECTOR('',#3796,1.);
#3796 = DIRECTION('',(0.,0.,-1.));
#3797 = ORIENTED_EDGE('',*,*,#1190,.F.);
#3798 = ORIENTED_EDGE('',*,*,#1057,.F.);
#3799 = PLANE('',#3800);
#3800 = AXIS2_PLACEMENT_3D('',#3801,#3802,#3803);
#3801 = CARTESIAN_POINT('',(0.,-2.,6.));
#3802 = DIRECTION('',(0.,1.,0.));
#3803 = DIRECTION('',(0.,0.,1.));
#3804 = ADVANCED_FACE('',(#3805),#3869,.F.);
#3805 = FACE_BOUND('',#3806,.F.);
#3806 = EDGE_LOOP('',(#3807,#3808,#3816,#3824,#3832,#3840,#3846,#3847,
    #3848,#3854,#3855,#3863));
#3807 = ORIENTED_EDGE('',*,*,#3695,.F.);
#3808 = ORIENTED_EDGE('',*,*,#3809,.T.);
#3809 = EDGE_CURVE('',#3688,#3810,#3812,.T.);
#3810 = VERTEX_POINT('',#3811);
#3811 = CARTESIAN_POINT('',(-89.,-7.,-18.));
#3812 = LINE('',#3813,#3814);
#3813 = CARTESIAN_POINT('',(-89.,-14.,-18.));
#3814 = VECTOR('',#3815,1.);
#3815 = DIRECTION('',(0.,1.,-2.2E-16));
#3816 = ORIENTED_EDGE('',*,*,#3817,.T.);
#3817 = EDGE_CURVE('',#3810,#3818,#3820,.T.);
#3818 = VERTEX_POINT('',#3819);
#3819 = CARTESIAN_POINT('',(-88.,-7.,-18.));
#3820 = LINE('',#3821,#3822);
#3821 = CARTESIAN_POINT('',(-89.,-7.,-18.));
#3822 = VECTOR('',#3823,1.);
#3823 = DIRECTION('',(1.,0.,0.));
#3824 = ORIENTED_EDGE('',*,*,#3825,.T.);
#3825 = EDGE_CURVE('',#3818,#3826,#3828,.T.);
#3826 = VERTEX_POINT('',#3827);
#3827 = CARTESIAN_POINT('',(-88.,-6.,-18.));
#3828 = LINE('',#3829,#3830);
#3829 = CARTESIAN_POINT('',(-88.,-7.,-18.));
#3830 = VECTOR('',#3831,1.);
#3831 = DIRECTION('',(0.,1.,0.));
#3832 = ORIENTED_EDGE('',*,*,#3833,.F.);
#3833 = EDGE_CURVE('',#3834,#3826,#3836,.T.);
#3834 = VERTEX_POINT('',#3835);
#3835 = CARTESIAN_POINT('',(-89.,-6.,-18.));
#3836 = LINE('',#3837,#3838);
#3837 = CARTESIAN_POINT('',(-89.,-6.,-18.));
#3838 = VECTOR('',#3839,1.);
#3839 = DIRECTION('',(1.,0.,0.));
#3840 = ORIENTED_EDGE('',*,*,#3841,.T.);
#3841 = EDGE_CURVE('',#3834,#3785,#3842,.T.);
#3842 = LINE('',#3843,#3844);
#3843 = CARTESIAN_POINT('',(-89.,-14.,-18.));
#3844 = VECTOR('',#3845,1.);
#3845 = DIRECTION('',(0.,1.,-2.2E-16));
#3846 = ORIENTED_EDGE('',*,*,#3784,.T.);
#3847 = ORIENTED_EDGE('',*,*,#1065,.F.);
#3848 = ORIENTED_EDGE('',*,*,#3849,.T.);
#3849 = EDGE_CURVE('',#1066,#1237,#3850,.T.);
#3850 = LINE('',#3851,#3852);
#3851 = CARTESIAN_POINT('',(-44.5,-6.,-18.));
#3852 = VECTOR('',#3853,1.);
#3853 = DIRECTION('',(1.,0.,0.));
#3854 = ORIENTED_EDGE('',*,*,#1244,.F.);
#3855 = ORIENTED_EDGE('',*,*,#3856,.T.);
#3856 = EDGE_CURVE('',#1245,#3857,#3859,.T.);
#3857 = VERTEX_POINT('',#3858);
#3858 = CARTESIAN_POINT('',(89.,-2.,-18.));
#3859 = LINE('',#3860,#3861);
#3860 = CARTESIAN_POINT('',(-89.,-2.,-18.));
#3861 = VECTOR('',#3862,1.);
#3862 = DIRECTION('',(1.,0.,0.));
#3863 = ORIENTED_EDGE('',*,*,#3864,.F.);
#3864 = EDGE_CURVE('',#3696,#3857,#3865,.T.);
#3865 = LINE('',#3866,#3867);
#3866 = CARTESIAN_POINT('',(89.,-14.,-18.));
#3867 = VECTOR('',#3868,1.);
#3868 = DIRECTION('',(0.,1.,-2.2E-16));
#3869 = PLANE('',#3870);
#3870 = AXIS2_PLACEMENT_3D('',#3871,#3872,#3873);
#3871 = CARTESIAN_POINT('',(-89.,-14.,-18.));
#3872 = DIRECTION('',(0.,-2.2E-16,-1.));
#3873 = DIRECTION('',(1.,0.,0.));
#3874 = ADVANCED_FACE('',(#3875),#3881,.T.);
#3875 = FACE_BOUND('',#3876,.T.);
#3876 = EDGE_LOOP('',(#3877,#3878,#3879,#3880));
#3877 = ORIENTED_EDGE('',*,*,#1236,.T.);
#3878 = ORIENTED_EDGE('',*,*,#2367,.T.);
#3879 = ORIENTED_EDGE('',*,*,#1073,.T.);
#3880 = ORIENTED_EDGE('',*,*,#3849,.T.);
#3881 = PLANE('',#3882);
#3882 = AXIS2_PLACEMENT_3D('',#3883,#3884,#3885);
#3883 = CARTESIAN_POINT('',(-1.272E-14,-6.,3.75));
#3884 = DIRECTION('',(0.,1.,0.));
#3885 = DIRECTION('',(0.,0.,1.));
#3886 = ADVANCED_FACE('',(#3887),#3893,.T.);
#3887 = FACE_BOUND('',#3888,.T.);
#3888 = EDGE_LOOP('',(#3889,#3890,#3891,#3892));
#3889 = ORIENTED_EDGE('',*,*,#1095,.T.);
#3890 = ORIENTED_EDGE('',*,*,#2384,.T.);
#3891 = ORIENTED_EDGE('',*,*,#2408,.T.);
#3892 = ORIENTED_EDGE('',*,*,#2432,.T.);
#3893 = PLANE('',#3894);
#3894 = AXIS2_PLACEMENT_3D('',#3895,#3896,#3897);
#3895 = CARTESIAN_POINT('',(7.83E-15,12.,-9.E-16));
#3896 = DIRECTION('',(0.,1.,0.));
#3897 = DIRECTION('',(0.,0.,1.));
#3898 = ADVANCED_FACE('',(#3899,#3910,#4020,#4130),#4222,.F.);
#3899 = FACE_BOUND('',#3900,.F.);
#3900 = EDGE_LOOP('',(#3901,#3902,#3903,#3904));
#3901 = ORIENTED_EDGE('',*,*,#3856,.F.);
#3902 = ORIENTED_EDGE('',*,*,#1252,.F.);
#3903 = ORIENTED_EDGE('',*,*,#1126,.F.);
#3904 = ORIENTED_EDGE('',*,*,#3905,.F.);
#3905 = EDGE_CURVE('',#3857,#1127,#3906,.T.);
#3906 = LINE('',#3907,#3908);
#3907 = CARTESIAN_POINT('',(89.,-2.,-18.));
#3908 = VECTOR('',#3909,1.);
#3909 = DIRECTION('',(0.,0.,1.));
#3910 = FACE_BOUND('',#3911,.F.);
#3911 = EDGE_LOOP('',(#3912,#3923,#3932,#3964,#3977,#3990));
#3912 = ORIENTED_EDGE('',*,*,#3913,.T.);
#3913 = EDGE_CURVE('',#3914,#3916,#3918,.T.);
#3914 = VERTEX_POINT('',#3915);
#3915 = CARTESIAN_POINT('',(83.751864498603,-2.,-12.82614928537));
#3916 = VERTEX_POINT('',#3917);
#3917 = CARTESIAN_POINT('',(83.24,-2.,-13.84));
#3918 = CIRCLE('',#3919,1.26);
#3919 = AXIS2_PLACEMENT_3D('',#3920,#3921,#3922);
#3920 = CARTESIAN_POINT('',(84.5,-2.,-13.84));
#3921 = DIRECTION('',(0.,-1.,2.2E-16));
#3922 = DIRECTION('',(-1.,0.,0.));
#3923 = ORIENTED_EDGE('',*,*,#3924,.T.);
#3924 = EDGE_CURVE('',#3916,#3925,#3927,.T.);
#3925 = VERTEX_POINT('',#3926);
#3926 = CARTESIAN_POINT('',(83.751838747711,-2.,-14.85383171215));
#3927 = CIRCLE('',#3928,1.26);
#3928 = AXIS2_PLACEMENT_3D('',#3929,#3930,#3931);
#3929 = CARTESIAN_POINT('',(84.5,-2.,-13.84));
#3930 = DIRECTION('',(0.,-1.,2.2E-16));
#3931 = DIRECTION('',(-1.,0.,0.));
#3932 = ORIENTED_EDGE('',*,*,#3933,.T.);
#3933 = EDGE_CURVE('',#3925,#3934,#3936,.T.);
#3934 = VERTEX_POINT('',#3935);
#3935 = CARTESIAN_POINT('',(85.895064775364,-2.,-14.41785248149));
#3936 = B_SPLINE_CURVE_WITH_KNOTS('',6,(#3937,#3938,#3939,#3940,#3941,
    #3942,#3943,#3944,#3945,#3946,#3947,#3948,#3949,#3950,#3951,#3952,
    #3953,#3954,#3955,#3956,#3957,#3958,#3959,#3960,#3961,#3962,#3963),
  .UNSPECIFIED.,.F.,.F.,(7,5,5,5,5,7),(0.,0.156665359882,0.293043446277,
    0.540046520161,0.770882463497,1.),.UNSPECIFIED.);
#3937 = CARTESIAN_POINT('',(83.36724038543,-2.,-13.85421540386));
#3938 = CARTESIAN_POINT('',(83.357565163485,-2.,-13.94301730213));
#3939 = CARTESIAN_POINT('',(83.35630381946,-2.,-14.03318901082));
#3940 = CARTESIAN_POINT('',(83.363606553649,-2.,-14.12369900234));
#3941 = CARTESIAN_POINT('',(83.379445533635,-2.,-14.21352878162));
#3942 = CARTESIAN_POINT('',(83.403646474509,-2.,-14.30168949273));
#3943 = CARTESIAN_POINT('',(83.46393386305,-2.,-14.46170747077));
#3944 = CARTESIAN_POINT('',(83.49807850902,-2.,-14.53420517082));
#3945 = CARTESIAN_POINT('',(83.538094237215,-2.,-14.60411153117));
#3946 = CARTESIAN_POINT('',(83.58368728752,-2.,-14.67085377655));
#3947 = CARTESIAN_POINT('',(83.634494120868,-2.,-14.73390974831));
#3948 = CARTESIAN_POINT('',(83.790779585742,-2.,-14.89949435787));
#3949 = CARTESIAN_POINT('',(83.90721375037,-2.,-14.99259258614));
#3950 = CARTESIAN_POINT('',(84.036822202239,-2.,-15.06926291486));
#3951 = CARTESIAN_POINT('',(84.176510489315,-2.,-15.12753740268));
#3952 = CARTESIAN_POINT('',(84.322943727692,-2.,-15.16610431422));
#3953 = CARTESIAN_POINT('',(84.612340345117,-2.,-15.20175089934));
#3954 = CARTESIAN_POINT('',(84.754987093051,-2.,-15.20139108544));
#3955 = CARTESIAN_POINT('',(84.89759448429,-2.,-15.18306612945));
#3956 = CARTESIAN_POINT('',(85.037381468282,-2.,-15.14706619413));
#3957 = CARTESIAN_POINT('',(85.17171687065,-2.,-15.09415052349));
#3958 = CARTESIAN_POINT('',(85.423725641812,-2.,-14.95765708565));
#3959 = CARTESIAN_POINT('',(85.541572134024,-2.,-14.87427980163));
#3960 = CARTESIAN_POINT('',(85.64938127483,-2.,-14.77678379861));
#3961 = CARTESIAN_POINT('',(85.745219167702,-2.,-14.66686092707));
#3962 = CARTESIAN_POINT('',(85.827496325015,-2.,-14.54646567144));
#3963 = CARTESIAN_POINT('',(85.895064822347,-2.,-14.41785247331));
#3964 = ORIENTED_EDGE('',*,*,#3965,.F.);
#3965 = EDGE_CURVE('',#3966,#3934,#3968,.T.);
#3966 = VERTEX_POINT('',#3967);
#3967 = CARTESIAN_POINT('',(86.010002569096,-2.,-13.83999998536));
#3968 = B_SPLINE_CURVE_WITH_KNOTS('',4,(#3969,#3970,#3971,#3972,#3973,
    #3974,#3975,#3976),.UNSPECIFIED.,.F.,.F.,(5,3,5),(0.,0.62399902932,
    1.),.UNSPECIFIED.);
#3969 = CARTESIAN_POINT('',(86.010002569096,-2.,-13.83999998536));
#3970 = CARTESIAN_POINT('',(86.010002835762,-2.,-13.93250392529));
#3971 = CARTESIAN_POINT('',(86.002449237478,-2.,-14.02500912405));
#3972 = CARTESIAN_POINT('',(85.987338914595,-2.,-14.11658423911));
#3973 = CARTESIAN_POINT('',(85.951375969594,-2.,-14.26039964596));
#3974 = CARTESIAN_POINT('',(85.935192109475,-2.,-14.31380889491));
#3975 = CARTESIAN_POINT('',(85.91639578463,-2.,-14.36635569113));
#3976 = CARTESIAN_POINT('',(85.895064775364,-2.,-14.41785248149));
#3977 = ORIENTED_EDGE('',*,*,#3978,.T.);
#3978 = EDGE_CURVE('',#3966,#3979,#3981,.T.);
#3979 = VERTEX_POINT('',#3980);
#3980 = CARTESIAN_POINT('',(85.895061349257,-2.,-13.26214793526));
#3981 = B_SPLINE_CURVE_WITH_KNOTS('',4,(#3982,#3983,#3984,#3985,#3986,
    #3987,#3988,#3989),.UNSPECIFIED.,.F.,.F.,(5,3,5),(0.,0.635998257041,
    1.),.UNSPECIFIED.);
#3982 = CARTESIAN_POINT('',(86.010002569096,-2.,-13.83999998536));
#3983 = CARTESIAN_POINT('',(86.010002297302,-2.,-13.74571725465));
#3984 = CARTESIAN_POINT('',(86.002153837119,-2.,-13.65143320289));
#3985 = CARTESIAN_POINT('',(85.986455981878,-2.,-13.55813428756));
#3986 = CARTESIAN_POINT('',(85.949815084573,-2.,-13.41449011681));
#3987 = CARTESIAN_POINT('',(85.933986270294,-2.,-13.36283880526));
#3988 = CARTESIAN_POINT('',(85.915711532995,-2.,-13.31200136024));
#3989 = CARTESIAN_POINT('',(85.895061378417,-2.,-13.2621479264));
#3990 = ORIENTED_EDGE('',*,*,#3991,.T.);
#3991 = EDGE_CURVE('',#3979,#3914,#3992,.T.);
#3992 = B_SPLINE_CURVE_WITH_KNOTS('',6,(#3993,#3994,#3995,#3996,#3997,
    #3998,#3999,#4000,#4001,#4002,#4003,#4004,#4005,#4006,#4007,#4008,
    #4009,#4010,#4011,#4012,#4013,#4014,#4015,#4016,#4017,#4018,#4019),
  .UNSPECIFIED.,.F.,.F.,(7,5,5,5,5,7),(0.,0.228066791663,0.459953596849,
    0.706956607937,0.84333467435,1.),.UNSPECIFIED.);
#3993 = CARTESIAN_POINT('',(85.895061349257,-2.,-13.26214793526));
#3994 = CARTESIAN_POINT('',(85.827803540879,-2.,-13.13412550995));
#3995 = CARTESIAN_POINT('',(85.745972598066,-2.,-13.01424574933));
#3996 = CARTESIAN_POINT('',(85.650699927189,-2.,-12.90473176488));
#3997 = CARTESIAN_POINT('',(85.543550482842,-2.,-12.80751308318));
#3998 = CARTESIAN_POINT('',(85.426428752641,-2.,-12.72426111381));
#3999 = CARTESIAN_POINT('',(85.174777971116,-2.,-12.58706165634));
#4000 = CARTESIAN_POINT('',(85.03993218929,-2.,-12.53359664216));
#4001 = CARTESIAN_POINT('',(84.8995490082,-2.,-12.49719077949));
#4002 = CARTESIAN_POINT('',(84.756294008636,-2.,-12.47861774282));
#4003 = CARTESIAN_POINT('',(84.61298576579,-2.,-12.47817516278));
#4004 = CARTESIAN_POINT('',(84.32295490295,-2.,-12.51389758741));
#4005 = CARTESIAN_POINT('',(84.176522551787,-2.,-12.55246264872));
#4006 = CARTESIAN_POINT('',(84.036834810622,-2.,-12.61073496712));
#4007 = CARTESIAN_POINT('',(83.907226614184,-2.,-12.68740318716));
#4008 = CARTESIAN_POINT('',(83.790792470639,-2.,-12.78049940659));
#4009 = CARTESIAN_POINT('',(83.634506651627,-2.,-12.94608098911));
#4010 = CARTESIAN_POINT('',(83.583699611389,-2.,-13.00913590814));
#4011 = CARTESIAN_POINT('',(83.538106270719,-2.,-13.07587711755));
#4012 = CARTESIAN_POINT('',(83.498090149218,-2.,-13.1457824545));
#4013 = CARTESIAN_POINT('',(83.463944984798,-2.,-13.21827914534));
#4014 = CARTESIAN_POINT('',(83.403656184193,-2.,-13.37829500978));
#4015 = CARTESIAN_POINT('',(83.379454304575,-2.,-13.46645462264));
#4016 = CARTESIAN_POINT('',(83.363614177485,-2.,-13.55628336759));
#4017 = CARTESIAN_POINT('',(83.356310083699,-2.,-13.64679242472));
#4018 = CARTESIAN_POINT('',(83.357569911318,-2.,-13.73696333943));
#4019 = CARTESIAN_POINT('',(83.367243509924,-2.,-13.82576460901));
#4020 = FACE_BOUND('',#4021,.F.);
#4021 = EDGE_LOOP('',(#4022,#4033,#4042,#4074,#4087,#4100));
#4022 = ORIENTED_EDGE('',*,*,#4023,.T.);
#4023 = EDGE_CURVE('',#4024,#4026,#4028,.T.);
#4024 = VERTEX_POINT('',#4025);
#4025 = CARTESIAN_POINT('',(83.751864498603,-2.,7.493850714627));
#4026 = VERTEX_POINT('',#4027);
#4027 = CARTESIAN_POINT('',(83.24,-2.,6.48));
#4028 = CIRCLE('',#4029,1.26);
#4029 = AXIS2_PLACEMENT_3D('',#4030,#4031,#4032);
#4030 = CARTESIAN_POINT('',(84.5,-2.,6.48));
#4031 = DIRECTION('',(0.,-1.,2.2E-16));
#4032 = DIRECTION('',(-1.,0.,0.));
#4033 = ORIENTED_EDGE('',*,*,#4034,.T.);
#4034 = EDGE_CURVE('',#4026,#4035,#4037,.T.);
#4035 = VERTEX_POINT('',#4036);
#4036 = CARTESIAN_POINT('',(83.751838747711,-2.,5.466168287844));
#4037 = CIRCLE('',#4038,1.26);
#4038 = AXIS2_PLACEMENT_3D('',#4039,#4040,#4041);
#4039 = CARTESIAN_POINT('',(84.5,-2.,6.48));
#4040 = DIRECTION('',(0.,-1.,2.2E-16));
#4041 = DIRECTION('',(-1.,0.,0.));
#4042 = ORIENTED_EDGE('',*,*,#4043,.T.);
#4043 = EDGE_CURVE('',#4035,#4044,#4046,.T.);
#4044 = VERTEX_POINT('',#4045);
#4045 = CARTESIAN_POINT('',(85.895064775364,-2.,5.902147518502));
#4046 = B_SPLINE_CURVE_WITH_KNOTS('',6,(#4047,#4048,#4049,#4050,#4051,
    #4052,#4053,#4054,#4055,#4056,#4057,#4058,#4059,#4060,#4061,#4062,
    #4063,#4064,#4065,#4066,#4067,#4068,#4069,#4070,#4071,#4072,#4073),
  .UNSPECIFIED.,.F.,.F.,(7,5,5,5,5,7),(0.,0.156665359882,0.293043446277,
    0.540046520161,0.770882463497,1.),.UNSPECIFIED.);
#4047 = CARTESIAN_POINT('',(83.36724038543,-2.,6.465784596134));
#4048 = CARTESIAN_POINT('',(83.357565163485,-2.,6.376982697862));
#4049 = CARTESIAN_POINT('',(83.35630381946,-2.,6.286810989175));
#4050 = CARTESIAN_POINT('',(83.363606553649,-2.,6.196300997651));
#4051 = CARTESIAN_POINT('',(83.379445533635,-2.,6.10647121838));
#4052 = CARTESIAN_POINT('',(83.403646474509,-2.,6.018310507263));
#4053 = CARTESIAN_POINT('',(83.46393386305,-2.,5.858292529224));
#4054 = CARTESIAN_POINT('',(83.49807850902,-2.,5.785794829173));
#4055 = CARTESIAN_POINT('',(83.538094237215,-2.,5.715888468826));
#4056 = CARTESIAN_POINT('',(83.58368728752,-2.,5.649146223443));
#4057 = CARTESIAN_POINT('',(83.634494120868,-2.,5.586090251681));
#4058 = CARTESIAN_POINT('',(83.790779585742,-2.,5.420505642127));
#4059 = CARTESIAN_POINT('',(83.90721375037,-2.,5.327407413854));
#4060 = CARTESIAN_POINT('',(84.036822202239,-2.,5.250737085139));
#4061 = CARTESIAN_POINT('',(84.176510489315,-2.,5.19246259732));
#4062 = CARTESIAN_POINT('',(84.322943727692,-2.,5.153895685774));
#4063 = CARTESIAN_POINT('',(84.612340345117,-2.,5.11824910066));
#4064 = CARTESIAN_POINT('',(84.75498709305,-2.,5.11860891456));
#4065 = CARTESIAN_POINT('',(84.89759448429,-2.,5.13693387055));
#4066 = CARTESIAN_POINT('',(85.037381468282,-2.,5.172933805869));
#4067 = CARTESIAN_POINT('',(85.17171687065,-2.,5.225849476506));
#4068 = CARTESIAN_POINT('',(85.423725641812,-2.,5.362342914342));
#4069 = CARTESIAN_POINT('',(85.541572134024,-2.,5.445720198362));
#4070 = CARTESIAN_POINT('',(85.64938127483,-2.,5.543216201382));
#4071 = CARTESIAN_POINT('',(85.745219167702,-2.,5.653139072929));
#4072 = CARTESIAN_POINT('',(85.827496325015,-2.,5.77353432856));
#4073 = CARTESIAN_POINT('',(85.895064822347,-2.,5.902147526681));
#4074 = ORIENTED_EDGE('',*,*,#4075,.F.);
#4075 = EDGE_CURVE('',#4076,#4044,#4078,.T.);
#4076 = VERTEX_POINT('',#4077);
#4077 = CARTESIAN_POINT('',(86.010002569096,-2.,6.480000014638));
#4078 = B_SPLINE_CURVE_WITH_KNOTS('',4,(#4079,#4080,#4081,#4082,#4083,
    #4084,#4085,#4086),.UNSPECIFIED.,.F.,.F.,(5,3,5),(0.,0.62399902932,
    1.),.UNSPECIFIED.);
#4079 = CARTESIAN_POINT('',(86.010002569096,-2.,6.480000014638));
#4080 = CARTESIAN_POINT('',(86.010002835762,-2.,6.387496074707));
#4081 = CARTESIAN_POINT('',(86.002449237478,-2.,6.294990875948));
#4082 = CARTESIAN_POINT('',(85.987338914595,-2.,6.203415760884));
#4083 = CARTESIAN_POINT('',(85.951375969594,-2.,6.059600354032));
#4084 = CARTESIAN_POINT('',(85.935192109475,-2.,6.006191105082));
#4085 = CARTESIAN_POINT('',(85.91639578463,-2.,5.953644308867));
#4086 = CARTESIAN_POINT('',(85.895064775364,-2.,5.902147518502));
#4087 = ORIENTED_EDGE('',*,*,#4088,.T.);
#4088 = EDGE_CURVE('',#4076,#4089,#4091,.T.);
#4089 = VERTEX_POINT('',#4090);
#4090 = CARTESIAN_POINT('',(85.895061349257,-2.,7.057852064733));
#4091 = B_SPLINE_CURVE_WITH_KNOTS('',4,(#4092,#4093,#4094,#4095,#4096,
    #4097,#4098,#4099),.UNSPECIFIED.,.F.,.F.,(5,3,5),(0.,0.635998257041,
    1.),.UNSPECIFIED.);
#4092 = CARTESIAN_POINT('',(86.010002569096,-2.,6.480000014638));
#4093 = CARTESIAN_POINT('',(86.010002297302,-2.,6.574282745345));
#4094 = CARTESIAN_POINT('',(86.002153837119,-2.,6.668566797109));
#4095 = CARTESIAN_POINT('',(85.986455981878,-2.,6.761865712431));
#4096 = CARTESIAN_POINT('',(85.949815084573,-2.,6.905509883182));
#4097 = CARTESIAN_POINT('',(85.933986270294,-2.,6.957161194735));
#4098 = CARTESIAN_POINT('',(85.915711532995,-2.,7.007998639751));
#4099 = CARTESIAN_POINT('',(85.895061378417,-2.,7.057852073594));
#4100 = ORIENTED_EDGE('',*,*,#4101,.T.);
#4101 = EDGE_CURVE('',#4089,#4024,#4102,.T.);
#4102 = B_SPLINE_CURVE_WITH_KNOTS('',6,(#4103,#4104,#4105,#4106,#4107,
    #4108,#4109,#4110,#4111,#4112,#4113,#4114,#4115,#4116,#4117,#4118,
    #4119,#4120,#4121,#4122,#4123,#4124,#4125,#4126,#4127,#4128,#4129),
  .UNSPECIFIED.,.F.,.F.,(7,5,5,5,5,7),(0.,0.228066791663,0.459953596849,
    0.706956607937,0.84333467435,1.),.UNSPECIFIED.);
#4103 = CARTESIAN_POINT('',(85.895061349257,-2.,7.057852064733));
#4104 = CARTESIAN_POINT('',(85.827803540879,-2.,7.18587449005));
#4105 = CARTESIAN_POINT('',(85.745972598066,-2.,7.305754250669));
#4106 = CARTESIAN_POINT('',(85.650699927189,-2.,7.415268235111));
#4107 = CARTESIAN_POINT('',(85.543550482842,-2.,7.512486916817));
#4108 = CARTESIAN_POINT('',(85.426428752641,-2.,7.595738886184));
#4109 = CARTESIAN_POINT('',(85.174777971116,-2.,7.732938343656));
#4110 = CARTESIAN_POINT('',(85.03993218929,-2.,7.786403357831));
#4111 = CARTESIAN_POINT('',(84.8995490082,-2.,7.822809220507));
#4112 = CARTESIAN_POINT('',(84.756294008636,-2.,7.84138225718));
#4113 = CARTESIAN_POINT('',(84.61298576579,-2.,7.841824837213));
#4114 = CARTESIAN_POINT('',(84.32295490295,-2.,7.806102412586));
#4115 = CARTESIAN_POINT('',(84.176522551787,-2.,7.767537351277));
#4116 = CARTESIAN_POINT('',(84.036834810621,-2.,7.709265032878));
#4117 = CARTESIAN_POINT('',(83.907226614184,-2.,7.632596812838));
#4118 = CARTESIAN_POINT('',(83.790792470639,-2.,7.539500593408));
#4119 = CARTESIAN_POINT('',(83.634506651627,-2.,7.37391901089));
#4120 = CARTESIAN_POINT('',(83.583699611389,-2.,7.310864091856));
#4121 = CARTESIAN_POINT('',(83.538106270719,-2.,7.244122882444));
#4122 = CARTESIAN_POINT('',(83.498090149218,-2.,7.174217545499));
#4123 = CARTESIAN_POINT('',(83.463944984798,-2.,7.101720854655));
#4124 = CARTESIAN_POINT('',(83.403656184193,-2.,6.941704990217));
#4125 = CARTESIAN_POINT('',(83.379454304575,-2.,6.853545377354));
#4126 = CARTESIAN_POINT('',(83.363614177485,-2.,6.763716632405));
#4127 = CARTESIAN_POINT('',(83.356310083699,-2.,6.673207575277));
#4128 = CARTESIAN_POINT('',(83.357569911318,-2.,6.583036660567));
#4129 = CARTESIAN_POINT('',(83.367243509924,-2.,6.494235390983));
#4130 = FACE_BOUND('',#4131,.F.);
#4131 = EDGE_LOOP('',(#4132,#4133,#4134,#4166,#4179,#4192));
#4132 = ORIENTED_EDGE('',*,*,#3183,.T.);
#4133 = ORIENTED_EDGE('',*,*,#2448,.T.);
#4134 = ORIENTED_EDGE('',*,*,#4135,.T.);
#4135 = EDGE_CURVE('',#2451,#4136,#4138,.T.);
#4136 = VERTEX_POINT('',#4137);
#4137 = CARTESIAN_POINT('',(85.895064775364,-2.,26.222147518502));
#4138 = B_SPLINE_CURVE_WITH_KNOTS('',6,(#4139,#4140,#4141,#4142,#4143,
    #4144,#4145,#4146,#4147,#4148,#4149,#4150,#4151,#4152,#4153,#4154,
    #4155,#4156,#4157,#4158,#4159,#4160,#4161,#4162,#4163,#4164,#4165),
  .UNSPECIFIED.,.F.,.F.,(7,5,5,5,5,7),(0.,0.156665359882,0.293043446277,
    0.540046520161,0.770882463497,1.),.UNSPECIFIED.);
#4139 = CARTESIAN_POINT('',(83.36724038543,-2.,26.785784596134));
#4140 = CARTESIAN_POINT('',(83.357565163485,-2.,26.696982697862));
#4141 = CARTESIAN_POINT('',(83.35630381946,-2.,26.606810989176));
#4142 = CARTESIAN_POINT('',(83.363606553649,-2.,26.516300997651));
#4143 = CARTESIAN_POINT('',(83.379445533635,-2.,26.42647121838));
#4144 = CARTESIAN_POINT('',(83.403646474509,-2.,26.338310507263));
#4145 = CARTESIAN_POINT('',(83.46393386305,-2.,26.178292529224));
#4146 = CARTESIAN_POINT('',(83.49807850902,-2.,26.105794829173));
#4147 = CARTESIAN_POINT('',(83.538094237215,-2.,26.035888468826));
#4148 = CARTESIAN_POINT('',(83.58368728752,-2.,25.969146223443));
#4149 = CARTESIAN_POINT('',(83.634494120868,-2.,25.906090251681));
#4150 = CARTESIAN_POINT('',(83.790779585742,-2.,25.740505642127));
#4151 = CARTESIAN_POINT('',(83.90721375037,-2.,25.647407413854));
#4152 = CARTESIAN_POINT('',(84.036822202239,-2.,25.570737085139));
#4153 = CARTESIAN_POINT('',(84.176510489315,-2.,25.51246259732));
#4154 = CARTESIAN_POINT('',(84.322943727692,-2.,25.473895685774));
#4155 = CARTESIAN_POINT('',(84.612340345117,-2.,25.43824910066));
#4156 = CARTESIAN_POINT('',(84.754987093051,-2.,25.43860891456));
#4157 = CARTESIAN_POINT('',(84.89759448429,-2.,25.45693387055));
#4158 = CARTESIAN_POINT('',(85.037381468282,-2.,25.492933805869));
#4159 = CARTESIAN_POINT('',(85.17171687065,-2.,25.545849476506));
#4160 = CARTESIAN_POINT('',(85.423725641812,-2.,25.682342914342));
#4161 = CARTESIAN_POINT('',(85.541572134024,-2.,25.765720198362));
#4162 = CARTESIAN_POINT('',(85.64938127483,-2.,25.863216201382));
#4163 = CARTESIAN_POINT('',(85.745219167702,-2.,25.973139072929));
#4164 = CARTESIAN_POINT('',(85.827496325015,-2.,26.09353432856));
#4165 = CARTESIAN_POINT('',(85.895064822347,-2.,26.222147526681));
#4166 = ORIENTED_EDGE('',*,*,#4167,.F.);
#4167 = EDGE_CURVE('',#4168,#4136,#4170,.T.);
#4168 = VERTEX_POINT('',#4169);
#4169 = CARTESIAN_POINT('',(86.010002569096,-2.,26.800000014638));
#4170 = B_SPLINE_CURVE_WITH_KNOTS('',4,(#4171,#4172,#4173,#4174,#4175,
    #4176,#4177,#4178),.UNSPECIFIED.,.F.,.F.,(5,3,5),(0.,0.62399902932,
    1.),.UNSPECIFIED.);
#4171 = CARTESIAN_POINT('',(86.010002569096,-2.,26.800000014638));
#4172 = CARTESIAN_POINT('',(86.010002835762,-2.,26.707496074707));
#4173 = CARTESIAN_POINT('',(86.002449237478,-2.,26.614990875948));
#4174 = CARTESIAN_POINT('',(85.987338914595,-2.,26.523415760884));
#4175 = CARTESIAN_POINT('',(85.951375969594,-2.,26.379600354032));
#4176 = CARTESIAN_POINT('',(85.935192109475,-2.,26.326191105082));
#4177 = CARTESIAN_POINT('',(85.91639578463,-2.,26.273644308867));
#4178 = CARTESIAN_POINT('',(85.895064775364,-2.,26.222147518502));
#4179 = ORIENTED_EDGE('',*,*,#4180,.T.);
#4180 = EDGE_CURVE('',#4168,#4181,#4183,.T.);
#4181 = VERTEX_POINT('',#4182);
#4182 = CARTESIAN_POINT('',(85.895061349257,-2.,27.377852064733));
#4183 = B_SPLINE_CURVE_WITH_KNOTS('',4,(#4184,#4185,#4186,#4187,#4188,
    #4189,#4190,#4191),.UNSPECIFIED.,.F.,.F.,(5,3,5),(0.,0.635998257041,
    1.),.UNSPECIFIED.);
#4184 = CARTESIAN_POINT('',(86.010002569096,-2.,26.800000014638));
#4185 = CARTESIAN_POINT('',(86.010002297302,-2.,26.894282745345));
#4186 = CARTESIAN_POINT('',(86.002153837119,-2.,26.988566797109));
#4187 = CARTESIAN_POINT('',(85.986455981878,-2.,27.081865712431));
#4188 = CARTESIAN_POINT('',(85.949815084573,-2.,27.225509883182));
#4189 = CARTESIAN_POINT('',(85.933986270294,-2.,27.277161194736));
#4190 = CARTESIAN_POINT('',(85.915711532995,-2.,27.327998639751));
#4191 = CARTESIAN_POINT('',(85.895061378417,-2.,27.377852073594));
#4192 = ORIENTED_EDGE('',*,*,#4193,.T.);
#4193 = EDGE_CURVE('',#4181,#3147,#4194,.T.);
#4194 = B_SPLINE_CURVE_WITH_KNOTS('',6,(#4195,#4196,#4197,#4198,#4199,
    #4200,#4201,#4202,#4203,#4204,#4205,#4206,#4207,#4208,#4209,#4210,
    #4211,#4212,#4213,#4214,#4215,#4216,#4217,#4218,#4219,#4220,#4221),
  .UNSPECIFIED.,.F.,.F.,(7,5,5,5,5,7),(0.,0.228066791663,0.459953596849,
    0.706956607937,0.84333467435,1.),.UNSPECIFIED.);
#4195 = CARTESIAN_POINT('',(85.895061349257,-2.,27.377852064733));
#4196 = CARTESIAN_POINT('',(85.827803540879,-2.,27.50587449005));
#4197 = CARTESIAN_POINT('',(85.745972598066,-2.,27.625754250669));
#4198 = CARTESIAN_POINT('',(85.650699927189,-2.,27.735268235111));
#4199 = CARTESIAN_POINT('',(85.543550482842,-2.,27.832486916817));
#4200 = CARTESIAN_POINT('',(85.426428752641,-2.,27.915738886184));
#4201 = CARTESIAN_POINT('',(85.174777971116,-2.,28.052938343656));
#4202 = CARTESIAN_POINT('',(85.039932189289,-2.,28.106403357831));
#4203 = CARTESIAN_POINT('',(84.8995490082,-2.,28.142809220507));
#4204 = CARTESIAN_POINT('',(84.756294008636,-2.,28.16138225718));
#4205 = CARTESIAN_POINT('',(84.612985765789,-2.,28.161824837213));
#4206 = CARTESIAN_POINT('',(84.32295490295,-2.,28.126102412586));
#4207 = CARTESIAN_POINT('',(84.176522551787,-2.,28.087537351277));
#4208 = CARTESIAN_POINT('',(84.036834810621,-2.,28.029265032878));
#4209 = CARTESIAN_POINT('',(83.907226614184,-2.,27.952596812838));
#4210 = CARTESIAN_POINT('',(83.790792470639,-2.,27.859500593408));
#4211 = CARTESIAN_POINT('',(83.634506651627,-2.,27.69391901089));
#4212 = CARTESIAN_POINT('',(83.583699611389,-2.,27.630864091856));
#4213 = CARTESIAN_POINT('',(83.538106270719,-2.,27.564122882444));
#4214 = CARTESIAN_POINT('',(83.498090149218,-2.,27.494217545499));
#4215 = CARTESIAN_POINT('',(83.463944984798,-2.,27.421720854654));
#4216 = CARTESIAN_POINT('',(83.403656184193,-2.,27.261704990216));
#4217 = CARTESIAN_POINT('',(83.379454304575,-2.,27.173545377354));
#4218 = CARTESIAN_POINT('',(83.363614177485,-2.,27.083716632405));
#4219 = CARTESIAN_POINT('',(83.356310083699,-2.,26.993207575277));
#4220 = CARTESIAN_POINT('',(83.357569911318,-2.,26.903036660567));
#4221 = CARTESIAN_POINT('',(83.367243509924,-2.,26.814235390983));
#4222 = PLANE('',#4223);
#4223 = AXIS2_PLACEMENT_3D('',#4224,#4225,#4226);
#4224 = CARTESIAN_POINT('',(0.,-2.,6.));
#4225 = DIRECTION('',(0.,1.,0.));
#4226 = DIRECTION('',(0.,0.,1.));
#4227 = ADVANCED_FACE('',(#4228),#4234,.F.);
#4228 = FACE_BOUND('',#4229,.F.);
#4229 = EDGE_LOOP('',(#4230,#4231,#4232,#4233));
#4230 = ORIENTED_EDGE('',*,*,#3864,.T.);
#4231 = ORIENTED_EDGE('',*,*,#3905,.T.);
#4232 = ORIENTED_EDGE('',*,*,#1134,.F.);
#4233 = ORIENTED_EDGE('',*,*,#3703,.F.);
#4234 = PLANE('',#4235);
#4235 = AXIS2_PLACEMENT_3D('',#4236,#4237,#4238);
#4236 = CARTESIAN_POINT('',(89.,-14.,-18.));
#4237 = DIRECTION('',(1.,0.,0.));
#4238 = DIRECTION('',(0.,2.2E-16,1.));
#4239 = ADVANCED_FACE('',(#4240),#4251,.F.);
#4240 = FACE_BOUND('',#4241,.F.);
#4241 = EDGE_LOOP('',(#4242,#4243,#4244,#4250));
#4242 = ORIENTED_EDGE('',*,*,#3687,.F.);
#4243 = ORIENTED_EDGE('',*,*,#1150,.T.);
#4244 = ORIENTED_EDGE('',*,*,#4245,.T.);
#4245 = EDGE_CURVE('',#1151,#3810,#4246,.T.);
#4246 = LINE('',#4247,#4248);
#4247 = CARTESIAN_POINT('',(-89.,-7.,30.));
#4248 = VECTOR('',#4249,1.);
#4249 = DIRECTION('',(0.,0.,-1.));
#4250 = ORIENTED_EDGE('',*,*,#3809,.F.);
#4251 = PLANE('',#4252);
#4252 = AXIS2_PLACEMENT_3D('',#4253,#4254,#4255);
#4253 = CARTESIAN_POINT('',(-89.,-14.,30.));
#4254 = DIRECTION('',(-1.,0.,0.));
#4255 = DIRECTION('',(-0.,-2.2E-16,-1.));
#4256 = ADVANCED_FACE('',(#4257),#4268,.F.);
#4257 = FACE_BOUND('',#4258,.F.);
#4258 = EDGE_LOOP('',(#4259,#4260,#4266,#4267));
#4259 = ORIENTED_EDGE('',*,*,#1158,.T.);
#4260 = ORIENTED_EDGE('',*,*,#4261,.T.);
#4261 = EDGE_CURVE('',#1159,#3818,#4262,.T.);
#4262 = LINE('',#4263,#4264);
#4263 = CARTESIAN_POINT('',(-88.,-7.,30.));
#4264 = VECTOR('',#4265,1.);
#4265 = DIRECTION('',(0.,0.,-1.));
#4266 = ORIENTED_EDGE('',*,*,#3817,.F.);
#4267 = ORIENTED_EDGE('',*,*,#4245,.F.);
#4268 = PLANE('',#4269);
#4269 = AXIS2_PLACEMENT_3D('',#4270,#4271,#4272);
#4270 = CARTESIAN_POINT('',(-89.,-7.,30.));
#4271 = DIRECTION('',(0.,1.,0.));
#4272 = DIRECTION('',(0.,0.,-1.));
#4273 = ADVANCED_FACE('',(#4274),#4285,.T.);
#4274 = FACE_BOUND('',#4275,.T.);
#4275 = EDGE_LOOP('',(#4276,#4277,#4278,#4284));
#4276 = ORIENTED_EDGE('',*,*,#4261,.T.);
#4277 = ORIENTED_EDGE('',*,*,#3825,.T.);
#4278 = ORIENTED_EDGE('',*,*,#4279,.T.);
#4279 = EDGE_CURVE('',#3826,#1167,#4280,.T.);
#4280 = LINE('',#4281,#4282);
#4281 = CARTESIAN_POINT('',(-88.,-6.,-18.));
#4282 = VECTOR('',#4283,1.);
#4283 = DIRECTION('',(0.,0.,1.));
#4284 = ORIENTED_EDGE('',*,*,#1166,.T.);
#4285 = PLANE('',#4286);
#4286 = AXIS2_PLACEMENT_3D('',#4287,#4288,#4289);
#4287 = CARTESIAN_POINT('',(-88.,-6.5,6.));
#4288 = DIRECTION('',(1.,0.,0.));
#4289 = DIRECTION('',(0.,0.,1.));
#4290 = ADVANCED_FACE('',(#4291),#4302,.F.);
#4291 = FACE_BOUND('',#4292,.F.);
#4292 = EDGE_LOOP('',(#4293,#4294,#4295,#4296));
#4293 = ORIENTED_EDGE('',*,*,#3833,.T.);
#4294 = ORIENTED_EDGE('',*,*,#4279,.T.);
#4295 = ORIENTED_EDGE('',*,*,#1174,.F.);
#4296 = ORIENTED_EDGE('',*,*,#4297,.F.);
#4297 = EDGE_CURVE('',#3834,#1175,#4298,.T.);
#4298 = LINE('',#4299,#4300);
#4299 = CARTESIAN_POINT('',(-89.,-6.,-18.));
#4300 = VECTOR('',#4301,1.);
#4301 = DIRECTION('',(0.,0.,1.));
#4302 = PLANE('',#4303);
#4303 = AXIS2_PLACEMENT_3D('',#4304,#4305,#4306);
#4304 = CARTESIAN_POINT('',(-89.,-6.,-18.));
#4305 = DIRECTION('',(0.,-1.,0.));
#4306 = DIRECTION('',(0.,0.,1.));
#4307 = ADVANCED_FACE('',(#4308),#4314,.F.);
#4308 = FACE_BOUND('',#4309,.F.);
#4309 = EDGE_LOOP('',(#4310,#4311,#4312,#4313));
#4310 = ORIENTED_EDGE('',*,*,#4297,.T.);
#4311 = ORIENTED_EDGE('',*,*,#1182,.T.);
#4312 = ORIENTED_EDGE('',*,*,#3792,.T.);
#4313 = ORIENTED_EDGE('',*,*,#3841,.F.);
#4314 = PLANE('',#4315);
#4315 = AXIS2_PLACEMENT_3D('',#4316,#4317,#4318);
#4316 = CARTESIAN_POINT('',(-89.,-14.,30.));
#4317 = DIRECTION('',(-1.,0.,0.));
#4318 = DIRECTION('',(-0.,-2.2E-16,-1.));
#4319 = ADVANCED_FACE('',(#4320),#4326,.T.);
#4320 = FACE_BOUND('',#4321,.T.);
#4321 = EDGE_LOOP('',(#4322,#4323,#4324,#4325));
#4322 = ORIENTED_EDGE('',*,*,#1292,.T.);
#4323 = ORIENTED_EDGE('',*,*,#2350,.T.);
#4324 = ORIENTED_EDGE('',*,*,#1214,.T.);
#4325 = ORIENTED_EDGE('',*,*,#1268,.T.);
#4326 = PLANE('',#4327);
#4327 = AXIS2_PLACEMENT_3D('',#4328,#4329,#4330);
#4328 = CARTESIAN_POINT('',(7.83E-15,12.,-9.E-16));
#4329 = DIRECTION('',(0.,1.,0.));
#4330 = DIRECTION('',(0.,0.,1.));
#4331 = ADVANCED_FACE('',(#4332),#4353,.F.);
#4332 = FACE_BOUND('',#4333,.F.);
#4333 = EDGE_LOOP('',(#4334,#4335,#4336,#4337,#4346));
#4334 = ORIENTED_EDGE('',*,*,#1410,.F.);
#4335 = ORIENTED_EDGE('',*,*,#1314,.T.);
#4336 = ORIENTED_EDGE('',*,*,#1747,.F.);
#4337 = ORIENTED_EDGE('',*,*,#4338,.T.);
#4338 = EDGE_CURVE('',#1711,#4339,#4341,.T.);
#4339 = VERTEX_POINT('',#4340);
#4340 = CARTESIAN_POINT('',(83.24,0.,6.48));
#4341 = CIRCLE('',#4342,1.26);
#4342 = AXIS2_PLACEMENT_3D('',#4343,#4344,#4345);
#4343 = CARTESIAN_POINT('',(84.5,0.,6.48));
#4344 = DIRECTION('',(0.,1.,-2.2E-16));
#4345 = DIRECTION('',(-1.,0.,0.));
#4346 = ORIENTED_EDGE('',*,*,#4347,.T.);
#4347 = EDGE_CURVE('',#4339,#1411,#4348,.T.);
#4348 = CIRCLE('',#4349,1.26);
#4349 = AXIS2_PLACEMENT_3D('',#4350,#4351,#4352);
#4350 = CARTESIAN_POINT('',(84.5,0.,6.48));
#4351 = DIRECTION('',(0.,1.,-2.2E-16));
#4352 = DIRECTION('',(-1.,0.,0.));
#4353 = PLANE('',#4354);
#4354 = AXIS2_PLACEMENT_3D('',#4355,#4356,#4357);
#4355 = CARTESIAN_POINT('',(7.83E-15,0.,2.1E-15));
#4356 = DIRECTION('',(0.,1.,0.));
#4357 = DIRECTION('',(0.,0.,1.));
#4358 = ADVANCED_FACE('',(#4359),#4380,.F.);
#4359 = FACE_BOUND('',#4360,.F.);
#4360 = EDGE_LOOP('',(#4361,#4362,#4363,#4364,#4373));
#4361 = ORIENTED_EDGE('',*,*,#1920,.F.);
#4362 = ORIENTED_EDGE('',*,*,#1307,.T.);
#4363 = ORIENTED_EDGE('',*,*,#2257,.F.);
#4364 = ORIENTED_EDGE('',*,*,#4365,.T.);
#4365 = EDGE_CURVE('',#2221,#4366,#4368,.T.);
#4366 = VERTEX_POINT('',#4367);
#4367 = CARTESIAN_POINT('',(83.24,0.,-13.84));
#4368 = CIRCLE('',#4369,1.26);
#4369 = AXIS2_PLACEMENT_3D('',#4370,#4371,#4372);
#4370 = CARTESIAN_POINT('',(84.5,0.,-13.84));
#4371 = DIRECTION('',(0.,1.,-2.2E-16));
#4372 = DIRECTION('',(-1.,0.,0.));
#4373 = ORIENTED_EDGE('',*,*,#4374,.T.);
#4374 = EDGE_CURVE('',#4366,#1921,#4375,.T.);
#4375 = CIRCLE('',#4376,1.26);
#4376 = AXIS2_PLACEMENT_3D('',#4377,#4378,#4379);
#4377 = CARTESIAN_POINT('',(84.5,0.,-13.84));
#4378 = DIRECTION('',(0.,1.,-2.2E-16));
#4379 = DIRECTION('',(-1.,0.,0.));
#4380 = PLANE('',#4381);
#4381 = AXIS2_PLACEMENT_3D('',#4382,#4383,#4384);
#4382 = CARTESIAN_POINT('',(7.83E-15,0.,2.1E-15));
#4383 = DIRECTION('',(0.,1.,0.));
#4384 = DIRECTION('',(0.,0.,1.));
#4385 = ADVANCED_FACE('',(#4386),#4998,.F.);
#4386 = FACE_BOUND('',#4387,.T.);
#4387 = EDGE_LOOP('',(#4388,#4389,#4406,#4455,#4492,#4535,#4572,#4621,
    #4658,#4705,#4706,#4707,#4708,#4709,#4710,#4753,#4790,#4839,#4876,
    #4925,#4962,#4997));
#4388 = ORIENTED_EDGE('',*,*,#4034,.T.);
#4389 = ORIENTED_EDGE('',*,*,#4390,.T.);
#4390 = EDGE_CURVE('',#4035,#4391,#4393,.T.);
#4391 = VERTEX_POINT('',#4392);
#4392 = CARTESIAN_POINT('',(83.24,-1.925589975285,6.48));
#4393 = B_SPLINE_CURVE_WITH_KNOTS('',6,(#4394,#4395,#4396,#4397,#4398,
    #4399,#4400,#4401,#4402,#4403,#4404,#4405),.UNSPECIFIED.,.F.,.F.,(7,
    5,7),(0.,0.22894037797,1.),.UNSPECIFIED.);
#4394 = CARTESIAN_POINT('',(83.752529625097,-2.000054213761,
    5.465658815466));
#4395 = CARTESIAN_POINT('',(83.716315365207,-1.997213162226,
    5.492345187696));
#4396 = CARTESIAN_POINT('',(83.681244282577,-1.994372108219,
    5.520583195904));
#4397 = CARTESIAN_POINT('',(83.647399841171,-1.991531048368,
    5.550311293598));
#4398 = CARTESIAN_POINT('',(83.614860523374,-1.988689980103,
    5.581462503593));
#4399 = CARTESIAN_POINT('',(83.583699829992,-1.985848901645,
    5.613964418015));
#4400 = CARTESIAN_POINT('',(83.453912546494,-1.973439165737,
    5.761490951268));
#4401 = CARTESIAN_POINT('',(83.370222633787,-1.963867588362,
    5.88971665959));
#4402 = CARTESIAN_POINT('',(83.305606627024,-1.954299072681,
    6.029391847066));
#4403 = CARTESIAN_POINT('',(83.261861535434,-1.944730437839,
    6.176941196593));
#4404 = CARTESIAN_POINT('',(83.24,-1.935158700988,6.328493208461));
#4405 = CARTESIAN_POINT('',(83.24,-1.925589975285,6.48));
#4406 = ORIENTED_EDGE('',*,*,#4407,.T.);
#4407 = EDGE_CURVE('',#4391,#4408,#4410,.T.);
#4408 = VERTEX_POINT('',#4409);
#4409 = CARTESIAN_POINT('',(85.76,-1.675592107022,6.47999994551));
#4410 = B_SPLINE_CURVE_WITH_KNOTS('',7,(#4411,#4412,#4413,#4414,#4415,
    #4416,#4417,#4418,#4419,#4420,#4421,#4422,#4423,#4424,#4425,#4426,
    #4427,#4428,#4429,#4430,#4431,#4432,#4433,#4434,#4435,#4436,#4437,
    #4438,#4439,#4440,#4441,#4442,#4443,#4444,#4445,#4446,#4447,#4448,
    #4449,#4450,#4451,#4452,#4453,#4454),.UNSPECIFIED.,.F.,.F.,(8,6,6,6,
    6,6,6,8),(0.,0.263391909435,0.505950631463,0.680019905746,
    0.739241890819,0.792658310952,0.926665786909,1.),.UNSPECIFIED.);
#4411 = CARTESIAN_POINT('',(83.24,-1.925589975285,6.48));
#4412 = CARTESIAN_POINT('',(83.24,-1.916183618225,6.628935921281));
#4413 = CARTESIAN_POINT('',(83.260538858971,-1.906773569276,
    6.777933783365));
#4414 = CARTESIAN_POINT('',(83.301646908771,-1.897367001692,
    6.923481482288));
#4415 = CARTESIAN_POINT('',(83.362559784956,-1.887961938342,
    7.06219904019));
#4416 = CARTESIAN_POINT('',(83.44190334767,-1.87855544361,7.190957386319
    ));
#4417 = CARTESIAN_POINT('',(83.537706852909,-1.869145432683,
    7.306905939709));
#4418 = CARTESIAN_POINT('',(83.748343356565,-1.851076983362,
    7.500501672697));
#4419 = CARTESIAN_POINT('',(83.861143198169,-1.842411945805,
    7.580518152192));
#4420 = CARTESIAN_POINT('',(83.983760320305,-1.833748656661,
    7.645876501958));
#4421 = CARTESIAN_POINT('',(84.113891494746,-1.825086518351,
    7.695192049071));
#4422 = CARTESIAN_POINT('',(84.249028494112,-1.81642322966,
    7.727514190301));
#4423 = CARTESIAN_POINT('',(84.386528733466,-1.80775820294,
    7.742353232424));
#4424 = CARTESIAN_POINT('',(84.622069277085,-1.792879585997,
    7.737929664328));
#4425 = CARTESIAN_POINT('',(84.720318869827,-1.78666281419,
    7.727112561201));
#4426 = CARTESIAN_POINT('',(84.817412553928,-1.780446491898,
    7.707342763975));
#4427 = CARTESIAN_POINT('',(84.912375289811,-1.774230424492,
    7.678777538062));
#4428 = CARTESIAN_POINT('',(85.004262891684,-1.768014099927,
    7.641700921007));
#4429 = CARTESIAN_POINT('',(85.092175456404,-1.76179737477,
    7.596519662522));
#4430 = CARTESIAN_POINT('',(85.203545589462,-1.753466205902,
    7.525822634569));
#4431 = CARTESIAN_POINT('',(85.231260976967,-1.751351297294,
    7.506999234539));
#4432 = CARTESIAN_POINT('',(85.258387235604,-1.749236383309,
    7.487319962774));
#4433 = CARTESIAN_POINT('',(85.28489273419,-1.74712146452,7.466807025038
    ));
#4434 = CARTESIAN_POINT('',(85.310746941599,-1.745006541723,
    7.445484047811));
#4435 = CARTESIAN_POINT('',(85.335920426764,-1.742891615944,
    7.423376078291));
#4436 = CARTESIAN_POINT('',(85.382451028387,-1.738869088474,
    7.379884705924));
#4437 = CARTESIAN_POINT('',(85.40394042082,-1.736961485813,
    7.358642664752));
#4438 = CARTESIAN_POINT('',(85.424832264194,-1.735053881679,
    7.336802879966));
#4439 = CARTESIAN_POINT('',(85.445106669319,-1.733146277238,
    7.314385568355));
#4440 = CARTESIAN_POINT('',(85.464744629595,-1.731238673597,
    7.29141174441));
#4441 = CARTESIAN_POINT('',(85.48372802101,-1.729331071802,
    7.267903220324));
#4442 = CARTESIAN_POINT('',(85.547978449457,-1.722637818516,
    7.183621325104));
#4443 = CARTESIAN_POINT('',(85.589690406851,-1.717852042164,
    7.12013513294));
#4444 = CARTESIAN_POINT('',(85.626901920381,-1.713066401416,
    7.053782994187));
#4445 = CARTESIAN_POINT('',(85.659379615499,-1.708280850469,
    6.984949215209));
#4446 = CARTESIAN_POINT('',(85.686931924228,-1.703495238825,
    6.914039920003));
#4447 = CARTESIAN_POINT('',(85.709410712343,-1.698709510023,
    6.841479526157));
#4448 = CARTESIAN_POINT('',(85.736181354395,-1.691305024713,
    6.72733608537));
#4449 = CARTESIAN_POINT('',(85.744099781038,-1.688686144828,
    6.686601200897));
#4450 = CARTESIAN_POINT('',(85.750451382825,-1.686067260919,
    6.645574372212));
#4451 = CARTESIAN_POINT('',(85.75522354272,-1.683448385125,6.60432786796
    ));
#4452 = CARTESIAN_POINT('',(85.758407830308,-1.680829541533,
    6.562934420603));
#4453 = CARTESIAN_POINT('',(85.760000001793,-1.678210766173,
    6.52146722642));
#4454 = CARTESIAN_POINT('',(85.76,-1.675592107022,6.47999994551));
#4455 = ORIENTED_EDGE('',*,*,#4456,.T.);
#4456 = EDGE_CURVE('',#4408,#4457,#4459,.T.);
#4457 = VERTEX_POINT('',#4458);
#4458 = CARTESIAN_POINT('',(83.24,-1.42559238329,6.48));
#4459 = B_SPLINE_CURVE_WITH_KNOTS('',6,(#4460,#4461,#4462,#4463,#4464,
    #4465,#4466,#4467,#4468,#4469,#4470,#4471,#4472,#4473,#4474,#4475,
    #4476,#4477,#4478,#4479,#4480,#4481,#4482,#4483,#4484,#4485,#4486,
    #4487,#4488,#4489,#4490,#4491),.UNSPECIFIED.,.F.,.F.,(7,5,5,5,5,5,7)
  ,(0.,7.800281534423E-02,0.268234058211,0.461540465065,0.611116848424,
    0.770342945168,1.),.UNSPECIFIED.);
#4460 = CARTESIAN_POINT('',(85.76,-1.675592107022,6.47999994551));
#4461 = CARTESIAN_POINT('',(85.759999997775,-1.672342426111,
    6.428540133754));
#4462 = CARTESIAN_POINT('',(85.757477957427,-1.66909327125,
    6.377080358376));
#4463 = CARTESIAN_POINT('',(85.752434013402,-1.665844192315,
    6.325775920508));
#4464 = CARTESIAN_POINT('',(85.744880794589,-1.662594916965,
    6.274780612021));
#4465 = CARTESIAN_POINT('',(85.734843424318,-1.659345350633,
    6.224246715519));
#4466 = CARTESIAN_POINT('',(85.691914099209,-1.648170111759,
    6.05257722997));
#4467 = CARTESIAN_POINT('',(85.646912968987,-1.640242131477,
    5.934451268982));
#4468 = CARTESIAN_POINT('',(85.587902133505,-1.632314301119,
    5.822160926408));
#4469 = CARTESIAN_POINT('',(85.515872406665,-1.624387444688,
    5.717742542633));
#4470 = CARTESIAN_POINT('',(85.432166498343,-1.616459921499,
    5.623019695339));
#4471 = CARTESIAN_POINT('',(85.243303343487,-1.600479944852,
    5.454640025962));
#4472 = CARTESIAN_POINT('',(85.137793315661,-1.592425213096,
    5.381323640962));
#4473 = CARTESIAN_POINT('',(85.023744313123,-1.584372116275,
    5.321155450048));
#4474 = CARTESIAN_POINT('',(84.903222817932,-1.576318704912,
    5.275308624402));
#4475 = CARTESIAN_POINT('',(84.778474896002,-1.568263607126,
    5.244558951241));
#4476 = CARTESIAN_POINT('',(84.553921515973,-1.553977380734,
    5.217292755687));
#4477 = CARTESIAN_POINT('',(84.454841249381,-1.547744830369,
    5.214604012843));
#4478 = CARTESIAN_POINT('',(84.355730403007,-1.541512591307,
    5.221253274268));
#4479 = CARTESIAN_POINT('',(84.257685194552,-1.535280365637,
    5.237200778654));
#4480 = CARTESIAN_POINT('',(84.161782440879,-1.529047834414,
    5.262237279675));
#4481 = CARTESIAN_POINT('',(83.970348053839,-1.516181486742,
    5.331913391241));
#4482 = CARTESIAN_POINT('',(83.875227179176,-1.509546908864,
    5.37771745055));
#4483 = CARTESIAN_POINT('',(83.784944691967,-1.502912940219,
    5.432946273253));
#4484 = CARTESIAN_POINT('',(83.700648649798,-1.496278988511,
    5.496940872594));
#4485 = CARTESIAN_POINT('',(83.623370547961,-1.489644455794,
    5.56887169222));
#4486 = CARTESIAN_POINT('',(83.453913139472,-1.473441641576,
    5.761490042678));
#4487 = CARTESIAN_POINT('',(83.370223000146,-1.463870050624,
    5.889715867752));
#4488 = CARTESIAN_POINT('',(83.305606813066,-1.454301521385,
    6.029391219615));
#4489 = CARTESIAN_POINT('',(83.261861597387,-1.444732872984,
    6.176940766932));
#4490 = CARTESIAN_POINT('',(83.24,-1.435161122553,6.328492993794));
#4491 = CARTESIAN_POINT('',(83.24,-1.42559238329,6.48));
#4492 = ORIENTED_EDGE('',*,*,#4493,.T.);
#4493 = EDGE_CURVE('',#4457,#4494,#4496,.T.);
#4494 = VERTEX_POINT('',#4495);
#4495 = CARTESIAN_POINT('',(85.76,-1.175594511976,6.479999896909));
#4496 = B_SPLINE_CURVE_WITH_KNOTS('',7,(#4497,#4498,#4499,#4500,#4501,
    #4502,#4503,#4504,#4505,#4506,#4507,#4508,#4509,#4510,#4511,#4512,
    #4513,#4514,#4515,#4516,#4517,#4518,#4519,#4520,#4521,#4522,#4523,
    #4524,#4525,#4526,#4527,#4528,#4529,#4530,#4531,#4532,#4533,#4534),
  .UNSPECIFIED.,.F.,.F.,(8,6,6,6,6,6,8),(0.,0.263361801597,
    0.504827237793,0.739289959461,0.79277830025,0.926787795119,1.),
  .UNSPECIFIED.);
#4497 = CARTESIAN_POINT('',(83.24,-1.42559238329,6.48));
#4498 = CARTESIAN_POINT('',(83.24,-1.416187240281,6.628916698561));
#4499 = CARTESIAN_POINT('',(83.260533557488,-1.406778408087,
    6.777895294193));
#4500 = CARTESIAN_POINT('',(83.301630979097,-1.39737305504,
    6.923425076889));
#4501 = CARTESIAN_POINT('',(83.362528312478,-1.387969205431,
    7.062127373206));
#4502 = CARTESIAN_POINT('',(83.441852117597,-1.378563925231,
    7.190874251104));
#4503 = CARTESIAN_POINT('',(83.537632637392,-1.36915513105,
    7.306816102287));
#4504 = CARTESIAN_POINT('',(83.747777699353,-1.351127067109,
    7.500001587176));
#4505 = CARTESIAN_POINT('',(83.860005309673,-1.342501260211,
    7.579725444025));
#4506 = CARTESIAN_POINT('',(83.98197211836,-1.333877159946,
    7.644933116293));
#4507 = CARTESIAN_POINT('',(84.111407755032,-1.325254182523,
    7.694256228627));
#4508 = CARTESIAN_POINT('',(84.245839843831,-1.316630079118,
    7.726752584487));
#4509 = CARTESIAN_POINT('',(84.382662985426,-1.308004277032,
    7.741932522482));
#4510 = CARTESIAN_POINT('',(84.651741152077,-1.291008174863,
    7.737835727563));
#4511 = CARTESIAN_POINT('',(84.784088589266,-1.282633137512,
    7.719544408119));
#4512 = CARTESIAN_POINT('',(84.913760150118,-1.274259855337,
    7.685003403634));
#4513 = CARTESIAN_POINT('',(85.03838382765,-1.265887597928,
    7.634717945789));
#4514 = CARTESIAN_POINT('',(85.155715084743,-1.257514201563,
    7.569593693767));
#4515 = CARTESIAN_POINT('',(85.263695621705,-1.249139069383,
    7.490913018151));
#4516 = CARTESIAN_POINT('',(85.382627419077,-1.238855954944,
    7.379713049429));
#4517 = CARTESIAN_POINT('',(85.404141176172,-1.236945812651,
    7.358438390175));
#4518 = CARTESIAN_POINT('',(85.425055666338,-1.235035668892,
    7.336564518615));
#4519 = CARTESIAN_POINT('',(85.445350925382,-1.23312552483,
    7.314111736692));
#4520 = CARTESIAN_POINT('',(85.46500787656,-1.231215381573,
    7.291101148128));
#4521 = CARTESIAN_POINT('',(85.484008330579,-1.229305240176,
    7.267554658426));
#4522 = CARTESIAN_POINT('',(85.548250520552,-1.222609447474,
    7.18321593102));
#4523 = CARTESIAN_POINT('',(85.589937918559,-1.217823671334,
    7.119713611328));
#4524 = CARTESIAN_POINT('',(85.627123764541,-1.213038030843,
    7.053347086321));
#4525 = CARTESIAN_POINT('',(85.659574832729,-1.2082524801,6.984500752613
    ));
#4526 = CARTESIAN_POINT('',(85.687099712394,-1.203466868514,
    6.913580808153));
#4527 = CARTESIAN_POINT('',(85.709550433587,-1.19868113964,
    6.841011727462));
#4528 = CARTESIAN_POINT('',(85.736261056161,-1.191281050855,
    6.726925722976));
#4529 = CARTESIAN_POINT('',(85.744153058517,-1.188666567391,
    6.68625677522));
#4530 = CARTESIAN_POINT('',(85.750483408008,-1.186052079971,
    6.645297345693));
#4531 = CARTESIAN_POINT('',(85.755239571595,-1.18343760078,
    6.604119344913));
#4532 = CARTESIAN_POINT('',(85.758413175137,-1.180823153838,
    6.562795141844));
#4533 = CARTESIAN_POINT('',(85.760000003387,-1.178208775005,
    6.521397563892));
#4534 = CARTESIAN_POINT('',(85.76,-1.175594511976,6.479999896909));
#4535 = ORIENTED_EDGE('',*,*,#4536,.T.);
#4536 = EDGE_CURVE('',#4494,#4537,#4539,.T.);
#4537 = VERTEX_POINT('',#4538);
#4538 = CARTESIAN_POINT('',(83.24,-0.925594791314,6.48));
#4539 = B_SPLINE_CURVE_WITH_KNOTS('',6,(#4540,#4541,#4542,#4543,#4544,
    #4545,#4546,#4547,#4548,#4549,#4550,#4551,#4552,#4553,#4554,#4555,
    #4556,#4557,#4558,#4559,#4560,#4561,#4562,#4563,#4564,#4565,#4566,
    #4567,#4568,#4569,#4570,#4571),.UNSPECIFIED.,.F.,.F.,(7,5,5,5,5,5,7)
  ,(0.,7.800281630834E-02,0.26823406014,0.461540471573,0.611116740922,
    0.770342647711,1.),.UNSPECIFIED.);
#4540 = CARTESIAN_POINT('',(85.76,-1.175594511976,6.479999896909));
#4541 = CARTESIAN_POINT('',(85.75999999579,-1.172344831067,
    6.428540085153));
#4542 = CARTESIAN_POINT('',(85.757477953457,-1.169095676212,
    6.377080309872));
#4543 = CARTESIAN_POINT('',(85.752434007453,-1.165846597285,
    6.325775872198));
#4544 = CARTESIAN_POINT('',(85.744880786673,-1.162597321941,
    6.274780564002));
#4545 = CARTESIAN_POINT('',(85.734843414453,-1.159347755613,
    6.224246667887));
#4546 = CARTESIAN_POINT('',(85.691914082944,-1.148172516803,
    6.052577184882));
#4547 = CARTESIAN_POINT('',(85.6469129486,-1.140244536573,5.934451226466
    ));
#4548 = CARTESIAN_POINT('',(85.587902109422,-1.132316706255,
    5.822160886904));
#4549 = CARTESIAN_POINT('',(85.515872379365,-1.124389849872,
    5.717742506496));
#4550 = CARTESIAN_POINT('',(85.432166468341,-1.116462326738,
    5.623019662839));
#4551 = CARTESIAN_POINT('',(85.243303307329,-1.100482350058,
    5.454639999571));
#4552 = CARTESIAN_POINT('',(85.137793275682,-1.092427618216,
    5.38132361748));
#4553 = CARTESIAN_POINT('',(85.023744269599,-1.08437452131,
    5.321155430084));
#4554 = CARTESIAN_POINT('',(84.903222771255,-1.076321109861,
    5.275308608529));
#4555 = CARTESIAN_POINT('',(84.778474846669,-1.068266011985,
    5.244558939972));
#4556 = CARTESIAN_POINT('',(84.553921539962,-1.053979790329,
    5.217292762685));
#4557 = CARTESIAN_POINT('',(84.454841350887,-1.047747244792,
    5.214604018865));
#4558 = CARTESIAN_POINT('',(84.35573058161,-1.041515010556,
    5.221253264744));
#4559 = CARTESIAN_POINT('',(84.257685447276,-1.035282789711,
    5.237200739198));
#4560 = CARTESIAN_POINT('',(84.161782762275,-1.029050263315,
    5.262237196605));
#4561 = CARTESIAN_POINT('',(83.970348543541,-1.016183928466,
    5.331913176909));
#4562 = CARTESIAN_POINT('',(83.875227764444,-1.009549358588,
    5.377717138378));
#4563 = CARTESIAN_POINT('',(83.784945356568,-1.00291539794,
    5.432945842624));
#4564 = CARTESIAN_POINT('',(83.700649373687,-0.996281454228,
    5.49694030591));
#4565 = CARTESIAN_POINT('',(83.623371307932,-0.989646929512,
    5.568870975623));
#4566 = CARTESIAN_POINT('',(83.453913676352,-0.973444111018,
    5.761489220046));
#4567 = CARTESIAN_POINT('',(83.370223331846,-0.963872507772,
    5.889715150827));
#4568 = CARTESIAN_POINT('',(83.305606981508,-0.954303966259,
    6.029390651524));
#4569 = CARTESIAN_POINT('',(83.261861653479,-0.94473530558,6.17694037792
    ));
#4570 = CARTESIAN_POINT('',(83.24,-0.935163542852,6.328492799435));
#4571 = CARTESIAN_POINT('',(83.24,-0.925594791314,6.48));
#4572 = ORIENTED_EDGE('',*,*,#4573,.T.);
#4573 = EDGE_CURVE('',#4537,#4574,#4576,.T.);
#4574 = VERTEX_POINT('',#4575);
#4575 = CARTESIAN_POINT('',(85.76,-0.675596916948,6.479999848308));
#4576 = B_SPLINE_CURVE_WITH_KNOTS('',7,(#4577,#4578,#4579,#4580,#4581,
    #4582,#4583,#4584,#4585,#4586,#4587,#4588,#4589,#4590,#4591,#4592,
    #4593,#4594,#4595,#4596,#4597,#4598,#4599,#4600,#4601,#4602,#4603,
    #4604,#4605,#4606,#4607,#4608,#4609,#4610,#4611,#4612,#4613,#4614,
    #4615,#4616,#4617,#4618,#4619,#4620),.UNSPECIFIED.,.F.,.F.,(8,6,6,6,
    6,6,6,8),(0.,0.263326463195,0.505013454115,0.680041059335,
    0.739297254935,0.792789128752,0.927519732185,1.),.UNSPECIFIED.);
#4577 = CARTESIAN_POINT('',(83.24,-0.925594791314,6.48));
#4578 = CARTESIAN_POINT('',(83.24,-0.916190767659,6.628898975216));
#4579 = CARTESIAN_POINT('',(83.260528670129,-0.906783057312,
    6.777859807209));
#4580 = CARTESIAN_POINT('',(83.301616293777,-0.897378824067,
    6.923373070857));
#4581 = CARTESIAN_POINT('',(83.362499298396,-0.887976093528,
    7.06206129509));
#4582 = CARTESIAN_POINT('',(83.441804888948,-0.878571933126,
    7.190797597539));
#4583 = CARTESIAN_POINT('',(83.537564218017,-0.869164260783,
    7.306733266564));
#4584 = CARTESIAN_POINT('',(83.747770936467,-0.851129273947,
    7.500013653764));
#4585 = CARTESIAN_POINT('',(83.860106377448,-0.842495412602,
    7.579811176703));
#4586 = CARTESIAN_POINT('',(83.982198784141,-0.833863266251,
    7.645064611173));
#4587 = CARTESIAN_POINT('',(84.111771232885,-0.825232248263,
    7.694401969664));
#4588 = CARTESIAN_POINT('',(84.246344130626,-0.81660009911,
    7.726879028317));
#4589 = CARTESIAN_POINT('',(84.383304530149,-0.807966243075,
    7.742005793313));
#4590 = CARTESIAN_POINT('',(84.618906122369,-0.793084521862,
    7.738275111589));
#4591 = CARTESIAN_POINT('',(84.717727652677,-0.786833508509,
    7.727639769064));
#4592 = CARTESIAN_POINT('',(84.815401597226,-0.780582957452,
    7.707949508359));
#4593 = CARTESIAN_POINT('',(84.910936314798,-0.774332668516,
    7.679362115441));
#4594 = CARTESIAN_POINT('',(85.003371465666,-0.768082115415,
    7.642164979957));
#4595 = CARTESIAN_POINT('',(85.091791824325,-0.761831151291,
    7.596770942212));
#4596 = CARTESIAN_POINT('',(85.203631120999,-0.753464534668,
    7.52576571068));
#4597 = CARTESIAN_POINT('',(85.231360959468,-0.751348403679,
    7.506929089427));
#4598 = CARTESIAN_POINT('',(85.258500912173,-0.74923226731,
    7.487235657901));
#4599 = CARTESIAN_POINT('',(85.285019295158,-0.74711612613,7.46670766332
    ));
#4600 = CARTESIAN_POINT('',(85.310885527207,-0.744999980937,
    7.445368776793));
#4601 = CARTESIAN_POINT('',(85.336070129846,-0.742883832762,
    7.423244093327));
#4602 = CARTESIAN_POINT('',(85.382638485932,-0.738857387708,
    7.379702275396));
#4603 = CARTESIAN_POINT('',(85.404153728652,-0.73694708987,
    7.358425611697));
#4604 = CARTESIAN_POINT('',(85.425069598963,-0.735036790566,
    7.336549645867));
#4605 = CARTESIAN_POINT('',(85.445366128077,-0.733126490958,
    7.314094685079));
#4606 = CARTESIAN_POINT('',(85.465024234956,-0.731216192156,
    7.291081838534));
#4607 = CARTESIAN_POINT('',(85.484025726309,-0.729305895215,
    7.267533017467));
#4608 = CARTESIAN_POINT('',(85.548515160596,-0.722584121259,
    7.182865489107));
#4609 = CARTESIAN_POINT('',(85.590403068936,-0.717772515944,
    7.119001959657));
#4610 = CARTESIAN_POINT('',(85.627739143665,-0.712961049655,
    7.052245298797));
#4611 = CARTESIAN_POINT('',(85.660286585226,-0.708149674965,
    6.982986319308));
#4612 = CARTESIAN_POINT('',(85.687851339334,-0.703338237102,
    6.911638070856));
#4613 = CARTESIAN_POINT('',(85.710283763863,-0.6985266785,6.838632216096
    ));
#4614 = CARTESIAN_POINT('',(85.736731417612,-0.691126862527,
    6.724489405717));
#4615 = CARTESIAN_POINT('',(85.74446745743,-0.688538477963,
    6.684212148837));
#4616 = CARTESIAN_POINT('',(85.750672379146,-0.685950090083,
    6.643652992883));
#4617 = CARTESIAN_POINT('',(85.755334142035,-0.683361710832,
    6.602881732745));
#4618 = CARTESIAN_POINT('',(85.758444700672,-0.680773363664,
    6.561968601458));
#4619 = CARTESIAN_POINT('',(85.760000004934,-0.678185083545,
    6.520984270204));
#4620 = CARTESIAN_POINT('',(85.76,-0.675596916948,6.479999848308));
#4621 = ORIENTED_EDGE('',*,*,#4622,.T.);
#4622 = EDGE_CURVE('',#4574,#4623,#4625,.T.);
#4623 = VERTEX_POINT('',#4624);
#4624 = CARTESIAN_POINT('',(83.24,-0.425597199357,6.48));
#4625 = B_SPLINE_CURVE_WITH_KNOTS('',6,(#4626,#4627,#4628,#4629,#4630,
    #4631,#4632,#4633,#4634,#4635,#4636,#4637,#4638,#4639,#4640,#4641,
    #4642,#4643,#4644,#4645,#4646,#4647,#4648,#4649,#4650,#4651,#4652,
    #4653,#4654,#4655,#4656,#4657),.UNSPECIFIED.,.F.,.F.,(7,5,5,5,5,5,7)
  ,(0.,7.800281727429E-02,0.268234054842,0.461540460482,0.611116592241,
    0.770342266889,1.),.UNSPECIFIED.);
#4626 = CARTESIAN_POINT('',(85.76,-0.675596916948,6.479999848308));
#4627 = CARTESIAN_POINT('',(85.759999993805,-0.672347236041,
    6.428540036552));
#4628 = CARTESIAN_POINT('',(85.757477949487,-0.669098081193,
    6.377080261367));
#4629 = CARTESIAN_POINT('',(85.752434001505,-0.665849002274,
    6.325775823888));
#4630 = CARTESIAN_POINT('',(85.744880778757,-0.662599726936,
    6.274780515983));
#4631 = CARTESIAN_POINT('',(85.734843404588,-0.659350160612,
    6.224246620255));
#4632 = CARTESIAN_POINT('',(85.691914067837,-0.648174922168,
    6.052577144423));
#4633 = CARTESIAN_POINT('',(85.646912931635,-0.64024694229,
    5.934451192935));
#4634 = CARTESIAN_POINT('',(85.587902092072,-0.632319112315,
    5.822160860211));
#4635 = CARTESIAN_POINT('',(85.515872363023,-0.624392256282,
    5.717742486243));
#4636 = CARTESIAN_POINT('',(85.432166454254,-0.616464733502,
    5.623019648349));
#4637 = CARTESIAN_POINT('',(85.243303299585,-0.600484757523,
    5.454639994629));
#4638 = CARTESIAN_POINT('',(85.137793272003,-0.592430026027,
    5.381323616367));
#4639 = CARTESIAN_POINT('',(85.023744270785,-0.58437692947,
    5.321155431715));
#4640 = CARTESIAN_POINT('',(84.90322277784,-0.576323518366,
    5.275308611666));
#4641 = CARTESIAN_POINT('',(84.7784748589,-0.568268420834,5.244558943286
    ));
#4642 = CARTESIAN_POINT('',(84.553921649264,-0.553982205329,
    5.217292774541));
#4643 = CARTESIAN_POINT('',(84.454841553657,-0.547749665602,
    5.214604023235));
#4644 = CARTESIAN_POINT('',(84.355730876746,-0.541517437175,
    5.221253244092));
#4645 = CARTESIAN_POINT('',(84.257685830604,-0.535285222138,
    5.237200676277));
#4646 = CARTESIAN_POINT('',(84.161783226659,-0.529052701553,
    5.262237075083));
#4647 = CARTESIAN_POINT('',(83.970349207987,-0.516186382267,
    5.331912884509));
#4648 = CARTESIAN_POINT('',(83.875228542785,-0.509551822147,
    5.377716721071));
#4649 = CARTESIAN_POINT('',(83.784946228455,-0.502917871252,
    5.432945275545));
#4650 = CARTESIAN_POINT('',(83.700650314155,-0.496283937296,
    5.496939567941));
#4651 = CARTESIAN_POINT('',(83.623372288209,-0.489649422338,
    5.568870050271));
#4652 = CARTESIAN_POINT('',(83.453914365138,-0.473446597852,
    5.761488164658));
#4653 = CARTESIAN_POINT('',(83.370223757397,-0.463874978836,
    5.889714231055));
#4654 = CARTESIAN_POINT('',(83.305607197609,-0.454306421576,
    6.029389922697));
#4655 = CARTESIAN_POINT('',(83.261861725441,-0.444737745147,
    6.17693987884));
#4656 = CARTESIAN_POINT('',(83.24,-0.435165966644,6.328492550085));
#4657 = CARTESIAN_POINT('',(83.24,-0.425597199357,6.48));
#4658 = ORIENTED_EDGE('',*,*,#4659,.T.);
#4659 = EDGE_CURVE('',#4623,#1704,#4660,.T.);
#4660 = B_SPLINE_CURVE_WITH_KNOTS('',7,(#4661,#4662,#4663,#4664,#4665,
    #4666,#4667,#4668,#4669,#4670,#4671,#4672,#4673,#4674,#4675,#4676,
    #4677,#4678,#4679,#4680,#4681,#4682,#4683,#4684,#4685,#4686,#4687,
    #4688,#4689,#4690,#4691,#4692,#4693,#4694,#4695,#4696,#4697,#4698,
    #4699,#4700,#4701,#4702,#4703,#4704),.UNSPECIFIED.,.F.,.F.,(8,6,6,6,
    6,6,6,8),(0.,0.26328780958,0.508037451618,0.680044008303,
    0.739304807481,0.79280717856,0.926814757961,1.),.UNSPECIFIED.);
#4661 = CARTESIAN_POINT('',(83.24,-0.425597199357,6.48));
#4662 = CARTESIAN_POINT('',(83.24,-0.416194565203,6.62887697448));
#4663 = CARTESIAN_POINT('',(83.260522604053,-0.406788247449,
    6.77781575576));
#4664 = CARTESIAN_POINT('',(83.301598066724,-0.397385404259,
    6.923308513235));
#4665 = CARTESIAN_POINT('',(83.362463286719,-0.387984062867,
    7.061979267989));
#4666 = CARTESIAN_POINT('',(83.441746269347,-0.378581292517,
    7.190702440365));
#4667 = CARTESIAN_POINT('',(83.53747929594,-0.369175012756,7.30663043158
    ));
#4668 = CARTESIAN_POINT('',(83.748920727714,-0.35103205166,
    7.501093844754));
#4669 = CARTESIAN_POINT('',(83.862820748678,-0.342288619113,
    7.581754244656));
#4670 = CARTESIAN_POINT('',(83.986706218893,-0.33354718849,
    7.647477377223));
#4671 = CARTESIAN_POINT('',(84.118197876006,-0.324806648056,
    7.69684064552));
#4672 = CARTESIAN_POINT('',(84.254728685482,-0.316065224105,
    7.728880271989));
#4673 = CARTESIAN_POINT('',(84.393570842575,-0.307321811582,
    7.743101572237));
#4674 = CARTESIAN_POINT('',(84.629149606459,-0.292438641835,
    7.737131683717));
#4675 = CARTESIAN_POINT('',(84.726164972905,-0.286295571272,
    7.72591137591));
#4676 = CARTESIAN_POINT('',(84.822005947946,-0.280152923492,
    7.705956718427));
#4677 = CARTESIAN_POINT('',(84.915732630769,-0.274010515315,
    7.677423928145));
#4678 = CARTESIAN_POINT('',(85.00643503818,-0.267867864254,
    7.640590046984));
#4679 = CARTESIAN_POINT('',(85.093245735939,-0.261724834072,
    7.595849078974));
#4680 = CARTESIAN_POINT('',(85.203644228999,-0.253465948059,
    7.52575697324));
#4681 = CARTESIAN_POINT('',(85.231375951923,-0.251349654964,
    7.506918551643));
#4682 = CARTESIAN_POINT('',(85.258517687218,-0.249233356489,
    7.487223196273));
#4683 = CARTESIAN_POINT('',(85.285037743963,-0.247117053201,7.4666931599
    ));
#4684 = CARTESIAN_POINT('',(85.310905534337,-0.245000745901,
    7.44535211961));
#4685 = CARTESIAN_POINT('',(85.336091573615,-0.242884435618,
    7.423225176804));
#4686 = CARTESIAN_POINT('',(85.382665039662,-0.238857455653,
    7.379676422988));
#4687 = CARTESIAN_POINT('',(85.404183842132,-0.236946785012,
    7.358394954283));
#4688 = CARTESIAN_POINT('',(85.42510301932,-0.235036112907,
    7.336513968162));
#4689 = CARTESIAN_POINT('',(85.445402591426,-0.233125440499,
    7.314053784335));
#4690 = CARTESIAN_POINT('',(85.465063467119,-0.231214768897,
    7.291035525141));
#4691 = CARTESIAN_POINT('',(85.484067443528,-0.229304099158,
    7.267481115549));
#4692 = CARTESIAN_POINT('',(85.54830782822,-0.222607778155,
    7.183130497654));
#4693 = CARTESIAN_POINT('',(85.589990050562,-0.217822002059,
    7.119624780967));
#4694 = CARTESIAN_POINT('',(85.627170487467,-0.213036361624,
    7.053255225921));
#4695 = CARTESIAN_POINT('',(85.659615944517,-0.208250810926,
    6.98440624814));
#4696 = CARTESIAN_POINT('',(85.687135044123,-0.203465199354,
    6.913484061144));
#4697 = CARTESIAN_POINT('',(85.709579850951,-0.198679470466,
    6.840913151445));
#4698 = CARTESIAN_POINT('',(85.736277836211,-0.191280307204,
    6.726839239689));
#4699 = CARTESIAN_POINT('',(85.74416427758,-0.188666749456,
    6.686184179055));
#4700 = CARTESIAN_POINT('',(85.750490153896,-0.186053187796,
    6.645238943994));
#4701 = CARTESIAN_POINT('',(85.755242950237,-0.183439634299,
    6.604075366622));
#4702 = CARTESIAN_POINT('',(85.758414304337,-0.180826112936,
    6.562765738913));
#4703 = CARTESIAN_POINT('',(85.760000006578,-0.178212659566,
    6.521382812708));
#4704 = CARTESIAN_POINT('',(85.76,-0.175599321939,6.479999799706));
#4705 = ORIENTED_EDGE('',*,*,#1710,.T.);
#4706 = ORIENTED_EDGE('',*,*,#4338,.T.);
#4707 = ORIENTED_EDGE('',*,*,#4347,.T.);
#4708 = ORIENTED_EDGE('',*,*,#1437,.F.);
#4709 = ORIENTED_EDGE('',*,*,#1329,.F.);
#4710 = ORIENTED_EDGE('',*,*,#4711,.F.);
#4711 = EDGE_CURVE('',#4712,#1330,#4714,.T.);
#4712 = VERTEX_POINT('',#4713);
#4713 = CARTESIAN_POINT('',(83.24,-0.574413045394,6.48));
#4714 = B_SPLINE_CURVE_WITH_KNOTS('',7,(#4715,#4716,#4717,#4718,#4719,
    #4720,#4721,#4722,#4723,#4724,#4725,#4726,#4727,#4728,#4729,#4730,
    #4731,#4732,#4733,#4734,#4735,#4736,#4737,#4738,#4739,#4740,#4741,
    #4742,#4743,#4744,#4745,#4746,#4747,#4748,#4749,#4750,#4751,#4752),
  .UNSPECIFIED.,.F.,.F.,(8,6,6,6,6,6,8),(0.,0.258813202396,0.49125987724
    ,0.603035043116,0.736352964184,0.917601597041,1.),.UNSPECIFIED.);
#4715 = CARTESIAN_POINT('',(83.24,-0.574413045394,6.48));
#4716 = CARTESIAN_POINT('',(83.24,-0.56517027533,6.626346972283));
#4717 = CARTESIAN_POINT('',(83.259831008278,-0.555923659867,
    6.77275148746));
#4718 = CARTESIAN_POINT('',(83.299520723367,-0.546679781611,
    6.915884423311));
#4719 = CARTESIAN_POINT('',(83.358358320507,-0.537437004145,
    7.052538094134));
#4720 = CARTESIAN_POINT('',(83.435061362162,-0.528193152404,
    7.179734354428));
#4721 = CARTESIAN_POINT('',(83.527788326828,-0.518946568187,
    7.294752590323));
#4722 = CARTESIAN_POINT('',(83.729584178157,-0.501402645244,
    7.485651675899));
#4723 = CARTESIAN_POINT('',(83.836084831135,-0.49309951572,
    7.564381437178));
#4724 = CARTESIAN_POINT('',(83.951869529765,-0.484798069083,
    7.629855327216));
#4725 = CARTESIAN_POINT('',(84.074942422907,-0.476497602266,
    7.680808226987));
#4726 = CARTESIAN_POINT('',(84.203124394002,-0.468196024998,
    7.716337917178));
#4727 = CARTESIAN_POINT('',(84.334109283842,-0.459892754964,
    7.735928402725));
#4728 = CARTESIAN_POINT('',(84.52867769121,-0.447599786046,
    7.741258217182));
#4729 = CARTESIAN_POINT('',(84.591959754579,-0.443607966912,
    7.73929146352));
#4730 = CARTESIAN_POINT('',(84.655082781261,-0.439616181275,
    7.733620151141));
#4731 = CARTESIAN_POINT('',(84.717786718348,-0.435624427556,
    7.724260055776));
#4732 = CARTESIAN_POINT('',(84.779814130582,-0.431632669149,
    7.71124961475));
#4733 = CARTESIAN_POINT('',(84.840911713072,-0.427640900396,
    7.694649696631));
#4734 = CARTESIAN_POINT('',(84.972300469645,-0.418888195021,
    7.650561894037));
#4735 = CARTESIAN_POINT('',(85.042097097398,-0.414127084847,
    7.62159104444));
#4736 = CARTESIAN_POINT('',(85.109800509245,-0.409366109727,
    7.587772249019));
#4737 = CARTESIAN_POINT('',(85.175008161033,-0.404605216069,
    7.549289493024));
#4738 = CARTESIAN_POINT('',(85.237339345108,-0.399844250596,
    7.506367436037));
#4739 = CARTESIAN_POINT('',(85.296438392928,-0.395083141952,
    7.459269527982));
#4740 = CARTESIAN_POINT('',(85.427485023297,-0.383849317467,
    7.338996667852));
#4741 = CARTESIAN_POINT('',(85.496423262486,-0.377375785009,
    7.262525093684));
#4742 = CARTESIAN_POINT('',(85.557961292252,-0.370902517011,
    7.179640037999));
#4743 = CARTESIAN_POINT('',(85.611396664014,-0.364429225901,
    7.091208341601));
#4744 = CARTESIAN_POINT('',(85.656153363926,-0.357955529938,
    6.998183411883));
#4745 = CARTESIAN_POINT('',(85.691790776062,-0.351481709679,
    6.901590284966));
#4746 = CARTESIAN_POINT('',(85.729950066571,-0.342066400455,
    6.757477333658));
#4747 = CARTESIAN_POINT('',(85.739933084912,-0.339123888363,
    6.711922449278));
#4748 = CARTESIAN_POINT('',(85.747946339424,-0.336181502289,
    6.665954006834));
#4749 = CARTESIAN_POINT('',(85.753969747819,-0.333239231758,
    6.619674127749));
#4750 = CARTESIAN_POINT('',(85.757989889579,-0.33029701268,
    6.573185783704));
#4751 = CARTESIAN_POINT('',(85.760000005963,-0.327354727355,
    6.526592796636));
#4752 = CARTESIAN_POINT('',(85.76,-0.324412204471,6.479999838739));
#4753 = ORIENTED_EDGE('',*,*,#4754,.F.);
#4754 = EDGE_CURVE('',#4755,#4712,#4757,.T.);
#4755 = VERTEX_POINT('',#4756);
#4756 = CARTESIAN_POINT('',(85.76,-0.824412003293,6.47999988734));
#4757 = B_SPLINE_CURVE_WITH_KNOTS('',6,(#4758,#4759,#4760,#4761,#4762,
    #4763,#4764,#4765,#4766,#4767,#4768,#4769,#4770,#4771,#4772,#4773,
    #4774,#4775,#4776,#4777,#4778,#4779,#4780,#4781,#4782,#4783,#4784,
    #4785,#4786,#4787,#4788,#4789),.UNSPECIFIED.,.F.,.F.,(7,5,5,5,5,5,7)
  ,(0.,7.000312307223E-02,0.265534228716,0.453750365944,0.573097128697,
    0.760694833902,1.),.UNSPECIFIED.);
#4758 = CARTESIAN_POINT('',(85.76,-0.824412003293,6.47999988734));
#4759 = CARTESIAN_POINT('',(85.759999995871,-0.821495437908,
    6.433817904391));
#4760 = CARTESIAN_POINT('',(85.757968764624,-0.818578540026,
    6.387636075065));
#4761 = CARTESIAN_POINT('',(85.753906393729,-0.815661524173,
    6.341566483435));
#4762 = CARTESIAN_POINT('',(85.74782108309,-0.812744530781,
    6.295720348425));
#4763 = CARTESIAN_POINT('',(85.739729145038,-0.809827626185,
    6.250208023812));
#4764 = CARTESIAN_POINT('',(85.701516147354,-0.798763598448,
    6.079253237465));
#4765 = CARTESIAN_POINT('',(85.657907798603,-0.79061584385,
    5.956804760213));
#4766 = CARTESIAN_POINT('',(85.599362163126,-0.782470500012,
    5.840214080632));
#4767 = CARTESIAN_POINT('',(85.526913830339,-0.774324553398,
    5.731713810599));
#4768 = CARTESIAN_POINT('',(85.441992330034,-0.766176815756,
    5.633306635969));
#4769 = CARTESIAN_POINT('',(85.254463194945,-0.750188112076,
    5.463239061017));
#4770 = CARTESIAN_POINT('',(85.152609747655,-0.742344883485,
    5.390691875112));
#4771 = CARTESIAN_POINT('',(85.042511416337,-0.734502776094,
    5.330498994567));
#4772 = CARTESIAN_POINT('',(84.9260587104,-0.726660825081,5.283770270363
    ));
#4773 = CARTESIAN_POINT('',(84.805310168992,-0.718817756019,
    5.251259532327));
#4774 = CARTESIAN_POINT('',(84.604548114841,-0.706003234224,
    5.221878914996));
#4775 = CARTESIAN_POINT('',(84.525787775895,-0.701030604298,
    5.216319481522));
#4776 = CARTESIAN_POINT('',(84.446721944596,-0.696058105652,
    5.216682055679));
#4777 = CARTESIAN_POINT('',(84.367906280304,-0.691085588914,
    5.222977826383));
#4778 = CARTESIAN_POINT('',(84.289893544599,-0.686112912858,
    5.235148891741));
#4779 = CARTESIAN_POINT('',(84.092714895344,-0.673324029966,
    5.281235966449));
#4780 = CARTESIAN_POINT('',(83.975507610711,-0.665506653575,
    5.323611353579));
#4781 = CARTESIAN_POINT('',(83.86373495153,-0.657690398564,5.37970368587
    ));
#4782 = CARTESIAN_POINT('',(83.759365978352,-0.649874146973,
    5.44859896339));
#4783 = CARTESIAN_POINT('',(83.66417486246,-0.642056814159,
    5.529046464026));
#4784 = CARTESIAN_POINT('',(83.471827326805,-0.624270066271,5.734759041)
  );
#4785 = CARTESIAN_POINT('',(83.381305003525,-0.614296305158,
    5.866325813606));
#4786 = CARTESIAN_POINT('',(83.311238403726,-0.604326825823,
    6.010810983872));
#4787 = CARTESIAN_POINT('',(83.263736813748,-0.594357367085,
    6.164202520778));
#4788 = CARTESIAN_POINT('',(83.24,-0.58438362937,6.322129062303));
#4789 = CARTESIAN_POINT('',(83.24,-0.574413045394,6.48));
#4790 = ORIENTED_EDGE('',*,*,#4791,.F.);
#4791 = EDGE_CURVE('',#4792,#4755,#4794,.T.);
#4792 = VERTEX_POINT('',#4793);
#4793 = CARTESIAN_POINT('',(83.24,-1.074412841157,6.48));
#4794 = B_SPLINE_CURVE_WITH_KNOTS('',7,(#4795,#4796,#4797,#4798,#4799,
    #4800,#4801,#4802,#4803,#4804,#4805,#4806,#4807,#4808,#4809,#4810,
    #4811,#4812,#4813,#4814,#4815,#4816,#4817,#4818,#4819,#4820,#4821,
    #4822,#4823,#4824,#4825,#4826,#4827,#4828,#4829,#4830,#4831,#4832,
    #4833,#4834,#4835,#4836,#4837,#4838),.UNSPECIFIED.,.F.,.F.,(8,6,6,6,
    6,6,6,8),(0.,0.257521230897,0.492056507649,0.604551218485,
    0.736101578472,0.787816046189,0.916850887849,1.),.UNSPECIFIED.);
#4795 = CARTESIAN_POINT('',(83.24,-1.074412841157,6.48));
#4796 = CARTESIAN_POINT('',(83.24,-1.065216165076,6.625617135384));
#4797 = CARTESIAN_POINT('',(83.259633704485,-1.056015732803,
    6.771290434963));
#4798 = CARTESIAN_POINT('',(83.298928016435,-1.046817964824,
    6.913741349284));
#4799 = CARTESIAN_POINT('',(83.357186725753,-1.037621273391,
    7.049809757742));
#4800 = CARTESIAN_POINT('',(83.433152448552,-1.028423527938,
    7.17655929387));
#4801 = CARTESIAN_POINT('',(83.525019012746,-1.019223122734,
    7.291305318504));
#4802 = CARTESIAN_POINT('',(83.726365735177,-1.001650650316,
    7.483333388251));
#4803 = CARTESIAN_POINT('',(83.83360171112,-0.993272799203,
    7.563102054843));
#4804 = CARTESIAN_POINT('',(83.950328298615,-0.984896706111,
    7.629398193878));
#4805 = CARTESIAN_POINT('',(84.074497766107,-0.976521637834,
    7.680917622302));
#4806 = CARTESIAN_POINT('',(84.203872020799,-0.968145408952,
    7.716731633441));
#4807 = CARTESIAN_POINT('',(84.336081394013,-0.95976740969,
    7.736311498221));
#4808 = CARTESIAN_POINT('',(84.532250816615,-0.947374098894,
    7.741192379302));
#4809 = CARTESIAN_POINT('',(84.59593597714,-0.943356563526,
    7.739029104585));
#4810 = CARTESIAN_POINT('',(84.659448918025,-0.939339063409,
    7.733113763284));
#4811 = CARTESIAN_POINT('',(84.722524571383,-0.935321596685,
    7.723463254577));
#4812 = CARTESIAN_POINT('',(84.784900632429,-0.931304125282,
    7.710117719118));
#4813 = CARTESIAN_POINT('',(84.846319121332,-0.927286643053,
    7.693140296567));
#4814 = CARTESIAN_POINT('',(84.976935632472,-0.918571331471,
    7.648616977623));
#4815 = CARTESIAN_POINT('',(85.045692069769,-0.913873334108,
    7.61976693993));
#4816 = CARTESIAN_POINT('',(85.112393345602,-0.909175463964,
    7.586204545444));
#4817 = CARTESIAN_POINT('',(85.176653355079,-0.904477669883,
    7.548107842688));
#4818 = CARTESIAN_POINT('',(85.238106790999,-0.899779807453,
    7.505693387072));
#4819 = CARTESIAN_POINT('',(85.29641213508,-0.895081809049,
    7.459214474666));
#4820 = CARTESIAN_POINT('',(85.372814084121,-0.888537015495,
    7.389203324545));
#4821 = CARTESIAN_POINT('',(85.393838633063,-0.886690164769,7.3688634936
    ));
#4822 = CARTESIAN_POINT('',(85.414309277268,-0.88484329994,
    7.347957314284));
#4823 = CARTESIAN_POINT('',(85.434207764326,-0.882996419795,
    7.326502928416));
#4824 = CARTESIAN_POINT('',(85.453516608169,-0.881149523657,
    7.304519188505));
#4825 = CARTESIAN_POINT('',(85.472219089075,-0.879302611379,
    7.28202565774));
#4826 = CARTESIAN_POINT('',(85.535411797167,-0.872847339165,
    7.201696686183));
#4827 = CARTESIAN_POINT('',(85.576651085409,-0.86823879117,
    7.141301562009));
#4828 = CARTESIAN_POINT('',(85.613768184747,-0.863630217382,
    7.078173778001));
#4829 = CARTESIAN_POINT('',(85.646548275649,-0.859021653389,
    7.012652270603));
#4830 = CARTESIAN_POINT('',(85.674812064766,-0.854413102419,
    6.945095499414));
#4831 = CARTESIAN_POINT('',(85.698417197012,-0.849804645409,
    6.875878574434));
#4832 = CARTESIAN_POINT('',(85.729401618473,-0.84222712866,6.75996830632
    ));
#4833 = CARTESIAN_POINT('',(85.739566210846,-0.839257789381,
    6.714017291628));
#4834 = CARTESIAN_POINT('',(85.747725714664,-0.836288578957,
    6.667641357901));
#4835 = CARTESIAN_POINT('',(85.75385930719,-0.833319487761,
    6.620945411852));
#4836 = CARTESIAN_POINT('',(85.757953073045,-0.830350450835,
    6.574035248223));
#4837 = CARTESIAN_POINT('',(85.760000004204,-0.827381347888,
    6.527017549785));
#4838 = CARTESIAN_POINT('',(85.76,-0.824412003293,6.47999988734));
#4839 = ORIENTED_EDGE('',*,*,#4840,.F.);
#4840 = EDGE_CURVE('',#4841,#4792,#4843,.T.);
#4841 = VERTEX_POINT('',#4842);
#4842 = CARTESIAN_POINT('',(85.76,-1.324411802121,6.47999993594));
#4843 = B_SPLINE_CURVE_WITH_KNOTS('',6,(#4844,#4845,#4846,#4847,#4848,
    #4849,#4850,#4851,#4852,#4853,#4854,#4855,#4856,#4857,#4858,#4859,
    #4860,#4861,#4862,#4863,#4864,#4865,#4866,#4867,#4868,#4869,#4870,
    #4871,#4872,#4873,#4874,#4875),.UNSPECIFIED.,.F.,.F.,(7,5,5,5,5,5,7)
  ,(0.,7.000311864095E-02,0.265534151766,0.453747699978,0.573166930152,
    0.760843966152,1.),.UNSPECIFIED.);
#4844 = CARTESIAN_POINT('',(85.76,-1.324411802121,6.47999993594));
#4845 = CARTESIAN_POINT('',(85.759999997652,-1.321495236736,
    6.433817952991));
#4846 = CARTESIAN_POINT('',(85.757968768187,-1.31857833885,
    6.387636123587));
#4847 = CARTESIAN_POINT('',(85.753906399069,-1.315661322993,6.3415665318
    ));
#4848 = CARTESIAN_POINT('',(85.747821090198,-1.312744329597,
    6.295720396556));
#4849 = CARTESIAN_POINT('',(85.739729153902,-1.309827424998,
    6.250208071631));
#4850 = CARTESIAN_POINT('',(85.701516171467,-1.29876339976,6.07925332253
    ));
#4851 = CARTESIAN_POINT('',(85.657907845615,-1.290615647673,
    5.956804880223));
#4852 = CARTESIAN_POINT('',(85.599362241843,-1.282470306354,
    5.840214230649));
#4853 = CARTESIAN_POINT('',(85.526913948357,-1.274324362252,
    5.731713983724));
#4854 = CARTESIAN_POINT('',(85.441992493308,-1.266176627121,
    5.633306823665));
#4855 = CARTESIAN_POINT('',(85.254464685687,-1.250188033322,
    5.463240374808));
#4856 = CARTESIAN_POINT('',(85.152612785251,-1.24234491218,
    5.390694010748));
#4857 = CARTESIAN_POINT('',(85.04251620131,-1.234502912154,
    5.330501591003));
#4858 = CARTESIAN_POINT('',(84.926065361488,-1.226661068496,
    5.283772926855));
#4859 = CARTESIAN_POINT('',(84.805318715846,-1.218818106873,
    5.251261827832));
#4860 = CARTESIAN_POINT('',(84.604511280444,-1.206000672796,
    5.221872861664));
#4861 = CARTESIAN_POINT('',(84.525702635884,-1.201025022928,
    5.216312945337));
#4862 = CARTESIAN_POINT('',(84.446588414828,-1.196049504705,
    5.216682278086));
#4863 = CARTESIAN_POINT('',(84.367725293408,-1.191073968348,
    5.222992031376));
#4864 = CARTESIAN_POINT('',(84.289667035497,-1.186098272242,
    5.235184118214));
#4865 = CARTESIAN_POINT('',(84.092400978838,-1.173303063601,
    5.28133726129));
#4866 = CARTESIAN_POINT('',(83.975154803444,-1.16548237903,5.32376230738
    ));
#4867 = CARTESIAN_POINT('',(83.863351778743,-1.157662818374,
    5.379914507799));
#4868 = CARTESIAN_POINT('',(83.758963194109,-1.149843261405,
    5.448878077795));
#4869 = CARTESIAN_POINT('',(83.663765017303,-1.142022621025,
    5.529400031335));
#4870 = CARTESIAN_POINT('',(83.471545332431,-1.124238781338,
    5.735169093698));
#4871 = CARTESIAN_POINT('',(83.381130338096,-1.114271244071,
    5.866686074142));
#4872 = CARTESIAN_POINT('',(83.311149580874,-1.104307975383,
    6.011097873742));
#4873 = CARTESIAN_POINT('',(83.263707239586,-1.094344726886,
    6.164399439762));
#4874 = CARTESIAN_POINT('',(83.24,-1.084377212235,6.322227435293));
#4875 = CARTESIAN_POINT('',(83.24,-1.074412841157,6.48));
#4876 = ORIENTED_EDGE('',*,*,#4877,.F.);
#4877 = EDGE_CURVE('',#4878,#4841,#4880,.T.);
#4878 = VERTEX_POINT('',#4879);
#4879 = CARTESIAN_POINT('',(83.24,-1.574412636927,6.48));
#4880 = B_SPLINE_CURVE_WITH_KNOTS('',7,(#4881,#4882,#4883,#4884,#4885,
    #4886,#4887,#4888,#4889,#4890,#4891,#4892,#4893,#4894,#4895,#4896,
    #4897,#4898,#4899,#4900,#4901,#4902,#4903,#4904,#4905,#4906,#4907,
    #4908,#4909,#4910,#4911,#4912,#4913,#4914,#4915,#4916,#4917,#4918,
    #4919,#4920,#4921,#4922,#4923,#4924),.UNSPECIFIED.,.F.,.F.,(8,6,6,6,
    6,6,6,8),(0.,0.257714529393,0.493218061715,0.604568797339,
    0.736140859475,0.787876202754,0.916985734588,1.),.UNSPECIFIED.);
#4881 = CARTESIAN_POINT('',(83.24,-1.574412636927,6.48));
#4882 = CARTESIAN_POINT('',(83.24,-1.565209064893,6.625726323618));
#4883 = CARTESIAN_POINT('',(83.259663159656,-1.55600172242,6.77150903204
    ));
#4884 = CARTESIAN_POINT('',(83.299016507362,-1.546797055178,
    6.914062024946));
#4885 = CARTESIAN_POINT('',(83.357361655061,-1.537593468245,
    7.050218094358));
#4886 = CARTESIAN_POINT('',(83.433437494496,-1.528388824541,
    7.177034641451));
#4887 = CARTESIAN_POINT('',(83.525432587179,-1.51918151078,
    7.291821665928));
#4888 = CARTESIAN_POINT('',(83.727371266311,-1.50156757063,7.48418036109
    ));
#4889 = CARTESIAN_POINT('',(83.835145513097,-1.493155099831,
    7.564164485004));
#4890 = CARTESIAN_POINT('',(83.952473263752,-1.484744422055,
    7.630551459937));
#4891 = CARTESIAN_POINT('',(84.077279166925,-1.476334789642,
    7.682023861983));
#4892 = CARTESIAN_POINT('',(84.207295089444,-1.467923973531,
    7.717646194173));
#4893 = CARTESIAN_POINT('',(84.340120216445,-1.459511353044,
    7.73688975315));
#4894 = CARTESIAN_POINT('',(84.536206736659,-1.447124319522,
    7.741052546528));
#4895 = CARTESIAN_POINT('',(84.599235175839,-1.443147642653,
    7.738718929309));
#4896 = CARTESIAN_POINT('',(84.662084120647,-1.439170999696,
    7.732709869482));
#4897 = CARTESIAN_POINT('',(84.724496572276,-1.43519438903,
    7.723042460416));
#4898 = CARTESIAN_POINT('',(84.786218231931,-1.431217774639,
    7.709756099273));
#4899 = CARTESIAN_POINT('',(84.846998983874,-1.427241150824,
    7.692912254923));
#4900 = CARTESIAN_POINT('',(84.977012314295,-1.418565921445,
    7.648586458536));
#4901 = CARTESIAN_POINT('',(85.04577818702,-1.413867150985,
    7.619727044356));
#4902 = CARTESIAN_POINT('',(85.112487892649,-1.409168507825,
    7.586153859641));
#4903 = CARTESIAN_POINT('',(85.176755148146,-1.404469940757,
    7.548045069174));
#4904 = CARTESIAN_POINT('',(85.238214485001,-1.399771305249,
    7.505617368268));
#4905 = CARTESIAN_POINT('',(85.296524242814,-1.395072533629,
    7.45912421483));
#4906 = CARTESIAN_POINT('',(85.372935246463,-1.388526222105,
    7.389087375376));
#4907 = CARTESIAN_POINT('',(85.39396554027,-1.386678626583,
    7.368736505197));
#4908 = CARTESIAN_POINT('',(85.414441404706,-1.384831016941,
    7.347818905451));
#4909 = CARTESIAN_POINT('',(85.434344567847,-1.382983391964,
    7.326352742449));
#4910 = CARTESIAN_POINT('',(85.453657525435,-1.381135750975,
    7.304356894238));
#4911 = CARTESIAN_POINT('',(85.472363540881,-1.379288093831,
    7.281850950598));
#4912 = CARTESIAN_POINT('',(85.535574424314,-1.372829410953,
    7.201467579734));
#4913 = CARTESIAN_POINT('',(85.576823890113,-1.368218196785,
    7.141027949061));
#4914 = CARTESIAN_POINT('',(85.613945734794,-1.363606956959,
    7.077853461079));
#4915 = CARTESIAN_POINT('',(85.646724849218,-1.358995727278,
    7.012283695737));
#4916 = CARTESIAN_POINT('',(85.674981738264,-1.35438451105,
    6.944677791232));
#4917 = CARTESIAN_POINT('',(85.698573936115,-1.349773389332,
    6.875411562374));
#4918 = CARTESIAN_POINT('',(85.729500461439,-1.342198026651,
    6.759521092659));
#4919 = CARTESIAN_POINT('',(85.739632329456,-1.339233505186,
    6.71364118009));
#4920 = CARTESIAN_POINT('',(85.747765474497,-1.336269112079,
    6.667338403933));
#4921 = CARTESIAN_POINT('',(85.753879208239,-1.333304837571,
    6.620717167421));
#4922 = CARTESIAN_POINT('',(85.757959705129,-1.330340616841,
    6.57388275431));
#4923 = CARTESIAN_POINT('',(85.760000002387,-1.327376330006,
    6.526941328881));
#4924 = CARTESIAN_POINT('',(85.76,-1.324411802121,6.47999993594));
#4925 = ORIENTED_EDGE('',*,*,#4926,.F.);
#4926 = EDGE_CURVE('',#4927,#4878,#4929,.T.);
#4927 = VERTEX_POINT('',#4928);
#4928 = CARTESIAN_POINT('',(85.76,-1.824411600954,6.47999998454));
#4929 = B_SPLINE_CURVE_WITH_KNOTS('',6,(#4930,#4931,#4932,#4933,#4934,
    #4935,#4936,#4937,#4938,#4939,#4940,#4941,#4942,#4943,#4944,#4945,
    #4946,#4947,#4948,#4949,#4950,#4951,#4952,#4953,#4954,#4955,#4956,
    #4957,#4958,#4959,#4960,#4961),.UNSPECIFIED.,.F.,.F.,(7,5,5,5,5,5,7)
  ,(0.,7.000316915503E-02,0.265534284598,0.453745441789,0.573235973534,
    0.758296964211,1.),.UNSPECIFIED.);
#4930 = CARTESIAN_POINT('',(85.76,-1.824411600954,6.47999998454));
#4931 = CARTESIAN_POINT('',(85.759999999433,-1.82149503557,
    6.433818001591));
#4932 = CARTESIAN_POINT('',(85.757968771749,-1.81857813768,
    6.387636172109));
#4933 = CARTESIAN_POINT('',(85.753906404409,-1.815661121818,
    6.341566580166));
#4934 = CARTESIAN_POINT('',(85.747821097306,-1.812744128419,
    6.295720444687));
#4935 = CARTESIAN_POINT('',(85.739729162766,-1.809827223817,
    6.25020811945));
#4936 = CARTESIAN_POINT('',(85.701516195383,-1.798763201022,
    6.079253406717));
#4937 = CARTESIAN_POINT('',(85.657907892018,-1.790615451388,
    5.956804998524));
#4938 = CARTESIAN_POINT('',(85.599362319334,-1.78247011253,
    5.840214378225));
#4939 = CARTESIAN_POINT('',(85.526914064353,-1.774324170885,
    5.731714153819));
#4940 = CARTESIAN_POINT('',(85.441992653619,-1.766176438208,
    5.633307007928));
#4941 = CARTESIAN_POINT('',(85.254466147504,-1.750187952138,
    5.463241663087));
#4942 = CARTESIAN_POINT('',(85.152615763756,-1.742344936349,
    5.390696104831));
#4943 = CARTESIAN_POINT('',(85.04252089311,-1.734503041593,5.33050413689
    ));
#4944 = CARTESIAN_POINT('',(84.926071883007,-1.726661303197,
    5.283775531625));
#4945 = CARTESIAN_POINT('',(84.805327096152,-1.718818446916,
    5.251264078662));
#4946 = CARTESIAN_POINT('',(84.604475064267,-1.705998150945,
    5.221866911025));
#4947 = CARTESIAN_POINT('',(84.525618952936,-1.701019533623,
    5.216306525034));
#4948 = CARTESIAN_POINT('',(84.446457182998,-1.696041048304,
    5.216682508081));
#4949 = CARTESIAN_POINT('',(84.367547430895,-1.69106254481,
    5.223006014362));
#4950 = CARTESIAN_POINT('',(84.289444446536,-1.686083881143,
    5.235218774588));
#4951 = CARTESIAN_POINT('',(84.093823040891,-1.673394708521,
    5.281031608105));
#4952 = CARTESIAN_POINT('',(83.978175379578,-1.665683098065,
    5.32269458227));
#4953 = CARTESIAN_POINT('',(83.867793713668,-1.657972532809,
    5.377710036611));
#4954 = CARTESIAN_POINT('',(83.764570039632,-1.650261968533,
    5.445205610435));
#4955 = CARTESIAN_POINT('',(83.670212524806,-1.642550394783,
    5.523988703847));
#4956 = CARTESIAN_POINT('',(83.476383446881,-1.624769425468,
    5.728179396266));
#4957 = CARTESIAN_POINT('',(83.384128010942,-1.614695584448,
    5.860538694204));
#4958 = CARTESIAN_POINT('',(83.312674267872,-1.604626241498,
    6.00619934058));
#4959 = CARTESIAN_POINT('',(83.26421488301,-1.594556926142,
    6.161036102503));
#4960 = CARTESIAN_POINT('',(83.24,-1.584483120989,6.320547277295));
#4961 = CARTESIAN_POINT('',(83.24,-1.574412636927,6.48));
#4962 = ORIENTED_EDGE('',*,*,#4963,.F.);
#4963 = EDGE_CURVE('',#4024,#4927,#4964,.T.);
#4964 = B_SPLINE_CURVE_WITH_KNOTS('',6,(#4965,#4966,#4967,#4968,#4969,
    #4970,#4971,#4972,#4973,#4974,#4975,#4976,#4977,#4978,#4979,#4980,
    #4981,#4982,#4983,#4984,#4985,#4986,#4987,#4988,#4989,#4990,#4991,
    #4992,#4993,#4994,#4995,#4996),.UNSPECIFIED.,.F.,.F.,(7,5,5,5,5,5,7)
  ,(0.,0.276687464651,0.435095378588,0.622600604907,0.697508819731,
    0.880338711512,1.),.UNSPECIFIED.);
#4965 = CARTESIAN_POINT('',(83.751173955179,-2.000054213761,
    7.493340788974));
#4966 = CARTESIAN_POINT('',(83.854314254907,-1.991954750819,
    7.569558132163));
#4967 = CARTESIAN_POINT('',(83.966779598223,-1.983854162763,
    7.633189710851));
#4968 = CARTESIAN_POINT('',(84.086615739418,-1.975755022691,
    7.682780965753));
#4969 = CARTESIAN_POINT('',(84.211618853372,-1.967655776483,
    7.717338623926));
#4970 = CARTESIAN_POINT('',(84.339440057753,-1.959554977834,
    7.736291181831));
#4971 = CARTESIAN_POINT('',(84.541042350777,-1.946818177768,
    7.741469951002));
#4972 = CARTESIAN_POINT('',(84.614573953645,-1.942180920788,
    7.738222862733));
#4973 = CARTESIAN_POINT('',(84.68778735098,-1.937543744061,
    7.729831694634));
#4974 = CARTESIAN_POINT('',(84.760233955142,-1.932906587309,
    7.71633742252));
#4975 = CARTESIAN_POINT('',(84.831472964505,-1.928269385634,
    7.697832730602));
#4976 = CARTESIAN_POINT('',(84.983465326851,-1.918143436754,
    7.646796689805));
#4977 = CARTESIAN_POINT('',(85.063566787957,-1.912654457575,
    7.612311716532));
#4978 = CARTESIAN_POINT('',(85.14066987451,-1.907165733448,
    7.571245220576));
#4979 = CARTESIAN_POINT('',(85.214104912544,-1.901677020955,
    7.523930828621));
#4980 = CARTESIAN_POINT('',(85.283254175952,-1.896188056543,
    7.470790687684));
#4981 = CARTESIAN_POINT('',(85.373253569751,-1.888506342969,
    7.388973985369));
#4982 = CARTESIAN_POINT('',(85.398172451856,-1.886313512272,
    7.364769107164));
#4983 = CARTESIAN_POINT('',(85.422283881778,-1.884120660476,
    7.339746667706));
#4984 = CARTESIAN_POINT('',(85.445554556527,-1.881927785876,
    7.313940471705));
#4985 = CARTESIAN_POINT('',(85.467953089286,-1.879734887879,
    7.287386105813));
#4986 = CARTESIAN_POINT('',(85.541917947559,-1.872189663671,
    7.193574331134));
#4987 = CARTESIAN_POINT('',(85.589016421726,-1.866837079116,
    7.122791196056));
#4988 = CARTESIAN_POINT('',(85.630315060127,-1.86148451816,
    7.048317560148));
#4989 = CARTESIAN_POINT('',(85.665461594076,-1.856131959008,
    6.970750886345));
#4990 = CARTESIAN_POINT('',(85.694186708928,-1.850779433271,
    6.890730254947));
#4991 = CARTESIAN_POINT('',(85.730787759871,-1.841924529771,
    6.755386408332));
#4992 = CARTESIAN_POINT('',(85.742438572768,-1.83842177943,
    6.701081195962));
#4993 = CARTESIAN_POINT('',(85.751210693734,-1.83491921291,
    6.646198218804));
#4994 = CARTESIAN_POINT('',(85.757070196763,-1.831416800421,
    6.590928239756));
#4995 = CARTESIAN_POINT('',(85.760000000681,-1.827914377979,
    6.535464206508));
#4996 = CARTESIAN_POINT('',(85.76,-1.824411600954,6.47999998454));
#4997 = ORIENTED_EDGE('',*,*,#4023,.T.);
#4998 = CYLINDRICAL_SURFACE('',#4999,1.26);
#4999 = AXIS2_PLACEMENT_3D('',#5000,#5001,#5002);
#5000 = CARTESIAN_POINT('',(84.5,-2.,6.48));
#5001 = DIRECTION('',(0.,1.,-2.2E-16));
#5002 = DIRECTION('',(-1.,0.,0.));
#5003 = ADVANCED_FACE('',(#5004),#5050,.F.);
#5004 = FACE_BOUND('',#5005,.F.);
#5005 = EDGE_LOOP('',(#5006,#5007,#5014,#5048,#5049));
#5006 = ORIENTED_EDGE('',*,*,#4754,.F.);
#5007 = ORIENTED_EDGE('',*,*,#5008,.T.);
#5008 = EDGE_CURVE('',#4755,#5009,#5011,.T.);
#5009 = VERTEX_POINT('',#5010);
#5010 = CARTESIAN_POINT('',(86.010006087909,-0.968749904538,
    6.480000017838));
#5011 = B_SPLINE_CURVE_WITH_KNOTS('',1,(#5012,#5013),.UNSPECIFIED.,.F.,
  .F.,(2,2),(0.,0.4355),.PIECEWISE_BEZIER_KNOTS.);
#5012 = CARTESIAN_POINT('',(85.632849946689,-0.751003503557,
    6.47999982097));
#5013 = CARTESIAN_POINT('',(86.010006087909,-0.968749904538,
    6.480000017838));
#5014 = ORIENTED_EDGE('',*,*,#5015,.T.);
#5015 = EDGE_CURVE('',#5009,#1369,#5016,.T.);
#5016 = B_SPLINE_CURVE_WITH_KNOTS('',9,(#5017,#5018,#5019,#5020,#5021,
    #5022,#5023,#5024,#5025,#5026,#5027,#5028,#5029,#5030,#5031,#5032,
    #5033,#5034,#5035,#5036,#5037,#5038,#5039,#5040,#5041,#5042,#5043,
    #5044,#5045,#5046,#5047),.UNSPECIFIED.,.F.,.F.,(10,7,7,7,10),(0.,
    1.57576206969,3.151524139379,4.727286209069,6.303048278758),
  .UNSPECIFIED.);
#5017 = CARTESIAN_POINT('',(86.010006087909,-0.968749904538,
    6.480000017838));
#5018 = CARTESIAN_POINT('',(86.010006776027,-0.954861001027,
    6.216454458539));
#5019 = CARTESIAN_POINT('',(85.95827481516,-0.940972027049,
    5.952909578359));
#5020 = CARTESIAN_POINT('',(85.854764166365,-0.927083225313,
    5.700971742087));
#5021 = CARTESIAN_POINT('',(85.702555829182,-0.913194379323,
    5.47226404803));
#5022 = CARTESIAN_POINT('',(85.507732388042,-0.899305468418,
    5.277438570457));
#5023 = CARTESIAN_POINT('',(85.279023980245,-0.885416557557,5.1252340582
    ));
#5024 = CARTESIAN_POINT('',(85.0270929288,-0.871527653469,5.021740014832
    ));
#5025 = CARTESIAN_POINT('',(84.500002806577,-0.843749868307,
    4.91824525157));
#5026 = CARTESIAN_POINT('',(83.97290854327,-0.815972108882,5.02173989998
    ));
#5027 = CARTESIAN_POINT('',(83.720973057877,-0.802083231494,
    5.12523435403));
#5028 = CARTESIAN_POINT('',(83.492261252762,-0.788194343366,
    5.277436384695));
#5029 = CARTESIAN_POINT('',(83.297433897429,-0.774305445516,
    5.47226393906));
#5030 = CARTESIAN_POINT('',(83.145233254814,-0.760416548643,
    5.700974727544));
#5031 = CARTESIAN_POINT('',(83.041740772135,-0.74652765923,
    5.952908425631));
#5032 = CARTESIAN_POINT('',(82.938248307834,-0.71874988544,
    6.480000012052));
#5033 = CARTESIAN_POINT('',(83.041741141474,-0.69097211165,
    7.007091525955));
#5034 = CARTESIAN_POINT('',(83.145233615388,-0.677083222238,
    7.259025107839));
#5035 = CARTESIAN_POINT('',(83.297433338378,-0.663194325364,
    7.487736095324));
#5036 = CARTESIAN_POINT('',(83.492260237633,-0.649305427513,
    7.682564418698));
#5037 = CARTESIAN_POINT('',(83.720972552336,-0.635416539386,
    7.834766747641));
#5038 = CARTESIAN_POINT('',(83.972908426523,-0.621527661999,
    7.93826015593));
#5039 = CARTESIAN_POINT('',(84.500002786001,-0.593749902573,
    8.041753177686));
#5040 = CARTESIAN_POINT('',(85.027092812052,-0.565972117411,
    7.938259061466));
#5041 = CARTESIAN_POINT('',(85.279024657033,-0.552083213331,
    7.834765568037));
#5042 = CARTESIAN_POINT('',(85.507731423231,-0.538194302438,
    7.682565727233));
#5043 = CARTESIAN_POINT('',(85.702561620996,-0.524305391597,
    7.487738480509));
#5044 = CARTESIAN_POINT('',(85.854764754058,-0.510416545531,
    7.259025375808));
#5045 = CARTESIAN_POINT('',(85.958267310412,-0.496527743845,
    7.007090189108));
#5046 = CARTESIAN_POINT('',(86.010007188664,-0.482638769855,
    6.743545579163));
#5047 = CARTESIAN_POINT('',(86.010007877136,-0.468749866341,
    6.480000019864));
#5048 = ORIENTED_EDGE('',*,*,#1368,.F.);
#5049 = ORIENTED_EDGE('',*,*,#4711,.F.);
#5050 = B_SPLINE_SURFACE_WITH_KNOTS('',1,9,(
    (#5051,#5052,#5053,#5054,#5055,#5056,#5057,#5058,#5059,#5060,#5061
      ,#5062,#5063,#5064,#5065,#5066,#5067,#5068,#5069,#5070,#5071,#5072
      ,#5073,#5074,#5075,#5076,#5077,#5078,#5079,#5080,#5081)
    ,(#5082,#5083,#5084,#5085,#5086,#5087,#5088,#5089,#5090,#5091,#5092
      ,#5093,#5094,#5095,#5096,#5097,#5098,#5099,#5100,#5101,#5102,#5103
      ,#5104,#5105,#5106,#5107,#5108,#5109,#5110,#5111,#5112
  )),.UNSPECIFIED.,.F.,.F.,.F.,(2,2),(10,7,7,7,10),(0.,0.4355),(0.,
    1.57576206969,3.151524139379,4.727286209069,6.303048278758),
  .UNSPECIFIED.);
#5051 = CARTESIAN_POINT('',(85.632849946689,-0.751003503557,
    6.47999982097));
#5052 = CARTESIAN_POINT('',(85.632850282252,-0.737115151201,
    6.282266311295));
#5053 = CARTESIAN_POINT('',(85.594035830246,-0.723229384396,
    6.084572741071));
#5054 = CARTESIAN_POINT('',(85.516392023935,-0.709337297272,
    5.895559099984));
#5055 = CARTESIAN_POINT('',(85.402193418808,-0.695446834855,
    5.723964304728));
#5056 = CARTESIAN_POINT('',(85.2560237495,-0.681558753986,5.577799917896
    ));
#5057 = CARTESIAN_POINT('',(85.084445340938,-0.667670670839,
    5.463616862641));
#5058 = CARTESIAN_POINT('',(84.895439840574,-0.653782339724,
    5.385971713782));
#5059 = CARTESIAN_POINT('',(84.500002669618,-0.626004832862,
    5.308327083641));
#5060 = CARTESIAN_POINT('',(84.104559986115,-0.598226381755,
    5.385971695252));
#5061 = CARTESIAN_POINT('',(83.915549531567,-0.584337070876,
    5.463616496656));
#5062 = CARTESIAN_POINT('',(83.743964377793,-0.57044815406,
    5.577803481041));
#5063 = CARTESIAN_POINT('',(83.597801051258,-0.556559593965,
    5.723967521107));
#5064 = CARTESIAN_POINT('',(83.483616232554,-0.542670998041,
    5.895550979997));
#5065 = CARTESIAN_POINT('',(83.405972766097,-0.528782128348,
    6.084559185072));
#5066 = CARTESIAN_POINT('',(83.328329434244,-0.501004204266,
    6.480000240506));
#5067 = CARTESIAN_POINT('',(83.405973121853,-0.473226280184,
    6.875441226089));
#5068 = CARTESIAN_POINT('',(83.483616659128,-0.459337410492,
    7.064449337921));
#5069 = CARTESIAN_POINT('',(83.597801053949,-0.445448814567,
    7.236032857752));
#5070 = CARTESIAN_POINT('',(83.743964194663,-0.431560254472,
    7.382197251206));
#5071 = CARTESIAN_POINT('',(83.915549666928,-0.417671337656,
    7.496384326759));
#5072 = CARTESIAN_POINT('',(84.104560360685,-0.403782026778,
    7.574028492672));
#5073 = CARTESIAN_POINT('',(84.500003126706,-0.376003575669,
    7.651672075264));
#5074 = CARTESIAN_POINT('',(84.895440215144,-0.348226068808,
    7.574027633612));
#5075 = CARTESIAN_POINT('',(85.084445465333,-0.334337737652,
    7.496384423746));
#5076 = CARTESIAN_POINT('',(85.256025249502,-0.320449654649,
    7.382197658436));
#5077 = CARTESIAN_POINT('',(85.402195166037,-0.306561573581,
    7.236041111724));
#5078 = CARTESIAN_POINT('',(85.516393216214,-0.292671111287,
    7.064437230639));
#5079 = CARTESIAN_POINT('',(85.594031969634,-0.278779024143,
    6.875426697321));
#5080 = CARTESIAN_POINT('',(85.632850582185,-0.264893257331,
    6.677733256298));
#5081 = CARTESIAN_POINT('',(85.632850904777,-0.251004904974,
    6.479999746623));
#5082 = CARTESIAN_POINT('',(86.010006087909,-0.968749904538,
    6.480000017838));
#5083 = CARTESIAN_POINT('',(86.010006776027,-0.954861001027,
    6.216454458539));
#5084 = CARTESIAN_POINT('',(85.95827481516,-0.940972027049,
    5.952909578359));
#5085 = CARTESIAN_POINT('',(85.854764166365,-0.927083225313,
    5.700971742087));
#5086 = CARTESIAN_POINT('',(85.702555829182,-0.913194379323,
    5.47226404803));
#5087 = CARTESIAN_POINT('',(85.507732388042,-0.899305468418,
    5.277438570457));
#5088 = CARTESIAN_POINT('',(85.279023980245,-0.885416557557,5.1252340582
    ));
#5089 = CARTESIAN_POINT('',(85.0270929288,-0.871527653469,5.021740014832
    ));
#5090 = CARTESIAN_POINT('',(84.500002806577,-0.843749868307,
    4.91824525157));
#5091 = CARTESIAN_POINT('',(83.97290854327,-0.815972108882,5.02173989998
    ));
#5092 = CARTESIAN_POINT('',(83.720973057877,-0.802083231494,
    5.12523435403));
#5093 = CARTESIAN_POINT('',(83.492261252762,-0.788194343366,
    5.277436384695));
#5094 = CARTESIAN_POINT('',(83.297433897429,-0.774305445516,
    5.47226393906));
#5095 = CARTESIAN_POINT('',(83.145233254814,-0.760416548643,
    5.700974727544));
#5096 = CARTESIAN_POINT('',(83.041740772135,-0.74652765923,
    5.952908425631));
#5097 = CARTESIAN_POINT('',(82.938248307834,-0.71874988544,
    6.480000012052));
#5098 = CARTESIAN_POINT('',(83.041741141474,-0.69097211165,
    7.007091525955));
#5099 = CARTESIAN_POINT('',(83.145233615388,-0.677083222238,
    7.259025107839));
#5100 = CARTESIAN_POINT('',(83.297433338378,-0.663194325364,
    7.487736095324));
#5101 = CARTESIAN_POINT('',(83.492260237633,-0.649305427513,
    7.682564418698));
#5102 = CARTESIAN_POINT('',(83.720972552336,-0.635416539386,
    7.834766747641));
#5103 = CARTESIAN_POINT('',(83.972908426523,-0.621527661999,
    7.93826015593));
#5104 = CARTESIAN_POINT('',(84.500002786001,-0.593749902573,
    8.041753177686));
#5105 = CARTESIAN_POINT('',(85.027092812052,-0.565972117411,
    7.938259061466));
#5106 = CARTESIAN_POINT('',(85.279024657033,-0.552083213331,
    7.834765568037));
#5107 = CARTESIAN_POINT('',(85.507731423231,-0.538194302438,
    7.682565727233));
#5108 = CARTESIAN_POINT('',(85.702561620996,-0.524305391597,
    7.487738480509));
#5109 = CARTESIAN_POINT('',(85.854764754058,-0.510416545531,
    7.259025375808));
#5110 = CARTESIAN_POINT('',(85.958267310412,-0.496527743845,
    7.007090189108));
#5111 = CARTESIAN_POINT('',(86.010007188664,-0.482638769855,
    6.743545579163));
#5112 = CARTESIAN_POINT('',(86.010007877136,-0.468749866341,
    6.480000019864));
#5113 = ADVANCED_FACE('',(#5114),#5125,.F.);
#5114 = FACE_BOUND('',#5115,.F.);
#5115 = EDGE_LOOP('',(#5116,#5117,#5122,#5123,#5124));
#5116 = ORIENTED_EDGE('',*,*,#1552,.F.);
#5117 = ORIENTED_EDGE('',*,*,#5118,.T.);
#5118 = EDGE_CURVE('',#1546,#4574,#5119,.T.);
#5119 = B_SPLINE_CURVE_WITH_KNOTS('',1,(#5120,#5121),.UNSPECIFIED.,.F.,
  .F.,(2,2),(0.,0.4355),.PIECEWISE_BEZIER_KNOTS.);
#5120 = CARTESIAN_POINT('',(86.010008712108,-0.531249866335,
    6.480000021568));
#5121 = CARTESIAN_POINT('',(85.632857557839,-0.749004904929,
    6.479999760196));
#5122 = ORIENTED_EDGE('',*,*,#4622,.T.);
#5123 = ORIENTED_EDGE('',*,*,#4659,.T.);
#5124 = ORIENTED_EDGE('',*,*,#1703,.F.);
#5125 = B_SPLINE_SURFACE_WITH_KNOTS('',1,9,(
    (#5126,#5127,#5128,#5129,#5130,#5131,#5132,#5133,#5134,#5135,#5136
      ,#5137,#5138,#5139,#5140,#5141,#5142,#5143,#5144,#5145,#5146,#5147
      ,#5148,#5149,#5150,#5151,#5152,#5153,#5154,#5155,#5156)
    ,(#5157,#5158,#5159,#5160,#5161,#5162,#5163,#5164,#5165,#5166,#5167
      ,#5168,#5169,#5170,#5171,#5172,#5173,#5174,#5175,#5176,#5177,#5178
      ,#5179,#5180,#5181,#5182,#5183,#5184,#5185,#5186,#5187
  )),.UNSPECIFIED.,.F.,.F.,.F.,(2,2),(10,7,7,7,10),(0.,0.4355),(0.,
    1.57576206969,3.151524139379,4.727286209069,6.303048278758),
  .UNSPECIFIED.);
#5126 = CARTESIAN_POINT('',(86.010008712108,-0.531249866335,
    6.480000021568));
#5127 = CARTESIAN_POINT('',(86.010009492211,-0.51736096282,
    6.216453983544));
#5128 = CARTESIAN_POINT('',(85.958277965405,-0.50347198882,
    5.952908606297));
#5129 = CARTESIAN_POINT('',(85.85476654094,-0.489583187106,
    5.700970135765));
#5130 = CARTESIAN_POINT('',(85.702557752779,-0.475694341129,
    5.472262386214));
#5131 = CARTESIAN_POINT('',(85.507734160261,-0.461805430219,
    5.27743667336));
#5132 = CARTESIAN_POINT('',(85.279025399837,-0.44791651935,
    5.125231572298));
#5133 = CARTESIAN_POINT('',(85.027093895416,-0.434027615259,
    5.021737304213));
#5134 = CARTESIAN_POINT('',(84.500002809206,-0.406249830094,
    4.918242309355));
#5135 = CARTESIAN_POINT('',(83.972907594578,-0.378472070675,
    5.021737253818));
#5136 = CARTESIAN_POINT('',(83.720971677297,-0.36458319329,
    5.125231965414));
#5137 = CARTESIAN_POINT('',(83.492259490484,-0.350694305162,
    5.277434252537));
#5138 = CARTESIAN_POINT('',(83.297431750603,-0.33680540731,
    5.472262109463));
#5139 = CARTESIAN_POINT('',(83.145230769965,-0.322916510434,
    5.700973300109));
#5140 = CARTESIAN_POINT('',(83.04173809847,-0.309027621022,
    5.952907463587));
#5141 = CARTESIAN_POINT('',(82.938245470338,-0.281249847233,
    6.480000012401));
#5142 = CARTESIAN_POINT('',(83.041738516205,-0.253472073444,
    7.007092479194));
#5143 = CARTESIAN_POINT('',(83.145231177361,-0.239583184032,
    7.259026511142));
#5144 = CARTESIAN_POINT('',(83.297431115388,-0.225694287155,
    7.487737927568));
#5145 = CARTESIAN_POINT('',(83.492258338067,-0.211805389302,
    7.682566656352));
#5146 = CARTESIAN_POINT('',(83.720971102167,-0.197916501175,
    7.834769281891));
#5147 = CARTESIAN_POINT('',(83.972907459915,-0.184027623791,
    7.938262808697));
#5148 = CARTESIAN_POINT('',(84.50000278337,-0.15624986437,8.041755910469
    ));
#5149 = CARTESIAN_POINT('',(85.027093760752,-0.128472079206,
    7.938261649775));
#5150 = CARTESIAN_POINT('',(85.279026088814,-0.114583175123,
    7.834768061949));
#5151 = CARTESIAN_POINT('',(85.507733259959,-0.100694264219,
    7.682568053465));
#5152 = CARTESIAN_POINT('',(85.702564120123,-8.680535338038E-02,
    7.487740626916));
#5153 = CARTESIAN_POINT('',(85.854767281605,-7.291650731806E-02,
    7.259026543443));
#5154 = CARTESIAN_POINT('',(85.958269459176,-5.90277056607E-02,
    7.007091132515));
#5155 = CARTESIAN_POINT('',(86.010009959443,-4.513873164609E-02,
    6.743546061618));
#5156 = CARTESIAN_POINT('',(86.010010739899,-3.124982812807E-02,
    6.480000023595));
#5157 = CARTESIAN_POINT('',(85.632857557839,-0.749004904929,
    6.479999760196));
#5158 = CARTESIAN_POINT('',(85.632858610549,-0.735116552562,
    6.282264756563));
#5159 = CARTESIAN_POINT('',(85.594048056888,-0.721230785692,
    6.08456955071));
#5160 = CARTESIAN_POINT('',(85.516398966913,-0.707338698623,
    5.895553080717));
#5161 = CARTESIAN_POINT('',(85.40219809488,-0.693448236255,
    5.723959866247));
#5162 = CARTESIAN_POINT('',(85.256028923273,-0.679560155374,
    5.577795332164));
#5163 = CARTESIAN_POINT('',(85.084449710258,-0.665672072196,
    5.463608939601));
#5164 = CARTESIAN_POINT('',(84.895442813126,-0.651783741072,
    5.385962926717));
#5165 = CARTESIAN_POINT('',(84.500002596975,-0.624006234204,
    5.308317394269));
#5166 = CARTESIAN_POINT('',(84.104556981558,-0.596227783113,
    5.385963484964));
#5167 = CARTESIAN_POINT('',(83.915545310654,-0.582338472244,
    5.46360944215));
#5168 = CARTESIAN_POINT('',(83.74395913892,-0.568449555428,
    5.577797143287));
#5169 = CARTESIAN_POINT('',(83.597794475853,-0.554560995326,
    5.723961889963));
#5170 = CARTESIAN_POINT('',(83.483608317913,-0.540672399395,
    5.895546548101));
#5171 = CARTESIAN_POINT('',(83.405964273501,-0.526783529702,
    6.084556248872));
#5172 = CARTESIAN_POINT('',(83.328320579261,-0.499005605623,
    6.48000033688));
#5173 = CARTESIAN_POINT('',(83.405965078052,-0.471227681544,
    6.875444266918));
#5174 = CARTESIAN_POINT('',(83.483609210934,-0.457338811852,
    7.064453739917));
#5175 = CARTESIAN_POINT('',(83.597793992455,-0.44345021592,
    7.236038654125));
#5176 = CARTESIAN_POINT('',(83.743958006013,-0.429561655817,
    7.382204550337));
#5177 = CARTESIAN_POINT('',(83.915545053914,-0.415672739002,
    7.496392635054));
#5178 = CARTESIAN_POINT('',(84.10455738816,-0.401783428134,
    7.574036818768));
#5179 = CARTESIAN_POINT('',(84.500003199344,-0.37400497704,
    7.651680095874));
#5180 = CARTESIAN_POINT('',(84.895443219726,-0.346227470173,
    7.574035382923));
#5181 = CARTESIAN_POINT('',(85.084450094119,-0.332339139014,
    7.496392317297));
#5182 = CARTESIAN_POINT('',(85.256031081502,-0.318451055952,
    7.382205542557));
#5183 = CARTESIAN_POINT('',(85.402204548653,-0.304562974934,
    7.236049267474));
#5184 = CARTESIAN_POINT('',(85.51640147148,-0.290672512612,
    7.064439591994));
#5185 = CARTESIAN_POINT('',(85.594036279623,-0.276780425576,
    6.875429484571));
#5186 = CARTESIAN_POINT('',(85.632859377069,-0.262894658685,
    6.677734689482));
#5187 = CARTESIAN_POINT('',(85.632860416807,-0.249006306314,
    6.47999968585));
#5188 = ADVANCED_FACE('',(#5189),#5224,.F.);
#5189 = FACE_BOUND('',#5190,.F.);
#5190 = EDGE_LOOP('',(#5191,#5192,#5199,#5223));
#5191 = ORIENTED_EDGE('',*,*,#5015,.F.);
#5192 = ORIENTED_EDGE('',*,*,#5193,.T.);
#5193 = EDGE_CURVE('',#5009,#5194,#5196,.T.);
#5194 = VERTEX_POINT('',#5195);
#5195 = CARTESIAN_POINT('',(86.010006684318,-1.031249904535,
    6.480000019541));
#5196 = B_SPLINE_CURVE_WITH_KNOTS('',1,(#5197,#5198),.UNSPECIFIED.,.F.,
  .F.,(2,2),(0.,6.25E-02),.PIECEWISE_BEZIER_KNOTS.);
#5197 = CARTESIAN_POINT('',(86.010006087909,-0.968749904538,
    6.480000017838));
#5198 = CARTESIAN_POINT('',(86.010006684318,-1.031249904535,
    6.480000019541));
#5199 = ORIENTED_EDGE('',*,*,#5200,.T.);
#5200 = EDGE_CURVE('',#5194,#1546,#5201,.T.);
#5201 = B_SPLINE_CURVE_WITH_KNOTS('',11,(#5202,#5203,#5204,#5205,#5206,
    #5207,#5208,#5209,#5210,#5211,#5212,#5213,#5214,#5215,#5216,#5217,
    #5218,#5219,#5220,#5221,#5222),.UNSPECIFIED.,.F.,.F.,(12,9,12),(0.,
    3.151524139379,6.303048278758),.UNSPECIFIED.);
#5202 = CARTESIAN_POINT('',(86.010006684318,-1.031249904535,
    6.480000019541));
#5203 = CARTESIAN_POINT('',(86.010007960271,-1.008522607879,
    6.048743445423));
#5204 = CARTESIAN_POINT('',(85.874564832724,-0.985795126718,
    5.617488602071));
#5205 = CARTESIAN_POINT('',(85.603478864875,-0.96306845914,
    5.233501031078));
#5206 = CARTESIAN_POINT('',(85.215716987255,-0.940340715458,
    4.944190915255));
#5207 = CARTESIAN_POINT('',(84.748047052669,-0.91761323023,
    4.788246156894));
#5208 = CARTESIAN_POINT('',(84.25195752179,-0.894886444913,
    4.788339306746));
#5209 = CARTESIAN_POINT('',(83.784323466023,-0.87215895714,
    4.944129556027));
#5210 = CARTESIAN_POINT('',(83.396436426698,-0.849431715789,
    5.233523301391));
#5211 = CARTESIAN_POINT('',(83.125474923825,-0.826704424365,
    5.617486085539));
#5212 = CARTESIAN_POINT('',(82.854512566491,-0.781249885436,
    6.48000004779));
#5213 = CARTESIAN_POINT('',(83.125475609706,-0.735795346507,
    7.342513794569));
#5214 = CARTESIAN_POINT('',(83.396439657673,-0.713068055114,
    7.726480028009));
#5215 = CARTESIAN_POINT('',(83.784303935218,-0.690340813591,
    8.015850356285));
#5216 = CARTESIAN_POINT('',(84.251983352538,-0.667613326273,
    8.171726646194));
#5217 = CARTESIAN_POINT('',(84.748043286039,-0.644886540225,
    8.171651994543));
#5218 = CARTESIAN_POINT('',(85.215682977322,-0.622159055762,
    8.015878580267));
#5219 = CARTESIAN_POINT('',(85.603526574846,-0.599431311558,
    7.72648315881));
#5220 = CARTESIAN_POINT('',(85.874542347221,-0.576704644193,
    7.342510637321));
#5221 = CARTESIAN_POINT('',(86.010007435577,-0.553977162996,
    6.911256595686));
#5222 = CARTESIAN_POINT('',(86.010008712108,-0.531249866335,
    6.480000021568));
#5223 = ORIENTED_EDGE('',*,*,#1545,.F.);
#5224 = B_SPLINE_SURFACE_WITH_KNOTS('',1,11,(
    (#5225,#5226,#5227,#5228,#5229,#5230,#5231,#5232,#5233,#5234,#5235
      ,#5236,#5237,#5238,#5239,#5240,#5241,#5242,#5243,#5244,#5245)
    ,(#5246,#5247,#5248,#5249,#5250,#5251,#5252,#5253,#5254,#5255,#5256
      ,#5257,#5258,#5259,#5260,#5261,#5262,#5263,#5264,#5265,#5266
  )),.UNSPECIFIED.,.F.,.F.,.F.,(2,2),(12,9,12),(0.,6.25E-02),(0.,
    3.151524139379,6.303048278758),.UNSPECIFIED.);
#5225 = CARTESIAN_POINT('',(86.010006087909,-0.968749904538,
    6.480000017838));
#5226 = CARTESIAN_POINT('',(86.01000721392,-0.946022607883,
    6.048743648076));
#5227 = CARTESIAN_POINT('',(85.874562858952,-0.923295126735,
    5.617489056372));
#5228 = CARTESIAN_POINT('',(85.603481149024,-0.900568459126,
    5.233502552328));
#5229 = CARTESIAN_POINT('',(85.21571464793,-0.877840715447,
    4.944187555488));
#5230 = CARTESIAN_POINT('',(84.748046714614,-0.855113230279,
    4.788252950101));
#5231 = CARTESIAN_POINT('',(84.251959159444,-0.832386444885,
    4.788336228656));
#5232 = CARTESIAN_POINT('',(83.784322657127,-0.809658957153,
    4.944131465366));
#5233 = CARTESIAN_POINT('',(83.396437140393,-0.78693171579,
    5.233523695787));
#5234 = CARTESIAN_POINT('',(83.125475616058,-0.764204424369,
    5.617486500736));
#5235 = CARTESIAN_POINT('',(82.854513346395,-0.71874988544,
    6.480000041389));
#5236 = CARTESIAN_POINT('',(83.12547622043,-0.673295346511,
    7.342513392175));
#5237 = CARTESIAN_POINT('',(83.396439990073,-0.650568055117,
    7.726479240874));
#5238 = CARTESIAN_POINT('',(83.78430542261,-0.627840813602,
    8.015850809527));
#5239 = CARTESIAN_POINT('',(84.251981949679,-0.605113326273,
    8.171721964876));
#5240 = CARTESIAN_POINT('',(84.748043389516,-0.582386540232,
    8.171657183758));
#5241 = CARTESIAN_POINT('',(85.215684637713,-0.55965905574,
    8.015873764765));
#5242 = CARTESIAN_POINT('',(85.603523244876,-0.5369313116,7.726483498619
    ));
#5243 = CARTESIAN_POINT('',(85.874543017986,-0.514204644179,
    7.342510273805));
#5244 = CARTESIAN_POINT('',(86.010006750546,-0.491477163,6.911256389626)
  );
#5245 = CARTESIAN_POINT('',(86.010007877136,-0.468749866341,
    6.480000019864));
#5246 = CARTESIAN_POINT('',(86.010006684318,-1.031249904535,
    6.480000019541));
#5247 = CARTESIAN_POINT('',(86.010007960271,-1.008522607879,
    6.048743445423));
#5248 = CARTESIAN_POINT('',(85.874564832724,-0.985795126718,
    5.617488602071));
#5249 = CARTESIAN_POINT('',(85.603478864875,-0.96306845914,
    5.233501031078));
#5250 = CARTESIAN_POINT('',(85.215716987255,-0.940340715458,
    4.944190915255));
#5251 = CARTESIAN_POINT('',(84.748047052669,-0.91761323023,
    4.788246156894));
#5252 = CARTESIAN_POINT('',(84.25195752179,-0.894886444913,
    4.788339306746));
#5253 = CARTESIAN_POINT('',(83.784323466023,-0.87215895714,
    4.944129556027));
#5254 = CARTESIAN_POINT('',(83.396436426698,-0.849431715789,
    5.233523301391));
#5255 = CARTESIAN_POINT('',(83.125474923825,-0.826704424365,
    5.617486085539));
#5256 = CARTESIAN_POINT('',(82.854512566491,-0.781249885436,
    6.48000004779));
#5257 = CARTESIAN_POINT('',(83.125475609706,-0.735795346507,
    7.342513794569));
#5258 = CARTESIAN_POINT('',(83.396439657673,-0.713068055114,
    7.726480028009));
#5259 = CARTESIAN_POINT('',(83.784303935218,-0.690340813591,
    8.015850356285));
#5260 = CARTESIAN_POINT('',(84.251983352538,-0.667613326273,
    8.171726646194));
#5261 = CARTESIAN_POINT('',(84.748043286039,-0.644886540225,
    8.171651994543));
#5262 = CARTESIAN_POINT('',(85.215682977322,-0.622159055762,
    8.015878580267));
#5263 = CARTESIAN_POINT('',(85.603526574846,-0.599431311558,
    7.72648315881));
#5264 = CARTESIAN_POINT('',(85.874542347221,-0.576704644193,
    7.342510637321));
#5265 = CARTESIAN_POINT('',(86.010007435577,-0.553977162996,
    6.911256595686));
#5266 = CARTESIAN_POINT('',(86.010008712108,-0.531249866335,
    6.480000021568));
#5267 = ADVANCED_FACE('',(#5268),#5880,.F.);
#5268 = FACE_BOUND('',#5269,.T.);
#5269 = EDGE_LOOP('',(#5270,#5271,#5288,#5337,#5374,#5417,#5454,#5503,
    #5540,#5587,#5588,#5589,#5590,#5591,#5592,#5635,#5672,#5721,#5758,
    #5807,#5844,#5879));
#5270 = ORIENTED_EDGE('',*,*,#3924,.T.);
#5271 = ORIENTED_EDGE('',*,*,#5272,.T.);
#5272 = EDGE_CURVE('',#3925,#5273,#5275,.T.);
#5273 = VERTEX_POINT('',#5274);
#5274 = CARTESIAN_POINT('',(83.24,-1.925589975285,-13.84));
#5275 = B_SPLINE_CURVE_WITH_KNOTS('',6,(#5276,#5277,#5278,#5279,#5280,
    #5281,#5282,#5283,#5284,#5285,#5286,#5287),.UNSPECIFIED.,.F.,.F.,(7,
    5,7),(0.,0.22894037797,1.),.UNSPECIFIED.);
#5276 = CARTESIAN_POINT('',(83.752529625097,-2.000054213761,
    -14.85434118453));
#5277 = CARTESIAN_POINT('',(83.716315365207,-1.997213162226,
    -14.8276548123));
#5278 = CARTESIAN_POINT('',(83.681244282577,-1.994372108219,
    -14.79941680409));
#5279 = CARTESIAN_POINT('',(83.647399841171,-1.991531048368,
    -14.7696887064));
#5280 = CARTESIAN_POINT('',(83.614860523374,-1.988689980103,
    -14.7385374964));
#5281 = CARTESIAN_POINT('',(83.583699829992,-1.985848901645,
    -14.70603558198));
#5282 = CARTESIAN_POINT('',(83.453912546494,-1.973439165737,
    -14.55850904873));
#5283 = CARTESIAN_POINT('',(83.370222633787,-1.963867588362,
    -14.43028334041));
#5284 = CARTESIAN_POINT('',(83.305606627024,-1.954299072681,
    -14.29060815293));
#5285 = CARTESIAN_POINT('',(83.261861535434,-1.944730437839,
    -14.1430588034));
#5286 = CARTESIAN_POINT('',(83.24,-1.935158700988,-13.99150679153));
#5287 = CARTESIAN_POINT('',(83.24,-1.925589975285,-13.84));
#5288 = ORIENTED_EDGE('',*,*,#5289,.T.);
#5289 = EDGE_CURVE('',#5273,#5290,#5292,.T.);
#5290 = VERTEX_POINT('',#5291);
#5291 = CARTESIAN_POINT('',(85.76,-1.675592107022,-13.84000005449));
#5292 = B_SPLINE_CURVE_WITH_KNOTS('',7,(#5293,#5294,#5295,#5296,#5297,
    #5298,#5299,#5300,#5301,#5302,#5303,#5304,#5305,#5306,#5307,#5308,
    #5309,#5310,#5311,#5312,#5313,#5314,#5315,#5316,#5317,#5318,#5319,
    #5320,#5321,#5322,#5323,#5324,#5325,#5326,#5327,#5328,#5329,#5330,
    #5331,#5332,#5333,#5334,#5335,#5336),.UNSPECIFIED.,.F.,.F.,(8,6,6,6,
    6,6,6,8),(0.,0.263391909435,0.505950631463,0.680019905746,
    0.739241890819,0.792658310952,0.926665786909,1.),.UNSPECIFIED.);
#5293 = CARTESIAN_POINT('',(83.24,-1.925589975285,-13.84));
#5294 = CARTESIAN_POINT('',(83.24,-1.916183618225,-13.69106407871));
#5295 = CARTESIAN_POINT('',(83.260538858971,-1.906773569276,
    -13.54206621663));
#5296 = CARTESIAN_POINT('',(83.301646908771,-1.897367001692,
    -13.39651851771));
#5297 = CARTESIAN_POINT('',(83.362559784956,-1.887961938342,
    -13.25780095981));
#5298 = CARTESIAN_POINT('',(83.44190334767,-1.87855544361,
    -13.12904261368));
#5299 = CARTESIAN_POINT('',(83.537706852909,-1.869145432683,
    -13.01309406029));
#5300 = CARTESIAN_POINT('',(83.748343356565,-1.851076983362,
    -12.8194983273));
#5301 = CARTESIAN_POINT('',(83.861143198169,-1.842411945805,
    -12.7394818478));
#5302 = CARTESIAN_POINT('',(83.983760320305,-1.833748656661,
    -12.67412349804));
#5303 = CARTESIAN_POINT('',(84.113891494746,-1.825086518351,
    -12.62480795092));
#5304 = CARTESIAN_POINT('',(84.249028494112,-1.81642322966,
    -12.59248580969));
#5305 = CARTESIAN_POINT('',(84.386528733466,-1.80775820294,
    -12.57764676757));
#5306 = CARTESIAN_POINT('',(84.622069277085,-1.792879585997,
    -12.58207033567));
#5307 = CARTESIAN_POINT('',(84.720318869827,-1.78666281419,
    -12.59288743879));
#5308 = CARTESIAN_POINT('',(84.817412553928,-1.780446491898,
    -12.61265723602));
#5309 = CARTESIAN_POINT('',(84.912375289811,-1.774230424492,
    -12.64122246193));
#5310 = CARTESIAN_POINT('',(85.004262891684,-1.768014099927,
    -12.67829907899));
#5311 = CARTESIAN_POINT('',(85.092175456404,-1.76179737477,
    -12.72348033747));
#5312 = CARTESIAN_POINT('',(85.203545589462,-1.753466205902,
    -12.79417736543));
#5313 = CARTESIAN_POINT('',(85.231260976967,-1.751351297294,
    -12.81300076546));
#5314 = CARTESIAN_POINT('',(85.258387235604,-1.749236383309,
    -12.83268003722));
#5315 = CARTESIAN_POINT('',(85.28489273419,-1.74712146452,
    -12.85319297496));
#5316 = CARTESIAN_POINT('',(85.310746941599,-1.745006541723,
    -12.87451595218));
#5317 = CARTESIAN_POINT('',(85.335920426764,-1.742891615944,
    -12.8966239217));
#5318 = CARTESIAN_POINT('',(85.382451028387,-1.738869088474,
    -12.94011529407));
#5319 = CARTESIAN_POINT('',(85.40394042082,-1.736961485813,
    -12.96135733524));
#5320 = CARTESIAN_POINT('',(85.424832264194,-1.735053881679,
    -12.98319712003));
#5321 = CARTESIAN_POINT('',(85.445106669319,-1.733146277238,
    -13.00561443164));
#5322 = CARTESIAN_POINT('',(85.464744629595,-1.731238673597,
    -13.02858825559));
#5323 = CARTESIAN_POINT('',(85.48372802101,-1.729331071802,
    -13.05209677967));
#5324 = CARTESIAN_POINT('',(85.547978449457,-1.722637818516,
    -13.13637867489));
#5325 = CARTESIAN_POINT('',(85.589690406851,-1.717852042164,
    -13.19986486706));
#5326 = CARTESIAN_POINT('',(85.626901920381,-1.713066401416,
    -13.26621700581));
#5327 = CARTESIAN_POINT('',(85.659379615499,-1.708280850469,
    -13.33505078479));
#5328 = CARTESIAN_POINT('',(85.686931924228,-1.703495238825,
    -13.40596007999));
#5329 = CARTESIAN_POINT('',(85.709410712343,-1.698709510023,
    -13.47852047384));
#5330 = CARTESIAN_POINT('',(85.736181354395,-1.691305024713,
    -13.59266391463));
#5331 = CARTESIAN_POINT('',(85.744099781038,-1.688686144828,
    -13.6333987991));
#5332 = CARTESIAN_POINT('',(85.750451382825,-1.686067260919,
    -13.67442562778));
#5333 = CARTESIAN_POINT('',(85.75522354272,-1.683448385125,
    -13.71567213204));
#5334 = CARTESIAN_POINT('',(85.758407830308,-1.680829541533,
    -13.75706557939));
#5335 = CARTESIAN_POINT('',(85.760000001793,-1.678210766173,
    -13.79853277358));
#5336 = CARTESIAN_POINT('',(85.76,-1.675592107022,-13.84000005449));
#5337 = ORIENTED_EDGE('',*,*,#5338,.T.);
#5338 = EDGE_CURVE('',#5290,#5339,#5341,.T.);
#5339 = VERTEX_POINT('',#5340);
#5340 = CARTESIAN_POINT('',(83.24,-1.42559238329,-13.84));
#5341 = B_SPLINE_CURVE_WITH_KNOTS('',6,(#5342,#5343,#5344,#5345,#5346,
    #5347,#5348,#5349,#5350,#5351,#5352,#5353,#5354,#5355,#5356,#5357,
    #5358,#5359,#5360,#5361,#5362,#5363,#5364,#5365,#5366,#5367,#5368,
    #5369,#5370,#5371,#5372,#5373),.UNSPECIFIED.,.F.,.F.,(7,5,5,5,5,5,7)
  ,(0.,7.800281534423E-02,0.268234058211,0.461540465065,0.611116848424,
    0.770342945168,1.),.UNSPECIFIED.);
#5342 = CARTESIAN_POINT('',(85.76,-1.675592107022,-13.84000005449));
#5343 = CARTESIAN_POINT('',(85.759999997775,-1.672342426111,
    -13.89145986624));
#5344 = CARTESIAN_POINT('',(85.757477957427,-1.66909327125,
    -13.94291964162));
#5345 = CARTESIAN_POINT('',(85.752434013402,-1.665844192315,
    -13.99422407949));
#5346 = CARTESIAN_POINT('',(85.744880794589,-1.662594916965,
    -14.04521938797));
#5347 = CARTESIAN_POINT('',(85.734843424318,-1.659345350633,
    -14.09575328448));
#5348 = CARTESIAN_POINT('',(85.691914099209,-1.648170111759,
    -14.26742277003));
#5349 = CARTESIAN_POINT('',(85.646912968987,-1.640242131477,
    -14.38554873101));
#5350 = CARTESIAN_POINT('',(85.587902133505,-1.632314301119,
    -14.49783907359));
#5351 = CARTESIAN_POINT('',(85.515872406665,-1.624387444688,
    -14.60225745736));
#5352 = CARTESIAN_POINT('',(85.432166498343,-1.616459921499,
    -14.69698030466));
#5353 = CARTESIAN_POINT('',(85.243303343487,-1.600479944852,
    -14.86535997403));
#5354 = CARTESIAN_POINT('',(85.137793315661,-1.592425213096,
    -14.93867635903));
#5355 = CARTESIAN_POINT('',(85.023744313123,-1.584372116275,
    -14.99884454995));
#5356 = CARTESIAN_POINT('',(84.903222817932,-1.576318704912,
    -15.04469137559));
#5357 = CARTESIAN_POINT('',(84.778474896002,-1.568263607126,
    -15.07544104875));
#5358 = CARTESIAN_POINT('',(84.553921515973,-1.553977380734,
    -15.10270724431));
#5359 = CARTESIAN_POINT('',(84.454841249381,-1.547744830369,
    -15.10539598715));
#5360 = CARTESIAN_POINT('',(84.355730403007,-1.541512591307,
    -15.09874672573));
#5361 = CARTESIAN_POINT('',(84.257685194552,-1.535280365637,
    -15.08279922134));
#5362 = CARTESIAN_POINT('',(84.161782440879,-1.529047834414,
    -15.05776272032));
#5363 = CARTESIAN_POINT('',(83.970348053839,-1.516181486742,
    -14.98808660875));
#5364 = CARTESIAN_POINT('',(83.875227179176,-1.509546908864,
    -14.94228254945));
#5365 = CARTESIAN_POINT('',(83.784944691967,-1.502912940219,
    -14.88705372674));
#5366 = CARTESIAN_POINT('',(83.700648649798,-1.496278988511,
    -14.8230591274));
#5367 = CARTESIAN_POINT('',(83.623370547961,-1.489644455794,
    -14.75112830778));
#5368 = CARTESIAN_POINT('',(83.453913139472,-1.473441641576,
    -14.55850995732));
#5369 = CARTESIAN_POINT('',(83.370223000146,-1.463870050624,
    -14.43028413224));
#5370 = CARTESIAN_POINT('',(83.305606813066,-1.454301521385,
    -14.29060878038));
#5371 = CARTESIAN_POINT('',(83.261861597387,-1.444732872984,
    -14.14305923306));
#5372 = CARTESIAN_POINT('',(83.24,-1.435161122553,-13.9915070062));
#5373 = CARTESIAN_POINT('',(83.24,-1.42559238329,-13.84));
#5374 = ORIENTED_EDGE('',*,*,#5375,.T.);
#5375 = EDGE_CURVE('',#5339,#5376,#5378,.T.);
#5376 = VERTEX_POINT('',#5377);
#5377 = CARTESIAN_POINT('',(85.76,-1.175594511976,-13.84000010309));
#5378 = B_SPLINE_CURVE_WITH_KNOTS('',7,(#5379,#5380,#5381,#5382,#5383,
    #5384,#5385,#5386,#5387,#5388,#5389,#5390,#5391,#5392,#5393,#5394,
    #5395,#5396,#5397,#5398,#5399,#5400,#5401,#5402,#5403,#5404,#5405,
    #5406,#5407,#5408,#5409,#5410,#5411,#5412,#5413,#5414,#5415,#5416),
  .UNSPECIFIED.,.F.,.F.,(8,6,6,6,6,6,8),(0.,0.263361801597,
    0.504827237793,0.739289959461,0.79277830025,0.926787795119,1.),
  .UNSPECIFIED.);
#5379 = CARTESIAN_POINT('',(83.24,-1.42559238329,-13.84));
#5380 = CARTESIAN_POINT('',(83.24,-1.416187240281,-13.69108330143));
#5381 = CARTESIAN_POINT('',(83.260533557488,-1.406778408087,
    -13.5421047058));
#5382 = CARTESIAN_POINT('',(83.301630979097,-1.39737305504,
    -13.39657492311));
#5383 = CARTESIAN_POINT('',(83.362528312478,-1.387969205432,
    -13.25787262679));
#5384 = CARTESIAN_POINT('',(83.441852117597,-1.378563925231,
    -13.12912574889));
#5385 = CARTESIAN_POINT('',(83.537632637392,-1.36915513105,
    -13.01318389771));
#5386 = CARTESIAN_POINT('',(83.747777699353,-1.351127067109,
    -12.81999841282));
#5387 = CARTESIAN_POINT('',(83.860005309673,-1.342501260211,
    -12.74027455597));
#5388 = CARTESIAN_POINT('',(83.98197211836,-1.333877159946,
    -12.6750668837));
#5389 = CARTESIAN_POINT('',(84.111407755032,-1.325254182523,
    -12.62574377137));
#5390 = CARTESIAN_POINT('',(84.245839843831,-1.316630079118,
    -12.59324741551));
#5391 = CARTESIAN_POINT('',(84.382662985426,-1.308004277032,
    -12.57806747751));
#5392 = CARTESIAN_POINT('',(84.651741152077,-1.291008174863,
    -12.58216427243));
#5393 = CARTESIAN_POINT('',(84.784088589266,-1.282633137512,
    -12.60045559188));
#5394 = CARTESIAN_POINT('',(84.913760150118,-1.274259855337,
    -12.63499659636));
#5395 = CARTESIAN_POINT('',(85.03838382765,-1.265887597928,
    -12.68528205421));
#5396 = CARTESIAN_POINT('',(85.155715084743,-1.257514201563,
    -12.75040630623));
#5397 = CARTESIAN_POINT('',(85.263695621705,-1.249139069383,
    -12.82908698184));
#5398 = CARTESIAN_POINT('',(85.382627419077,-1.238855954944,
    -12.94028695057));
#5399 = CARTESIAN_POINT('',(85.404141176172,-1.236945812651,
    -12.96156160982));
#5400 = CARTESIAN_POINT('',(85.425055666338,-1.235035668892,
    -12.98343548138));
#5401 = CARTESIAN_POINT('',(85.445350925382,-1.23312552483,
    -13.0058882633));
#5402 = CARTESIAN_POINT('',(85.46500787656,-1.231215381573,
    -13.02889885187));
#5403 = CARTESIAN_POINT('',(85.484008330579,-1.229305240176,
    -13.05244534157));
#5404 = CARTESIAN_POINT('',(85.548250520552,-1.222609447474,
    -13.13678406898));
#5405 = CARTESIAN_POINT('',(85.589937918559,-1.217823671334,
    -13.20028638867));
#5406 = CARTESIAN_POINT('',(85.627123764541,-1.213038030843,
    -13.26665291367));
#5407 = CARTESIAN_POINT('',(85.659574832729,-1.2082524801,
    -13.33549924738));
#5408 = CARTESIAN_POINT('',(85.687099712394,-1.203466868514,
    -13.40641919184));
#5409 = CARTESIAN_POINT('',(85.709550433587,-1.19868113964,
    -13.47898827253));
#5410 = CARTESIAN_POINT('',(85.736261056161,-1.191281050855,
    -13.59307427702));
#5411 = CARTESIAN_POINT('',(85.744153058517,-1.188666567391,
    -13.63374322478));
#5412 = CARTESIAN_POINT('',(85.750483408008,-1.186052079971,
    -13.6747026543));
#5413 = CARTESIAN_POINT('',(85.755239571595,-1.18343760078,
    -13.71588065508));
#5414 = CARTESIAN_POINT('',(85.758413175137,-1.180823153838,
    -13.75720485815));
#5415 = CARTESIAN_POINT('',(85.760000003387,-1.178208775005,
    -13.7986024361));
#5416 = CARTESIAN_POINT('',(85.76,-1.175594511976,-13.84000010309));
#5417 = ORIENTED_EDGE('',*,*,#5418,.T.);
#5418 = EDGE_CURVE('',#5376,#5419,#5421,.T.);
#5419 = VERTEX_POINT('',#5420);
#5420 = CARTESIAN_POINT('',(83.24,-0.925594791314,-13.84));
#5421 = B_SPLINE_CURVE_WITH_KNOTS('',6,(#5422,#5423,#5424,#5425,#5426,
    #5427,#5428,#5429,#5430,#5431,#5432,#5433,#5434,#5435,#5436,#5437,
    #5438,#5439,#5440,#5441,#5442,#5443,#5444,#5445,#5446,#5447,#5448,
    #5449,#5450,#5451,#5452,#5453),.UNSPECIFIED.,.F.,.F.,(7,5,5,5,5,5,7)
  ,(0.,7.800281630834E-02,0.26823406014,0.461540471573,0.611116740922,
    0.770342647711,1.),.UNSPECIFIED.);
#5422 = CARTESIAN_POINT('',(85.76,-1.175594511976,-13.84000010309));
#5423 = CARTESIAN_POINT('',(85.75999999579,-1.172344831067,
    -13.89145991484));
#5424 = CARTESIAN_POINT('',(85.757477953457,-1.169095676212,
    -13.94291969012));
#5425 = CARTESIAN_POINT('',(85.752434007453,-1.165846597285,
    -13.9942241278));
#5426 = CARTESIAN_POINT('',(85.744880786673,-1.162597321941,
    -14.04521943599));
#5427 = CARTESIAN_POINT('',(85.734843414453,-1.159347755613,
    -14.09575333211));
#5428 = CARTESIAN_POINT('',(85.691914082944,-1.148172516803,
    -14.26742281511));
#5429 = CARTESIAN_POINT('',(85.6469129486,-1.140244536573,
    -14.38554877353));
#5430 = CARTESIAN_POINT('',(85.587902109422,-1.132316706255,
    -14.49783911309));
#5431 = CARTESIAN_POINT('',(85.515872379365,-1.124389849872,
    -14.6022574935));
#5432 = CARTESIAN_POINT('',(85.432166468341,-1.116462326738,
    -14.69698033716));
#5433 = CARTESIAN_POINT('',(85.243303307329,-1.100482350058,
    -14.86536000042));
#5434 = CARTESIAN_POINT('',(85.137793275682,-1.092427618216,
    -14.93867638252));
#5435 = CARTESIAN_POINT('',(85.023744269599,-1.08437452131,
    -14.99884456991));
#5436 = CARTESIAN_POINT('',(84.903222771255,-1.076321109861,
    -15.04469139147));
#5437 = CARTESIAN_POINT('',(84.778474846669,-1.068266011985,
    -15.07544106002));
#5438 = CARTESIAN_POINT('',(84.553921539962,-1.053979790329,
    -15.10270723731));
#5439 = CARTESIAN_POINT('',(84.454841350887,-1.047747244792,
    -15.10539598113));
#5440 = CARTESIAN_POINT('',(84.35573058161,-1.041515010556,
    -15.09874673525));
#5441 = CARTESIAN_POINT('',(84.257685447276,-1.035282789711,
    -15.0827992608));
#5442 = CARTESIAN_POINT('',(84.161782762275,-1.029050263316,
    -15.05776280339));
#5443 = CARTESIAN_POINT('',(83.970348543541,-1.016183928466,
    -14.98808682309));
#5444 = CARTESIAN_POINT('',(83.875227764444,-1.009549358588,
    -14.94228286162));
#5445 = CARTESIAN_POINT('',(83.784945356568,-1.00291539794,
    -14.88705415737));
#5446 = CARTESIAN_POINT('',(83.700649373687,-0.996281454228,
    -14.82305969409));
#5447 = CARTESIAN_POINT('',(83.623371307932,-0.989646929512,
    -14.75112902437));
#5448 = CARTESIAN_POINT('',(83.453913676352,-0.973444111018,
    -14.55851077995));
#5449 = CARTESIAN_POINT('',(83.370223331846,-0.963872507772,
    -14.43028484917));
#5450 = CARTESIAN_POINT('',(83.305606981508,-0.954303966259,
    -14.29060934847));
#5451 = CARTESIAN_POINT('',(83.261861653479,-0.94473530558,
    -14.14305962208));
#5452 = CARTESIAN_POINT('',(83.24,-0.935163542852,-13.99150720056));
#5453 = CARTESIAN_POINT('',(83.24,-0.925594791314,-13.84));
#5454 = ORIENTED_EDGE('',*,*,#5455,.T.);
#5455 = EDGE_CURVE('',#5419,#5456,#5458,.T.);
#5456 = VERTEX_POINT('',#5457);
#5457 = CARTESIAN_POINT('',(85.76,-0.675596916948,-13.84000015169));
#5458 = B_SPLINE_CURVE_WITH_KNOTS('',7,(#5459,#5460,#5461,#5462,#5463,
    #5464,#5465,#5466,#5467,#5468,#5469,#5470,#5471,#5472,#5473,#5474,
    #5475,#5476,#5477,#5478,#5479,#5480,#5481,#5482,#5483,#5484,#5485,
    #5486,#5487,#5488,#5489,#5490,#5491,#5492,#5493,#5494,#5495,#5496,
    #5497,#5498,#5499,#5500,#5501,#5502),.UNSPECIFIED.,.F.,.F.,(8,6,6,6,
    6,6,6,8),(0.,0.263326463195,0.505013454115,0.680041059335,
    0.739297254935,0.792789128752,0.927519732185,1.),.UNSPECIFIED.);
#5459 = CARTESIAN_POINT('',(83.24,-0.925594791314,-13.84));
#5460 = CARTESIAN_POINT('',(83.24,-0.916190767659,-13.69110102478));
#5461 = CARTESIAN_POINT('',(83.260528670129,-0.906783057312,
    -13.54214019279));
#5462 = CARTESIAN_POINT('',(83.301616293777,-0.897378824067,
    -13.39662692914));
#5463 = CARTESIAN_POINT('',(83.362499298396,-0.887976093528,
    -13.25793870491));
#5464 = CARTESIAN_POINT('',(83.441804888948,-0.878571933126,
    -13.12920240246));
#5465 = CARTESIAN_POINT('',(83.537564218017,-0.869164260783,
    -13.01326673343));
#5466 = CARTESIAN_POINT('',(83.747770936467,-0.851129273947,
    -12.81998634623));
#5467 = CARTESIAN_POINT('',(83.860106377448,-0.842495412602,
    -12.74018882329));
#5468 = CARTESIAN_POINT('',(83.982198784141,-0.833863266251,
    -12.67493538882));
#5469 = CARTESIAN_POINT('',(84.111771232885,-0.825232248263,
    -12.62559803033));
#5470 = CARTESIAN_POINT('',(84.246344130626,-0.81660009911,
    -12.59312097168));
#5471 = CARTESIAN_POINT('',(84.383304530149,-0.807966243075,
    -12.57799420668));
#5472 = CARTESIAN_POINT('',(84.618906122369,-0.793084521862,
    -12.58172488841));
#5473 = CARTESIAN_POINT('',(84.717727652677,-0.786833508509,
    -12.59236023093));
#5474 = CARTESIAN_POINT('',(84.815401597226,-0.780582957452,
    -12.61205049164));
#5475 = CARTESIAN_POINT('',(84.910936314798,-0.774332668516,
    -12.64063788455));
#5476 = CARTESIAN_POINT('',(85.003371465666,-0.768082115415,
    -12.67783502004));
#5477 = CARTESIAN_POINT('',(85.091791824325,-0.761831151291,
    -12.72322905778));
#5478 = CARTESIAN_POINT('',(85.203631120999,-0.753464534668,
    -12.79423428932));
#5479 = CARTESIAN_POINT('',(85.231360959468,-0.751348403679,
    -12.81307091057));
#5480 = CARTESIAN_POINT('',(85.258500912173,-0.74923226731,
    -12.83276434209));
#5481 = CARTESIAN_POINT('',(85.285019295158,-0.74711612613,
    -12.85329233668));
#5482 = CARTESIAN_POINT('',(85.310885527207,-0.744999980937,
    -12.8746312232));
#5483 = CARTESIAN_POINT('',(85.336070129846,-0.742883832762,
    -12.89675590667));
#5484 = CARTESIAN_POINT('',(85.382638485932,-0.738857387709,
    -12.9402977246));
#5485 = CARTESIAN_POINT('',(85.404153728652,-0.73694708987,
    -12.9615743883));
#5486 = CARTESIAN_POINT('',(85.425069598963,-0.735036790566,
    -12.98345035413));
#5487 = CARTESIAN_POINT('',(85.445366128077,-0.733126490958,
    -13.00590531492));
#5488 = CARTESIAN_POINT('',(85.465024234956,-0.731216192156,
    -13.02891816146));
#5489 = CARTESIAN_POINT('',(85.484025726309,-0.729305895215,
    -13.05246698253));
#5490 = CARTESIAN_POINT('',(85.548515160596,-0.722584121259,
    -13.13713451089));
#5491 = CARTESIAN_POINT('',(85.590403068936,-0.717772515944,
    -13.20099804034));
#5492 = CARTESIAN_POINT('',(85.627739143665,-0.712961049655,
    -13.2677547012));
#5493 = CARTESIAN_POINT('',(85.660286585226,-0.708149674965,
    -13.33701368069));
#5494 = CARTESIAN_POINT('',(85.687851339334,-0.703338237102,
    -13.40836192914));
#5495 = CARTESIAN_POINT('',(85.710283763863,-0.6985266785,-13.4813677839
    ));
#5496 = CARTESIAN_POINT('',(85.736731417612,-0.691126862527,
    -13.59551059428));
#5497 = CARTESIAN_POINT('',(85.74446745743,-0.688538477963,
    -13.63578785116));
#5498 = CARTESIAN_POINT('',(85.750672379146,-0.685950090083,
    -13.67634700711));
#5499 = CARTESIAN_POINT('',(85.755334142035,-0.683361710832,
    -13.71711826725));
#5500 = CARTESIAN_POINT('',(85.758444700672,-0.680773363664,
    -13.75803139854));
#5501 = CARTESIAN_POINT('',(85.760000004934,-0.678185083545,
    -13.79901572979));
#5502 = CARTESIAN_POINT('',(85.76,-0.675596916948,-13.84000015169));
#5503 = ORIENTED_EDGE('',*,*,#5504,.T.);
#5504 = EDGE_CURVE('',#5456,#5505,#5507,.T.);
#5505 = VERTEX_POINT('',#5506);
#5506 = CARTESIAN_POINT('',(83.24,-0.425597199357,-13.84));
#5507 = B_SPLINE_CURVE_WITH_KNOTS('',6,(#5508,#5509,#5510,#5511,#5512,
    #5513,#5514,#5515,#5516,#5517,#5518,#5519,#5520,#5521,#5522,#5523,
    #5524,#5525,#5526,#5527,#5528,#5529,#5530,#5531,#5532,#5533,#5534,
    #5535,#5536,#5537,#5538,#5539),.UNSPECIFIED.,.F.,.F.,(7,5,5,5,5,5,7)
  ,(0.,7.800281727429E-02,0.268234054842,0.461540460482,0.611116592241,
    0.770342266889,1.),.UNSPECIFIED.);
#5508 = CARTESIAN_POINT('',(85.76,-0.675596916948,-13.84000015169));
#5509 = CARTESIAN_POINT('',(85.759999993805,-0.672347236041,
    -13.89145996344));
#5510 = CARTESIAN_POINT('',(85.757477949487,-0.669098081193,
    -13.94291973863));
#5511 = CARTESIAN_POINT('',(85.752434001505,-0.665849002274,
    -13.99422417611));
#5512 = CARTESIAN_POINT('',(85.744880778757,-0.662599726936,
    -14.04521948401));
#5513 = CARTESIAN_POINT('',(85.734843404588,-0.659350160612,
    -14.09575337974));
#5514 = CARTESIAN_POINT('',(85.691914067837,-0.648174922168,
    -14.26742285557));
#5515 = CARTESIAN_POINT('',(85.646912931635,-0.64024694229,
    -14.38554880706));
#5516 = CARTESIAN_POINT('',(85.587902092072,-0.632319112315,
    -14.49783913978));
#5517 = CARTESIAN_POINT('',(85.515872363023,-0.624392256282,
    -14.60225751375));
#5518 = CARTESIAN_POINT('',(85.432166454254,-0.616464733502,
    -14.69698035165));
#5519 = CARTESIAN_POINT('',(85.243303299585,-0.600484757523,
    -14.86536000537));
#5520 = CARTESIAN_POINT('',(85.137793272003,-0.592430026027,
    -14.93867638363));
#5521 = CARTESIAN_POINT('',(85.023744270785,-0.58437692947,
    -14.99884456828));
#5522 = CARTESIAN_POINT('',(84.90322277784,-0.576323518366,
    -15.04469138833));
#5523 = CARTESIAN_POINT('',(84.7784748589,-0.568268420834,
    -15.07544105671));
#5524 = CARTESIAN_POINT('',(84.553921649264,-0.553982205329,
    -15.10270722545));
#5525 = CARTESIAN_POINT('',(84.454841553657,-0.547749665602,
    -15.10539597676));
#5526 = CARTESIAN_POINT('',(84.355730876746,-0.541517437175,
    -15.0987467559));
#5527 = CARTESIAN_POINT('',(84.257685830604,-0.535285222138,
    -15.08279932372));
#5528 = CARTESIAN_POINT('',(84.161783226659,-0.529052701553,
    -15.05776292491));
#5529 = CARTESIAN_POINT('',(83.970349207987,-0.516186382267,
    -14.98808711549));
#5530 = CARTESIAN_POINT('',(83.875228542785,-0.509551822147,
    -14.94228327892));
#5531 = CARTESIAN_POINT('',(83.784946228455,-0.502917871252,
    -14.88705472445));
#5532 = CARTESIAN_POINT('',(83.700650314155,-0.496283937296,
    -14.82306043205));
#5533 = CARTESIAN_POINT('',(83.623372288209,-0.489649422338,
    -14.75112994972));
#5534 = CARTESIAN_POINT('',(83.453914365138,-0.473446597852,
    -14.55851183534));
#5535 = CARTESIAN_POINT('',(83.370223757397,-0.463874978836,
    -14.43028576894));
#5536 = CARTESIAN_POINT('',(83.305607197609,-0.454306421576,
    -14.2906100773));
#5537 = CARTESIAN_POINT('',(83.261861725441,-0.444737745147,
    -14.14306012116));
#5538 = CARTESIAN_POINT('',(83.24,-0.435165966644,-13.99150744991));
#5539 = CARTESIAN_POINT('',(83.24,-0.425597199357,-13.84));
#5540 = ORIENTED_EDGE('',*,*,#5541,.T.);
#5541 = EDGE_CURVE('',#5505,#2214,#5542,.T.);
#5542 = B_SPLINE_CURVE_WITH_KNOTS('',7,(#5543,#5544,#5545,#5546,#5547,
    #5548,#5549,#5550,#5551,#5552,#5553,#5554,#5555,#5556,#5557,#5558,
    #5559,#5560,#5561,#5562,#5563,#5564,#5565,#5566,#5567,#5568,#5569,
    #5570,#5571,#5572,#5573,#5574,#5575,#5576,#5577,#5578,#5579,#5580,
    #5581,#5582,#5583,#5584,#5585,#5586),.UNSPECIFIED.,.F.,.F.,(8,6,6,6,
    6,6,6,8),(0.,0.26328780958,0.508037451618,0.680044008303,
    0.739304807481,0.79280717856,0.926814757961,1.),.UNSPECIFIED.);
#5543 = CARTESIAN_POINT('',(83.24,-0.425597199357,-13.84));
#5544 = CARTESIAN_POINT('',(83.24,-0.416194565203,-13.69112302552));
#5545 = CARTESIAN_POINT('',(83.260522604053,-0.406788247449,
    -13.54218424424));
#5546 = CARTESIAN_POINT('',(83.301598066724,-0.397385404259,
    -13.39669148676));
#5547 = CARTESIAN_POINT('',(83.362463286719,-0.387984062867,
    -13.25802073201));
#5548 = CARTESIAN_POINT('',(83.441746269347,-0.378581292517,
    -13.12929755963));
#5549 = CARTESIAN_POINT('',(83.53747929594,-0.369175012756,
    -13.01336956842));
#5550 = CARTESIAN_POINT('',(83.748920727714,-0.35103205166,
    -12.81890615524));
#5551 = CARTESIAN_POINT('',(83.862820748678,-0.342288619113,
    -12.73824575534));
#5552 = CARTESIAN_POINT('',(83.986706218893,-0.33354718849,
    -12.67252262277));
#5553 = CARTESIAN_POINT('',(84.118197876006,-0.324806648056,
    -12.62315935448));
#5554 = CARTESIAN_POINT('',(84.254728685482,-0.316065224105,
    -12.59111972801));
#5555 = CARTESIAN_POINT('',(84.393570842575,-0.307321811582,
    -12.57689842776));
#5556 = CARTESIAN_POINT('',(84.629149606459,-0.292438641835,
    -12.58286831628));
#5557 = CARTESIAN_POINT('',(84.726164972905,-0.286295571272,
    -12.59408862409));
#5558 = CARTESIAN_POINT('',(84.822005947946,-0.280152923492,
    -12.61404328157));
#5559 = CARTESIAN_POINT('',(84.915732630769,-0.274010515315,
    -12.64257607185));
#5560 = CARTESIAN_POINT('',(85.00643503818,-0.267867864254,
    -12.67940995301));
#5561 = CARTESIAN_POINT('',(85.093245735939,-0.261724834072,
    -12.72415092102));
#5562 = CARTESIAN_POINT('',(85.203644228999,-0.253465948059,
    -12.79424302676));
#5563 = CARTESIAN_POINT('',(85.231375951923,-0.251349654964,
    -12.81308144835));
#5564 = CARTESIAN_POINT('',(85.258517687218,-0.249233356489,
    -12.83277680372));
#5565 = CARTESIAN_POINT('',(85.285037743963,-0.247117053201,
    -12.8533068401));
#5566 = CARTESIAN_POINT('',(85.310905534337,-0.245000745901,
    -12.87464788039));
#5567 = CARTESIAN_POINT('',(85.336091573615,-0.242884435618,
    -12.89677482319));
#5568 = CARTESIAN_POINT('',(85.382665039662,-0.238857455653,
    -12.94032357701));
#5569 = CARTESIAN_POINT('',(85.404183842132,-0.236946785012,
    -12.96160504571));
#5570 = CARTESIAN_POINT('',(85.42510301932,-0.235036112907,
    -12.98348603183));
#5571 = CARTESIAN_POINT('',(85.445402591426,-0.233125440499,
    -13.00594621566));
#5572 = CARTESIAN_POINT('',(85.465063467119,-0.231214768897,
    -13.02896447485));
#5573 = CARTESIAN_POINT('',(85.484067443528,-0.229304099158,
    -13.05251888445));
#5574 = CARTESIAN_POINT('',(85.54830782822,-0.222607778155,
    -13.13686950234));
#5575 = CARTESIAN_POINT('',(85.589990050562,-0.217822002059,
    -13.20037521903));
#5576 = CARTESIAN_POINT('',(85.627170487467,-0.213036361624,
    -13.26674477407));
#5577 = CARTESIAN_POINT('',(85.659615944517,-0.208250810926,
    -13.33559375186));
#5578 = CARTESIAN_POINT('',(85.687135044123,-0.203465199354,
    -13.40651593885));
#5579 = CARTESIAN_POINT('',(85.709579850951,-0.198679470466,
    -13.47908684855));
#5580 = CARTESIAN_POINT('',(85.736277836211,-0.191280307204,
    -13.59316076031));
#5581 = CARTESIAN_POINT('',(85.74416427758,-0.188666749456,
    -13.63381582094));
#5582 = CARTESIAN_POINT('',(85.750490153896,-0.186053187796,
    -13.674761056));
#5583 = CARTESIAN_POINT('',(85.755242950237,-0.183439634299,
    -13.71592463337));
#5584 = CARTESIAN_POINT('',(85.758414304337,-0.180826112936,
    -13.75723426108));
#5585 = CARTESIAN_POINT('',(85.760000006578,-0.178212659566,
    -13.79861718729));
#5586 = CARTESIAN_POINT('',(85.76,-0.175599321939,-13.84000020029));
#5587 = ORIENTED_EDGE('',*,*,#2220,.T.);
#5588 = ORIENTED_EDGE('',*,*,#4365,.T.);
#5589 = ORIENTED_EDGE('',*,*,#4374,.T.);
#5590 = ORIENTED_EDGE('',*,*,#1947,.F.);
#5591 = ORIENTED_EDGE('',*,*,#1839,.F.);
#5592 = ORIENTED_EDGE('',*,*,#5593,.F.);
#5593 = EDGE_CURVE('',#5594,#1840,#5596,.T.);
#5594 = VERTEX_POINT('',#5595);
#5595 = CARTESIAN_POINT('',(83.24,-0.574413045394,-13.84));
#5596 = B_SPLINE_CURVE_WITH_KNOTS('',7,(#5597,#5598,#5599,#5600,#5601,
    #5602,#5603,#5604,#5605,#5606,#5607,#5608,#5609,#5610,#5611,#5612,
    #5613,#5614,#5615,#5616,#5617,#5618,#5619,#5620,#5621,#5622,#5623,
    #5624,#5625,#5626,#5627,#5628,#5629,#5630,#5631,#5632,#5633,#5634),
  .UNSPECIFIED.,.F.,.F.,(8,6,6,6,6,6,8),(0.,0.258813202396,0.49125987724
    ,0.603035043116,0.736352964184,0.917601597041,1.),.UNSPECIFIED.);
#5597 = CARTESIAN_POINT('',(83.24,-0.574413045394,-13.84));
#5598 = CARTESIAN_POINT('',(83.24,-0.56517027533,-13.69365302771));
#5599 = CARTESIAN_POINT('',(83.259831008278,-0.555923659867,
    -13.54724851254));
#5600 = CARTESIAN_POINT('',(83.299520723367,-0.546679781611,
    -13.40411557668));
#5601 = CARTESIAN_POINT('',(83.358358320507,-0.537437004145,
    -13.26746190586));
#5602 = CARTESIAN_POINT('',(83.435061362162,-0.528193152404,
    -13.14026564557));
#5603 = CARTESIAN_POINT('',(83.527788326828,-0.518946568187,
    -13.02524740967));
#5604 = CARTESIAN_POINT('',(83.729584178157,-0.501402645244,
    -12.8343483241));
#5605 = CARTESIAN_POINT('',(83.836084831135,-0.49309951572,
    -12.75561856282));
#5606 = CARTESIAN_POINT('',(83.951869529765,-0.484798069083,
    -12.69014467278));
#5607 = CARTESIAN_POINT('',(84.074942422907,-0.476497602266,
    -12.63919177301));
#5608 = CARTESIAN_POINT('',(84.203124394002,-0.468196024998,
    -12.60366208282));
#5609 = CARTESIAN_POINT('',(84.334109283842,-0.459892754964,
    -12.58407159727));
#5610 = CARTESIAN_POINT('',(84.52867769121,-0.447599786046,
    -12.57874178281));
#5611 = CARTESIAN_POINT('',(84.591959754579,-0.443607966912,
    -12.58070853648));
#5612 = CARTESIAN_POINT('',(84.655082781261,-0.439616181275,
    -12.58637984885));
#5613 = CARTESIAN_POINT('',(84.717786718348,-0.435624427556,
    -12.59573994422));
#5614 = CARTESIAN_POINT('',(84.779814130582,-0.431632669149,
    -12.60875038525));
#5615 = CARTESIAN_POINT('',(84.840911713072,-0.427640900396,
    -12.62535030336));
#5616 = CARTESIAN_POINT('',(84.972300469645,-0.418888195021,
    -12.66943810596));
#5617 = CARTESIAN_POINT('',(85.042097097398,-0.414127084847,
    -12.69840895556));
#5618 = CARTESIAN_POINT('',(85.109800509245,-0.409366109727,
    -12.73222775098));
#5619 = CARTESIAN_POINT('',(85.175008161033,-0.404605216069,
    -12.77071050697));
#5620 = CARTESIAN_POINT('',(85.237339345108,-0.399844250596,
    -12.81363256396));
#5621 = CARTESIAN_POINT('',(85.296438392928,-0.395083141952,
    -12.86073047201));
#5622 = CARTESIAN_POINT('',(85.427485023297,-0.383849317467,
    -12.98100333214));
#5623 = CARTESIAN_POINT('',(85.496423262486,-0.377375785009,
    -13.05747490631));
#5624 = CARTESIAN_POINT('',(85.557961292252,-0.370902517011,
    -13.140359962));
#5625 = CARTESIAN_POINT('',(85.611396664014,-0.364429225901,
    -13.22879165839));
#5626 = CARTESIAN_POINT('',(85.656153363926,-0.357955529938,
    -13.32181658811));
#5627 = CARTESIAN_POINT('',(85.691790776062,-0.351481709679,
    -13.41840971503));
#5628 = CARTESIAN_POINT('',(85.729950066571,-0.342066400455,
    -13.56252266634));
#5629 = CARTESIAN_POINT('',(85.739933084912,-0.339123888363,
    -13.60807755072));
#5630 = CARTESIAN_POINT('',(85.747946339424,-0.336181502289,
    -13.65404599316));
#5631 = CARTESIAN_POINT('',(85.753969747819,-0.333239231758,
    -13.70032587225));
#5632 = CARTESIAN_POINT('',(85.757989889579,-0.33029701268,
    -13.74681421629));
#5633 = CARTESIAN_POINT('',(85.760000005963,-0.327354727355,
    -13.79340720336));
#5634 = CARTESIAN_POINT('',(85.76,-0.324412204471,-13.84000016126));
#5635 = ORIENTED_EDGE('',*,*,#5636,.F.);
#5636 = EDGE_CURVE('',#5637,#5594,#5639,.T.);
#5637 = VERTEX_POINT('',#5638);
#5638 = CARTESIAN_POINT('',(85.76,-0.824412003293,-13.84000011266));
#5639 = B_SPLINE_CURVE_WITH_KNOTS('',6,(#5640,#5641,#5642,#5643,#5644,
    #5645,#5646,#5647,#5648,#5649,#5650,#5651,#5652,#5653,#5654,#5655,
    #5656,#5657,#5658,#5659,#5660,#5661,#5662,#5663,#5664,#5665,#5666,
    #5667,#5668,#5669,#5670,#5671),.UNSPECIFIED.,.F.,.F.,(7,5,5,5,5,5,7)
  ,(0.,7.000312307223E-02,0.265534228716,0.453750365944,0.573097128697,
    0.760694833902,1.),.UNSPECIFIED.);
#5640 = CARTESIAN_POINT('',(85.76,-0.824412003293,-13.84000011266));
#5641 = CARTESIAN_POINT('',(85.759999995871,-0.821495437908,
    -13.8861820956));
#5642 = CARTESIAN_POINT('',(85.757968764624,-0.818578540026,
    -13.93236392493));
#5643 = CARTESIAN_POINT('',(85.753906393729,-0.815661524173,
    -13.97843351656));
#5644 = CARTESIAN_POINT('',(85.74782108309,-0.812744530781,
    -14.02427965157));
#5645 = CARTESIAN_POINT('',(85.739729145038,-0.809827626185,
    -14.06979197618));
#5646 = CARTESIAN_POINT('',(85.701516147354,-0.798763598448,
    -14.24074676253));
#5647 = CARTESIAN_POINT('',(85.657907798603,-0.79061584385,
    -14.36319523978));
#5648 = CARTESIAN_POINT('',(85.599362163126,-0.782470500012,
    -14.47978591936));
#5649 = CARTESIAN_POINT('',(85.526913830339,-0.774324553398,
    -14.5882861894));
#5650 = CARTESIAN_POINT('',(85.441992330034,-0.766176815756,
    -14.68669336403));
#5651 = CARTESIAN_POINT('',(85.254463194945,-0.750188112076,
    -14.85676093898));
#5652 = CARTESIAN_POINT('',(85.152609747655,-0.742344883485,
    -14.92930812488));
#5653 = CARTESIAN_POINT('',(85.042511416337,-0.734502776094,
    -14.98950100543));
#5654 = CARTESIAN_POINT('',(84.9260587104,-0.726660825081,
    -15.03622972963));
#5655 = CARTESIAN_POINT('',(84.805310168992,-0.718817756019,
    -15.06874046767));
#5656 = CARTESIAN_POINT('',(84.604548114841,-0.706003234224,
    -15.098121085));
#5657 = CARTESIAN_POINT('',(84.525787775895,-0.701030604298,
    -15.10368051847));
#5658 = CARTESIAN_POINT('',(84.446721944596,-0.696058105652,
    -15.10331794432));
#5659 = CARTESIAN_POINT('',(84.367906280304,-0.691085588914,
    -15.09702217361));
#5660 = CARTESIAN_POINT('',(84.289893544599,-0.686112912858,
    -15.08485110825));
#5661 = CARTESIAN_POINT('',(84.092714895344,-0.673324029966,
    -15.03876403355));
#5662 = CARTESIAN_POINT('',(83.975507610711,-0.665506653575,
    -14.99638864642));
#5663 = CARTESIAN_POINT('',(83.86373495153,-0.657690398564,
    -14.94029631413));
#5664 = CARTESIAN_POINT('',(83.759365978352,-0.649874146973,
    -14.87140103661));
#5665 = CARTESIAN_POINT('',(83.66417486246,-0.642056814159,
    -14.79095353597));
#5666 = CARTESIAN_POINT('',(83.471827326805,-0.624270066271,
    -14.585240959));
#5667 = CARTESIAN_POINT('',(83.381305003525,-0.614296305158,
    -14.45367418639));
#5668 = CARTESIAN_POINT('',(83.311238403726,-0.604326825823,
    -14.30918901612));
#5669 = CARTESIAN_POINT('',(83.263736813748,-0.594357367085,
    -14.15579747922));
#5670 = CARTESIAN_POINT('',(83.24,-0.58438362937,-13.99787093769));
#5671 = CARTESIAN_POINT('',(83.24,-0.574413045394,-13.84));
#5672 = ORIENTED_EDGE('',*,*,#5673,.F.);
#5673 = EDGE_CURVE('',#5674,#5637,#5676,.T.);
#5674 = VERTEX_POINT('',#5675);
#5675 = CARTESIAN_POINT('',(83.24,-1.074412841157,-13.84));
#5676 = B_SPLINE_CURVE_WITH_KNOTS('',7,(#5677,#5678,#5679,#5680,#5681,
    #5682,#5683,#5684,#5685,#5686,#5687,#5688,#5689,#5690,#5691,#5692,
    #5693,#5694,#5695,#5696,#5697,#5698,#5699,#5700,#5701,#5702,#5703,
    #5704,#5705,#5706,#5707,#5708,#5709,#5710,#5711,#5712,#5713,#5714,
    #5715,#5716,#5717,#5718,#5719,#5720),.UNSPECIFIED.,.F.,.F.,(8,6,6,6,
    6,6,6,8),(0.,0.257521230897,0.492056507649,0.604551218485,
    0.736101578472,0.787816046189,0.916850887849,1.),.UNSPECIFIED.);
#5677 = CARTESIAN_POINT('',(83.24,-1.074412841157,-13.84));
#5678 = CARTESIAN_POINT('',(83.24,-1.065216165076,-13.69438286461));
#5679 = CARTESIAN_POINT('',(83.259633704485,-1.056015732803,
    -13.54870956503));
#5680 = CARTESIAN_POINT('',(83.298928016435,-1.046817964824,
    -13.40625865071));
#5681 = CARTESIAN_POINT('',(83.357186725753,-1.037621273391,
    -13.27019024225));
#5682 = CARTESIAN_POINT('',(83.433152448552,-1.028423527938,
    -13.14344070613));
#5683 = CARTESIAN_POINT('',(83.525019012746,-1.019223122734,
    -13.02869468149));
#5684 = CARTESIAN_POINT('',(83.726365735177,-1.001650650316,
    -12.83666661174));
#5685 = CARTESIAN_POINT('',(83.83360171112,-0.993272799203,
    -12.75689794515));
#5686 = CARTESIAN_POINT('',(83.950328298615,-0.984896706111,
    -12.69060180612));
#5687 = CARTESIAN_POINT('',(84.074497766107,-0.976521637834,
    -12.63908237769));
#5688 = CARTESIAN_POINT('',(84.203872020799,-0.968145408952,
    -12.60326836655));
#5689 = CARTESIAN_POINT('',(84.336081394013,-0.95976740969,
    -12.58368850177));
#5690 = CARTESIAN_POINT('',(84.532250816615,-0.947374098894,
    -12.57880762069));
#5691 = CARTESIAN_POINT('',(84.59593597714,-0.943356563526,
    -12.58097089541));
#5692 = CARTESIAN_POINT('',(84.659448918025,-0.939339063409,
    -12.58688623671));
#5693 = CARTESIAN_POINT('',(84.722524571383,-0.935321596685,
    -12.59653674542));
#5694 = CARTESIAN_POINT('',(84.784900632429,-0.931304125282,
    -12.60988228088));
#5695 = CARTESIAN_POINT('',(84.846319121332,-0.927286643053,
    -12.62685970343));
#5696 = CARTESIAN_POINT('',(84.976935632472,-0.918571331471,
    -12.67138302237));
#5697 = CARTESIAN_POINT('',(85.045692069769,-0.913873334108,
    -12.70023306007));
#5698 = CARTESIAN_POINT('',(85.112393345602,-0.909175463964,
    -12.73379545455));
#5699 = CARTESIAN_POINT('',(85.176653355079,-0.904477669883,
    -12.77189215731));
#5700 = CARTESIAN_POINT('',(85.238106790999,-0.899779807453,
    -12.81430661292));
#5701 = CARTESIAN_POINT('',(85.29641213508,-0.895081809049,
    -12.86078552533));
#5702 = CARTESIAN_POINT('',(85.372814084121,-0.888537015495,
    -12.93079667545));
#5703 = CARTESIAN_POINT('',(85.393838633063,-0.886690164769,
    -12.9511365064));
#5704 = CARTESIAN_POINT('',(85.414309277268,-0.88484329994,
    -12.97204268571));
#5705 = CARTESIAN_POINT('',(85.434207764326,-0.882996419795,
    -12.99349707158));
#5706 = CARTESIAN_POINT('',(85.453516608169,-0.881149523657,
    -13.01548081149));
#5707 = CARTESIAN_POINT('',(85.472219089075,-0.879302611379,
    -13.03797434226));
#5708 = CARTESIAN_POINT('',(85.535411797167,-0.872847339165,
    -13.11830331381));
#5709 = CARTESIAN_POINT('',(85.576651085409,-0.86823879117,
    -13.17869843799));
#5710 = CARTESIAN_POINT('',(85.613768184747,-0.863630217382,
    -13.24182622199));
#5711 = CARTESIAN_POINT('',(85.646548275649,-0.859021653389,
    -13.30734772939));
#5712 = CARTESIAN_POINT('',(85.674812064766,-0.854413102419,
    -13.37490450058));
#5713 = CARTESIAN_POINT('',(85.698417197012,-0.849804645409,
    -13.44412142556));
#5714 = CARTESIAN_POINT('',(85.729401618473,-0.84222712866,
    -13.56003169368));
#5715 = CARTESIAN_POINT('',(85.739566210846,-0.839257789381,
    -13.60598270837));
#5716 = CARTESIAN_POINT('',(85.747725714664,-0.836288578957,
    -13.65235864209));
#5717 = CARTESIAN_POINT('',(85.75385930719,-0.833319487761,
    -13.69905458814));
#5718 = CARTESIAN_POINT('',(85.757953073045,-0.830350450835,
    -13.74596475177));
#5719 = CARTESIAN_POINT('',(85.760000004204,-0.827381347888,
    -13.79298245021));
#5720 = CARTESIAN_POINT('',(85.76,-0.824412003293,-13.84000011266));
#5721 = ORIENTED_EDGE('',*,*,#5722,.F.);
#5722 = EDGE_CURVE('',#5723,#5674,#5725,.T.);
#5723 = VERTEX_POINT('',#5724);
#5724 = CARTESIAN_POINT('',(85.76,-1.324411802121,-13.84000006406));
#5725 = B_SPLINE_CURVE_WITH_KNOTS('',6,(#5726,#5727,#5728,#5729,#5730,
    #5731,#5732,#5733,#5734,#5735,#5736,#5737,#5738,#5739,#5740,#5741,
    #5742,#5743,#5744,#5745,#5746,#5747,#5748,#5749,#5750,#5751,#5752,
    #5753,#5754,#5755,#5756,#5757),.UNSPECIFIED.,.F.,.F.,(7,5,5,5,5,5,7)
  ,(0.,7.000311864095E-02,0.265534151766,0.453747699978,0.573166930152,
    0.760843966152,1.),.UNSPECIFIED.);
#5726 = CARTESIAN_POINT('',(85.76,-1.324411802121,-13.84000006406));
#5727 = CARTESIAN_POINT('',(85.759999997652,-1.321495236736,
    -13.886182047));
#5728 = CARTESIAN_POINT('',(85.757968768187,-1.31857833885,
    -13.93236387641));
#5729 = CARTESIAN_POINT('',(85.753906399069,-1.315661322993,
    -13.9784334682));
#5730 = CARTESIAN_POINT('',(85.747821090198,-1.312744329597,
    -14.02427960344));
#5731 = CARTESIAN_POINT('',(85.739729153902,-1.309827424998,
    -14.06979192836));
#5732 = CARTESIAN_POINT('',(85.701516171467,-1.29876339976,
    -14.24074667747));
#5733 = CARTESIAN_POINT('',(85.657907845615,-1.290615647673,
    -14.36319511977));
#5734 = CARTESIAN_POINT('',(85.599362241843,-1.282470306354,
    -14.47978576935));
#5735 = CARTESIAN_POINT('',(85.526913948357,-1.274324362252,
    -14.58828601627));
#5736 = CARTESIAN_POINT('',(85.441992493308,-1.266176627121,
    -14.68669317633));
#5737 = CARTESIAN_POINT('',(85.254464685687,-1.250188033322,
    -14.85675962519));
#5738 = CARTESIAN_POINT('',(85.152612785251,-1.24234491218,
    -14.92930598925));
#5739 = CARTESIAN_POINT('',(85.04251620131,-1.234502912154,
    -14.98949840899));
#5740 = CARTESIAN_POINT('',(84.926065361488,-1.226661068496,
    -15.03622707314));
#5741 = CARTESIAN_POINT('',(84.805318715846,-1.218818106873,
    -15.06873817216));
#5742 = CARTESIAN_POINT('',(84.604511280444,-1.206000672796,
    -15.09812713833));
#5743 = CARTESIAN_POINT('',(84.525702635884,-1.201025022928,
    -15.10368705466));
#5744 = CARTESIAN_POINT('',(84.446588414828,-1.196049504705,
    -15.10331772191));
#5745 = CARTESIAN_POINT('',(84.367725293408,-1.191073968348,
    -15.09700796862));
#5746 = CARTESIAN_POINT('',(84.289667035497,-1.186098272242,
    -15.08481588178));
#5747 = CARTESIAN_POINT('',(84.092400978838,-1.173303063601,
    -15.03866273871));
#5748 = CARTESIAN_POINT('',(83.975154803444,-1.16548237903,
    -14.99623769262));
#5749 = CARTESIAN_POINT('',(83.863351778743,-1.157662818374,
    -14.9400854922));
#5750 = CARTESIAN_POINT('',(83.758963194109,-1.149843261405,
    -14.8711219222));
#5751 = CARTESIAN_POINT('',(83.663765017303,-1.142022621025,
    -14.79059996866));
#5752 = CARTESIAN_POINT('',(83.471545332431,-1.124238781338,
    -14.5848309063));
#5753 = CARTESIAN_POINT('',(83.381130338096,-1.114271244071,
    -14.45331392585));
#5754 = CARTESIAN_POINT('',(83.311149580874,-1.104307975383,
    -14.30890212625));
#5755 = CARTESIAN_POINT('',(83.263707239586,-1.094344726886,
    -14.15560056023));
#5756 = CARTESIAN_POINT('',(83.24,-1.084377212235,-13.9977725647));
#5757 = CARTESIAN_POINT('',(83.24,-1.074412841157,-13.84));
#5758 = ORIENTED_EDGE('',*,*,#5759,.F.);
#5759 = EDGE_CURVE('',#5760,#5723,#5762,.T.);
#5760 = VERTEX_POINT('',#5761);
#5761 = CARTESIAN_POINT('',(83.24,-1.574412636927,-13.84));
#5762 = B_SPLINE_CURVE_WITH_KNOTS('',7,(#5763,#5764,#5765,#5766,#5767,
    #5768,#5769,#5770,#5771,#5772,#5773,#5774,#5775,#5776,#5777,#5778,
    #5779,#5780,#5781,#5782,#5783,#5784,#5785,#5786,#5787,#5788,#5789,
    #5790,#5791,#5792,#5793,#5794,#5795,#5796,#5797,#5798,#5799,#5800,
    #5801,#5802,#5803,#5804,#5805,#5806),.UNSPECIFIED.,.F.,.F.,(8,6,6,6,
    6,6,6,8),(0.,0.257714529393,0.493218061715,0.604568797339,
    0.736140859475,0.787876202754,0.916985734588,1.),.UNSPECIFIED.);
#5763 = CARTESIAN_POINT('',(83.24,-1.574412636927,-13.84));
#5764 = CARTESIAN_POINT('',(83.24,-1.565209064893,-13.69427367638));
#5765 = CARTESIAN_POINT('',(83.259663159656,-1.55600172242,
    -13.54849096796));
#5766 = CARTESIAN_POINT('',(83.299016507362,-1.546797055178,
    -13.40593797505));
#5767 = CARTESIAN_POINT('',(83.357361655061,-1.537593468245,
    -13.26978190564));
#5768 = CARTESIAN_POINT('',(83.433437494496,-1.528388824541,
    -13.14296535854));
#5769 = CARTESIAN_POINT('',(83.525432587179,-1.51918151078,
    -13.02817833407));
#5770 = CARTESIAN_POINT('',(83.727371266311,-1.50156757063,
    -12.83581963891));
#5771 = CARTESIAN_POINT('',(83.835145513097,-1.493155099831,
    -12.75583551499));
#5772 = CARTESIAN_POINT('',(83.952473263752,-1.484744422055,
    -12.68944854006));
#5773 = CARTESIAN_POINT('',(84.077279166925,-1.476334789642,
    -12.63797613801));
#5774 = CARTESIAN_POINT('',(84.207295089444,-1.467923973531,
    -12.60235380582));
#5775 = CARTESIAN_POINT('',(84.340120216445,-1.459511353044,
    -12.58311024685));
#5776 = CARTESIAN_POINT('',(84.536206736659,-1.447124319522,
    -12.57894745347));
#5777 = CARTESIAN_POINT('',(84.599235175839,-1.443147642653,
    -12.58128107069));
#5778 = CARTESIAN_POINT('',(84.662084120647,-1.439170999696,
    -12.58729013051));
#5779 = CARTESIAN_POINT('',(84.724496572276,-1.43519438903,
    -12.59695753958));
#5780 = CARTESIAN_POINT('',(84.786218231931,-1.431217774639,
    -12.61024390072));
#5781 = CARTESIAN_POINT('',(84.846998983874,-1.427241150824,
    -12.62708774507));
#5782 = CARTESIAN_POINT('',(84.977012314295,-1.418565921445,
    -12.67141354146));
#5783 = CARTESIAN_POINT('',(85.04577818702,-1.413867150985,
    -12.70027295564));
#5784 = CARTESIAN_POINT('',(85.112487892649,-1.409168507825,
    -12.73384614035));
#5785 = CARTESIAN_POINT('',(85.176755148146,-1.404469940757,
    -12.77195493082));
#5786 = CARTESIAN_POINT('',(85.238214485001,-1.399771305249,
    -12.81438263173));
#5787 = CARTESIAN_POINT('',(85.296524242814,-1.395072533629,
    -12.86087578517));
#5788 = CARTESIAN_POINT('',(85.372935246463,-1.388526222105,
    -12.93091262462));
#5789 = CARTESIAN_POINT('',(85.39396554027,-1.386678626583,
    -12.9512634948));
#5790 = CARTESIAN_POINT('',(85.414441404706,-1.384831016941,
    -12.97218109454));
#5791 = CARTESIAN_POINT('',(85.434344567847,-1.382983391964,
    -12.99364725755));
#5792 = CARTESIAN_POINT('',(85.453657525435,-1.381135750975,
    -13.01564310576));
#5793 = CARTESIAN_POINT('',(85.472363540881,-1.379288093831,
    -13.0381490494));
#5794 = CARTESIAN_POINT('',(85.535574424314,-1.372829410953,
    -13.11853242026));
#5795 = CARTESIAN_POINT('',(85.576823890113,-1.368218196785,
    -13.17897205093));
#5796 = CARTESIAN_POINT('',(85.613945734794,-1.363606956959,
    -13.24214653892));
#5797 = CARTESIAN_POINT('',(85.646724849218,-1.358995727278,
    -13.30771630426));
#5798 = CARTESIAN_POINT('',(85.674981738264,-1.35438451105,
    -13.37532220876));
#5799 = CARTESIAN_POINT('',(85.698573936115,-1.349773389332,
    -13.44458843762));
#5800 = CARTESIAN_POINT('',(85.729500461439,-1.342198026651,
    -13.56047890734));
#5801 = CARTESIAN_POINT('',(85.739632329456,-1.339233505186,
    -13.60635881991));
#5802 = CARTESIAN_POINT('',(85.747765474497,-1.336269112079,
    -13.65266159606));
#5803 = CARTESIAN_POINT('',(85.753879208239,-1.333304837571,
    -13.69928283257));
#5804 = CARTESIAN_POINT('',(85.757959705129,-1.330340616841,
    -13.74611724569));
#5805 = CARTESIAN_POINT('',(85.760000002387,-1.327376330006,
    -13.79305867111));
#5806 = CARTESIAN_POINT('',(85.76,-1.324411802121,-13.84000006406));
#5807 = ORIENTED_EDGE('',*,*,#5808,.F.);
#5808 = EDGE_CURVE('',#5809,#5760,#5811,.T.);
#5809 = VERTEX_POINT('',#5810);
#5810 = CARTESIAN_POINT('',(85.76,-1.824411600954,-13.84000001546));
#5811 = B_SPLINE_CURVE_WITH_KNOTS('',6,(#5812,#5813,#5814,#5815,#5816,
    #5817,#5818,#5819,#5820,#5821,#5822,#5823,#5824,#5825,#5826,#5827,
    #5828,#5829,#5830,#5831,#5832,#5833,#5834,#5835,#5836,#5837,#5838,
    #5839,#5840,#5841,#5842,#5843),.UNSPECIFIED.,.F.,.F.,(7,5,5,5,5,5,7)
  ,(0.,7.000316915503E-02,0.265534284598,0.453745441789,0.573235973534,
    0.758296964211,1.),.UNSPECIFIED.);
#5812 = CARTESIAN_POINT('',(85.76,-1.824411600954,-13.84000001546));
#5813 = CARTESIAN_POINT('',(85.759999999433,-1.82149503557,
    -13.8861819984));
#5814 = CARTESIAN_POINT('',(85.757968771749,-1.81857813768,
    -13.93236382789));
#5815 = CARTESIAN_POINT('',(85.753906404409,-1.815661121818,
    -13.97843341983));
#5816 = CARTESIAN_POINT('',(85.747821097306,-1.812744128419,
    -14.02427955531));
#5817 = CARTESIAN_POINT('',(85.739729162766,-1.809827223817,
    -14.06979188055));
#5818 = CARTESIAN_POINT('',(85.701516195383,-1.798763201022,
    -14.24074659328));
#5819 = CARTESIAN_POINT('',(85.657907892018,-1.790615451388,
    -14.36319500147));
#5820 = CARTESIAN_POINT('',(85.599362319334,-1.78247011253,
    -14.47978562177));
#5821 = CARTESIAN_POINT('',(85.526914064353,-1.774324170885,
    -14.58828584618));
#5822 = CARTESIAN_POINT('',(85.441992653619,-1.766176438208,
    -14.68669299207));
#5823 = CARTESIAN_POINT('',(85.254466147504,-1.750187952138,
    -14.85675833691));
#5824 = CARTESIAN_POINT('',(85.152615763756,-1.742344936349,
    -14.92930389516));
#5825 = CARTESIAN_POINT('',(85.04252089311,-1.734503041593,
    -14.98949586311));
#5826 = CARTESIAN_POINT('',(84.926071883007,-1.726661303197,
    -15.03622446837));
#5827 = CARTESIAN_POINT('',(84.805327096152,-1.718818446916,
    -15.06873592133));
#5828 = CARTESIAN_POINT('',(84.604475064267,-1.705998150945,
    -15.09813308897));
#5829 = CARTESIAN_POINT('',(84.525618952936,-1.701019533623,
    -15.10369347496));
#5830 = CARTESIAN_POINT('',(84.446457182998,-1.696041048304,
    -15.10331749191));
#5831 = CARTESIAN_POINT('',(84.367547430895,-1.69106254481,
    -15.09699398563));
#5832 = CARTESIAN_POINT('',(84.289444446536,-1.686083881143,
    -15.08478122541));
#5833 = CARTESIAN_POINT('',(84.093823040891,-1.673394708521,
    -15.03896839189));
#5834 = CARTESIAN_POINT('',(83.978175379578,-1.665683098065,
    -14.99730541773));
#5835 = CARTESIAN_POINT('',(83.867793713668,-1.657972532809,
    -14.94228996338));
#5836 = CARTESIAN_POINT('',(83.764570039632,-1.650261968533,
    -14.87479438956));
#5837 = CARTESIAN_POINT('',(83.670212524806,-1.642550394783,
    -14.79601129615));
#5838 = CARTESIAN_POINT('',(83.476383446881,-1.624769425468,
    -14.59182060373));
#5839 = CARTESIAN_POINT('',(83.384128010942,-1.614695584448,
    -14.45946130579));
#5840 = CARTESIAN_POINT('',(83.312674267872,-1.604626241498,
    -14.31380065942));
#5841 = CARTESIAN_POINT('',(83.26421488301,-1.594556926142,
    -14.15896389749));
#5842 = CARTESIAN_POINT('',(83.24,-1.584483120989,-13.9994527227));
#5843 = CARTESIAN_POINT('',(83.24,-1.574412636927,-13.84));
#5844 = ORIENTED_EDGE('',*,*,#5845,.F.);
#5845 = EDGE_CURVE('',#3914,#5809,#5846,.T.);
#5846 = B_SPLINE_CURVE_WITH_KNOTS('',6,(#5847,#5848,#5849,#5850,#5851,
    #5852,#5853,#5854,#5855,#5856,#5857,#5858,#5859,#5860,#5861,#5862,
    #5863,#5864,#5865,#5866,#5867,#5868,#5869,#5870,#5871,#5872,#5873,
    #5874,#5875,#5876,#5877,#5878),.UNSPECIFIED.,.F.,.F.,(7,5,5,5,5,5,7)
  ,(0.,0.276687464651,0.435095378588,0.622600604907,0.697508819731,
    0.880338711512,1.),.UNSPECIFIED.);
#5847 = CARTESIAN_POINT('',(83.751173955179,-2.000054213761,
    -12.82665921102));
#5848 = CARTESIAN_POINT('',(83.854314254907,-1.991954750819,
    -12.75044186783));
#5849 = CARTESIAN_POINT('',(83.966779598223,-1.983854162763,
    -12.68681028914));
#5850 = CARTESIAN_POINT('',(84.086615739418,-1.975755022691,
    -12.63721903424));
#5851 = CARTESIAN_POINT('',(84.211618853372,-1.967655776483,
    -12.60266137607));
#5852 = CARTESIAN_POINT('',(84.339440057753,-1.959554977834,
    -12.58370881816));
#5853 = CARTESIAN_POINT('',(84.541042350777,-1.946818177768,
    -12.57853004899));
#5854 = CARTESIAN_POINT('',(84.614573953645,-1.942180920788,
    -12.58177713726));
#5855 = CARTESIAN_POINT('',(84.68778735098,-1.937543744061,
    -12.59016830536));
#5856 = CARTESIAN_POINT('',(84.760233955142,-1.932906587309,
    -12.60366257748));
#5857 = CARTESIAN_POINT('',(84.831472964505,-1.928269385634,
    -12.62216726939));
#5858 = CARTESIAN_POINT('',(84.983465326851,-1.918143436754,
    -12.67320331019));
#5859 = CARTESIAN_POINT('',(85.063566787957,-1.912654457575,
    -12.70768828346));
#5860 = CARTESIAN_POINT('',(85.14066987451,-1.907165733448,
    -12.74875477942));
#5861 = CARTESIAN_POINT('',(85.214104912544,-1.901677020955,
    -12.79606917137));
#5862 = CARTESIAN_POINT('',(85.283254175952,-1.896188056543,
    -12.84920931231));
#5863 = CARTESIAN_POINT('',(85.373253569751,-1.888506342969,
    -12.93102601463));
#5864 = CARTESIAN_POINT('',(85.398172451856,-1.886313512272,
    -12.95523089283));
#5865 = CARTESIAN_POINT('',(85.422283881778,-1.884120660476,
    -12.98025333229));
#5866 = CARTESIAN_POINT('',(85.445554556527,-1.881927785876,
    -13.00605952829));
#5867 = CARTESIAN_POINT('',(85.467953089286,-1.879734887879,
    -13.03261389418));
#5868 = CARTESIAN_POINT('',(85.541917947559,-1.872189663671,
    -13.12642566886));
#5869 = CARTESIAN_POINT('',(85.589016421726,-1.866837079116,
    -13.19720880394));
#5870 = CARTESIAN_POINT('',(85.630315060127,-1.86148451816,
    -13.27168243985));
#5871 = CARTESIAN_POINT('',(85.665461594076,-1.856131959008,
    -13.34924911365));
#5872 = CARTESIAN_POINT('',(85.694186708928,-1.850779433271,
    -13.42926974505));
#5873 = CARTESIAN_POINT('',(85.730787759871,-1.841924529771,
    -13.56461359166));
#5874 = CARTESIAN_POINT('',(85.742438572768,-1.83842177943,
    -13.61891880403));
#5875 = CARTESIAN_POINT('',(85.751210693734,-1.83491921291,
    -13.67380178119));
#5876 = CARTESIAN_POINT('',(85.757070196763,-1.831416800421,
    -13.72907176024));
#5877 = CARTESIAN_POINT('',(85.760000000681,-1.827914377979,
    -13.78453579349));
#5878 = CARTESIAN_POINT('',(85.76,-1.824411600954,-13.84000001546));
#5879 = ORIENTED_EDGE('',*,*,#3913,.T.);
#5880 = CYLINDRICAL_SURFACE('',#5881,1.26);
#5881 = AXIS2_PLACEMENT_3D('',#5882,#5883,#5884);
#5882 = CARTESIAN_POINT('',(84.5,-2.,-13.84));
#5883 = DIRECTION('',(0.,1.,-2.2E-16));
#5884 = DIRECTION('',(-1.,0.,0.));
#5885 = ADVANCED_FACE('',(#5886),#5932,.F.);
#5886 = FACE_BOUND('',#5887,.F.);
#5887 = EDGE_LOOP('',(#5888,#5889,#5896,#5930,#5931));
#5888 = ORIENTED_EDGE('',*,*,#5636,.F.);
#5889 = ORIENTED_EDGE('',*,*,#5890,.T.);
#5890 = EDGE_CURVE('',#5637,#5891,#5893,.T.);
#5891 = VERTEX_POINT('',#5892);
#5892 = CARTESIAN_POINT('',(86.010006087909,-0.968749904538,
    -13.83999998216));
#5893 = B_SPLINE_CURVE_WITH_KNOTS('',1,(#5894,#5895),.UNSPECIFIED.,.F.,
  .F.,(2,2),(0.,0.4355),.PIECEWISE_BEZIER_KNOTS.);
#5894 = CARTESIAN_POINT('',(85.632849946689,-0.751003503557,
    -13.84000017903));
#5895 = CARTESIAN_POINT('',(86.010006087909,-0.968749904538,
    -13.83999998216));
#5896 = ORIENTED_EDGE('',*,*,#5897,.T.);
#5897 = EDGE_CURVE('',#5891,#1879,#5898,.T.);
#5898 = B_SPLINE_CURVE_WITH_KNOTS('',9,(#5899,#5900,#5901,#5902,#5903,
    #5904,#5905,#5906,#5907,#5908,#5909,#5910,#5911,#5912,#5913,#5914,
    #5915,#5916,#5917,#5918,#5919,#5920,#5921,#5922,#5923,#5924,#5925,
    #5926,#5927,#5928,#5929),.UNSPECIFIED.,.F.,.F.,(10,7,7,7,10),(0.,
    1.57576206969,3.151524139379,4.727286209069,6.303048278758),
  .UNSPECIFIED.);
#5899 = CARTESIAN_POINT('',(86.010006087909,-0.968749904538,
    -13.83999998216));
#5900 = CARTESIAN_POINT('',(86.010006776027,-0.954861001027,
    -14.10354554146));
#5901 = CARTESIAN_POINT('',(85.95827481516,-0.940972027049,
    -14.36709042164));
#5902 = CARTESIAN_POINT('',(85.854764166365,-0.927083225313,
    -14.61902825791));
#5903 = CARTESIAN_POINT('',(85.702555829182,-0.913194379323,
    -14.84773595197));
#5904 = CARTESIAN_POINT('',(85.507732388042,-0.899305468418,
    -15.04256142954));
#5905 = CARTESIAN_POINT('',(85.279023980245,-0.885416557557,
    -15.1947659418));
#5906 = CARTESIAN_POINT('',(85.0270929288,-0.871527653469,
    -15.29825998516));
#5907 = CARTESIAN_POINT('',(84.500002806577,-0.843749868307,
    -15.40175474843));
#5908 = CARTESIAN_POINT('',(83.97290854327,-0.815972108882,
    -15.29826010002));
#5909 = CARTESIAN_POINT('',(83.720973057877,-0.802083231494,
    -15.19476564597));
#5910 = CARTESIAN_POINT('',(83.492261252762,-0.788194343366,
    -15.0425636153));
#5911 = CARTESIAN_POINT('',(83.297433897429,-0.774305445516,
    -14.84773606094));
#5912 = CARTESIAN_POINT('',(83.145233254814,-0.760416548643,
    -14.61902527245));
#5913 = CARTESIAN_POINT('',(83.041740772135,-0.74652765923,
    -14.36709157436));
#5914 = CARTESIAN_POINT('',(82.938248307834,-0.71874988544,
    -13.83999998794));
#5915 = CARTESIAN_POINT('',(83.041741141474,-0.69097211165,
    -13.31290847404));
#5916 = CARTESIAN_POINT('',(83.145233615388,-0.677083222238,
    -13.06097489216));
#5917 = CARTESIAN_POINT('',(83.297433338378,-0.663194325364,
    -12.83226390467));
#5918 = CARTESIAN_POINT('',(83.492260237633,-0.649305427513,
    -12.6374355813));
#5919 = CARTESIAN_POINT('',(83.720972552336,-0.635416539386,
    -12.48523325235));
#5920 = CARTESIAN_POINT('',(83.972908426523,-0.621527661999,
    -12.38173984407));
#5921 = CARTESIAN_POINT('',(84.500002786001,-0.593749902573,
    -12.27824682231));
#5922 = CARTESIAN_POINT('',(85.027092812052,-0.565972117411,
    -12.38174093853));
#5923 = CARTESIAN_POINT('',(85.279024657033,-0.552083213331,
    -12.48523443196));
#5924 = CARTESIAN_POINT('',(85.507731423231,-0.538194302438,
    -12.63743427276));
#5925 = CARTESIAN_POINT('',(85.702561620996,-0.524305391597,
    -12.83226151949));
#5926 = CARTESIAN_POINT('',(85.854764754058,-0.510416545531,
    -13.06097462419));
#5927 = CARTESIAN_POINT('',(85.958267310412,-0.496527743845,
    -13.31290981089));
#5928 = CARTESIAN_POINT('',(86.010007188664,-0.482638769855,
    -13.57645442083));
#5929 = CARTESIAN_POINT('',(86.010007877136,-0.468749866341,
    -13.83999998013));
#5930 = ORIENTED_EDGE('',*,*,#1878,.F.);
#5931 = ORIENTED_EDGE('',*,*,#5593,.F.);
#5932 = B_SPLINE_SURFACE_WITH_KNOTS('',1,9,(
    (#5933,#5934,#5935,#5936,#5937,#5938,#5939,#5940,#5941,#5942,#5943
      ,#5944,#5945,#5946,#5947,#5948,#5949,#5950,#5951,#5952,#5953,#5954
      ,#5955,#5956,#5957,#5958,#5959,#5960,#5961,#5962,#5963)
    ,(#5964,#5965,#5966,#5967,#5968,#5969,#5970,#5971,#5972,#5973,#5974
      ,#5975,#5976,#5977,#5978,#5979,#5980,#5981,#5982,#5983,#5984,#5985
      ,#5986,#5987,#5988,#5989,#5990,#5991,#5992,#5993,#5994
  )),.UNSPECIFIED.,.F.,.F.,.F.,(2,2),(10,7,7,7,10),(0.,0.4355),(0.,
    1.57576206969,3.151524139379,4.727286209069,6.303048278758),
  .UNSPECIFIED.);
#5933 = CARTESIAN_POINT('',(85.632849946689,-0.751003503557,
    -13.84000017903));
#5934 = CARTESIAN_POINT('',(85.632850282252,-0.737115151201,
    -14.0377336887));
#5935 = CARTESIAN_POINT('',(85.594035830246,-0.723229384396,
    -14.23542725892));
#5936 = CARTESIAN_POINT('',(85.516392023935,-0.709337297272,
    -14.42444090001));
#5937 = CARTESIAN_POINT('',(85.402193418808,-0.695446834855,
    -14.59603569527));
#5938 = CARTESIAN_POINT('',(85.2560237495,-0.681558753986,-14.7422000821
    ));
#5939 = CARTESIAN_POINT('',(85.084445340938,-0.667670670839,
    -14.85638313735));
#5940 = CARTESIAN_POINT('',(84.895439840574,-0.653782339724,
    -14.93402828621));
#5941 = CARTESIAN_POINT('',(84.500002669618,-0.626004832862,
    -15.01167291635));
#5942 = CARTESIAN_POINT('',(84.104559986115,-0.598226381755,
    -14.93402830474));
#5943 = CARTESIAN_POINT('',(83.915549531567,-0.584337070876,
    -14.85638350334));
#5944 = CARTESIAN_POINT('',(83.743964377793,-0.57044815406,
    -14.74219651895));
#5945 = CARTESIAN_POINT('',(83.597801051258,-0.556559593965,
    -14.59603247889));
#5946 = CARTESIAN_POINT('',(83.483616232554,-0.542670998041,-14.42444902
    ));
#5947 = CARTESIAN_POINT('',(83.405972766097,-0.528782128348,
    -14.23544081492));
#5948 = CARTESIAN_POINT('',(83.328329434244,-0.501004204266,
    -13.83999975949));
#5949 = CARTESIAN_POINT('',(83.405973121853,-0.473226280184,
    -13.44455877391));
#5950 = CARTESIAN_POINT('',(83.483616659128,-0.459337410492,
    -13.25555066207));
#5951 = CARTESIAN_POINT('',(83.597801053949,-0.445448814567,
    -13.08396714224));
#5952 = CARTESIAN_POINT('',(83.743964194663,-0.431560254472,
    -12.93780274879));
#5953 = CARTESIAN_POINT('',(83.915549666928,-0.417671337656,
    -12.82361567324));
#5954 = CARTESIAN_POINT('',(84.104560360685,-0.403782026778,
    -12.74597150732));
#5955 = CARTESIAN_POINT('',(84.500003126706,-0.376003575669,
    -12.66832792473));
#5956 = CARTESIAN_POINT('',(84.895440215144,-0.348226068808,
    -12.74597236638));
#5957 = CARTESIAN_POINT('',(85.084445465333,-0.334337737652,
    -12.82361557625));
#5958 = CARTESIAN_POINT('',(85.256025249502,-0.320449654649,
    -12.93780234156));
#5959 = CARTESIAN_POINT('',(85.402195166037,-0.306561573581,
    -13.08395888827));
#5960 = CARTESIAN_POINT('',(85.516393216214,-0.292671111287,
    -13.25556276936));
#5961 = CARTESIAN_POINT('',(85.594031969634,-0.278779024143,
    -13.44457330267));
#5962 = CARTESIAN_POINT('',(85.632850582185,-0.264893257331,
    -13.6422667437));
#5963 = CARTESIAN_POINT('',(85.632850904777,-0.251004904974,
    -13.84000025337));
#5964 = CARTESIAN_POINT('',(86.010006087909,-0.968749904538,
    -13.83999998216));
#5965 = CARTESIAN_POINT('',(86.010006776027,-0.954861001027,
    -14.10354554146));
#5966 = CARTESIAN_POINT('',(85.95827481516,-0.940972027049,
    -14.36709042164));
#5967 = CARTESIAN_POINT('',(85.854764166365,-0.927083225313,
    -14.61902825791));
#5968 = CARTESIAN_POINT('',(85.702555829182,-0.913194379323,
    -14.84773595197));
#5969 = CARTESIAN_POINT('',(85.507732388042,-0.899305468418,
    -15.04256142954));
#5970 = CARTESIAN_POINT('',(85.279023980245,-0.885416557557,
    -15.1947659418));
#5971 = CARTESIAN_POINT('',(85.0270929288,-0.871527653469,
    -15.29825998516));
#5972 = CARTESIAN_POINT('',(84.500002806577,-0.843749868307,
    -15.40175474843));
#5973 = CARTESIAN_POINT('',(83.97290854327,-0.815972108882,
    -15.29826010002));
#5974 = CARTESIAN_POINT('',(83.720973057877,-0.802083231494,
    -15.19476564597));
#5975 = CARTESIAN_POINT('',(83.492261252762,-0.788194343366,
    -15.0425636153));
#5976 = CARTESIAN_POINT('',(83.297433897429,-0.774305445516,
    -14.84773606094));
#5977 = CARTESIAN_POINT('',(83.145233254814,-0.760416548643,
    -14.61902527245));
#5978 = CARTESIAN_POINT('',(83.041740772135,-0.74652765923,
    -14.36709157436));
#5979 = CARTESIAN_POINT('',(82.938248307834,-0.71874988544,
    -13.83999998794));
#5980 = CARTESIAN_POINT('',(83.041741141474,-0.69097211165,
    -13.31290847404));
#5981 = CARTESIAN_POINT('',(83.145233615388,-0.677083222238,
    -13.06097489216));
#5982 = CARTESIAN_POINT('',(83.297433338378,-0.663194325364,
    -12.83226390467));
#5983 = CARTESIAN_POINT('',(83.492260237633,-0.649305427513,
    -12.6374355813));
#5984 = CARTESIAN_POINT('',(83.720972552336,-0.635416539386,
    -12.48523325235));
#5985 = CARTESIAN_POINT('',(83.972908426523,-0.621527661999,
    -12.38173984407));
#5986 = CARTESIAN_POINT('',(84.500002786001,-0.593749902573,
    -12.27824682231));
#5987 = CARTESIAN_POINT('',(85.027092812052,-0.565972117411,
    -12.38174093853));
#5988 = CARTESIAN_POINT('',(85.279024657033,-0.552083213331,
    -12.48523443196));
#5989 = CARTESIAN_POINT('',(85.507731423231,-0.538194302438,
    -12.63743427276));
#5990 = CARTESIAN_POINT('',(85.702561620996,-0.524305391597,
    -12.83226151949));
#5991 = CARTESIAN_POINT('',(85.854764754058,-0.510416545531,
    -13.06097462419));
#5992 = CARTESIAN_POINT('',(85.958267310412,-0.496527743845,
    -13.31290981089));
#5993 = CARTESIAN_POINT('',(86.010007188664,-0.482638769855,
    -13.57645442083));
#5994 = CARTESIAN_POINT('',(86.010007877136,-0.468749866341,
    -13.83999998013));
#5995 = ADVANCED_FACE('',(#5996),#6007,.F.);
#5996 = FACE_BOUND('',#5997,.F.);
#5997 = EDGE_LOOP('',(#5998,#5999,#6004,#6005,#6006));
#5998 = ORIENTED_EDGE('',*,*,#2062,.F.);
#5999 = ORIENTED_EDGE('',*,*,#6000,.T.);
#6000 = EDGE_CURVE('',#2056,#5456,#6001,.T.);
#6001 = B_SPLINE_CURVE_WITH_KNOTS('',1,(#6002,#6003),.UNSPECIFIED.,.F.,
  .F.,(2,2),(0.,0.4355),.PIECEWISE_BEZIER_KNOTS.);
#6002 = CARTESIAN_POINT('',(86.010008712108,-0.531249866335,
    -13.83999997843));
#6003 = CARTESIAN_POINT('',(85.632857557839,-0.749004904929,
    -13.8400002398));
#6004 = ORIENTED_EDGE('',*,*,#5504,.T.);
#6005 = ORIENTED_EDGE('',*,*,#5541,.T.);
#6006 = ORIENTED_EDGE('',*,*,#2213,.F.);
#6007 = B_SPLINE_SURFACE_WITH_KNOTS('',1,9,(
    (#6008,#6009,#6010,#6011,#6012,#6013,#6014,#6015,#6016,#6017,#6018
      ,#6019,#6020,#6021,#6022,#6023,#6024,#6025,#6026,#6027,#6028,#6029
      ,#6030,#6031,#6032,#6033,#6034,#6035,#6036,#6037,#6038)
    ,(#6039,#6040,#6041,#6042,#6043,#6044,#6045,#6046,#6047,#6048,#6049
      ,#6050,#6051,#6052,#6053,#6054,#6055,#6056,#6057,#6058,#6059,#6060
      ,#6061,#6062,#6063,#6064,#6065,#6066,#6067,#6068,#6069
  )),.UNSPECIFIED.,.F.,.F.,.F.,(2,2),(10,7,7,7,10),(0.,0.4355),(0.,
    1.57576206969,3.151524139379,4.727286209069,6.303048278758),
  .UNSPECIFIED.);
#6008 = CARTESIAN_POINT('',(86.010008712108,-0.531249866335,
    -13.83999997843));
#6009 = CARTESIAN_POINT('',(86.010009492211,-0.51736096282,
    -14.10354601645));
#6010 = CARTESIAN_POINT('',(85.958277965405,-0.50347198882,
    -14.3670913937));
#6011 = CARTESIAN_POINT('',(85.85476654094,-0.489583187106,
    -14.61902986423));
#6012 = CARTESIAN_POINT('',(85.702557752779,-0.475694341129,
    -14.84773761378));
#6013 = CARTESIAN_POINT('',(85.507734160261,-0.461805430219,
    -15.04256332664));
#6014 = CARTESIAN_POINT('',(85.279025399837,-0.44791651935,
    -15.1947684277));
#6015 = CARTESIAN_POINT('',(85.027093895416,-0.434027615259,
    -15.29826269578));
#6016 = CARTESIAN_POINT('',(84.500002809206,-0.406249830094,
    -15.40175769064));
#6017 = CARTESIAN_POINT('',(83.972907594578,-0.378472070675,
    -15.29826274618));
#6018 = CARTESIAN_POINT('',(83.720971677297,-0.36458319329,
    -15.19476803458));
#6019 = CARTESIAN_POINT('',(83.492259490484,-0.350694305162,
    -15.04256574746));
#6020 = CARTESIAN_POINT('',(83.297431750603,-0.33680540731,
    -14.84773789053));
#6021 = CARTESIAN_POINT('',(83.145230769965,-0.322916510434,
    -14.61902669989));
#6022 = CARTESIAN_POINT('',(83.04173809847,-0.309027621022,
    -14.36709253641));
#6023 = CARTESIAN_POINT('',(82.938245470338,-0.281249847233,
    -13.83999998759));
#6024 = CARTESIAN_POINT('',(83.041738516205,-0.253472073444,
    -13.3129075208));
#6025 = CARTESIAN_POINT('',(83.145231177361,-0.239583184032,
    -13.06097348885));
#6026 = CARTESIAN_POINT('',(83.297431115388,-0.225694287155,
    -12.83226207243));
#6027 = CARTESIAN_POINT('',(83.492258338067,-0.211805389302,
    -12.63743334364));
#6028 = CARTESIAN_POINT('',(83.720971102167,-0.197916501175,
    -12.4852307181));
#6029 = CARTESIAN_POINT('',(83.972907459915,-0.184027623791,
    -12.3817371913));
#6030 = CARTESIAN_POINT('',(84.50000278337,-0.15624986437,
    -12.27824408953));
#6031 = CARTESIAN_POINT('',(85.027093760752,-0.128472079206,
    -12.38173835022));
#6032 = CARTESIAN_POINT('',(85.279026088814,-0.114583175123,
    -12.48523193805));
#6033 = CARTESIAN_POINT('',(85.507733259959,-0.100694264219,
    -12.63743194653));
#6034 = CARTESIAN_POINT('',(85.702564120123,-8.680535338038E-02,
    -12.83225937308));
#6035 = CARTESIAN_POINT('',(85.854767281605,-7.291650731806E-02,
    -13.06097345655));
#6036 = CARTESIAN_POINT('',(85.958269459176,-5.902770566071E-02,
    -13.31290886748));
#6037 = CARTESIAN_POINT('',(86.010009959443,-4.51387316461E-02,
    -13.57645393838));
#6038 = CARTESIAN_POINT('',(86.010010739899,-3.124982812808E-02,
    -13.8399999764));
#6039 = CARTESIAN_POINT('',(85.632857557839,-0.749004904929,
    -13.8400002398));
#6040 = CARTESIAN_POINT('',(85.632858610549,-0.735116552562,
    -14.03773524343));
#6041 = CARTESIAN_POINT('',(85.594048056888,-0.721230785692,
    -14.23543044929));
#6042 = CARTESIAN_POINT('',(85.516398966913,-0.707338698623,
    -14.42444691928));
#6043 = CARTESIAN_POINT('',(85.40219809488,-0.693448236255,
    -14.59604013375));
#6044 = CARTESIAN_POINT('',(85.256028923273,-0.679560155374,
    -14.74220466783));
#6045 = CARTESIAN_POINT('',(85.084449710258,-0.665672072196,
    -14.85639106039));
#6046 = CARTESIAN_POINT('',(84.895442813126,-0.651783741072,
    -14.93403707328));
#6047 = CARTESIAN_POINT('',(84.500002596975,-0.624006234204,
    -15.01168260573));
#6048 = CARTESIAN_POINT('',(84.104556981558,-0.596227783113,
    -14.93403651503));
#6049 = CARTESIAN_POINT('',(83.915545310654,-0.582338472244,
    -14.85639055785));
#6050 = CARTESIAN_POINT('',(83.74395913892,-0.568449555428,
    -14.74220285671));
#6051 = CARTESIAN_POINT('',(83.597794475853,-0.554560995326,
    -14.59603811003));
#6052 = CARTESIAN_POINT('',(83.483608317913,-0.540672399395,
    -14.42445345189));
#6053 = CARTESIAN_POINT('',(83.405964273501,-0.526783529702,
    -14.23544375112));
#6054 = CARTESIAN_POINT('',(83.328320579261,-0.499005605623,
    -13.83999966312));
#6055 = CARTESIAN_POINT('',(83.405965078052,-0.471227681544,
    -13.44455573308));
#6056 = CARTESIAN_POINT('',(83.483609210934,-0.457338811852,
    -13.25554626008));
#6057 = CARTESIAN_POINT('',(83.597793992455,-0.44345021592,
    -13.08396134587));
#6058 = CARTESIAN_POINT('',(83.743958006013,-0.429561655817,
    -12.93779544966));
#6059 = CARTESIAN_POINT('',(83.915545053914,-0.415672739002,
    -12.82360736494));
#6060 = CARTESIAN_POINT('',(84.10455738816,-0.401783428134,
    -12.74596318123));
#6061 = CARTESIAN_POINT('',(84.500003199344,-0.37400497704,
    -12.66831990412));
#6062 = CARTESIAN_POINT('',(84.895443219726,-0.346227470173,
    -12.74596461707));
#6063 = CARTESIAN_POINT('',(85.084450094119,-0.332339139014,
    -12.8236076827));
#6064 = CARTESIAN_POINT('',(85.256031081502,-0.318451055952,
    -12.93779445744));
#6065 = CARTESIAN_POINT('',(85.402204548653,-0.304562974934,
    -13.08395073252));
#6066 = CARTESIAN_POINT('',(85.51640147148,-0.290672512612,-13.255560408
    ));
#6067 = CARTESIAN_POINT('',(85.594036279623,-0.276780425576,
    -13.44457051542));
#6068 = CARTESIAN_POINT('',(85.632859377069,-0.262894658685,
    -13.64226531051));
#6069 = CARTESIAN_POINT('',(85.632860416807,-0.249006306314,
    -13.84000031415));
#6070 = ADVANCED_FACE('',(#6071),#6106,.F.);
#6071 = FACE_BOUND('',#6072,.F.);
#6072 = EDGE_LOOP('',(#6073,#6074,#6081,#6105));
#6073 = ORIENTED_EDGE('',*,*,#5897,.F.);
#6074 = ORIENTED_EDGE('',*,*,#6075,.T.);
#6075 = EDGE_CURVE('',#5891,#6076,#6078,.T.);
#6076 = VERTEX_POINT('',#6077);
#6077 = CARTESIAN_POINT('',(86.010006684318,-1.031249904535,
    -13.83999998045));
#6078 = B_SPLINE_CURVE_WITH_KNOTS('',1,(#6079,#6080),.UNSPECIFIED.,.F.,
  .F.,(2,2),(0.,6.25E-02),.PIECEWISE_BEZIER_KNOTS.);
#6079 = CARTESIAN_POINT('',(86.010006087909,-0.968749904538,
    -13.83999998216));
#6080 = CARTESIAN_POINT('',(86.010006684318,-1.031249904535,
    -13.83999998045));
#6081 = ORIENTED_EDGE('',*,*,#6082,.T.);
#6082 = EDGE_CURVE('',#6076,#2056,#6083,.T.);
#6083 = B_SPLINE_CURVE_WITH_KNOTS('',11,(#6084,#6085,#6086,#6087,#6088,
    #6089,#6090,#6091,#6092,#6093,#6094,#6095,#6096,#6097,#6098,#6099,
    #6100,#6101,#6102,#6103,#6104),.UNSPECIFIED.,.F.,.F.,(12,9,12),(0.,
    3.151524139379,6.303048278758),.UNSPECIFIED.);
#6084 = CARTESIAN_POINT('',(86.010006684318,-1.031249904535,
    -13.83999998045));
#6085 = CARTESIAN_POINT('',(86.010007960271,-1.008522607879,
    -14.27125655457));
#6086 = CARTESIAN_POINT('',(85.874564832724,-0.985795126718,
    -14.70251139792));
#6087 = CARTESIAN_POINT('',(85.603478864875,-0.96306845914,
    -15.08649896892));
#6088 = CARTESIAN_POINT('',(85.215716987255,-0.940340715458,
    -15.37580908474));
#6089 = CARTESIAN_POINT('',(84.748047052669,-0.91761323023,
    -15.5317538431));
#6090 = CARTESIAN_POINT('',(84.25195752179,-0.894886444913,
    -15.53166069325));
#6091 = CARTESIAN_POINT('',(83.784323466023,-0.87215895714,
    -15.37587044397));
#6092 = CARTESIAN_POINT('',(83.396436426698,-0.849431715789,
    -15.0864766986));
#6093 = CARTESIAN_POINT('',(83.125474923825,-0.826704424365,
    -14.70251391446));
#6094 = CARTESIAN_POINT('',(82.854512566491,-0.781249885436,
    -13.83999995221));
#6095 = CARTESIAN_POINT('',(83.125475609706,-0.735795346507,
    -12.97748620543));
#6096 = CARTESIAN_POINT('',(83.396439657673,-0.713068055114,
    -12.59351997199));
#6097 = CARTESIAN_POINT('',(83.784303935218,-0.690340813591,
    -12.30414964371));
#6098 = CARTESIAN_POINT('',(84.251983352538,-0.667613326273,
    -12.1482733538));
#6099 = CARTESIAN_POINT('',(84.748043286039,-0.644886540225,
    -12.14834800545));
#6100 = CARTESIAN_POINT('',(85.215682977322,-0.622159055762,
    -12.30412141973));
#6101 = CARTESIAN_POINT('',(85.603526574846,-0.599431311558,
    -12.59351684119));
#6102 = CARTESIAN_POINT('',(85.874542347221,-0.576704644193,
    -12.97748936267));
#6103 = CARTESIAN_POINT('',(86.010007435577,-0.553977162996,
    -13.40874340431));
#6104 = CARTESIAN_POINT('',(86.010008712108,-0.531249866335,
    -13.83999997843));
#6105 = ORIENTED_EDGE('',*,*,#2055,.F.);
#6106 = B_SPLINE_SURFACE_WITH_KNOTS('',1,11,(
    (#6107,#6108,#6109,#6110,#6111,#6112,#6113,#6114,#6115,#6116,#6117
      ,#6118,#6119,#6120,#6121,#6122,#6123,#6124,#6125,#6126,#6127)
    ,(#6128,#6129,#6130,#6131,#6132,#6133,#6134,#6135,#6136,#6137,#6138
      ,#6139,#6140,#6141,#6142,#6143,#6144,#6145,#6146,#6147,#6148
  )),.UNSPECIFIED.,.F.,.F.,.F.,(2,2),(12,9,12),(0.,6.25E-02),(0.,
    3.151524139379,6.303048278758),.UNSPECIFIED.);
#6107 = CARTESIAN_POINT('',(86.010006087909,-0.968749904538,
    -13.83999998216));
#6108 = CARTESIAN_POINT('',(86.01000721392,-0.946022607883,
    -14.27125635192));
#6109 = CARTESIAN_POINT('',(85.874562858952,-0.923295126735,
    -14.70251094362));
#6110 = CARTESIAN_POINT('',(85.603481149024,-0.900568459126,
    -15.08649744767));
#6111 = CARTESIAN_POINT('',(85.21571464793,-0.877840715447,
    -15.37581244451));
#6112 = CARTESIAN_POINT('',(84.748046714614,-0.855113230279,
    -15.53174704989));
#6113 = CARTESIAN_POINT('',(84.251959159444,-0.832386444885,
    -15.53166377134));
#6114 = CARTESIAN_POINT('',(83.784322657127,-0.809658957153,
    -15.37586853463));
#6115 = CARTESIAN_POINT('',(83.396437140393,-0.78693171579,
    -15.08647630421));
#6116 = CARTESIAN_POINT('',(83.125475616058,-0.764204424369,
    -14.70251349926));
#6117 = CARTESIAN_POINT('',(82.854513346395,-0.71874988544,
    -13.83999995861));
#6118 = CARTESIAN_POINT('',(83.12547622043,-0.673295346511,
    -12.97748660782));
#6119 = CARTESIAN_POINT('',(83.396439990073,-0.650568055117,
    -12.59352075912));
#6120 = CARTESIAN_POINT('',(83.78430542261,-0.627840813602,
    -12.30414919047));
#6121 = CARTESIAN_POINT('',(84.251981949679,-0.605113326273,
    -12.14827803512));
#6122 = CARTESIAN_POINT('',(84.748043389516,-0.582386540232,
    -12.14834281624));
#6123 = CARTESIAN_POINT('',(85.215684637713,-0.55965905574,
    -12.30412623523));
#6124 = CARTESIAN_POINT('',(85.603523244876,-0.5369313116,
    -12.59351650138));
#6125 = CARTESIAN_POINT('',(85.874543017986,-0.514204644179,
    -12.97748972619));
#6126 = CARTESIAN_POINT('',(86.010006750546,-0.491477163,-13.40874361037
    ));
#6127 = CARTESIAN_POINT('',(86.010007877136,-0.468749866341,
    -13.83999998013));
#6128 = CARTESIAN_POINT('',(86.010006684318,-1.031249904535,
    -13.83999998045));
#6129 = CARTESIAN_POINT('',(86.010007960271,-1.008522607879,
    -14.27125655457));
#6130 = CARTESIAN_POINT('',(85.874564832724,-0.985795126718,
    -14.70251139792));
#6131 = CARTESIAN_POINT('',(85.603478864875,-0.96306845914,
    -15.08649896892));
#6132 = CARTESIAN_POINT('',(85.215716987255,-0.940340715458,
    -15.37580908474));
#6133 = CARTESIAN_POINT('',(84.748047052669,-0.91761323023,
    -15.5317538431));
#6134 = CARTESIAN_POINT('',(84.25195752179,-0.894886444913,
    -15.53166069325));
#6135 = CARTESIAN_POINT('',(83.784323466023,-0.87215895714,
    -15.37587044397));
#6136 = CARTESIAN_POINT('',(83.396436426698,-0.849431715789,
    -15.0864766986));
#6137 = CARTESIAN_POINT('',(83.125474923825,-0.826704424365,
    -14.70251391446));
#6138 = CARTESIAN_POINT('',(82.854512566491,-0.781249885436,
    -13.83999995221));
#6139 = CARTESIAN_POINT('',(83.125475609706,-0.735795346507,
    -12.97748620543));
#6140 = CARTESIAN_POINT('',(83.396439657673,-0.713068055114,
    -12.59351997199));
#6141 = CARTESIAN_POINT('',(83.784303935218,-0.690340813591,
    -12.30414964371));
#6142 = CARTESIAN_POINT('',(84.251983352538,-0.667613326273,
    -12.1482733538));
#6143 = CARTESIAN_POINT('',(84.748043286039,-0.644886540225,
    -12.14834800545));
#6144 = CARTESIAN_POINT('',(85.215682977322,-0.622159055762,
    -12.30412141973));
#6145 = CARTESIAN_POINT('',(85.603526574846,-0.599431311558,
    -12.59351684119));
#6146 = CARTESIAN_POINT('',(85.874542347221,-0.576704644193,
    -12.97748936267));
#6147 = CARTESIAN_POINT('',(86.010007435577,-0.553977162996,
    -13.40874340431));
#6148 = CARTESIAN_POINT('',(86.010008712108,-0.531249866335,
    -13.83999997843));
#6149 = ADVANCED_FACE('',(#6150),#6186,.F.);
#6150 = FACE_BOUND('',#6151,.F.);
#6151 = EDGE_LOOP('',(#6152,#6178,#6179,#6180,#6181));
#6152 = ORIENTED_EDGE('',*,*,#6153,.F.);
#6153 = EDGE_CURVE('',#4136,#6154,#6156,.T.);
#6154 = VERTEX_POINT('',#6155);
#6155 = CARTESIAN_POINT('',(86.010004656527,-1.531249942727,
    26.800000017515));
#6156 = B_SPLINE_CURVE_WITH_KNOTS('',11,(#6157,#6158,#6159,#6160,#6161,
    #6162,#6163,#6164,#6165,#6166,#6167,#6168,#6169,#6170,#6171,#6172,
    #6173,#6174,#6175,#6176,#6177),.UNSPECIFIED.,.F.,.F.,(12,9,12),(0.,
    3.151524139379,6.303048278758),.UNSPECIFIED.);
#6157 = CARTESIAN_POINT('',(86.010002628737,-2.031249980911,
    26.800000015489));
#6158 = CARTESIAN_POINT('',(86.010003903533,-2.008522684264,
    26.368744599393));
#6159 = CARTESIAN_POINT('',(85.874561138555,-1.985795203188,
    25.937490915529));
#6160 = CARTESIAN_POINT('',(85.603475898369,-1.963068535365,
    25.553504375532));
#6161 = CARTESIAN_POINT('',(85.215715059489,-1.940340791874,
    25.264195037918));
#6162 = CARTESIAN_POINT('',(84.74804638349,-1.917613306731,
    25.108250700868));
#6163 = CARTESIAN_POINT('',(84.251958182502,-1.894886521217,
    25.108343849892));
#6164 = CARTESIAN_POINT('',(83.784325384307,-1.872159033531,
    25.264133683556));
#6165 = CARTESIAN_POINT('',(83.396439387291,-1.849431792168,
    25.553526652024));
#6166 = CARTESIAN_POINT('',(83.12547861322,-1.826704500751,
    25.937488405736));
#6167 = CARTESIAN_POINT('',(82.854516985943,-1.78124996182,
    26.800000052206));
#6168 = CARTESIAN_POINT('',(83.125479303731,-1.735795422888,
    27.66251148175));
#6169 = CARTESIAN_POINT('',(83.396442624956,-1.713068131502,
    28.046476683299));
#6170 = CARTESIAN_POINT('',(83.784305861745,-1.690340889967,
    28.335846232596));
#6171 = CARTESIAN_POINT('',(84.251984022329,-1.667613402735,
    28.491722104384));
#6172 = CARTESIAN_POINT('',(84.748042625945,-1.644886616491,
    28.491647449228));
#6173 = CARTESIAN_POINT('',(85.215681057792,-1.622159132113,
    28.335874453768));
#6174 = CARTESIAN_POINT('',(85.603523615036,-1.599431388101,
    28.046479808433));
#6175 = CARTESIAN_POINT('',(85.874538657679,-1.57670472049,
    27.662508316486));
#6176 = CARTESIAN_POINT('',(86.010003381153,-1.553977239378,
    27.231255433612));
#6177 = CARTESIAN_POINT('',(86.010004656527,-1.531249942727,
    26.800000017515));
#6178 = ORIENTED_EDGE('',*,*,#4135,.F.);
#6179 = ORIENTED_EDGE('',*,*,#2459,.T.);
#6180 = ORIENTED_EDGE('',*,*,#2476,.T.);
#6181 = ORIENTED_EDGE('',*,*,#6182,.F.);
#6182 = EDGE_CURVE('',#6154,#2477,#6183,.T.);
#6183 = B_SPLINE_CURVE_WITH_KNOTS('',1,(#6184,#6185),.UNSPECIFIED.,.F.,
  .F.,(2,2),(0.,0.4355),.PIECEWISE_BEZIER_KNOTS.);
#6184 = CARTESIAN_POINT('',(86.010004656527,-1.531249942727,
    26.800000017515));
#6185 = CARTESIAN_POINT('',(85.632851839919,-1.749002102129,
    26.799999908889));
#6186 = B_SPLINE_SURFACE_WITH_KNOTS('',1,9,(
    (#6187,#6188,#6189,#6190,#6191,#6192,#6193,#6194,#6195,#6196,#6197
      ,#6198,#6199,#6200,#6201,#6202,#6203,#6204,#6205,#6206,#6207,#6208
      ,#6209,#6210,#6211,#6212,#6213,#6214,#6215,#6216,#6217)
    ,(#6218,#6219,#6220,#6221,#6222,#6223,#6224,#6225,#6226,#6227,#6228
      ,#6229,#6230,#6231,#6232,#6233,#6234,#6235,#6236,#6237,#6238,#6239
      ,#6240,#6241,#6242,#6243,#6244,#6245,#6246,#6247,#6248
  )),.UNSPECIFIED.,.F.,.F.,.F.,(2,2),(10,7,7,7,10),(0.,0.4355),(0.,
    1.57576206969,3.151524139379,4.727286209069,6.303048278758),
  .UNSPECIFIED.);
#6187 = CARTESIAN_POINT('',(86.010002628737,-2.031249980911,
    26.800000015489));
#6188 = CARTESIAN_POINT('',(86.010003407779,-2.017361077405,
    26.536455038986));
#6189 = CARTESIAN_POINT('',(85.958272088296,-2.003472103456,
    26.272910724099));
#6190 = CARTESIAN_POINT('',(85.854761080005,-1.989583301689,
    26.020973268913));
#6191 = CARTESIAN_POINT('',(85.702552903994,-1.975694455686,
    25.792266441202));
#6192 = CARTESIAN_POINT('',(85.507730095468,-1.961805544789,
    25.59744151402));
#6193 = CARTESIAN_POINT('',(85.279022255917,-1.947916633934,
    25.44523702713));
#6194 = CARTESIAN_POINT('',(85.027091766042,-1.934027729852,
    25.341743176988));
#6195 = CARTESIAN_POINT('',(84.50000280292,-1.906249944692,25.2382486012
    ));
#6196 = CARTESIAN_POINT('',(83.972909712192,-1.878472185261,
    25.34174313084));
#6197 = CARTESIAN_POINT('',(83.720974810282,-1.86458330787,
    25.44523742651));
#6198 = CARTESIAN_POINT('',(83.492263545512,-1.850694419741,
    25.597439101385));
#6199 = CARTESIAN_POINT('',(83.297436591343,-1.836805521894,
    25.792266174171));
#6200 = CARTESIAN_POINT('',(83.1452362248,-1.822916625023,26.02097644399
    ));
#6201 = CARTESIAN_POINT('',(83.041743971252,-1.809027735611,
    26.272909592923));
#6202 = CARTESIAN_POINT('',(82.938251762177,-1.78124996182,
    26.800000018688));
#6203 = CARTESIAN_POINT('',(83.041744393231,-1.753472188028,
    27.327090361599));
#6204 = CARTESIAN_POINT('',(83.145236638468,-1.739583298617,
    27.57902337817));
#6205 = CARTESIAN_POINT('',(83.297435964241,-1.725694401745,
    27.807733872542));
#6206 = CARTESIAN_POINT('',(83.492262402777,-1.711805503897,
    28.002561815617));
#6207 = CARTESIAN_POINT('',(83.72097424606,-1.69791661577,
    28.154763827067));
#6208 = CARTESIAN_POINT('',(83.97290958927,-1.684027738379,
    28.258256935919));
#6209 = CARTESIAN_POINT('',(84.500002789659,-1.656249978946,
    28.361749618624));
#6210 = CARTESIAN_POINT('',(85.027091643119,-1.628472193787,
    28.258255772755));
#6211 = CARTESIAN_POINT('',(85.279022955787,-1.614583289714,
    28.154762600875));
#6212 = CARTESIAN_POINT('',(85.507729204887,-1.600694378823,
    28.002563204612));
#6213 = CARTESIAN_POINT('',(85.702559279415,-1.586805467997,
    27.807736562326));
#6214 = CARTESIAN_POINT('',(85.854761826957,-1.572916621909,
    27.579023399356));
#6215 = CARTESIAN_POINT('',(85.958263586309,-1.559027820199,
    27.327089002972));
#6216 = CARTESIAN_POINT('',(86.010003877132,-1.545138846236,
    27.063544994019));
#6217 = CARTESIAN_POINT('',(86.010004656527,-1.531249942727,
    26.800000017515));
#6218 = CARTESIAN_POINT('',(85.632848980967,-2.249000700712,
    26.799999983236));
#6219 = CARTESIAN_POINT('',(85.63285007259,-2.235112348358,
    26.602266476229));
#6220 = CARTESIAN_POINT('',(85.594039851635,-2.22122658156,
    26.404572760254));
#6221 = CARTESIAN_POINT('',(85.5163913871,-2.207334494416,
    26.215557705915));
#6222 = CARTESIAN_POINT('',(85.402191413218,-2.193444032012,
    26.04396576777));
#6223 = CARTESIAN_POINT('',(85.256023376822,-2.179555951149,
    25.897802311512));
#6224 = CARTESIAN_POINT('',(85.084445485479,-2.165667867991,
    25.783616749802));
#6225 = CARTESIAN_POINT('',(84.895440034618,-2.15177953688,
    25.705971287531));
#6226 = CARTESIAN_POINT('',(84.500002827661,-2.124002030017,
    25.62832626508));
#6227 = CARTESIAN_POINT('',(84.104560190832,-2.096223578911,
    25.705971690066));
#6228 = CARTESIAN_POINT('',(83.915549935613,-2.082334268032,
    25.783617022196));
#6229 = CARTESIAN_POINT('',(83.743965040509,-2.068445351216,
    25.897803825052));
#6230 = CARTESIAN_POINT('',(83.597801455327,-2.054556791121,
    26.043967436297));
#6231 = CARTESIAN_POINT('',(83.483616128117,-2.040668195197,
    26.215550772825));
#6232 = CARTESIAN_POINT('',(83.405972634321,-2.026779325504,
    26.404559027327));
#6233 = CARTESIAN_POINT('',(83.328329450057,-1.999001401422,
    26.800000106197));
#6234 = CARTESIAN_POINT('',(83.40597328316,-1.97122347734,27.19544105767
    ));
#6235 = CARTESIAN_POINT('',(83.483616791,-1.957334607648,27.384449114973
    ));
#6236 = CARTESIAN_POINT('',(83.597800674234,-1.943446011723,
    27.556032752533));
#6237 = CARTESIAN_POINT('',(83.743963552354,-1.929557451627,
    27.702197570864));
#6238 = CARTESIAN_POINT('',(83.915549278658,-1.915668534812,
    27.816384824864));
#6239 = CARTESIAN_POINT('',(84.104560166642,-1.901779223934,
    27.894028457955));
#6240 = CARTESIAN_POINT('',(84.500002968663,-1.874000772825,
    27.971671225076));
#6241 = CARTESIAN_POINT('',(84.895440010426,-1.846223265964,
    27.894027177829));
#6242 = CARTESIAN_POINT('',(85.084445469099,-1.832334934818,
    27.816384737276));
#6243 = CARTESIAN_POINT('',(85.256025179843,-1.818446851775,
    27.702198860774));
#6244 = CARTESIAN_POINT('',(85.402197569203,-1.804558770776,
    27.556043721285));
#6245 = CARTESIAN_POINT('',(85.51639366153,-1.790668308416,
    27.384435366989));
#6246 = CARTESIAN_POINT('',(85.594027918713,-1.776776221306,
    27.195426705829));
#6247 = CARTESIAN_POINT('',(85.632850761267,-1.762890454488,
    26.997733415896));
#6248 = CARTESIAN_POINT('',(85.632851839919,-1.749002102129,
    26.799999908889));
#6249 = ADVANCED_FACE('',(#6250),#6286,.F.);
#6250 = FACE_BOUND('',#6251,.F.);
#6251 = EDGE_LOOP('',(#6252,#6278,#6279,#6280,#6281));
#6252 = ORIENTED_EDGE('',*,*,#6253,.F.);
#6253 = EDGE_CURVE('',#6154,#6254,#6256,.T.);
#6254 = VERTEX_POINT('',#6255);
#6255 = CARTESIAN_POINT('',(86.010006684318,-1.031249904535,
    26.800000019541));
#6256 = B_SPLINE_CURVE_WITH_KNOTS('',11,(#6257,#6258,#6259,#6260,#6261,
    #6262,#6263,#6264,#6265,#6266,#6267,#6268,#6269,#6270,#6271,#6272,
    #6273,#6274,#6275,#6276,#6277),.UNSPECIFIED.,.F.,.F.,(12,9,12),(0.,
    3.151524139379,6.303048278758),.UNSPECIFIED.);
#6257 = CARTESIAN_POINT('',(86.010004656527,-1.531249942727,
    26.800000017515));
#6258 = CARTESIAN_POINT('',(86.010005931902,-1.508522646075,
    26.368744022407));
#6259 = CARTESIAN_POINT('',(85.874562985639,-1.485795164957,
    25.9374897588));
#6260 = CARTESIAN_POINT('',(85.603477381622,-1.463068497256,
    25.553502703305));
#6261 = CARTESIAN_POINT('',(85.215716023372,-1.44034075367,
    25.264192976587));
#6262 = CARTESIAN_POINT('',(84.748046718079,-1.417613268484,
    25.10824842888));
#6263 = CARTESIAN_POINT('',(84.251957852146,-1.394886483069,
    25.10834157832));
#6264 = CARTESIAN_POINT('',(83.784324425165,-1.372158995339,
    25.264131619791));
#6265 = CARTESIAN_POINT('',(83.396437906994,-1.349431753982,
    25.553524976708));
#6266 = CARTESIAN_POINT('',(83.125476768522,-1.326704462562,
    25.937487245637));
#6267 = CARTESIAN_POINT('',(82.854514776217,-1.281249923632,
    26.800000049998));
#6268 = CARTESIAN_POINT('',(83.125477456718,-1.235795384702,
    27.66251263816));
#6269 = CARTESIAN_POINT('',(83.396441141314,-1.213068093312,
    28.046478355654));
#6270 = CARTESIAN_POINT('',(83.784304898481,-1.190340851783,
    28.33584829444));
#6271 = CARTESIAN_POINT('',(84.251983687434,-1.167613364508,
    28.49172437529));
#6272 = CARTESIAN_POINT('',(84.748042955992,-1.144886578362,
    28.491649721885));
#6273 = CARTESIAN_POINT('',(85.215682017557,-1.122159093941,
    28.335876517018));
#6274 = CARTESIAN_POINT('',(85.603525094941,-1.099431349833,
    28.046481483621));
#6275 = CARTESIAN_POINT('',(85.87454050245,-1.076704682345,
    27.662509476903));
#6276 = CARTESIAN_POINT('',(86.010005408365,-1.053977201191,
    27.231256014649));
#6277 = CARTESIAN_POINT('',(86.010006684318,-1.031249904535,
    26.800000019541));
#6278 = ORIENTED_EDGE('',*,*,#6182,.T.);
#6279 = ORIENTED_EDGE('',*,*,#2525,.T.);
#6280 = ORIENTED_EDGE('',*,*,#2562,.T.);
#6281 = ORIENTED_EDGE('',*,*,#6282,.F.);
#6282 = EDGE_CURVE('',#6254,#2563,#6283,.T.);
#6283 = B_SPLINE_CURVE_WITH_KNOTS('',1,(#6284,#6285),.UNSPECIFIED.,.F.,
  .F.,(2,2),(0.,0.4355),.PIECEWISE_BEZIER_KNOTS.);
#6284 = CARTESIAN_POINT('',(86.010006684318,-1.031249904535,
    26.800000019541));
#6285 = CARTESIAN_POINT('',(85.632854698876,-1.249003503535,
    26.799999834542));
#6286 = B_SPLINE_SURFACE_WITH_KNOTS('',1,9,(
    (#6287,#6288,#6289,#6290,#6291,#6292,#6293,#6294,#6295,#6296,#6297
      ,#6298,#6299,#6300,#6301,#6302,#6303,#6304,#6305,#6306,#6307,#6308
      ,#6309,#6310,#6311,#6312,#6313,#6314,#6315,#6316,#6317)
    ,(#6318,#6319,#6320,#6321,#6322,#6323,#6324,#6325,#6326,#6327,#6328
      ,#6329,#6330,#6331,#6332,#6333,#6334,#6335,#6336,#6337,#6338,#6339
      ,#6340,#6341,#6342,#6343,#6344,#6345,#6346,#6347,#6348
  )),.UNSPECIFIED.,.F.,.F.,.F.,(2,2),(10,7,7,7,10),(0.,0.4355),(0.,
    1.57576206969,3.151524139379,4.727286209069,6.303048278758),
  .UNSPECIFIED.);
#6287 = CARTESIAN_POINT('',(86.010004656527,-1.531249942727,
    26.800000017515));
#6288 = CARTESIAN_POINT('',(86.010005435923,-1.517361039218,
    26.536454687172));
#6289 = CARTESIAN_POINT('',(85.958274047332,-1.503472065252,
    26.272910018165));
#6290 = CARTESIAN_POINT('',(85.854762900317,-1.489583263502,
    26.02097222453));
#6291 = CARTESIAN_POINT('',(85.702554520255,-1.475694417508,
    25.792265089539));
#6292 = CARTESIAN_POINT('',(85.507731450399,-1.461805506607,
    25.597439900467));
#6293 = CARTESIAN_POINT('',(85.27902330389,-1.447916595747,
    25.445235208852));
#6294 = CARTESIAN_POINT('',(85.027092475833,-1.434027691662,
    25.341741219396));
#6295 = CARTESIAN_POINT('',(84.500002805015,-1.406249906501,
    25.238246503918));
#6296 = CARTESIAN_POINT('',(83.972909006321,-1.378472147073,
    25.341741171833));
#6297 = CARTESIAN_POINT('',(83.720973765953,-1.364583269684,
    25.445235606145));
#6298 = CARTESIAN_POINT('',(83.492262193836,-1.350694381556,
    25.597437485103));
#6299 = CARTESIAN_POINT('',(83.297434977762,-1.336805483707,
    25.792264819269));
#6300 = CARTESIAN_POINT('',(83.145234406521,-1.322916586835,
    26.02097539603));
#6301 = CARTESIAN_POINT('',(83.041742013658,-1.309027697422,
    26.272908883145));
#6302 = CARTESIAN_POINT('',(82.938249664897,-1.281249923632,
    26.800000016593));
#6303 = CARTESIAN_POINT('',(83.041742434222,-1.253472149841,
    27.327091067464));
#6304 = CARTESIAN_POINT('',(83.145234818099,-1.239583260429,
    27.579024422494));
#6305 = CARTESIAN_POINT('',(83.297434347957,-1.225694363556,
    27.807735224218));
#6306 = CARTESIAN_POINT('',(83.492261047874,-1.211805465707,
    28.002563429196));
#6307 = CARTESIAN_POINT('',(83.720973198096,-1.197916577579,
    28.154765645342));
#6308 = CARTESIAN_POINT('',(83.972908879485,-1.184027700191,
    28.258258893512));
#6309 = CARTESIAN_POINT('',(84.500002787563,-1.156249940762,
    28.361751715906));
#6310 = CARTESIAN_POINT('',(85.027092348997,-1.128472155601,
    28.258257731762));
#6311 = CARTESIAN_POINT('',(85.27902400013,-1.114583251525,
    28.154764421233));
#6312 = CARTESIAN_POINT('',(85.507730556578,-1.100694340629,
    28.002564820896));
#6313 = CARTESIAN_POINT('',(85.702560892985,-1.086805429799,
    27.80773791719));
#6314 = CARTESIAN_POINT('',(85.854763645173,-1.07291658372,
    27.579024447384));
#6315 = CARTESIAN_POINT('',(85.958265543932,-1.059027782027,
    27.327089712819));
#6316 = CARTESIAN_POINT('',(86.010005904569,-1.045138808047,
    27.063545349885));
#6317 = CARTESIAN_POINT('',(86.010006684318,-1.031249904535,
    26.800000019541));
#6318 = CARTESIAN_POINT('',(85.632851839919,-1.749002102129,
    26.799999908889));
#6319 = CARTESIAN_POINT('',(85.632852918571,-1.73511374977,
    26.602265903008));
#6320 = CARTESIAN_POINT('',(85.594042586714,-1.721227982948,
    26.404571690407));
#6321 = CARTESIAN_POINT('',(85.516393913699,-1.707335895829,
    26.215556164185));
#6322 = CARTESIAN_POINT('',(85.402193640434,-1.693445433437,
    26.043963800599));
#6323 = CARTESIAN_POINT('',(85.256025225635,-1.679557352568,
    25.897799985067));
#6324 = CARTESIAN_POINT('',(85.084446893735,-1.665669269403,
    25.783614146406));
#6325 = CARTESIAN_POINT('',(84.895440960785,-1.651780938288,
    25.705968500598));
#6326 = CARTESIAN_POINT('',(84.500002750765,-1.624003431424,
    25.628323308149));
#6327 = CARTESIAN_POINT('',(84.104559121076,-1.596224980322,
    25.705968955037));
#6328 = CARTESIAN_POINT('',(83.915548393962,-1.582335669447,
    25.783614495519));
#6329 = CARTESIAN_POINT('',(83.743963073316,-1.568446752631,
    25.897801597802));
#6330 = CARTESIAN_POINT('',(83.59779912884,-1.554558192533,
    26.043965587523));
#6331 = CARTESIAN_POINT('',(83.48361352472,-1.540669596607,
    26.215549364587));
#6332 = CARTESIAN_POINT('',(83.405969847386,-1.526780726914,
    26.404558101178));
#6333 = CARTESIAN_POINT('',(83.328326493131,-1.499002802833,
    26.800000183092));
#6334 = CARTESIAN_POINT('',(83.40597054813,-1.471224878752,
    27.195442127418));
#6335 = CARTESIAN_POINT('',(83.483614264317,-1.45733600906,
    27.384450656619));
#6336 = CARTESIAN_POINT('',(83.597798446979,-1.443447413133,
    27.556034719727));
#6337 = CARTESIAN_POINT('',(83.743961703578,-1.429558853034,
    27.702199897351));
#6338 = CARTESIAN_POINT('',(83.915547870414,-1.415669936219,
    27.816387428256));
#6339 = CARTESIAN_POINT('',(84.104559240483,-1.401780625345,
    27.894031244887));
#6340 = CARTESIAN_POINT('',(84.500003045557,-1.374002174241,
    27.971674182003));
#6341 = CARTESIAN_POINT('',(84.895441080191,-1.346224667377,
    27.894029912855));
#6342 = CARTESIAN_POINT('',(85.08444701077,-1.332336336228,
    27.816387263945));
#6343 = CARTESIAN_POINT('',(85.256027147059,-1.318448253178,
    27.70220108803));
#6344 = CARTESIAN_POINT('',(85.402199895683,-1.304560172173,
    27.556045570011));
#6345 = CARTESIAN_POINT('',(85.516396264842,-1.290669709826,
    27.38443677532));
#6346 = CARTESIAN_POINT('',(85.594030705678,-1.27677762274,
    27.195427632074));
#6347 = CARTESIAN_POINT('',(85.632853633196,-1.262891855898,
    26.997733840423));
#6348 = CARTESIAN_POINT('',(85.632854698876,-1.249003503535,
    26.799999834542));
#6349 = ADVANCED_FACE('',(#6350),#6384,.F.);
#6350 = FACE_BOUND('',#6351,.F.);
#6351 = EDGE_LOOP('',(#6352,#6376,#6377,#6378,#6379));
#6352 = ORIENTED_EDGE('',*,*,#6353,.F.);
#6353 = EDGE_CURVE('',#6254,#3462,#6354,.T.);
#6354 = B_SPLINE_CURVE_WITH_KNOTS('',11,(#6355,#6356,#6357,#6358,#6359,
    #6360,#6361,#6362,#6363,#6364,#6365,#6366,#6367,#6368,#6369,#6370,
    #6371,#6372,#6373,#6374,#6375),.UNSPECIFIED.,.F.,.F.,(12,9,12),(0.,
    3.151524139379,6.303048278758),.UNSPECIFIED.);
#6355 = CARTESIAN_POINT('',(86.010006684318,-1.031249904535,
    26.800000019541));
#6356 = CARTESIAN_POINT('',(86.010007960271,-1.008522607879,
    26.368743445423));
#6357 = CARTESIAN_POINT('',(85.874564832724,-0.985795126718,
    25.937488602071));
#6358 = CARTESIAN_POINT('',(85.603478864875,-0.96306845914,
    25.553501031079));
#6359 = CARTESIAN_POINT('',(85.215716987255,-0.940340715458,
    25.264190915255));
#6360 = CARTESIAN_POINT('',(84.748047052669,-0.91761323023,
    25.108246156894));
#6361 = CARTESIAN_POINT('',(84.25195752179,-0.894886444913,
    25.108339306746));
#6362 = CARTESIAN_POINT('',(83.784323466023,-0.87215895714,
    25.264129556027));
#6363 = CARTESIAN_POINT('',(83.396436426698,-0.849431715789,
    25.553523301391));
#6364 = CARTESIAN_POINT('',(83.125474923825,-0.826704424365,
    25.937486085539));
#6365 = CARTESIAN_POINT('',(82.854512566491,-0.781249885436,
    26.80000004779));
#6366 = CARTESIAN_POINT('',(83.125475609706,-0.735795346507,
    27.662513794569));
#6367 = CARTESIAN_POINT('',(83.396439657673,-0.713068055114,
    28.046480028009));
#6368 = CARTESIAN_POINT('',(83.784303935218,-0.690340813591,
    28.335850356285));
#6369 = CARTESIAN_POINT('',(84.251983352538,-0.667613326273,
    28.491726646194));
#6370 = CARTESIAN_POINT('',(84.748043286039,-0.644886540225,
    28.491651994543));
#6371 = CARTESIAN_POINT('',(85.215682977322,-0.622159055762,
    28.335878580267));
#6372 = CARTESIAN_POINT('',(85.603526574846,-0.599431311558,
    28.04648315881));
#6373 = CARTESIAN_POINT('',(85.874542347221,-0.576704644193,
    27.662510637321));
#6374 = CARTESIAN_POINT('',(86.010007435577,-0.553977162996,
    27.231256595686));
#6375 = CARTESIAN_POINT('',(86.010008712108,-0.531249866335,
    26.800000021568));
#6376 = ORIENTED_EDGE('',*,*,#6282,.T.);
#6377 = ORIENTED_EDGE('',*,*,#2605,.T.);
#6378 = ORIENTED_EDGE('',*,*,#2642,.T.);
#6379 = ORIENTED_EDGE('',*,*,#6380,.F.);
#6380 = EDGE_CURVE('',#3462,#2643,#6381,.T.);
#6381 = B_SPLINE_CURVE_WITH_KNOTS('',1,(#6382,#6383),.UNSPECIFIED.,.F.,
  .F.,(2,2),(0.,0.4355),.PIECEWISE_BEZIER_KNOTS.);
#6382 = CARTESIAN_POINT('',(86.010008712108,-0.531249866335,
    26.800000021568));
#6383 = CARTESIAN_POINT('',(85.632857557839,-0.749004904929,
    26.799999760196));
#6384 = B_SPLINE_SURFACE_WITH_KNOTS('',1,9,(
    (#6385,#6386,#6387,#6388,#6389,#6390,#6391,#6392,#6393,#6394,#6395
      ,#6396,#6397,#6398,#6399,#6400,#6401,#6402,#6403,#6404,#6405,#6406
      ,#6407,#6408,#6409,#6410,#6411,#6412,#6413,#6414,#6415)
    ,(#6416,#6417,#6418,#6419,#6420,#6421,#6422,#6423,#6424,#6425,#6426
      ,#6427,#6428,#6429,#6430,#6431,#6432,#6433,#6434,#6435,#6436,#6437
      ,#6438,#6439,#6440,#6441,#6442,#6443,#6444,#6445,#6446
  )),.UNSPECIFIED.,.F.,.F.,.F.,(2,2),(10,7,7,7,10),(0.,0.4355),(0.,
    1.57576206969,3.151524139379,4.727286209069,6.303048278758),
  .UNSPECIFIED.);
#6385 = CARTESIAN_POINT('',(86.010006684318,-1.031249904535,
    26.800000019541));
#6386 = CARTESIAN_POINT('',(86.010007464067,-1.017361001023,
    26.536454335358));
#6387 = CARTESIAN_POINT('',(85.958276006368,-1.00347202704,
    26.272909312231));
#6388 = CARTESIAN_POINT('',(85.854764720628,-0.989583225308,
    26.020971180148));
#6389 = CARTESIAN_POINT('',(85.702556136517,-0.975694379323,
    25.792263737877));
#6390 = CARTESIAN_POINT('',(85.50773280533,-0.961805468417,
    25.597438286913));
#6391 = CARTESIAN_POINT('',(85.279024351863,-0.947916557552,
    25.445233390575));
#6392 = CARTESIAN_POINT('',(85.027093185625,-0.934027653464,
    25.341739261804));
#6393 = CARTESIAN_POINT('',(84.50000280711,-0.906249868301,
    25.238244406637));
#6394 = CARTESIAN_POINT('',(83.972908300449,-0.878472108878,
    25.341739212826));
#6395 = CARTESIAN_POINT('',(83.720972721625,-0.864583231491,
    25.44523378578));
#6396 = CARTESIAN_POINT('',(83.49226084216,-0.850694343363,
    25.59743586882));
#6397 = CARTESIAN_POINT('',(83.297433364183,-0.836805445513,
    25.792263464366));
#6398 = CARTESIAN_POINT('',(83.145232588243,-0.822916548638,
    26.02097434807));
#6399 = CARTESIAN_POINT('',(83.041740056064,-0.809027659226,
    26.272908173366));
#6400 = CARTESIAN_POINT('',(82.938247567618,-0.781249885436,
    26.800000014497));
#6401 = CARTESIAN_POINT('',(83.041740475214,-0.753472111646,
    27.327091773329));
#6402 = CARTESIAN_POINT('',(83.14523299773,-0.739583222234,
    27.579025466819));
#6403 = CARTESIAN_POINT('',(83.297432731673,-0.725694325359,
    27.807736575893));
#6404 = CARTESIAN_POINT('',(83.492259692971,-0.711805427508,
    28.002565042774));
#6405 = CARTESIAN_POINT('',(83.720972150132,-0.697916539381,
    28.154767463616));
#6406 = CARTESIAN_POINT('',(83.9729081697,-0.684027661995,
    28.258260851105));
#6407 = CARTESIAN_POINT('',(84.500002785467,-0.65624990257,
    28.361753813187));
#6408 = CARTESIAN_POINT('',(85.027093054875,-0.628472117408,
    28.258259690768));
#6409 = CARTESIAN_POINT('',(85.279025044472,-0.614583213328,
    28.15476624159));
#6410 = CARTESIAN_POINT('',(85.507731908269,-0.600694302428,
    28.00256643718));
#6411 = CARTESIAN_POINT('',(85.702562506554,-0.586805391594,
    27.807739272053));
#6412 = CARTESIAN_POINT('',(85.854765463389,-0.572916545523,
    27.579025495413));
#6413 = CARTESIAN_POINT('',(85.958267501554,-0.559027743848,
    27.327090422667));
#6414 = CARTESIAN_POINT('',(86.010007932006,-0.54513876985,
    27.063545705751));
#6415 = CARTESIAN_POINT('',(86.010008712108,-0.531249866335,
    26.800000021568));
#6416 = CARTESIAN_POINT('',(85.632854698876,-1.249003503535,
    26.799999834542));
#6417 = CARTESIAN_POINT('',(85.632855764557,-1.235115151172,
    26.602265329786));
#6418 = CARTESIAN_POINT('',(85.594045321798,-1.221229384325,
    26.40457062056));
#6419 = CARTESIAN_POINT('',(85.516396440303,-1.207337297231,
    26.215554622452));
#6420 = CARTESIAN_POINT('',(85.402195867654,-1.193446834851,
    26.043961833425));
#6421 = CARTESIAN_POINT('',(85.256027074452,-1.179558753976,
    25.897797658618));
#6422 = CARTESIAN_POINT('',(85.084448301995,-1.165670670805,
    25.783611543006));
#6423 = CARTESIAN_POINT('',(84.895441886954,-1.151782339685,
    25.70596571366));
#6424 = CARTESIAN_POINT('',(84.50000267387,-1.124004832819,
    25.628320351212));
#6425 = CARTESIAN_POINT('',(84.104558051318,-1.096226381723,
    25.705966220003));
#6426 = CARTESIAN_POINT('',(83.915546852309,-1.082337070851,
    25.783611968837));
#6427 = CARTESIAN_POINT('',(83.74396110612,-1.068448154035,
    25.897799370547));
#6428 = CARTESIAN_POINT('',(83.597796802348,-1.054559593935,
    26.043963738745));
#6429 = CARTESIAN_POINT('',(83.483610921319,-1.040670998006,
    26.215547956346));
#6430 = CARTESIAN_POINT('',(83.405967060447,-1.026782128313,
    26.404557175026));
#6431 = CARTESIAN_POINT('',(83.328323536199,-0.999004204233,
    26.800000259987));
#6432 = CARTESIAN_POINT('',(83.405967813094,-0.971226280153,
    27.195443197167));
#6433 = CARTESIAN_POINT('',(83.483611737628,-0.957337410461,
    27.384452198267));
#6434 = CARTESIAN_POINT('',(83.59779621972,-0.943448814532,
    27.556036686925));
#6435 = CARTESIAN_POINT('',(83.743959854797,-0.929560254431,
    27.702202223842));
#6436 = CARTESIAN_POINT('',(83.915546462166,-0.915671337616,
    27.816390031653));
#6437 = CARTESIAN_POINT('',(84.104558314323,-0.901782026745,
    27.894034031825));
#6438 = CARTESIAN_POINT('',(84.500003122451,-0.874003575646,
    27.971677138935));
#6439 = CARTESIAN_POINT('',(84.895442149958,-0.84622606878,
    27.894032647886));
#6440 = CARTESIAN_POINT('',(85.084448552443,-0.832337737626,
    27.816389790618));
#6441 = CARTESIAN_POINT('',(85.256029114279,-0.81844965457,
    27.702203315291));
#6442 = CARTESIAN_POINT('',(85.402202222166,-0.804561573559,
    27.55604741874));
#6443 = CARTESIAN_POINT('',(85.516398868159,-0.790671111224,
    27.384438183655));
#6444 = CARTESIAN_POINT('',(85.594033492648,-0.776779024163,
    27.195428558322));
#6445 = CARTESIAN_POINT('',(85.632856505129,-0.762893257297,
    26.997734264952));
#6446 = CARTESIAN_POINT('',(85.632857557839,-0.749004904929,
    26.799999760196));
#6447 = ADVANCED_FACE('',(#6448),#6455,.F.);
#6448 = FACE_BOUND('',#6449,.F.);
#6449 = EDGE_LOOP('',(#6450,#6451,#6452,#6453,#6454));
#6450 = ORIENTED_EDGE('',*,*,#3468,.F.);
#6451 = ORIENTED_EDGE('',*,*,#6380,.T.);
#6452 = ORIENTED_EDGE('',*,*,#2691,.T.);
#6453 = ORIENTED_EDGE('',*,*,#2728,.T.);
#6454 = ORIENTED_EDGE('',*,*,#3224,.F.);
#6455 = B_SPLINE_SURFACE_WITH_KNOTS('',1,9,(
    (#6456,#6457,#6458,#6459,#6460,#6461,#6462,#6463,#6464,#6465,#6466
      ,#6467,#6468,#6469,#6470,#6471,#6472,#6473,#6474,#6475,#6476,#6477
      ,#6478,#6479,#6480,#6481,#6482,#6483,#6484,#6485,#6486)
    ,(#6487,#6488,#6489,#6490,#6491,#6492,#6493,#6494,#6495,#6496,#6497
      ,#6498,#6499,#6500,#6501,#6502,#6503,#6504,#6505,#6506,#6507,#6508
      ,#6509,#6510,#6511,#6512,#6513,#6514,#6515,#6516,#6517
  )),.UNSPECIFIED.,.F.,.F.,.F.,(2,2),(10,7,7,7,10),(0.,0.4355),(0.,
    1.57576206969,3.151524139379,4.727286209069,6.303048278758),
  .UNSPECIFIED.);
#6456 = CARTESIAN_POINT('',(86.010008712108,-0.531249866335,
    26.800000021568));
#6457 = CARTESIAN_POINT('',(86.010009492211,-0.51736096282,
    26.536453983544));
#6458 = CARTESIAN_POINT('',(85.958277965405,-0.50347198882,
    26.272908606297));
#6459 = CARTESIAN_POINT('',(85.85476654094,-0.489583187106,
    26.020970135765));
#6460 = CARTESIAN_POINT('',(85.702557752779,-0.475694341129,
    25.792262386214));
#6461 = CARTESIAN_POINT('',(85.507734160261,-0.461805430219,
    25.59743667336));
#6462 = CARTESIAN_POINT('',(85.279025399837,-0.44791651935,
    25.445231572298));
#6463 = CARTESIAN_POINT('',(85.027093895416,-0.434027615259,
    25.341737304213));
#6464 = CARTESIAN_POINT('',(84.500002809206,-0.406249830094,
    25.238242309355));
#6465 = CARTESIAN_POINT('',(83.972907594578,-0.378472070675,
    25.341737253818));
#6466 = CARTESIAN_POINT('',(83.720971677297,-0.36458319329,
    25.445231965414));
#6467 = CARTESIAN_POINT('',(83.492259490484,-0.350694305162,
    25.597434252537));
#6468 = CARTESIAN_POINT('',(83.297431750603,-0.33680540731,
    25.792262109463));
#6469 = CARTESIAN_POINT('',(83.145230769965,-0.322916510434,
    26.020973300109));
#6470 = CARTESIAN_POINT('',(83.04173809847,-0.309027621022,
    26.272907463587));
#6471 = CARTESIAN_POINT('',(82.938245470338,-0.281249847233,
    26.800000012401));
#6472 = CARTESIAN_POINT('',(83.041738516205,-0.253472073444,
    27.327092479194));
#6473 = CARTESIAN_POINT('',(83.145231177361,-0.239583184032,
    27.579026511142));
#6474 = CARTESIAN_POINT('',(83.297431115388,-0.225694287155,
    27.807737927568));
#6475 = CARTESIAN_POINT('',(83.492258338067,-0.211805389302,
    28.002566656352));
#6476 = CARTESIAN_POINT('',(83.720971102167,-0.197916501175,
    28.154769281891));
#6477 = CARTESIAN_POINT('',(83.972907459915,-0.184027623791,
    28.258262808697));
#6478 = CARTESIAN_POINT('',(84.50000278337,-0.15624986437,
    28.361755910469));
#6479 = CARTESIAN_POINT('',(85.027093760752,-0.128472079206,
    28.258261649775));
#6480 = CARTESIAN_POINT('',(85.279026088814,-0.114583175123,
    28.154768061949));
#6481 = CARTESIAN_POINT('',(85.507733259959,-0.100694264219,
    28.002568053465));
#6482 = CARTESIAN_POINT('',(85.702564120123,-8.680535338038E-02,
    27.807740626916));
#6483 = CARTESIAN_POINT('',(85.854767281605,-7.291650731805E-02,
    27.579026543443));
#6484 = CARTESIAN_POINT('',(85.958269459176,-5.90277056607E-02,
    27.327091132515));
#6485 = CARTESIAN_POINT('',(86.010009959443,-4.513873164609E-02,
    27.063546061618));
#6486 = CARTESIAN_POINT('',(86.010010739899,-3.124982812807E-02,
    26.800000023595));
#6487 = CARTESIAN_POINT('',(85.632857557839,-0.749004904929,
    26.799999760196));
#6488 = CARTESIAN_POINT('',(85.632858610549,-0.735116552562,
    26.602264756563));
#6489 = CARTESIAN_POINT('',(85.594048056888,-0.721230785692,
    26.40456955071));
#6490 = CARTESIAN_POINT('',(85.516398966913,-0.707338698623,
    26.215553080717));
#6491 = CARTESIAN_POINT('',(85.40219809488,-0.693448236255,
    26.043959866247));
#6492 = CARTESIAN_POINT('',(85.256028923273,-0.679560155374,
    25.897795332164));
#6493 = CARTESIAN_POINT('',(85.084449710258,-0.665672072196,
    25.783608939601));
#6494 = CARTESIAN_POINT('',(84.895442813126,-0.651783741072,
    25.705962926717));
#6495 = CARTESIAN_POINT('',(84.500002596975,-0.624006234204,
    25.628317394269));
#6496 = CARTESIAN_POINT('',(84.104556981558,-0.596227783113,
    25.705963484964));
#6497 = CARTESIAN_POINT('',(83.915545310654,-0.582338472244,
    25.78360944215));
#6498 = CARTESIAN_POINT('',(83.74395913892,-0.568449555428,
    25.897797143287));
#6499 = CARTESIAN_POINT('',(83.597794475853,-0.554560995326,
    26.043961889963));
#6500 = CARTESIAN_POINT('',(83.483608317913,-0.540672399395,
    26.215546548101));
#6501 = CARTESIAN_POINT('',(83.405964273501,-0.526783529702,
    26.404556248872));
#6502 = CARTESIAN_POINT('',(83.328320579261,-0.499005605623,
    26.80000033688));
#6503 = CARTESIAN_POINT('',(83.405965078052,-0.471227681544,
    27.195444266918));
#6504 = CARTESIAN_POINT('',(83.483609210934,-0.457338811852,
    27.384453739917));
#6505 = CARTESIAN_POINT('',(83.597793992455,-0.44345021592,
    27.556038654125));
#6506 = CARTESIAN_POINT('',(83.743958006013,-0.429561655817,
    27.702204550337));
#6507 = CARTESIAN_POINT('',(83.915545053914,-0.415672739002,
    27.816392635054));
#6508 = CARTESIAN_POINT('',(84.10455738816,-0.401783428134,
    27.894036818768));
#6509 = CARTESIAN_POINT('',(84.500003199344,-0.37400497704,
    27.971680095874));
#6510 = CARTESIAN_POINT('',(84.895443219726,-0.346227470173,
    27.894035382923));
#6511 = CARTESIAN_POINT('',(85.084450094119,-0.332339139014,
    27.816392317297));
#6512 = CARTESIAN_POINT('',(85.256031081502,-0.318451055952,
    27.702205542557));
#6513 = CARTESIAN_POINT('',(85.402204548653,-0.304562974934,
    27.556049267474));
#6514 = CARTESIAN_POINT('',(85.51640147148,-0.290672512612,
    27.384439591994));
#6515 = CARTESIAN_POINT('',(85.594036279623,-0.276780425576,
    27.195429484571));
#6516 = CARTESIAN_POINT('',(85.632859377069,-0.262894658685,
    26.997734689482));
#6517 = CARTESIAN_POINT('',(85.632860416807,-0.249006306314,
    26.79999968585));
#6518 = ADVANCED_FACE('',(#6519),#6565,.F.);
#6519 = FACE_BOUND('',#6520,.F.);
#6520 = EDGE_LOOP('',(#6521,#6522,#6529,#6563,#6564));
#6521 = ORIENTED_EDGE('',*,*,#2937,.F.);
#6522 = ORIENTED_EDGE('',*,*,#6523,.T.);
#6523 = EDGE_CURVE('',#2938,#6524,#6526,.T.);
#6524 = VERTEX_POINT('',#6525);
#6525 = CARTESIAN_POINT('',(86.010006087909,-0.968749904538,
    26.800000017838));
#6526 = B_SPLINE_CURVE_WITH_KNOTS('',1,(#6527,#6528),.UNSPECIFIED.,.F.,
  .F.,(2,2),(0.,0.4355),.PIECEWISE_BEZIER_KNOTS.);
#6527 = CARTESIAN_POINT('',(85.632849946689,-0.751003503557,
    26.79999982097));
#6528 = CARTESIAN_POINT('',(86.010006087909,-0.968749904538,
    26.800000017838));
#6529 = ORIENTED_EDGE('',*,*,#6530,.T.);
#6530 = EDGE_CURVE('',#6524,#3352,#6531,.T.);
#6531 = B_SPLINE_CURVE_WITH_KNOTS('',9,(#6532,#6533,#6534,#6535,#6536,
    #6537,#6538,#6539,#6540,#6541,#6542,#6543,#6544,#6545,#6546,#6547,
    #6548,#6549,#6550,#6551,#6552,#6553,#6554,#6555,#6556,#6557,#6558,
    #6559,#6560,#6561,#6562),.UNSPECIFIED.,.F.,.F.,(10,7,7,7,10),(0.,
    1.57576206969,3.151524139379,4.727286209069,6.303048278758),
  .UNSPECIFIED.);
#6532 = CARTESIAN_POINT('',(86.010006087909,-0.968749904538,
    26.800000017838));
#6533 = CARTESIAN_POINT('',(86.010006776027,-0.954861001027,
    26.536454458539));
#6534 = CARTESIAN_POINT('',(85.95827481516,-0.940972027049,
    26.272909578359));
#6535 = CARTESIAN_POINT('',(85.854764166365,-0.927083225313,
    26.020971742087));
#6536 = CARTESIAN_POINT('',(85.702555829182,-0.913194379323,
    25.79226404803));
#6537 = CARTESIAN_POINT('',(85.507732388042,-0.899305468418,
    25.597438570457));
#6538 = CARTESIAN_POINT('',(85.279023980245,-0.885416557557,
    25.4452340582));
#6539 = CARTESIAN_POINT('',(85.0270929288,-0.871527653469,
    25.341740014832));
#6540 = CARTESIAN_POINT('',(84.500002806577,-0.843749868307,
    25.23824525157));
#6541 = CARTESIAN_POINT('',(83.97290854327,-0.815972108882,
    25.34173989998));
#6542 = CARTESIAN_POINT('',(83.720973057877,-0.802083231494,
    25.44523435403));
#6543 = CARTESIAN_POINT('',(83.492261252762,-0.788194343366,
    25.597436384695));
#6544 = CARTESIAN_POINT('',(83.297433897429,-0.774305445516,
    25.79226393906));
#6545 = CARTESIAN_POINT('',(83.145233254814,-0.760416548643,
    26.020974727544));
#6546 = CARTESIAN_POINT('',(83.041740772135,-0.74652765923,
    26.272908425631));
#6547 = CARTESIAN_POINT('',(82.938248307834,-0.71874988544,
    26.800000012052));
#6548 = CARTESIAN_POINT('',(83.041741141474,-0.69097211165,
    27.327091525955));
#6549 = CARTESIAN_POINT('',(83.145233615388,-0.677083222238,
    27.579025107839));
#6550 = CARTESIAN_POINT('',(83.297433338378,-0.663194325364,
    27.807736095324));
#6551 = CARTESIAN_POINT('',(83.492260237633,-0.649305427513,
    28.002564418698));
#6552 = CARTESIAN_POINT('',(83.720972552336,-0.635416539386,
    28.154766747641));
#6553 = CARTESIAN_POINT('',(83.972908426523,-0.621527661999,
    28.25826015593));
#6554 = CARTESIAN_POINT('',(84.500002786001,-0.593749902573,
    28.361753177686));
#6555 = CARTESIAN_POINT('',(85.027092812052,-0.565972117411,
    28.258259061466));
#6556 = CARTESIAN_POINT('',(85.279024657033,-0.552083213331,
    28.154765568037));
#6557 = CARTESIAN_POINT('',(85.507731423231,-0.538194302438,
    28.002565727233));
#6558 = CARTESIAN_POINT('',(85.702561620996,-0.524305391597,
    27.807738480509));
#6559 = CARTESIAN_POINT('',(85.854764754058,-0.510416545531,
    27.579025375808));
#6560 = CARTESIAN_POINT('',(85.958267310412,-0.496527743845,
    27.327090189108));
#6561 = CARTESIAN_POINT('',(86.010007188664,-0.482638769855,
    27.063545579163));
#6562 = CARTESIAN_POINT('',(86.010007877136,-0.468749866341,
    26.800000019864));
#6563 = ORIENTED_EDGE('',*,*,#3351,.F.);
#6564 = ORIENTED_EDGE('',*,*,#2894,.F.);
#6565 = B_SPLINE_SURFACE_WITH_KNOTS('',1,9,(
    (#6566,#6567,#6568,#6569,#6570,#6571,#6572,#6573,#6574,#6575,#6576
      ,#6577,#6578,#6579,#6580,#6581,#6582,#6583,#6584,#6585,#6586,#6587
      ,#6588,#6589,#6590,#6591,#6592,#6593,#6594,#6595,#6596)
    ,(#6597,#6598,#6599,#6600,#6601,#6602,#6603,#6604,#6605,#6606,#6607
      ,#6608,#6609,#6610,#6611,#6612,#6613,#6614,#6615,#6616,#6617,#6618
      ,#6619,#6620,#6621,#6622,#6623,#6624,#6625,#6626,#6627
  )),.UNSPECIFIED.,.F.,.F.,.F.,(2,2),(10,7,7,7,10),(0.,0.4355),(0.,
    1.57576206969,3.151524139379,4.727286209069,6.303048278758),
  .UNSPECIFIED.);
#6566 = CARTESIAN_POINT('',(85.632849946689,-0.751003503557,
    26.79999982097));
#6567 = CARTESIAN_POINT('',(85.632850282252,-0.737115151201,
    26.602266311295));
#6568 = CARTESIAN_POINT('',(85.594035830246,-0.723229384396,
    26.404572741071));
#6569 = CARTESIAN_POINT('',(85.516392023935,-0.709337297272,
    26.215559099984));
#6570 = CARTESIAN_POINT('',(85.402193418808,-0.695446834855,
    26.043964304728));
#6571 = CARTESIAN_POINT('',(85.2560237495,-0.681558753986,
    25.897799917896));
#6572 = CARTESIAN_POINT('',(85.084445340938,-0.667670670839,
    25.783616862641));
#6573 = CARTESIAN_POINT('',(84.895439840574,-0.653782339724,
    25.705971713782));
#6574 = CARTESIAN_POINT('',(84.500002669618,-0.626004832862,
    25.628327083641));
#6575 = CARTESIAN_POINT('',(84.104559986115,-0.598226381755,
    25.705971695252));
#6576 = CARTESIAN_POINT('',(83.915549531567,-0.584337070876,
    25.783616496656));
#6577 = CARTESIAN_POINT('',(83.743964377793,-0.57044815406,
    25.897803481041));
#6578 = CARTESIAN_POINT('',(83.597801051258,-0.556559593965,
    26.043967521107));
#6579 = CARTESIAN_POINT('',(83.483616232554,-0.542670998041,
    26.215550979997));
#6580 = CARTESIAN_POINT('',(83.405972766097,-0.528782128348,
    26.404559185072));
#6581 = CARTESIAN_POINT('',(83.328329434244,-0.501004204266,
    26.800000240506));
#6582 = CARTESIAN_POINT('',(83.405973121853,-0.473226280184,
    27.195441226089));
#6583 = CARTESIAN_POINT('',(83.483616659128,-0.459337410492,
    27.384449337921));
#6584 = CARTESIAN_POINT('',(83.597801053949,-0.445448814567,
    27.556032857752));
#6585 = CARTESIAN_POINT('',(83.743964194663,-0.431560254472,
    27.702197251206));
#6586 = CARTESIAN_POINT('',(83.915549666928,-0.417671337656,
    27.816384326759));
#6587 = CARTESIAN_POINT('',(84.104560360685,-0.403782026778,
    27.894028492672));
#6588 = CARTESIAN_POINT('',(84.500003126706,-0.376003575669,
    27.971672075264));
#6589 = CARTESIAN_POINT('',(84.895440215144,-0.348226068808,
    27.894027633612));
#6590 = CARTESIAN_POINT('',(85.084445465333,-0.334337737652,
    27.816384423746));
#6591 = CARTESIAN_POINT('',(85.256025249502,-0.320449654649,
    27.702197658436));
#6592 = CARTESIAN_POINT('',(85.402195166037,-0.306561573581,
    27.556041111724));
#6593 = CARTESIAN_POINT('',(85.516393216214,-0.292671111287,
    27.384437230639));
#6594 = CARTESIAN_POINT('',(85.594031969634,-0.278779024143,
    27.195426697321));
#6595 = CARTESIAN_POINT('',(85.632850582185,-0.264893257331,
    26.997733256298));
#6596 = CARTESIAN_POINT('',(85.632850904777,-0.251004904974,
    26.799999746623));
#6597 = CARTESIAN_POINT('',(86.010006087909,-0.968749904538,
    26.800000017838));
#6598 = CARTESIAN_POINT('',(86.010006776027,-0.954861001027,
    26.536454458539));
#6599 = CARTESIAN_POINT('',(85.95827481516,-0.940972027049,
    26.272909578359));
#6600 = CARTESIAN_POINT('',(85.854764166365,-0.927083225313,
    26.020971742087));
#6601 = CARTESIAN_POINT('',(85.702555829182,-0.913194379323,
    25.79226404803));
#6602 = CARTESIAN_POINT('',(85.507732388042,-0.899305468418,
    25.597438570457));
#6603 = CARTESIAN_POINT('',(85.279023980245,-0.885416557557,
    25.4452340582));
#6604 = CARTESIAN_POINT('',(85.0270929288,-0.871527653469,
    25.341740014832));
#6605 = CARTESIAN_POINT('',(84.500002806577,-0.843749868307,
    25.23824525157));
#6606 = CARTESIAN_POINT('',(83.97290854327,-0.815972108882,
    25.34173989998));
#6607 = CARTESIAN_POINT('',(83.720973057877,-0.802083231494,
    25.44523435403));
#6608 = CARTESIAN_POINT('',(83.492261252762,-0.788194343366,
    25.597436384695));
#6609 = CARTESIAN_POINT('',(83.297433897429,-0.774305445516,
    25.79226393906));
#6610 = CARTESIAN_POINT('',(83.145233254814,-0.760416548643,
    26.020974727544));
#6611 = CARTESIAN_POINT('',(83.041740772135,-0.74652765923,
    26.272908425631));
#6612 = CARTESIAN_POINT('',(82.938248307834,-0.71874988544,
    26.800000012052));
#6613 = CARTESIAN_POINT('',(83.041741141474,-0.69097211165,
    27.327091525955));
#6614 = CARTESIAN_POINT('',(83.145233615388,-0.677083222238,
    27.579025107839));
#6615 = CARTESIAN_POINT('',(83.297433338378,-0.663194325364,
    27.807736095324));
#6616 = CARTESIAN_POINT('',(83.492260237633,-0.649305427513,
    28.002564418698));
#6617 = CARTESIAN_POINT('',(83.720972552336,-0.635416539386,
    28.154766747641));
#6618 = CARTESIAN_POINT('',(83.972908426523,-0.621527661999,
    28.25826015593));
#6619 = CARTESIAN_POINT('',(84.500002786001,-0.593749902573,
    28.361753177686));
#6620 = CARTESIAN_POINT('',(85.027092812052,-0.565972117411,
    28.258259061466));
#6621 = CARTESIAN_POINT('',(85.279024657033,-0.552083213331,
    28.154765568037));
#6622 = CARTESIAN_POINT('',(85.507731423231,-0.538194302438,
    28.002565727233));
#6623 = CARTESIAN_POINT('',(85.702561620996,-0.524305391597,
    27.807738480509));
#6624 = CARTESIAN_POINT('',(85.854764754058,-0.510416545531,
    27.579025375808));
#6625 = CARTESIAN_POINT('',(85.958267310412,-0.496527743845,
    27.327090189108));
#6626 = CARTESIAN_POINT('',(86.010007188664,-0.482638769855,
    27.063545579163));
#6627 = CARTESIAN_POINT('',(86.010007877136,-0.468749866341,
    26.800000019864));
#6628 = ADVANCED_FACE('',(#6629),#6675,.F.);
#6629 = FACE_BOUND('',#6630,.F.);
#6630 = EDGE_LOOP('',(#6631,#6632,#6639,#6673,#6674));
#6631 = ORIENTED_EDGE('',*,*,#3023,.F.);
#6632 = ORIENTED_EDGE('',*,*,#6633,.T.);
#6633 = EDGE_CURVE('',#3024,#6634,#6636,.T.);
#6634 = VERTEX_POINT('',#6635);
#6635 = CARTESIAN_POINT('',(86.010004298682,-1.468749942728,
    26.800000015812));
#6636 = B_SPLINE_CURVE_WITH_KNOTS('',1,(#6637,#6638),.UNSPECIFIED.,.F.,
  .F.,(2,2),(0.,0.4355),.PIECEWISE_BEZIER_KNOTS.);
#6637 = CARTESIAN_POINT('',(85.632848988607,-1.251002102137,
    26.799999895318));
#6638 = CARTESIAN_POINT('',(86.010004298682,-1.468749942728,
    26.800000015812));
#6639 = ORIENTED_EDGE('',*,*,#6640,.T.);
#6640 = EDGE_CURVE('',#6634,#6524,#6641,.T.);
#6641 = B_SPLINE_CURVE_WITH_KNOTS('',9,(#6642,#6643,#6644,#6645,#6646,
    #6647,#6648,#6649,#6650,#6651,#6652,#6653,#6654,#6655,#6656,#6657,
    #6658,#6659,#6660,#6661,#6662,#6663,#6664,#6665,#6666,#6667,#6668,
    #6669,#6670,#6671,#6672),.UNSPECIFIED.,.F.,.F.,(10,7,7,7,10),(0.,
    1.57576206969,3.151524139379,4.727286209069,6.303048278758),
  .UNSPECIFIED.);
#6642 = CARTESIAN_POINT('',(86.010004298682,-1.468749942728,
    26.800000015812));
#6643 = CARTESIAN_POINT('',(86.010004986446,-1.454861039219,
    26.536454768725));
#6644 = CARTESIAN_POINT('',(85.958273086515,-1.440972065257,
    26.272910201012));
#6645 = CARTESIAN_POINT('',(85.854762560085,-1.427083263505,
    26.020972663387));
#6646 = CARTESIAN_POINT('',(85.70255440291,-1.413194417508,
    25.792265240484));
#6647 = CARTESIAN_POINT('',(85.507731192325,-1.399305506606,
    25.597439994022));
#6648 = CARTESIAN_POINT('',(85.279023055349,-1.385416595749,
    25.445235662439));
#6649 = CARTESIAN_POINT('',(85.027092302283,-1.371527691664,
    25.341741742035));
#6650 = CARTESIAN_POINT('',(84.500002804481,-1.343749906503,
    25.238247102113));
#6651 = CARTESIAN_POINT('',(83.972909165868,-1.315972147075,
    25.341741628599));
#6652 = CARTESIAN_POINT('',(83.720973979129,-1.302083269686,
    25.445235960358));
#6653 = CARTESIAN_POINT('',(83.492262445227,-1.288194381557,
    25.597437810986));
#6654 = CARTESIAN_POINT('',(83.297435321017,-1.274305483709,
    25.792265134752));
#6655 = CARTESIAN_POINT('',(83.145234859054,-1.260416586837,
    26.020975652428));
#6656 = CARTESIAN_POINT('',(83.04174249934,-1.246527697424,
    26.272909052136));
#6657 = CARTESIAN_POINT('',(82.938250158375,-1.218749923634,
    26.800000014148));
#6658 = CARTESIAN_POINT('',(83.041742870094,-1.190972149843,
    27.327090903363));
#6659 = CARTESIAN_POINT('',(83.145235221719,-1.177083260431,
    27.579024186591));
#6660 = CARTESIAN_POINT('',(83.297434764671,-1.163194363558,
    27.807734902859));
#6661 = CARTESIAN_POINT('',(83.492261433325,-1.149305465709,
    28.002562995112));
#6662 = CARTESIAN_POINT('',(83.720973477224,-1.135416577581,
    28.154765143404));
#6663 = CARTESIAN_POINT('',(83.972909053034,-1.121527700193,
    28.258258428725));
#6664 = CARTESIAN_POINT('',(84.500002788097,-1.093749940763,
    28.361751327144));
#6665 = CARTESIAN_POINT('',(85.027092189449,-1.065972155603,
    28.258257332848));
#6666 = CARTESIAN_POINT('',(85.279023735769,-1.052083251525,
    28.154763961716));
#6667 = CARTESIAN_POINT('',(85.507730230753,-1.038194340636,
    28.002564300941));
#6668 = CARTESIAN_POINT('',(85.702560197417,-1.024305429799,
    27.807737284852));
#6669 = CARTESIAN_POINT('',(85.854763149873,-1.010416583725,
    27.579024450862));
#6670 = CARTESIAN_POINT('',(85.958265583182,-0.996527782024,
    27.327089562541));
#6671 = CARTESIAN_POINT('',(86.010005399791,-0.982638808049,
    27.063545264925));
#6672 = CARTESIAN_POINT('',(86.010006087909,-0.968749904538,
    26.800000017838));
#6673 = ORIENTED_EDGE('',*,*,#6523,.F.);
#6674 = ORIENTED_EDGE('',*,*,#2974,.F.);
#6675 = B_SPLINE_SURFACE_WITH_KNOTS('',1,9,(
    (#6676,#6677,#6678,#6679,#6680,#6681,#6682,#6683,#6684,#6685,#6686
      ,#6687,#6688,#6689,#6690,#6691,#6692,#6693,#6694,#6695,#6696,#6697
      ,#6698,#6699,#6700,#6701,#6702,#6703,#6704,#6705,#6706)
    ,(#6707,#6708,#6709,#6710,#6711,#6712,#6713,#6714,#6715,#6716,#6717
      ,#6718,#6719,#6720,#6721,#6722,#6723,#6724,#6725,#6726,#6727,#6728
      ,#6729,#6730,#6731,#6732,#6733,#6734,#6735,#6736,#6737
  )),.UNSPECIFIED.,.F.,.F.,.F.,(2,2),(10,7,7,7,10),(0.,0.4355),(0.,
    1.57576206969,3.151524139379,4.727286209069,6.303048278758),
  .UNSPECIFIED.);
#6676 = CARTESIAN_POINT('',(85.632848988607,-1.251002102137,
    26.799999895318));
#6677 = CARTESIAN_POINT('',(85.632849337141,-1.237113749782,
    26.602266552824));
#6678 = CARTESIAN_POINT('',(85.594034930923,-1.223227982986,
    26.404573147334));
#6679 = CARTESIAN_POINT('',(85.516391202733,-1.209335895853,
    26.215559660997));
#6680 = CARTESIAN_POINT('',(85.402192705423,-1.195445433432,
    26.043965003326));
#6681 = CARTESIAN_POINT('',(85.256023169299,-1.181557352565,
    25.897800730514));
#6682 = CARTESIAN_POINT('',(85.084444913357,-1.16766926942,
    25.783617760586));
#6683 = CARTESIAN_POINT('',(84.895439577938,-1.153780938306,
    25.705972664988));
#6684 = CARTESIAN_POINT('',(84.500002746514,-1.126003431445,
    25.628328074561));
#6685 = CARTESIAN_POINT('',(84.104560392347,-1.098224980336,
    25.705972594552));
#6686 = CARTESIAN_POINT('',(83.915550092551,-1.084335669457,
    25.783617317885));
#6687 = CARTESIAN_POINT('',(83.7439650764,-1.070446752641,25.89780419444
    ));
#6688 = CARTESIAN_POINT('',(83.597801863894,-1.056558192546,
    26.043968101295));
#6689 = CARTESIAN_POINT('',(83.483617130499,-1.042669596622,
    26.215551407571));
#6690 = CARTESIAN_POINT('',(83.405973717303,-1.02878072693,
    26.404559447702));
#6691 = CARTESIAN_POINT('',(83.328330425161,-1.001002802848,
    26.800000163611));
#6692 = CARTESIAN_POINT('',(83.405974021153,-0.973224878765,
    27.195440819859));
#6693 = CARTESIAN_POINT('',(83.48361748036,-0.959336009073,
    27.384448776939));
#6694 = CARTESIAN_POINT('',(83.597801767351,-0.945447413149,
    27.556032159143));
#6695 = CARTESIAN_POINT('',(83.743964774852,-0.931558853054,
    27.702196438569));
#6696 = CARTESIAN_POINT('',(83.915550094505,-0.917669936239,
    27.816383428814));
#6697 = CARTESIAN_POINT('',(84.104560623318,-0.90378062536,
    27.894027541467));
#6698 = CARTESIAN_POINT('',(84.500003049811,-0.876002174249,
    27.971671084349));
#6699 = CARTESIAN_POINT('',(84.895439808909,-0.848224667389,
    27.894026734313));
#6700 = CARTESIAN_POINT('',(85.084444904341,-0.834336336234,
    27.816383602518));
#6701 = CARTESIAN_POINT('',(85.256024550886,-0.820448253234,
    27.702196945032));
#6702 = CARTESIAN_POINT('',(85.4021943534,-0.806560172168,
    27.556040531548));
#6703 = CARTESIAN_POINT('',(85.516392318294,-0.792669709869,
    27.384436803036));
#6704 = CARTESIAN_POINT('',(85.594031018425,-0.778777622717,
    27.19542643466));
#6705 = CARTESIAN_POINT('',(85.632849611126,-0.764891855913,
    26.997733163464));
#6706 = CARTESIAN_POINT('',(85.632849946689,-0.751003503557,
    26.79999982097));
#6707 = CARTESIAN_POINT('',(86.010004298682,-1.468749942728,
    26.800000015812));
#6708 = CARTESIAN_POINT('',(86.010004986446,-1.454861039219,
    26.536454768725));
#6709 = CARTESIAN_POINT('',(85.958273086515,-1.440972065257,
    26.272910201012));
#6710 = CARTESIAN_POINT('',(85.854762560085,-1.427083263505,
    26.020972663387));
#6711 = CARTESIAN_POINT('',(85.70255440291,-1.413194417508,
    25.792265240484));
#6712 = CARTESIAN_POINT('',(85.507731192325,-1.399305506606,
    25.597439994022));
#6713 = CARTESIAN_POINT('',(85.279023055349,-1.385416595749,
    25.445235662439));
#6714 = CARTESIAN_POINT('',(85.027092302283,-1.371527691664,
    25.341741742035));
#6715 = CARTESIAN_POINT('',(84.500002804481,-1.343749906503,
    25.238247102113));
#6716 = CARTESIAN_POINT('',(83.972909165868,-1.315972147075,
    25.341741628599));
#6717 = CARTESIAN_POINT('',(83.720973979129,-1.302083269686,
    25.445235960358));
#6718 = CARTESIAN_POINT('',(83.492262445227,-1.288194381557,
    25.597437810986));
#6719 = CARTESIAN_POINT('',(83.297435321017,-1.274305483709,
    25.792265134752));
#6720 = CARTESIAN_POINT('',(83.145234859054,-1.260416586837,
    26.020975652428));
#6721 = CARTESIAN_POINT('',(83.04174249934,-1.246527697424,
    26.272909052136));
#6722 = CARTESIAN_POINT('',(82.938250158375,-1.218749923634,
    26.800000014148));
#6723 = CARTESIAN_POINT('',(83.041742870094,-1.190972149843,
    27.327090903363));
#6724 = CARTESIAN_POINT('',(83.145235221719,-1.177083260431,
    27.579024186591));
#6725 = CARTESIAN_POINT('',(83.297434764671,-1.163194363558,
    27.807734902859));
#6726 = CARTESIAN_POINT('',(83.492261433325,-1.149305465709,
    28.002562995112));
#6727 = CARTESIAN_POINT('',(83.720973477224,-1.135416577581,
    28.154765143404));
#6728 = CARTESIAN_POINT('',(83.972909053034,-1.121527700193,
    28.258258428725));
#6729 = CARTESIAN_POINT('',(84.500002788097,-1.093749940763,
    28.361751327144));
#6730 = CARTESIAN_POINT('',(85.027092189449,-1.065972155603,
    28.258257332848));
#6731 = CARTESIAN_POINT('',(85.279023735769,-1.052083251525,
    28.154763961716));
#6732 = CARTESIAN_POINT('',(85.507730230753,-1.038194340636,
    28.002564300941));
#6733 = CARTESIAN_POINT('',(85.702560197417,-1.024305429799,
    27.807737284852));
#6734 = CARTESIAN_POINT('',(85.854763149873,-1.010416583725,
    27.579024450862));
#6735 = CARTESIAN_POINT('',(85.958265583182,-0.996527782024,
    27.327089562541));
#6736 = CARTESIAN_POINT('',(86.010005399791,-0.982638808049,
    27.063545264925));
#6737 = CARTESIAN_POINT('',(86.010006087909,-0.968749904538,
    26.800000017838));
#6738 = ADVANCED_FACE('',(#6739),#6785,.F.);
#6739 = FACE_BOUND('',#6740,.F.);
#6740 = EDGE_LOOP('',(#6741,#6742,#6749,#6783,#6784));
#6741 = ORIENTED_EDGE('',*,*,#3109,.F.);
#6742 = ORIENTED_EDGE('',*,*,#6743,.T.);
#6743 = EDGE_CURVE('',#3110,#6744,#6746,.T.);
#6744 = VERTEX_POINT('',#6745);
#6745 = CARTESIAN_POINT('',(86.010002509455,-1.968749980911,
    26.800000013786));
#6746 = B_SPLINE_CURVE_WITH_KNOTS('',1,(#6747,#6748),.UNSPECIFIED.,.F.,
  .F.,(2,2),(0.,0.4355),.PIECEWISE_BEZIER_KNOTS.);
#6747 = CARTESIAN_POINT('',(85.63284803053,-1.751000700713,
    26.799999969666));
#6748 = CARTESIAN_POINT('',(86.010002509455,-1.968749980911,
    26.800000013786));
#6749 = ORIENTED_EDGE('',*,*,#6750,.T.);
#6750 = EDGE_CURVE('',#6744,#6634,#6751,.T.);
#6751 = B_SPLINE_CURVE_WITH_KNOTS('',9,(#6752,#6753,#6754,#6755,#6756,
    #6757,#6758,#6759,#6760,#6761,#6762,#6763,#6764,#6765,#6766,#6767,
    #6768,#6769,#6770,#6771,#6772,#6773,#6774,#6775,#6776,#6777,#6778,
    #6779,#6780,#6781,#6782),.UNSPECIFIED.,.F.,.F.,(10,7,7,7,10),(0.,
    1.57576206969,3.151524139379,4.727286209069,6.303048278758),
  .UNSPECIFIED.);
#6752 = CARTESIAN_POINT('',(86.010002509455,-1.968749980911,
    26.800000013786));
#6753 = CARTESIAN_POINT('',(86.010003196866,-1.954861077405,
    26.536455078911));
#6754 = CARTESIAN_POINT('',(85.958271357871,-1.940972103458,
    26.272910823665));
#6755 = CARTESIAN_POINT('',(85.854760953805,-1.927083301691,
    26.020973584688));
#6756 = CARTESIAN_POINT('',(85.702552976637,-1.913194455686,
    25.792266432937));
#6757 = CARTESIAN_POINT('',(85.507729996608,-1.899305544788,
    25.597441417586));
#6758 = CARTESIAN_POINT('',(85.279022130453,-1.885416633935,
    25.445237266679));
#6759 = CARTESIAN_POINT('',(85.027091675767,-1.871527729852,
    25.341743469239));
#6760 = CARTESIAN_POINT('',(84.500002802387,-1.843749944693,
    25.238248952655));
#6761 = CARTESIAN_POINT('',(83.972909788466,-1.815972185262,
    25.341743357218));
#6762 = CARTESIAN_POINT('',(83.720974900382,-1.80208330787,
    25.445237566685));
#6763 = CARTESIAN_POINT('',(83.492263637693,-1.788194419742,
    25.597439237277));
#6764 = CARTESIAN_POINT('',(83.297436744605,-1.774305521895,
    25.792266330444));
#6765 = CARTESIAN_POINT('',(83.145236463294,-1.760416625024,
    26.020976577313));
#6766 = CARTESIAN_POINT('',(83.041744226546,-1.746527735612,
    26.272909678642));
#6767 = CARTESIAN_POINT('',(82.938252008916,-1.71874996182,
    26.800000016243));
#6768 = CARTESIAN_POINT('',(83.041744598714,-1.690972188029,
    27.32709028077));
#6769 = CARTESIAN_POINT('',(83.14523682805,-1.677083298617,
    27.579023265342));
#6770 = CARTESIAN_POINT('',(83.297436190963,-1.663194401746,
    27.807733710394));
#6771 = CARTESIAN_POINT('',(83.492262629018,-1.649305503898,
    28.002561571525));
#6772 = CARTESIAN_POINT('',(83.720974402112,-1.63541661577,
    28.154763539167));
#6773 = CARTESIAN_POINT('',(83.972909679545,-1.621527738379,
    28.258256701521));
#6774 = CARTESIAN_POINT('',(84.500002790193,-1.593749978947,
    28.361749476601));
#6775 = CARTESIAN_POINT('',(85.027091566845,-1.565972193788,
    28.25825560423));
#6776 = CARTESIAN_POINT('',(85.279022814504,-1.552083289713,
    28.154762355395));
#6777 = CARTESIAN_POINT('',(85.507729038274,-1.538194378828,
    28.002562874649));
#6778 = CARTESIAN_POINT('',(85.702558773838,-1.524305467994,
    27.807736089195));
#6779 = CARTESIAN_POINT('',(85.854761545688,-1.510416621913,
    27.579023525918));
#6780 = CARTESIAN_POINT('',(85.958263855951,-1.496527820196,
    27.327088935975));
#6781 = CARTESIAN_POINT('',(86.010003610918,-1.482638846236,
    27.063544950687));
#6782 = CARTESIAN_POINT('',(86.010004298682,-1.468749942728,
    26.800000015812));
#6783 = ORIENTED_EDGE('',*,*,#6633,.F.);
#6784 = ORIENTED_EDGE('',*,*,#3060,.F.);
#6785 = B_SPLINE_SURFACE_WITH_KNOTS('',1,9,(
    (#6786,#6787,#6788,#6789,#6790,#6791,#6792,#6793,#6794,#6795,#6796
      ,#6797,#6798,#6799,#6800,#6801,#6802,#6803,#6804,#6805,#6806,#6807
      ,#6808,#6809,#6810,#6811,#6812,#6813,#6814,#6815,#6816)
    ,(#6817,#6818,#6819,#6820,#6821,#6822,#6823,#6824,#6825,#6826,#6827
      ,#6828,#6829,#6830,#6831,#6832,#6833,#6834,#6835,#6836,#6837,#6838
      ,#6839,#6840,#6841,#6842,#6843,#6844,#6845,#6846,#6847
  )),.UNSPECIFIED.,.F.,.F.,.F.,(2,2),(10,7,7,7,10),(0.,0.4355),(0.,
    1.57576206969,3.151524139379,4.727286209069,6.303048278758),
  .UNSPECIFIED.);
#6786 = CARTESIAN_POINT('',(85.63284803053,-1.751000700713,
    26.799999969666));
#6787 = CARTESIAN_POINT('',(85.632848392035,-1.73711234836,
    26.602266794353));
#6788 = CARTESIAN_POINT('',(85.594034031605,-1.723226581572,
    26.404573553596));
#6789 = CARTESIAN_POINT('',(85.516390381536,-1.70933449443,
    26.215560222007));
#6790 = CARTESIAN_POINT('',(85.402191992042,-1.695444032005,
    26.04396570192));
#6791 = CARTESIAN_POINT('',(85.256022589102,-1.68155595114,
    25.897801543128));
#6792 = CARTESIAN_POINT('',(85.08444448578,-1.667667867997,
    25.783618658527));
#6793 = CARTESIAN_POINT('',(84.895439315304,-1.653779536885,
    25.705973616188));
#6794 = CARTESIAN_POINT('',(84.50000282341,-1.626002030025,
    25.628329065476));
#6795 = CARTESIAN_POINT('',(84.104560798578,-1.598223578914,
    25.705973493846));
#6796 = CARTESIAN_POINT('',(83.915550653533,-1.584334268033,
    25.783618139109));
#6797 = CARTESIAN_POINT('',(83.743965775004,-1.570445351217,
    25.897804907835));
#6798 = CARTESIAN_POINT('',(83.597802676525,-1.556556791124,
    26.043968681479));
#6799 = CARTESIAN_POINT('',(83.483618028441,-1.542668195201,
    26.215551835143));
#6800 = CARTESIAN_POINT('',(83.405974668503,-1.528779325509,
    26.40455971033));
#6801 = CARTESIAN_POINT('',(83.328331416072,-1.501001401426,
    26.800000086715));
#6802 = CARTESIAN_POINT('',(83.405974920448,-1.473223477343,
    27.195440413632));
#6803 = CARTESIAN_POINT('',(83.483618301588,-1.459334607651,
    27.384448215959));
#6804 = CARTESIAN_POINT('',(83.597802480749,-1.445446011728,
    27.556031460538));
#6805 = CARTESIAN_POINT('',(83.743965355038,-1.431557451634,
    27.702195625937));
#6806 = CARTESIAN_POINT('',(83.915550522079,-1.417668534818,
    27.816382530873));
#6807 = CARTESIAN_POINT('',(84.104560885949,-1.403779223938,
    27.894026590268));
#6808 = CARTESIAN_POINT('',(84.500002972915,-1.376000772826,
    27.971670093439));
#6809 = CARTESIAN_POINT('',(84.895439402675,-1.348223265966,
    27.894025835021));
#6810 = CARTESIAN_POINT('',(85.084444343353,-1.334334934812,
    27.816382781295));
#6811 = CARTESIAN_POINT('',(85.256023852273,-1.320446851814,
    27.702196231633));
#6812 = CARTESIAN_POINT('',(85.402193540767,-1.30655877075,
    27.556039951374));
#6813 = CARTESIAN_POINT('',(85.516391420379,-1.292668308447,
    27.384436375436));
#6814 = CARTESIAN_POINT('',(85.594030067221,-1.278776221287,
    27.195426172001));
#6815 = CARTESIAN_POINT('',(85.632848640073,-1.264890454492,
    26.997733070631));
#6816 = CARTESIAN_POINT('',(85.632848988607,-1.251002102137,
    26.799999895318));
#6817 = CARTESIAN_POINT('',(86.010002509455,-1.968749980911,
    26.800000013786));
#6818 = CARTESIAN_POINT('',(86.010003196866,-1.954861077405,
    26.536455078911));
#6819 = CARTESIAN_POINT('',(85.958271357871,-1.940972103458,
    26.272910823665));
#6820 = CARTESIAN_POINT('',(85.854760953805,-1.927083301691,
    26.020973584688));
#6821 = CARTESIAN_POINT('',(85.702552976637,-1.913194455686,
    25.792266432937));
#6822 = CARTESIAN_POINT('',(85.507729996608,-1.899305544788,
    25.597441417586));
#6823 = CARTESIAN_POINT('',(85.279022130453,-1.885416633935,
    25.445237266679));
#6824 = CARTESIAN_POINT('',(85.027091675767,-1.871527729852,
    25.341743469239));
#6825 = CARTESIAN_POINT('',(84.500002802387,-1.843749944693,
    25.238248952655));
#6826 = CARTESIAN_POINT('',(83.972909788466,-1.815972185262,
    25.341743357218));
#6827 = CARTESIAN_POINT('',(83.720974900382,-1.80208330787,
    25.445237566685));
#6828 = CARTESIAN_POINT('',(83.492263637693,-1.788194419742,
    25.597439237277));
#6829 = CARTESIAN_POINT('',(83.297436744605,-1.774305521895,
    25.792266330444));
#6830 = CARTESIAN_POINT('',(83.145236463294,-1.760416625024,
    26.020976577313));
#6831 = CARTESIAN_POINT('',(83.041744226546,-1.746527735612,
    26.272909678642));
#6832 = CARTESIAN_POINT('',(82.938252008916,-1.71874996182,
    26.800000016243));
#6833 = CARTESIAN_POINT('',(83.041744598714,-1.690972188029,
    27.32709028077));
#6834 = CARTESIAN_POINT('',(83.14523682805,-1.677083298617,
    27.579023265342));
#6835 = CARTESIAN_POINT('',(83.297436190963,-1.663194401746,
    27.807733710394));
#6836 = CARTESIAN_POINT('',(83.492262629018,-1.649305503898,
    28.002561571525));
#6837 = CARTESIAN_POINT('',(83.720974402112,-1.63541661577,
    28.154763539167));
#6838 = CARTESIAN_POINT('',(83.972909679545,-1.621527738379,
    28.258256701521));
#6839 = CARTESIAN_POINT('',(84.500002790193,-1.593749978947,
    28.361749476601));
#6840 = CARTESIAN_POINT('',(85.027091566845,-1.565972193788,
    28.25825560423));
#6841 = CARTESIAN_POINT('',(85.279022814504,-1.552083289713,
    28.154762355395));
#6842 = CARTESIAN_POINT('',(85.507729038274,-1.538194378828,
    28.002562874649));
#6843 = CARTESIAN_POINT('',(85.702558773838,-1.524305467994,
    27.807736089195));
#6844 = CARTESIAN_POINT('',(85.854761545688,-1.510416621913,
    27.579023525918));
#6845 = CARTESIAN_POINT('',(85.958263855951,-1.496527820196,
    27.327088935975));
#6846 = CARTESIAN_POINT('',(86.010003610918,-1.482638846236,
    27.063544950687));
#6847 = CARTESIAN_POINT('',(86.010004298682,-1.468749942728,
    26.800000015812));
#6848 = ADVANCED_FACE('',(#6849),#6888,.F.);
#6849 = FACE_BOUND('',#6850,.F.);
#6850 = EDGE_LOOP('',(#6851,#6852,#6853,#6887));
#6851 = ORIENTED_EDGE('',*,*,#3146,.F.);
#6852 = ORIENTED_EDGE('',*,*,#4193,.F.);
#6853 = ORIENTED_EDGE('',*,*,#6854,.T.);
#6854 = EDGE_CURVE('',#4181,#6744,#6855,.T.);
#6855 = B_SPLINE_CURVE_WITH_KNOTS('',9,(#6856,#6857,#6858,#6859,#6860,
    #6861,#6862,#6863,#6864,#6865,#6866,#6867,#6868,#6869,#6870,#6871,
    #6872,#6873,#6874,#6875,#6876,#6877,#6878,#6879,#6880,#6881,#6882,
    #6883,#6884,#6885,#6886),.UNSPECIFIED.,.F.,.F.,(10,7,7,7,10),(0.,
    1.57576206969,3.151524139379,4.727286209069,6.303048278758),
  .UNSPECIFIED.);
#6856 = CARTESIAN_POINT('',(86.010000720228,-2.468750019087,
    26.800000011761));
#6857 = CARTESIAN_POINT('',(86.010001407285,-2.454861115584,
    26.536455389097));
#6858 = CARTESIAN_POINT('',(85.958269629226,-2.440972141652,
    26.272911446319));
#6859 = CARTESIAN_POINT('',(85.854759347524,-2.427083339869,
    26.020974505989));
#6860 = CARTESIAN_POINT('',(85.702551550366,-2.413194493856,
    25.792267625392));
#6861 = CARTESIAN_POINT('',(85.507728800891,-2.399305582963,
    25.597442841152));
#6862 = CARTESIAN_POINT('',(85.279021205558,-2.385416672113,
    25.445238870919));
#6863 = CARTESIAN_POINT('',(85.027091049251,-2.371527768034,
    25.341745196443));
#6864 = CARTESIAN_POINT('',(84.500002800292,-2.343749982876,
    25.238250803198));
#6865 = CARTESIAN_POINT('',(83.972910411064,-2.315972223441,
    25.341745085837));
#6866 = CARTESIAN_POINT('',(83.720975821636,-2.302083346047,
    25.445239173012));
#6867 = CARTESIAN_POINT('',(83.492264830159,-2.288194457919,
    25.597440663567));
#6868 = CARTESIAN_POINT('',(83.297438168194,-2.274305560074,
    25.792267526136));
#6869 = CARTESIAN_POINT('',(83.145238067535,-2.260416663204,
    26.020977502197));
#6870 = CARTESIAN_POINT('',(83.041745953752,-2.246527773792,
    26.272910305147));
#6871 = CARTESIAN_POINT('',(82.938253859457,-2.21875,26.800000018338));
#6872 = CARTESIAN_POINT('',(83.041746327334,-2.190972226208,
    27.327089658178));
#6873 = CARTESIAN_POINT('',(83.145238434381,-2.177083336796,
    27.579022344092));
#6874 = CARTESIAN_POINT('',(83.297437617255,-2.163194439926,
    27.807732517929));
#6875 = CARTESIAN_POINT('',(83.49226382471,-2.14930554208,
    28.002560147938));
#6876 = CARTESIAN_POINT('',(83.720975327,-2.135416653952,28.15476193493)
  );
#6877 = CARTESIAN_POINT('',(83.972910306055,-2.121527776559,
    28.258254974316));
#6878 = CARTESIAN_POINT('',(84.500002792288,-2.093750017123,
    28.361747626058));
#6879 = CARTESIAN_POINT('',(85.027090944242,-2.065972231966,
    28.258253875612));
#6880 = CARTESIAN_POINT('',(85.279021893239,-2.052083327894,
    28.154760749075));
#6881 = CARTESIAN_POINT('',(85.507727845795,-2.038194417012,
    28.002561448357));
#6882 = CARTESIAN_POINT('',(85.702557350259,-2.024305506183,
    27.807734893538));
#6883 = CARTESIAN_POINT('',(85.854759941502,-2.010416660094,
    27.579022600973));
#6884 = CARTESIAN_POINT('',(85.958262128721,-1.996527858362,
    27.32708830941));
#6885 = CARTESIAN_POINT('',(86.010001822044,-1.982638884417,
    27.06354463645));
#6886 = CARTESIAN_POINT('',(86.010002509455,-1.968749980911,
    26.800000013786));
#6887 = ORIENTED_EDGE('',*,*,#6743,.F.);
#6888 = B_SPLINE_SURFACE_WITH_KNOTS('',1,9,(
    (#6889,#6890,#6891,#6892,#6893,#6894,#6895,#6896,#6897,#6898,#6899
      ,#6900,#6901,#6902,#6903,#6904,#6905,#6906,#6907,#6908,#6909,#6910
      ,#6911,#6912,#6913,#6914,#6915,#6916,#6917,#6918,#6919)
    ,(#6920,#6921,#6922,#6923,#6924,#6925,#6926,#6927,#6928,#6929,#6930
      ,#6931,#6932,#6933,#6934,#6935,#6936,#6937,#6938,#6939,#6940,#6941
      ,#6942,#6943,#6944,#6945,#6946,#6947,#6948,#6949,#6950
  )),.UNSPECIFIED.,.F.,.F.,.F.,(2,2),(10,7,7,7,10),(0.,0.4355),(0.,
    1.57576206969,3.151524139379,4.727286209069,6.303048278758),
  .UNSPECIFIED.);
#6889 = CARTESIAN_POINT('',(85.632847072458,-2.250999299286,
    26.800000044014));
#6890 = CARTESIAN_POINT('',(85.632847446935,-2.237110946934,
    26.60226703588));
#6891 = CARTESIAN_POINT('',(85.594033132293,-2.223225180154,
    26.404573959856));
#6892 = CARTESIAN_POINT('',(85.516389560344,-2.209333093003,
    26.215560783014));
#6893 = CARTESIAN_POINT('',(85.402191278666,-2.195442630575,
    26.043966400512));
#6894 = CARTESIAN_POINT('',(85.256022008909,-2.181554549712,
    25.897802355738));
#6895 = CARTESIAN_POINT('',(85.084444058205,-2.167666466571,
    25.783619556464));
#6896 = CARTESIAN_POINT('',(84.895439052672,-2.153778135461,
    25.705974567383));
#6897 = CARTESIAN_POINT('',(84.500002900306,-2.126000628601,
    25.628330056385));
#6898 = CARTESIAN_POINT('',(84.104561204807,-2.098222177488,
    25.705974393136));
#6899 = CARTESIAN_POINT('',(83.915551214511,-2.084332866606,
    25.783618960329));
#6900 = CARTESIAN_POINT('',(83.743966473605,-2.07044394979,
    25.897805621226));
#6901 = CARTESIAN_POINT('',(83.597803489152,-2.056555389697,
    26.043969261659));
#6902 = CARTESIAN_POINT('',(83.483618926377,-2.042666793776,
    26.215552262711));
#6903 = CARTESIAN_POINT('',(83.405975619698,-2.028777924083,
    26.404559972956));
#6904 = CARTESIAN_POINT('',(83.328332406978,-2.001,26.800000009819));
#6905 = CARTESIAN_POINT('',(83.405975819738,-1.973222075917,
    27.195440007405));
#6906 = CARTESIAN_POINT('',(83.48361912281,-1.959333206225,
    27.384447654981));
#6907 = CARTESIAN_POINT('',(83.597803194142,-1.945444610302,
    27.556030761936));
#6908 = CARTESIAN_POINT('',(83.743965935221,-1.931556050209,
    27.702194813308));
#6909 = CARTESIAN_POINT('',(83.91555094965,-1.917667133394,
    27.816381632937));
#6910 = CARTESIAN_POINT('',(84.104561148578,-1.903777822512,
    27.894025639074));
#6911 = CARTESIAN_POINT('',(84.50000289602,-1.875999371398,
    27.971669102534));
#6912 = CARTESIAN_POINT('',(84.895438996443,-1.848221864539,
    27.894024935733));
#6913 = CARTESIAN_POINT('',(85.084443782367,-1.834333533387,
    27.816381960077));
#6914 = CARTESIAN_POINT('',(85.256023153664,-1.820445450391,
    27.702195518238));
#6915 = CARTESIAN_POINT('',(85.402192728138,-1.806557369329,
    27.556039371205));
#6916 = CARTESIAN_POINT('',(85.516390522469,-1.792666907022,
    27.384435947838));
#6917 = CARTESIAN_POINT('',(85.594029116022,-1.778774819854,
    27.195425909344));
#6918 = CARTESIAN_POINT('',(85.632847669024,-1.764889053067,
    26.997732977799));
#6919 = CARTESIAN_POINT('',(85.63284803053,-1.751000700713,
    26.799999969666));
#6920 = CARTESIAN_POINT('',(86.010000720228,-2.468750019087,
    26.800000011761));
#6921 = CARTESIAN_POINT('',(86.010001407285,-2.454861115584,
    26.536455389097));
#6922 = CARTESIAN_POINT('',(85.958269629226,-2.440972141652,
    26.272911446319));
#6923 = CARTESIAN_POINT('',(85.854759347524,-2.427083339869,
    26.020974505989));
#6924 = CARTESIAN_POINT('',(85.702551550366,-2.413194493856,
    25.792267625392));
#6925 = CARTESIAN_POINT('',(85.507728800891,-2.399305582963,
    25.597442841152));
#6926 = CARTESIAN_POINT('',(85.279021205558,-2.385416672113,
    25.445238870919));
#6927 = CARTESIAN_POINT('',(85.027091049251,-2.371527768034,
    25.341745196443));
#6928 = CARTESIAN_POINT('',(84.500002800292,-2.343749982876,
    25.238250803198));
#6929 = CARTESIAN_POINT('',(83.972910411064,-2.315972223441,
    25.341745085837));
#6930 = CARTESIAN_POINT('',(83.720975821636,-2.302083346047,
    25.445239173012));
#6931 = CARTESIAN_POINT('',(83.492264830159,-2.288194457919,
    25.597440663567));
#6932 = CARTESIAN_POINT('',(83.297438168194,-2.274305560074,
    25.792267526136));
#6933 = CARTESIAN_POINT('',(83.145238067535,-2.260416663204,
    26.020977502197));
#6934 = CARTESIAN_POINT('',(83.041745953752,-2.246527773792,
    26.272910305147));
#6935 = CARTESIAN_POINT('',(82.938253859457,-2.21875,26.800000018338));
#6936 = CARTESIAN_POINT('',(83.041746327334,-2.190972226208,
    27.327089658178));
#6937 = CARTESIAN_POINT('',(83.145238434381,-2.177083336796,
    27.579022344092));
#6938 = CARTESIAN_POINT('',(83.297437617255,-2.163194439926,
    27.807732517929));
#6939 = CARTESIAN_POINT('',(83.49226382471,-2.14930554208,
    28.002560147938));
#6940 = CARTESIAN_POINT('',(83.720975327,-2.135416653952,28.15476193493)
  );
#6941 = CARTESIAN_POINT('',(83.972910306055,-2.121527776559,
    28.258254974316));
#6942 = CARTESIAN_POINT('',(84.500002792288,-2.093750017123,
    28.361747626058));
#6943 = CARTESIAN_POINT('',(85.027090944242,-2.065972231966,
    28.258253875612));
#6944 = CARTESIAN_POINT('',(85.279021893239,-2.052083327894,
    28.154760749075));
#6945 = CARTESIAN_POINT('',(85.507727845795,-2.038194417012,
    28.002561448357));
#6946 = CARTESIAN_POINT('',(85.702557350259,-2.024305506183,
    27.807734893538));
#6947 = CARTESIAN_POINT('',(85.854759941502,-2.010416660094,
    27.579022600973));
#6948 = CARTESIAN_POINT('',(85.958262128721,-1.996527858362,
    27.32708830941));
#6949 = CARTESIAN_POINT('',(86.010001822044,-1.982638884417,
    27.06354463645));
#6950 = CARTESIAN_POINT('',(86.010002509455,-1.968749980911,
    26.800000013786));
#6951 = ADVANCED_FACE('',(#6952),#6962,.F.);
#6952 = FACE_BOUND('',#6953,.F.);
#6953 = EDGE_LOOP('',(#6954,#6955,#6960,#6961));
#6954 = ORIENTED_EDGE('',*,*,#6530,.F.);
#6955 = ORIENTED_EDGE('',*,*,#6956,.T.);
#6956 = EDGE_CURVE('',#6524,#6254,#6957,.T.);
#6957 = B_SPLINE_CURVE_WITH_KNOTS('',1,(#6958,#6959),.UNSPECIFIED.,.F.,
  .F.,(2,2),(0.,6.25E-02),.PIECEWISE_BEZIER_KNOTS.);
#6958 = CARTESIAN_POINT('',(86.010006087909,-0.968749904538,
    26.800000017838));
#6959 = CARTESIAN_POINT('',(86.010006684318,-1.031249904535,
    26.800000019541));
#6960 = ORIENTED_EDGE('',*,*,#6353,.T.);
#6961 = ORIENTED_EDGE('',*,*,#3461,.F.);
#6962 = B_SPLINE_SURFACE_WITH_KNOTS('',1,11,(
    (#6963,#6964,#6965,#6966,#6967,#6968,#6969,#6970,#6971,#6972,#6973
      ,#6974,#6975,#6976,#6977,#6978,#6979,#6980,#6981,#6982,#6983)
    ,(#6984,#6985,#6986,#6987,#6988,#6989,#6990,#6991,#6992,#6993,#6994
      ,#6995,#6996,#6997,#6998,#6999,#7000,#7001,#7002,#7003,#7004
  )),.UNSPECIFIED.,.F.,.F.,.F.,(2,2),(12,9,12),(0.,6.25E-02),(0.,
    3.151524139379,6.303048278758),.UNSPECIFIED.);
#6963 = CARTESIAN_POINT('',(86.010006087909,-0.968749904538,
    26.800000017838));
#6964 = CARTESIAN_POINT('',(86.01000721392,-0.946022607883,
    26.368743648076));
#6965 = CARTESIAN_POINT('',(85.874562858952,-0.923295126735,
    25.937489056372));
#6966 = CARTESIAN_POINT('',(85.603481149024,-0.900568459126,
    25.553502552328));
#6967 = CARTESIAN_POINT('',(85.21571464793,-0.877840715447,
    25.264187555488));
#6968 = CARTESIAN_POINT('',(84.748046714614,-0.855113230279,
    25.108252950101));
#6969 = CARTESIAN_POINT('',(84.251959159444,-0.832386444885,
    25.108336228656));
#6970 = CARTESIAN_POINT('',(83.784322657127,-0.809658957153,
    25.264131465366));
#6971 = CARTESIAN_POINT('',(83.396437140393,-0.78693171579,
    25.553523695787));
#6972 = CARTESIAN_POINT('',(83.125475616058,-0.764204424369,
    25.937486500736));
#6973 = CARTESIAN_POINT('',(82.854513346395,-0.71874988544,
    26.800000041389));
#6974 = CARTESIAN_POINT('',(83.12547622043,-0.673295346511,
    27.662513392175));
#6975 = CARTESIAN_POINT('',(83.396439990073,-0.650568055117,
    28.046479240874));
#6976 = CARTESIAN_POINT('',(83.78430542261,-0.627840813602,
    28.335850809527));
#6977 = CARTESIAN_POINT('',(84.251981949679,-0.605113326273,
    28.491721964876));
#6978 = CARTESIAN_POINT('',(84.748043389516,-0.582386540232,
    28.491657183758));
#6979 = CARTESIAN_POINT('',(85.215684637713,-0.55965905574,
    28.335873764765));
#6980 = CARTESIAN_POINT('',(85.603523244876,-0.5369313116,
    28.046483498619));
#6981 = CARTESIAN_POINT('',(85.874543017986,-0.514204644179,
    27.662510273805));
#6982 = CARTESIAN_POINT('',(86.010006750546,-0.491477163,27.231256389626
    ));
#6983 = CARTESIAN_POINT('',(86.010007877136,-0.468749866341,
    26.800000019864));
#6984 = CARTESIAN_POINT('',(86.010006684318,-1.031249904535,
    26.800000019541));
#6985 = CARTESIAN_POINT('',(86.010007960271,-1.008522607879,
    26.368743445423));
#6986 = CARTESIAN_POINT('',(85.874564832724,-0.985795126718,
    25.937488602071));
#6987 = CARTESIAN_POINT('',(85.603478864875,-0.96306845914,
    25.553501031079));
#6988 = CARTESIAN_POINT('',(85.215716987255,-0.940340715458,
    25.264190915255));
#6989 = CARTESIAN_POINT('',(84.748047052669,-0.91761323023,
    25.108246156894));
#6990 = CARTESIAN_POINT('',(84.25195752179,-0.894886444913,
    25.108339306746));
#6991 = CARTESIAN_POINT('',(83.784323466023,-0.87215895714,
    25.264129556027));
#6992 = CARTESIAN_POINT('',(83.396436426698,-0.849431715789,
    25.553523301391));
#6993 = CARTESIAN_POINT('',(83.125474923825,-0.826704424365,
    25.937486085539));
#6994 = CARTESIAN_POINT('',(82.854512566491,-0.781249885436,
    26.80000004779));
#6995 = CARTESIAN_POINT('',(83.125475609706,-0.735795346507,
    27.662513794569));
#6996 = CARTESIAN_POINT('',(83.396439657673,-0.713068055114,
    28.046480028009));
#6997 = CARTESIAN_POINT('',(83.784303935218,-0.690340813591,
    28.335850356285));
#6998 = CARTESIAN_POINT('',(84.251983352538,-0.667613326273,
    28.491726646194));
#6999 = CARTESIAN_POINT('',(84.748043286039,-0.644886540225,
    28.491651994543));
#7000 = CARTESIAN_POINT('',(85.215682977322,-0.622159055762,
    28.335878580267));
#7001 = CARTESIAN_POINT('',(85.603526574846,-0.599431311558,
    28.04648315881));
#7002 = CARTESIAN_POINT('',(85.874542347221,-0.576704644193,
    27.662510637321));
#7003 = CARTESIAN_POINT('',(86.010007435577,-0.553977162996,
    27.231256595686));
#7004 = CARTESIAN_POINT('',(86.010008712108,-0.531249866335,
    26.800000021568));
#7005 = ADVANCED_FACE('',(#7006),#7051,.F.);
#7006 = FACE_BOUND('',#7007,.F.);
#7007 = EDGE_LOOP('',(#7008,#7009,#7010,#7046));
#7008 = ORIENTED_EDGE('',*,*,#5845,.F.);
#7009 = ORIENTED_EDGE('',*,*,#3991,.F.);
#7010 = ORIENTED_EDGE('',*,*,#7011,.T.);
#7011 = EDGE_CURVE('',#3979,#7012,#7014,.T.);
#7012 = VERTEX_POINT('',#7013);
#7013 = CARTESIAN_POINT('',(86.010002509455,-1.968749980911,
    -13.83999998621));
#7014 = B_SPLINE_CURVE_WITH_KNOTS('',9,(#7015,#7016,#7017,#7018,#7019,
    #7020,#7021,#7022,#7023,#7024,#7025,#7026,#7027,#7028,#7029,#7030,
    #7031,#7032,#7033,#7034,#7035,#7036,#7037,#7038,#7039,#7040,#7041,
    #7042,#7043,#7044,#7045),.UNSPECIFIED.,.F.,.F.,(10,7,7,7,10),(0.,
    1.57576206969,3.151524139379,4.727286209069,6.303048278758),
  .UNSPECIFIED.);
#7015 = CARTESIAN_POINT('',(86.010000720228,-2.468750019087,
    -13.83999998823));
#7016 = CARTESIAN_POINT('',(86.010001407285,-2.454861115584,
    -14.1035446109));
#7017 = CARTESIAN_POINT('',(85.958269629226,-2.440972141652,
    -14.36708855368));
#7018 = CARTESIAN_POINT('',(85.854759347524,-2.427083339869,
    -14.61902549401));
#7019 = CARTESIAN_POINT('',(85.702551550366,-2.413194493856,
    -14.8477323746));
#7020 = CARTESIAN_POINT('',(85.507728800891,-2.399305582963,
    -15.04255715884));
#7021 = CARTESIAN_POINT('',(85.279021205558,-2.385416672113,
    -15.19476112908));
#7022 = CARTESIAN_POINT('',(85.027091049251,-2.371527768034,
    -15.29825480355));
#7023 = CARTESIAN_POINT('',(84.500002800292,-2.343749982876,
    -15.4017491968));
#7024 = CARTESIAN_POINT('',(83.972910411064,-2.315972223441,
    -15.29825491416));
#7025 = CARTESIAN_POINT('',(83.720975821636,-2.302083346047,
    -15.19476082698));
#7026 = CARTESIAN_POINT('',(83.492264830159,-2.288194457919,
    -15.04255933643));
#7027 = CARTESIAN_POINT('',(83.297438168194,-2.274305560074,
    -14.84773247386));
#7028 = CARTESIAN_POINT('',(83.145238067535,-2.260416663204,
    -14.6190224978));
#7029 = CARTESIAN_POINT('',(83.041745953752,-2.246527773792,
    -14.36708969485));
#7030 = CARTESIAN_POINT('',(82.938253859457,-2.21875,-13.83999998166));
#7031 = CARTESIAN_POINT('',(83.041746327334,-2.190972226208,
    -13.31291034182));
#7032 = CARTESIAN_POINT('',(83.145238434381,-2.177083336796,
    -13.0609776559));
#7033 = CARTESIAN_POINT('',(83.297437617255,-2.163194439926,
    -12.83226748207));
#7034 = CARTESIAN_POINT('',(83.49226382471,-2.14930554208,
    -12.63743985206));
#7035 = CARTESIAN_POINT('',(83.720975327,-2.135416653952,-12.48523806507
    ));
#7036 = CARTESIAN_POINT('',(83.972910306055,-2.121527776559,
    -12.38174502568));
#7037 = CARTESIAN_POINT('',(84.500002792288,-2.093750017123,
    -12.27825237394));
#7038 = CARTESIAN_POINT('',(85.027090944242,-2.065972231966,
    -12.38174612438));
#7039 = CARTESIAN_POINT('',(85.279021893239,-2.052083327894,
    -12.48523925092));
#7040 = CARTESIAN_POINT('',(85.507727845795,-2.038194417012,
    -12.63743855164));
#7041 = CARTESIAN_POINT('',(85.702557350259,-2.024305506183,
    -12.83226510646));
#7042 = CARTESIAN_POINT('',(85.854759941502,-2.010416660094,
    -13.06097739902));
#7043 = CARTESIAN_POINT('',(85.958262128721,-1.996527858362,
    -13.31291169059));
#7044 = CARTESIAN_POINT('',(86.010001822044,-1.982638884417,
    -13.57645536355));
#7045 = CARTESIAN_POINT('',(86.010002509455,-1.968749980911,
    -13.83999998621));
#7046 = ORIENTED_EDGE('',*,*,#7047,.F.);
#7047 = EDGE_CURVE('',#5809,#7012,#7048,.T.);
#7048 = B_SPLINE_CURVE_WITH_KNOTS('',1,(#7049,#7050),.UNSPECIFIED.,.F.,
  .F.,(2,2),(0.,0.4355),.PIECEWISE_BEZIER_KNOTS.);
#7049 = CARTESIAN_POINT('',(85.63284803053,-1.751000700713,
    -13.84000003033));
#7050 = CARTESIAN_POINT('',(86.010002509455,-1.968749980911,
    -13.83999998621));
#7051 = B_SPLINE_SURFACE_WITH_KNOTS('',1,9,(
    (#7052,#7053,#7054,#7055,#7056,#7057,#7058,#7059,#7060,#7061,#7062
      ,#7063,#7064,#7065,#7066,#7067,#7068,#7069,#7070,#7071,#7072,#7073
      ,#7074,#7075,#7076,#7077,#7078,#7079,#7080,#7081,#7082)
    ,(#7083,#7084,#7085,#7086,#7087,#7088,#7089,#7090,#7091,#7092,#7093
      ,#7094,#7095,#7096,#7097,#7098,#7099,#7100,#7101,#7102,#7103,#7104
      ,#7105,#7106,#7107,#7108,#7109,#7110,#7111,#7112,#7113
  )),.UNSPECIFIED.,.F.,.F.,.F.,(2,2),(10,7,7,7,10),(0.,0.4355),(0.,
    1.57576206969,3.151524139379,4.727286209069,6.303048278758),
  .UNSPECIFIED.);
#7052 = CARTESIAN_POINT('',(85.632847072458,-2.250999299286,
    -13.83999995598));
#7053 = CARTESIAN_POINT('',(85.632847446935,-2.237110946934,
    -14.03773296412));
#7054 = CARTESIAN_POINT('',(85.594033132293,-2.223225180154,
    -14.23542604014));
#7055 = CARTESIAN_POINT('',(85.516389560344,-2.209333093003,
    -14.42443921698));
#7056 = CARTESIAN_POINT('',(85.402191278666,-2.195442630575,
    -14.59603359948));
#7057 = CARTESIAN_POINT('',(85.256022008909,-2.181554549712,
    -14.74219764426));
#7058 = CARTESIAN_POINT('',(85.084444058205,-2.167666466571,
    -14.85638044353));
#7059 = CARTESIAN_POINT('',(84.895439052672,-2.153778135461,
    -14.93402543261));
#7060 = CARTESIAN_POINT('',(84.500002900306,-2.126000628601,
    -15.01166994361));
#7061 = CARTESIAN_POINT('',(84.104561204807,-2.098222177488,
    -14.93402560686));
#7062 = CARTESIAN_POINT('',(83.915551214511,-2.084332866606,
    -14.85638103967));
#7063 = CARTESIAN_POINT('',(83.743966473605,-2.07044394979,
    -14.74219437877));
#7064 = CARTESIAN_POINT('',(83.597803489152,-2.056555389697,
    -14.59603073834));
#7065 = CARTESIAN_POINT('',(83.483618926377,-2.042666793776,
    -14.42444773728));
#7066 = CARTESIAN_POINT('',(83.405975619698,-2.028777924083,
    -14.23544002704));
#7067 = CARTESIAN_POINT('',(83.328332406978,-2.001,-13.83999999018));
#7068 = CARTESIAN_POINT('',(83.405975819738,-1.973222075917,
    -13.44455999259));
#7069 = CARTESIAN_POINT('',(83.48361912281,-1.959333206225,
    -13.25555234501));
#7070 = CARTESIAN_POINT('',(83.597803194142,-1.945444610302,
    -13.08396923806));
#7071 = CARTESIAN_POINT('',(83.743965935221,-1.931556050209,
    -12.93780518669));
#7072 = CARTESIAN_POINT('',(83.91555094965,-1.917667133394,
    -12.82361836706));
#7073 = CARTESIAN_POINT('',(84.104561148578,-1.903777822512,
    -12.74597436092));
#7074 = CARTESIAN_POINT('',(84.50000289602,-1.875999371399,
    -12.66833089746));
#7075 = CARTESIAN_POINT('',(84.895438996443,-1.848221864539,
    -12.74597506426));
#7076 = CARTESIAN_POINT('',(85.084443782367,-1.834333533387,
    -12.82361803992));
#7077 = CARTESIAN_POINT('',(85.256023153664,-1.820445450391,
    -12.93780448176));
#7078 = CARTESIAN_POINT('',(85.402192728138,-1.806557369329,
    -13.08396062879));
#7079 = CARTESIAN_POINT('',(85.516390522469,-1.792666907022,
    -13.25556405216));
#7080 = CARTESIAN_POINT('',(85.594029116022,-1.778774819854,
    -13.44457409065));
#7081 = CARTESIAN_POINT('',(85.632847669024,-1.764889053067,
    -13.6422670222));
#7082 = CARTESIAN_POINT('',(85.63284803053,-1.751000700713,
    -13.84000003033));
#7083 = CARTESIAN_POINT('',(86.010000720228,-2.468750019087,
    -13.83999998823));
#7084 = CARTESIAN_POINT('',(86.010001407285,-2.454861115584,
    -14.1035446109));
#7085 = CARTESIAN_POINT('',(85.958269629226,-2.440972141652,
    -14.36708855368));
#7086 = CARTESIAN_POINT('',(85.854759347524,-2.427083339869,
    -14.61902549401));
#7087 = CARTESIAN_POINT('',(85.702551550366,-2.413194493856,
    -14.8477323746));
#7088 = CARTESIAN_POINT('',(85.507728800891,-2.399305582963,
    -15.04255715884));
#7089 = CARTESIAN_POINT('',(85.279021205558,-2.385416672113,
    -15.19476112908));
#7090 = CARTESIAN_POINT('',(85.027091049251,-2.371527768034,
    -15.29825480355));
#7091 = CARTESIAN_POINT('',(84.500002800292,-2.343749982876,
    -15.4017491968));
#7092 = CARTESIAN_POINT('',(83.972910411064,-2.315972223441,
    -15.29825491416));
#7093 = CARTESIAN_POINT('',(83.720975821636,-2.302083346047,
    -15.19476082698));
#7094 = CARTESIAN_POINT('',(83.492264830159,-2.288194457919,
    -15.04255933643));
#7095 = CARTESIAN_POINT('',(83.297438168194,-2.274305560074,
    -14.84773247386));
#7096 = CARTESIAN_POINT('',(83.145238067535,-2.260416663204,
    -14.6190224978));
#7097 = CARTESIAN_POINT('',(83.041745953752,-2.246527773792,
    -14.36708969485));
#7098 = CARTESIAN_POINT('',(82.938253859457,-2.21875,-13.83999998166));
#7099 = CARTESIAN_POINT('',(83.041746327334,-2.190972226208,
    -13.31291034182));
#7100 = CARTESIAN_POINT('',(83.145238434381,-2.177083336796,
    -13.0609776559));
#7101 = CARTESIAN_POINT('',(83.297437617255,-2.163194439926,
    -12.83226748207));
#7102 = CARTESIAN_POINT('',(83.49226382471,-2.14930554208,
    -12.63743985206));
#7103 = CARTESIAN_POINT('',(83.720975327,-2.135416653952,-12.48523806507
    ));
#7104 = CARTESIAN_POINT('',(83.972910306055,-2.121527776559,
    -12.38174502568));
#7105 = CARTESIAN_POINT('',(84.500002792288,-2.093750017123,
    -12.27825237394));
#7106 = CARTESIAN_POINT('',(85.027090944242,-2.065972231966,
    -12.38174612438));
#7107 = CARTESIAN_POINT('',(85.279021893239,-2.052083327894,
    -12.48523925092));
#7108 = CARTESIAN_POINT('',(85.507727845795,-2.038194417012,
    -12.63743855164));
#7109 = CARTESIAN_POINT('',(85.702557350259,-2.024305506183,
    -12.83226510646));
#7110 = CARTESIAN_POINT('',(85.854759941502,-2.010416660094,
    -13.06097739902));
#7111 = CARTESIAN_POINT('',(85.958262128721,-1.996527858362,
    -13.31291169059));
#7112 = CARTESIAN_POINT('',(86.010001822044,-1.982638884417,
    -13.57645536355));
#7113 = CARTESIAN_POINT('',(86.010002509455,-1.968749980911,
    -13.83999998621));
#7114 = ADVANCED_FACE('',(#7115),#7124,.F.);
#7115 = FACE_BOUND('',#7116,.F.);
#7116 = EDGE_LOOP('',(#7117,#7118,#7119));
#7117 = ORIENTED_EDGE('',*,*,#7011,.F.);
#7118 = ORIENTED_EDGE('',*,*,#3978,.F.);
#7119 = ORIENTED_EDGE('',*,*,#7120,.F.);
#7120 = EDGE_CURVE('',#7012,#3966,#7121,.T.);
#7121 = B_SPLINE_CURVE_WITH_KNOTS('',1,(#7122,#7123),.UNSPECIFIED.,.F.,
  .F.,(2,2),(0.,6.25E-02),.PIECEWISE_BEZIER_KNOTS.);
#7122 = CARTESIAN_POINT('',(86.010002509455,-1.968749980911,
    -13.83999998621));
#7123 = CARTESIAN_POINT('',(86.010002628737,-2.031249980911,
    -13.83999998451));
#7124 = B_SPLINE_SURFACE_WITH_KNOTS('',1,11,(
    (#7125,#7126,#7127,#7128,#7129,#7130,#7131,#7132,#7133,#7134,#7135
      ,#7136,#7137,#7138,#7139,#7140,#7141,#7142,#7143,#7144,#7145)
    ,(#7146,#7147,#7148,#7149,#7150,#7151,#7152,#7153,#7154,#7155,#7156
      ,#7157,#7158,#7159,#7160,#7161,#7162,#7163,#7164,#7165,#7166
  )),.UNSPECIFIED.,.F.,.F.,.F.,(2,2),(12,9,12),(0.,6.25E-02),(0.,
    3.151524139379,6.303048278758),.UNSPECIFIED.);
#7125 = CARTESIAN_POINT('',(86.010000720228,-2.468750019087,
    -13.83999998823));
#7126 = CARTESIAN_POINT('',(86.010001844504,-2.446022722445,
    -14.27125482532));
#7127 = CARTESIAN_POINT('',(85.874557969202,-2.423295241409,
    -14.70250788234));
#7128 = CARTESIAN_POINT('',(85.603477222176,-2.400568573476,
    -15.08649302171));
#7129 = CARTESIAN_POINT('',(85.215712095749,-2.37784083005,
    -15.37580698838));
#7130 = CARTESIAN_POINT('',(84.748045828136,-2.355113344995,
    -15.53174103593));
#7131 = CARTESIAN_POINT('',(84.251960033116,-2.33238655934,
    -15.53165775823));
#7132 = CARTESIAN_POINT('',(83.784325195306,-2.309659071723,
    -15.37586307138));
#7133 = CARTESIAN_POINT('',(83.396441058235,-2.286931830344,
    -15.08647186903));
#7134 = CARTESIAN_POINT('',(83.125480498673,-2.264204538933,
    -14.70251042776));
#7135 = CARTESIAN_POINT('',(82.854519195669,-2.21875,-13.83999995198));
#7136 = CARTESIAN_POINT('',(83.125481109989,-2.173295461067,
    -12.97748966825));
#7137 = CARTESIAN_POINT('',(83.396443917949,-2.150568169683,
    -12.59352518542));
#7138 = CARTESIAN_POINT('',(83.78430797315,-2.127840928152,
    -12.30415464795));
#7139 = CARTESIAN_POINT('',(84.251982836969,-2.105113440937,
    -12.14828404622));
#7140 = CARTESIAN_POINT('',(84.74804251666,-2.082386654637,
    -12.14834883221));
#7141 = CARTESIAN_POINT('',(85.215682097885,-2.059659170257,
    -12.30413169711));
#7142 = CARTESIAN_POINT('',(85.603519328071,-2.036931426371,
    -12.59352093622));
#7143 = CARTESIAN_POINT('',(85.874538135176,-2.014204758625,
    -12.97749279854));
#7144 = CARTESIAN_POINT('',(86.010001384601,-1.991477277557,
    -13.40874514912));
#7145 = CARTESIAN_POINT('',(86.010002509455,-1.968749980911,
    -13.83999998621));
#7146 = CARTESIAN_POINT('',(86.010000600946,-2.531250019087,
    -13.83999998653));
#7147 = CARTESIAN_POINT('',(86.010001875164,-2.508522722446,
    -14.27125482362));
#7148 = CARTESIAN_POINT('',(85.87455929147,-2.485795241411,
    -14.70250792774));
#7149 = CARTESIAN_POINT('',(85.603474415116,-2.463068573466,
    -15.08649395224));
#7150 = CARTESIAN_POINT('',(85.215714095607,-2.44034083007,
    -15.37580290074));
#7151 = CARTESIAN_POINT('',(84.748046048901,-2.41761334497,
    -15.53174702714));
#7152 = CARTESIAN_POINT('',(84.251958512859,-2.394886559358,
    -15.53165387853));
#7153 = CARTESIAN_POINT('',(83.78432634345,-2.372159071715,
    -15.37586425267));
#7154 = CARTESIAN_POINT('',(83.396440867587,-2.349431830345,
    -15.08647167266));
#7155 = CARTESIAN_POINT('',(83.125480457919,-2.326704538933,
    -14.70251043416));
#7156 = CARTESIAN_POINT('',(82.854519195669,-2.28125,-13.83999994558));
#7157 = CARTESIAN_POINT('',(83.125481150743,-2.235795461067,
    -12.97748967466));
#7158 = CARTESIAN_POINT('',(83.396444108597,-2.213068169685,
    -12.59352498905));
#7159 = CARTESIAN_POINT('',(83.784306825007,-2.190340928144,
    -12.30415582924));
#7160 = CARTESIAN_POINT('',(84.251984357225,-2.167613440955,
    -12.14828016652));
#7161 = CARTESIAN_POINT('',(84.748042295895,-2.144886654613,
    -12.14835482342));
#7162 = CARTESIAN_POINT('',(85.215680098027,-2.122159170277,
    -12.30412760948));
#7163 = CARTESIAN_POINT('',(85.603522135131,-2.099431426361,
    -12.59352186675));
#7164 = CARTESIAN_POINT('',(85.874536812907,-2.076704758627,
    -12.97749284393));
#7165 = CARTESIAN_POINT('',(86.010001353941,-2.053977277557,
    -13.40874514742));
#7166 = CARTESIAN_POINT('',(86.010002628737,-2.031249980911,
    -13.83999998451));
#7167 = ADVANCED_FACE('',(#7168),#7204,.F.);
#7168 = FACE_BOUND('',#7169,.F.);
#7169 = EDGE_LOOP('',(#7170,#7196,#7197,#7198,#7199));
#7170 = ORIENTED_EDGE('',*,*,#7171,.F.);
#7171 = EDGE_CURVE('',#3934,#7172,#7174,.T.);
#7172 = VERTEX_POINT('',#7173);
#7173 = CARTESIAN_POINT('',(86.010004656527,-1.531249942727,
    -13.83999998248));
#7174 = B_SPLINE_CURVE_WITH_KNOTS('',11,(#7175,#7176,#7177,#7178,#7179,
    #7180,#7181,#7182,#7183,#7184,#7185,#7186,#7187,#7188,#7189,#7190,
    #7191,#7192,#7193,#7194,#7195),.UNSPECIFIED.,.F.,.F.,(12,9,12),(0.,
    3.151524139379,6.303048278758),.UNSPECIFIED.);
#7175 = CARTESIAN_POINT('',(86.010002628737,-2.031249980911,
    -13.83999998451));
#7176 = CARTESIAN_POINT('',(86.010003903533,-2.008522684264,
    -14.2712554006));
#7177 = CARTESIAN_POINT('',(85.874561138555,-1.985795203188,
    -14.70250908447));
#7178 = CARTESIAN_POINT('',(85.603475898369,-1.963068535365,
    -15.08649562446));
#7179 = CARTESIAN_POINT('',(85.215715059489,-1.940340791874,
    -15.37580496208));
#7180 = CARTESIAN_POINT('',(84.74804638349,-1.917613306731,
    -15.53174929913));
#7181 = CARTESIAN_POINT('',(84.251958182502,-1.894886521217,
    -15.5316561501));
#7182 = CARTESIAN_POINT('',(83.784325384307,-1.872159033531,
    -15.37586631644));
#7183 = CARTESIAN_POINT('',(83.396439387291,-1.849431792168,
    -15.08647334797));
#7184 = CARTESIAN_POINT('',(83.12547861322,-1.826704500751,
    -14.70251159426));
#7185 = CARTESIAN_POINT('',(82.854516985943,-1.78124996182,
    -13.83999994779));
#7186 = CARTESIAN_POINT('',(83.125479303731,-1.735795422888,
    -12.97748851825));
#7187 = CARTESIAN_POINT('',(83.396442624956,-1.713068131502,
    -12.5935233167));
#7188 = CARTESIAN_POINT('',(83.784305861745,-1.690340889967,
    -12.3041537674));
#7189 = CARTESIAN_POINT('',(84.251984022329,-1.667613402735,
    -12.14827789561));
#7190 = CARTESIAN_POINT('',(84.748042625945,-1.644886616491,
    -12.14835255077));
#7191 = CARTESIAN_POINT('',(85.215681057792,-1.622159132113,
    -12.30412554623));
#7192 = CARTESIAN_POINT('',(85.603523615036,-1.599431388101,
    -12.59352019156));
#7193 = CARTESIAN_POINT('',(85.874538657679,-1.57670472049,
    -12.97749168351));
#7194 = CARTESIAN_POINT('',(86.010003381153,-1.553977239378,
    -13.40874456638));
#7195 = CARTESIAN_POINT('',(86.010004656527,-1.531249942727,
    -13.83999998248));
#7196 = ORIENTED_EDGE('',*,*,#3933,.F.);
#7197 = ORIENTED_EDGE('',*,*,#5272,.T.);
#7198 = ORIENTED_EDGE('',*,*,#5289,.T.);
#7199 = ORIENTED_EDGE('',*,*,#7200,.F.);
#7200 = EDGE_CURVE('',#7172,#5290,#7201,.T.);
#7201 = B_SPLINE_CURVE_WITH_KNOTS('',1,(#7202,#7203),.UNSPECIFIED.,.F.,
  .F.,(2,2),(0.,0.4355),.PIECEWISE_BEZIER_KNOTS.);
#7202 = CARTESIAN_POINT('',(86.010004656527,-1.531249942727,
    -13.83999998248));
#7203 = CARTESIAN_POINT('',(85.632851839919,-1.749002102129,
    -13.84000009111));
#7204 = B_SPLINE_SURFACE_WITH_KNOTS('',1,9,(
    (#7205,#7206,#7207,#7208,#7209,#7210,#7211,#7212,#7213,#7214,#7215
      ,#7216,#7217,#7218,#7219,#7220,#7221,#7222,#7223,#7224,#7225,#7226
      ,#7227,#7228,#7229,#7230,#7231,#7232,#7233,#7234,#7235)
    ,(#7236,#7237,#7238,#7239,#7240,#7241,#7242,#7243,#7244,#7245,#7246
      ,#7247,#7248,#7249,#7250,#7251,#7252,#7253,#7254,#7255,#7256,#7257
      ,#7258,#7259,#7260,#7261,#7262,#7263,#7264,#7265,#7266
  )),.UNSPECIFIED.,.F.,.F.,.F.,(2,2),(10,7,7,7,10),(0.,0.4355),(0.,
    1.57576206969,3.151524139379,4.727286209069,6.303048278758),
  .UNSPECIFIED.);
#7205 = CARTESIAN_POINT('',(86.010002628737,-2.031249980911,
    -13.83999998451));
#7206 = CARTESIAN_POINT('',(86.010003407779,-2.017361077405,
    -14.10354496101));
#7207 = CARTESIAN_POINT('',(85.958272088296,-2.003472103456,
    -14.3670892759));
#7208 = CARTESIAN_POINT('',(85.854761080005,-1.989583301689,
    -14.61902673108));
#7209 = CARTESIAN_POINT('',(85.702552903994,-1.975694455686,
    -14.84773355879));
#7210 = CARTESIAN_POINT('',(85.507730095468,-1.961805544789,
    -15.04255848598));
#7211 = CARTESIAN_POINT('',(85.279022255917,-1.947916633934,
    -15.19476297287));
#7212 = CARTESIAN_POINT('',(85.027091766042,-1.934027729852,
    -15.29825682301));
#7213 = CARTESIAN_POINT('',(84.50000280292,-1.906249944692,
    -15.4017513988));
#7214 = CARTESIAN_POINT('',(83.972909712192,-1.878472185261,
    -15.29825686916));
#7215 = CARTESIAN_POINT('',(83.720974810282,-1.86458330787,
    -15.19476257349));
#7216 = CARTESIAN_POINT('',(83.492263545512,-1.850694419741,
    -15.04256089861));
#7217 = CARTESIAN_POINT('',(83.297436591343,-1.836805521894,
    -14.84773382582));
#7218 = CARTESIAN_POINT('',(83.1452362248,-1.822916625023,
    -14.61902355601));
#7219 = CARTESIAN_POINT('',(83.041743971252,-1.809027735611,
    -14.36709040707));
#7220 = CARTESIAN_POINT('',(82.938251762177,-1.78124996182,
    -13.83999998131));
#7221 = CARTESIAN_POINT('',(83.041744393231,-1.753472188028,
    -13.3129096384));
#7222 = CARTESIAN_POINT('',(83.145236638468,-1.739583298617,
    -13.06097662183));
#7223 = CARTESIAN_POINT('',(83.297435964241,-1.725694401745,
    -12.83226612745));
#7224 = CARTESIAN_POINT('',(83.492262402777,-1.711805503897,
    -12.63743818438));
#7225 = CARTESIAN_POINT('',(83.72097424606,-1.69791661577,
    -12.48523617293));
#7226 = CARTESIAN_POINT('',(83.97290958927,-1.684027738379,
    -12.38174306408));
#7227 = CARTESIAN_POINT('',(84.500002789659,-1.656249978946,
    -12.27825038137));
#7228 = CARTESIAN_POINT('',(85.027091643119,-1.628472193787,
    -12.38174422724));
#7229 = CARTESIAN_POINT('',(85.279022955787,-1.614583289714,
    -12.48523739912));
#7230 = CARTESIAN_POINT('',(85.507729204887,-1.600694378823,
    -12.63743679538));
#7231 = CARTESIAN_POINT('',(85.702559279415,-1.586805467997,
    -12.83226343767));
#7232 = CARTESIAN_POINT('',(85.854761826957,-1.572916621909,
    -13.06097660064));
#7233 = CARTESIAN_POINT('',(85.958263586309,-1.559027820199,
    -13.31291099702));
#7234 = CARTESIAN_POINT('',(86.010003877132,-1.545138846236,
    -13.57645500598));
#7235 = CARTESIAN_POINT('',(86.010004656527,-1.531249942727,
    -13.83999998248));
#7236 = CARTESIAN_POINT('',(85.632848980967,-2.249000700712,
    -13.84000001676));
#7237 = CARTESIAN_POINT('',(85.63285007259,-2.235112348358,
    -14.03773352377));
#7238 = CARTESIAN_POINT('',(85.594039851635,-2.22122658156,
    -14.23542723974));
#7239 = CARTESIAN_POINT('',(85.5163913871,-2.207334494416,
    -14.42444229408));
#7240 = CARTESIAN_POINT('',(85.402191413218,-2.193444032012,
    -14.59603423223));
#7241 = CARTESIAN_POINT('',(85.256023376822,-2.179555951149,
    -14.74219768848));
#7242 = CARTESIAN_POINT('',(85.084445485479,-2.165667867991,
    -14.85638325019));
#7243 = CARTESIAN_POINT('',(84.895440034618,-2.15177953688,
    -14.93402871246));
#7244 = CARTESIAN_POINT('',(84.500002827661,-2.124002030018,
    -15.01167373492));
#7245 = CARTESIAN_POINT('',(84.104560190832,-2.096223578911,
    -14.93402830993));
#7246 = CARTESIAN_POINT('',(83.915549935613,-2.082334268032,
    -14.8563829778));
#7247 = CARTESIAN_POINT('',(83.743965040509,-2.068445351216,
    -14.74219617494));
#7248 = CARTESIAN_POINT('',(83.597801455327,-2.054556791121,
    -14.5960325637));
#7249 = CARTESIAN_POINT('',(83.483616128117,-2.040668195197,
    -14.42444922717));
#7250 = CARTESIAN_POINT('',(83.405972634321,-2.026779325504,
    -14.23544097267));
#7251 = CARTESIAN_POINT('',(83.328329450057,-1.999001401422,
    -13.8399998938));
#7252 = CARTESIAN_POINT('',(83.40597328316,-1.97122347734,
    -13.44455894233));
#7253 = CARTESIAN_POINT('',(83.483616791,-1.957334607648,-13.25555088502
    ));
#7254 = CARTESIAN_POINT('',(83.597800674234,-1.943446011723,
    -13.08396724746));
#7255 = CARTESIAN_POINT('',(83.743963552354,-1.929557451627,
    -12.93780242913));
#7256 = CARTESIAN_POINT('',(83.915549278658,-1.915668534812,
    -12.82361517513));
#7257 = CARTESIAN_POINT('',(84.104560166642,-1.901779223934,
    -12.74597154204));
#7258 = CARTESIAN_POINT('',(84.500002968663,-1.874000772825,
    -12.66832877492));
#7259 = CARTESIAN_POINT('',(84.895440010426,-1.846223265964,
    -12.74597282217));
#7260 = CARTESIAN_POINT('',(85.084445469099,-1.832334934818,
    -12.82361526272));
#7261 = CARTESIAN_POINT('',(85.256025179843,-1.818446851775,
    -12.93780113922));
#7262 = CARTESIAN_POINT('',(85.402197569203,-1.804558770776,
    -13.08395627871));
#7263 = CARTESIAN_POINT('',(85.51639366153,-1.790668308416,
    -13.25556463301));
#7264 = CARTESIAN_POINT('',(85.594027918713,-1.776776221306,
    -13.44457329417));
#7265 = CARTESIAN_POINT('',(85.632850761267,-1.762890454488,
    -13.6422665841));
#7266 = CARTESIAN_POINT('',(85.632851839919,-1.749002102129,
    -13.84000009111));
#7267 = ADVANCED_FACE('',(#7268),#7314,.F.);
#7268 = FACE_BOUND('',#7269,.F.);
#7269 = EDGE_LOOP('',(#7270,#7306,#7307,#7308,#7309));
#7270 = ORIENTED_EDGE('',*,*,#7271,.F.);
#7271 = EDGE_CURVE('',#7012,#7272,#7274,.T.);
#7272 = VERTEX_POINT('',#7273);
#7273 = CARTESIAN_POINT('',(86.010004298682,-1.468749942728,
    -13.83999998418));
#7274 = B_SPLINE_CURVE_WITH_KNOTS('',9,(#7275,#7276,#7277,#7278,#7279,
    #7280,#7281,#7282,#7283,#7284,#7285,#7286,#7287,#7288,#7289,#7290,
    #7291,#7292,#7293,#7294,#7295,#7296,#7297,#7298,#7299,#7300,#7301,
    #7302,#7303,#7304,#7305),.UNSPECIFIED.,.F.,.F.,(10,7,7,7,10),(0.,
    1.57576206969,3.151524139379,4.727286209069,6.303048278758),
  .UNSPECIFIED.);
#7275 = CARTESIAN_POINT('',(86.010002509455,-1.968749980911,
    -13.83999998621));
#7276 = CARTESIAN_POINT('',(86.010003196866,-1.954861077405,
    -14.10354492108));
#7277 = CARTESIAN_POINT('',(85.958271357871,-1.940972103458,
    -14.36708917633));
#7278 = CARTESIAN_POINT('',(85.854760953805,-1.927083301691,
    -14.61902641531));
#7279 = CARTESIAN_POINT('',(85.702552976637,-1.913194455686,
    -14.84773356706));
#7280 = CARTESIAN_POINT('',(85.507729996608,-1.899305544788,
    -15.04255858241));
#7281 = CARTESIAN_POINT('',(85.279022130453,-1.885416633935,
    -15.19476273332));
#7282 = CARTESIAN_POINT('',(85.027091675767,-1.871527729852,
    -15.29825653076));
#7283 = CARTESIAN_POINT('',(84.500002802387,-1.843749944693,
    -15.40175104734));
#7284 = CARTESIAN_POINT('',(83.972909788466,-1.815972185262,
    -15.29825664278));
#7285 = CARTESIAN_POINT('',(83.720974900382,-1.80208330787,
    -15.19476243331));
#7286 = CARTESIAN_POINT('',(83.492263637693,-1.788194419742,
    -15.04256076272));
#7287 = CARTESIAN_POINT('',(83.297436744605,-1.774305521895,
    -14.84773366955));
#7288 = CARTESIAN_POINT('',(83.145236463294,-1.760416625024,
    -14.61902342268));
#7289 = CARTESIAN_POINT('',(83.041744226546,-1.746527735612,
    -14.36709032135));
#7290 = CARTESIAN_POINT('',(82.938252008916,-1.71874996182,
    -13.83999998375));
#7291 = CARTESIAN_POINT('',(83.041744598714,-1.690972188029,
    -13.31290971923));
#7292 = CARTESIAN_POINT('',(83.14523682805,-1.677083298617,
    -13.06097673465));
#7293 = CARTESIAN_POINT('',(83.297436190963,-1.663194401746,
    -12.8322662896));
#7294 = CARTESIAN_POINT('',(83.492262629018,-1.649305503898,
    -12.63743842847));
#7295 = CARTESIAN_POINT('',(83.720974402112,-1.63541661577,
    -12.48523646083));
#7296 = CARTESIAN_POINT('',(83.972909679545,-1.621527738379,
    -12.38174329847));
#7297 = CARTESIAN_POINT('',(84.500002790193,-1.593749978947,
    -12.27825052339));
#7298 = CARTESIAN_POINT('',(85.027091566845,-1.565972193788,
    -12.38174439577));
#7299 = CARTESIAN_POINT('',(85.279022814504,-1.552083289713,
    -12.4852376446));
#7300 = CARTESIAN_POINT('',(85.507729038274,-1.538194378828,
    -12.63743712535));
#7301 = CARTESIAN_POINT('',(85.702558773838,-1.524305467994,
    -12.8322639108));
#7302 = CARTESIAN_POINT('',(85.854761545688,-1.510416621913,
    -13.06097647408));
#7303 = CARTESIAN_POINT('',(85.958263855951,-1.496527820196,
    -13.31291106402));
#7304 = CARTESIAN_POINT('',(86.010003610918,-1.482638846236,
    -13.57645504931));
#7305 = CARTESIAN_POINT('',(86.010004298682,-1.468749942728,
    -13.83999998418));
#7306 = ORIENTED_EDGE('',*,*,#7120,.T.);
#7307 = ORIENTED_EDGE('',*,*,#3965,.T.);
#7308 = ORIENTED_EDGE('',*,*,#7171,.T.);
#7309 = ORIENTED_EDGE('',*,*,#7310,.F.);
#7310 = EDGE_CURVE('',#7272,#7172,#7311,.T.);
#7311 = B_SPLINE_CURVE_WITH_KNOTS('',1,(#7312,#7313),.UNSPECIFIED.,.F.,
  .F.,(2,2),(0.,6.25E-02),.PIECEWISE_BEZIER_KNOTS.);
#7312 = CARTESIAN_POINT('',(86.010004298682,-1.468749942728,
    -13.83999998418));
#7313 = CARTESIAN_POINT('',(86.010004656527,-1.531249942727,
    -13.83999998248));
#7314 = B_SPLINE_SURFACE_WITH_KNOTS('',1,11,(
    (#7315,#7316,#7317,#7318,#7319,#7320,#7321,#7322,#7323,#7324,#7325
      ,#7326,#7327,#7328,#7329,#7330,#7331,#7332,#7333,#7334,#7335)
    ,(#7336,#7337,#7338,#7339,#7340,#7341,#7342,#7343,#7344,#7345,#7346
      ,#7347,#7348,#7349,#7350,#7351,#7352,#7353,#7354,#7355,#7356
  )),.UNSPECIFIED.,.F.,.F.,.F.,(2,2),(12,9,12),(0.,6.25E-02),(0.,
    3.151524139379,6.303048278758),.UNSPECIFIED.);
#7315 = CARTESIAN_POINT('',(86.010002509455,-1.968749980911,
    -13.83999998621));
#7316 = CARTESIAN_POINT('',(86.010003634309,-1.946022684265,
    -14.27125533419));
#7317 = CARTESIAN_POINT('',(85.874559599118,-1.923295203191,
    -14.70250890277));
#7318 = CARTESIAN_POINT('',(85.603478531125,-1.900568535366,
    -15.08649449703));
#7319 = CARTESIAN_POINT('',(85.215712946476,-1.877840791856,
    -15.37580880709));
#7320 = CARTESIAN_POINT('',(84.748046123628,-1.855113306763,
    -15.53174304058));
#7321 = CARTESIAN_POINT('',(84.251959741891,-1.832386521195,
    -15.5316597626));
#7322 = CARTESIAN_POINT('',(83.784324349246,-1.80965903354,
    -15.37586489247));
#7323 = CARTESIAN_POINT('',(83.396439752287,-1.786931792166,
    -15.08647334742));
#7324 = CARTESIAN_POINT('',(83.125478871134,-1.764204500752,
    -14.70251145159));
#7325 = CARTESIAN_POINT('',(82.854517245911,-1.71874996182,
    -13.83999995419));
#7326 = CARTESIAN_POINT('',(83.125479480136,-1.673295422889,
    -12.97748864811));
#7327 = CARTESIAN_POINT('',(83.396442608657,-1.650568131501,
    -12.59352370999));
#7328 = CARTESIAN_POINT('',(83.784307122971,-1.627840889976,
    -12.30415282879));
#7329 = CARTESIAN_POINT('',(84.251982541204,-1.605113402722,
    -12.14828204252));
#7330 = CARTESIAN_POINT('',(84.748042807614,-1.582386616509,
    -12.14834682689));
#7331 = CARTESIAN_POINT('',(85.215682944493,-1.559659132091,
    -12.30412987648));
#7332 = CARTESIAN_POINT('',(85.603520633673,-1.536931388121,
    -12.59351945794));
#7333 = CARTESIAN_POINT('',(85.874539762779,-1.514204720483,
    -12.97749177442));
#7334 = CARTESIAN_POINT('',(86.010003173249,-1.491477239378,
    -13.40874463621));
#7335 = CARTESIAN_POINT('',(86.010004298682,-1.468749942728,
    -13.83999998418));
#7336 = CARTESIAN_POINT('',(86.010002628737,-2.031249980911,
    -13.83999998451));
#7337 = CARTESIAN_POINT('',(86.010003903533,-2.008522684264,
    -14.2712554006));
#7338 = CARTESIAN_POINT('',(85.874561138555,-1.985795203188,
    -14.70250908447));
#7339 = CARTESIAN_POINT('',(85.603475898369,-1.963068535365,
    -15.08649562446));
#7340 = CARTESIAN_POINT('',(85.215715059489,-1.940340791874,
    -15.37580496208));
#7341 = CARTESIAN_POINT('',(84.74804638349,-1.917613306731,
    -15.53174929913));
#7342 = CARTESIAN_POINT('',(84.251958182502,-1.894886521217,
    -15.5316561501));
#7343 = CARTESIAN_POINT('',(83.784325384307,-1.872159033531,
    -15.37586631644));
#7344 = CARTESIAN_POINT('',(83.396439387291,-1.849431792168,
    -15.08647334797));
#7345 = CARTESIAN_POINT('',(83.12547861322,-1.826704500751,
    -14.70251159426));
#7346 = CARTESIAN_POINT('',(82.854516985943,-1.78124996182,
    -13.83999994779));
#7347 = CARTESIAN_POINT('',(83.125479303731,-1.735795422888,
    -12.97748851825));
#7348 = CARTESIAN_POINT('',(83.396442624956,-1.713068131502,
    -12.5935233167));
#7349 = CARTESIAN_POINT('',(83.784305861745,-1.690340889967,
    -12.3041537674));
#7350 = CARTESIAN_POINT('',(84.251984022329,-1.667613402735,
    -12.14827789561));
#7351 = CARTESIAN_POINT('',(84.748042625945,-1.644886616491,
    -12.14835255077));
#7352 = CARTESIAN_POINT('',(85.215681057792,-1.622159132113,
    -12.30412554623));
#7353 = CARTESIAN_POINT('',(85.603523615036,-1.599431388101,
    -12.59352019156));
#7354 = CARTESIAN_POINT('',(85.874538657679,-1.57670472049,
    -12.97749168351));
#7355 = CARTESIAN_POINT('',(86.010003381153,-1.553977239378,
    -13.40874456638));
#7356 = CARTESIAN_POINT('',(86.010004656527,-1.531249942727,
    -13.83999998248));
#7357 = ADVANCED_FACE('',(#7358),#7403,.F.);
#7358 = FACE_BOUND('',#7359,.F.);
#7359 = EDGE_LOOP('',(#7360,#7361,#7362,#7398));
#7360 = ORIENTED_EDGE('',*,*,#4963,.F.);
#7361 = ORIENTED_EDGE('',*,*,#4101,.F.);
#7362 = ORIENTED_EDGE('',*,*,#7363,.T.);
#7363 = EDGE_CURVE('',#4089,#7364,#7366,.T.);
#7364 = VERTEX_POINT('',#7365);
#7365 = CARTESIAN_POINT('',(86.010002509455,-1.968749980911,
    6.480000013786));
#7366 = B_SPLINE_CURVE_WITH_KNOTS('',9,(#7367,#7368,#7369,#7370,#7371,
    #7372,#7373,#7374,#7375,#7376,#7377,#7378,#7379,#7380,#7381,#7382,
    #7383,#7384,#7385,#7386,#7387,#7388,#7389,#7390,#7391,#7392,#7393,
    #7394,#7395,#7396,#7397),.UNSPECIFIED.,.F.,.F.,(10,7,7,7,10),(0.,
    1.57576206969,3.151524139379,4.727286209069,6.303048278758),
  .UNSPECIFIED.);
#7367 = CARTESIAN_POINT('',(86.010000720228,-2.468750019087,
    6.480000011761));
#7368 = CARTESIAN_POINT('',(86.010001407285,-2.454861115584,
    6.216455389097));
#7369 = CARTESIAN_POINT('',(85.958269629226,-2.440972141652,
    5.952911446319));
#7370 = CARTESIAN_POINT('',(85.854759347524,-2.427083339869,
    5.700974505989));
#7371 = CARTESIAN_POINT('',(85.702551550366,-2.413194493856,
    5.472267625392));
#7372 = CARTESIAN_POINT('',(85.507728800891,-2.399305582963,
    5.277442841152));
#7373 = CARTESIAN_POINT('',(85.279021205558,-2.385416672113,
    5.125238870919));
#7374 = CARTESIAN_POINT('',(85.027091049251,-2.371527768034,
    5.021745196443));
#7375 = CARTESIAN_POINT('',(84.500002800292,-2.343749982876,
    4.918250803198));
#7376 = CARTESIAN_POINT('',(83.972910411064,-2.315972223441,
    5.021745085837));
#7377 = CARTESIAN_POINT('',(83.720975821636,-2.302083346047,
    5.125239173012));
#7378 = CARTESIAN_POINT('',(83.492264830159,-2.288194457919,
    5.277440663567));
#7379 = CARTESIAN_POINT('',(83.297438168194,-2.274305560074,
    5.472267526136));
#7380 = CARTESIAN_POINT('',(83.145238067535,-2.260416663204,
    5.700977502197));
#7381 = CARTESIAN_POINT('',(83.041745953752,-2.246527773792,
    5.952910305147));
#7382 = CARTESIAN_POINT('',(82.938253859457,-2.21875,6.480000018338));
#7383 = CARTESIAN_POINT('',(83.041746327334,-2.190972226208,
    7.007089658178));
#7384 = CARTESIAN_POINT('',(83.145238434381,-2.177083336796,
    7.259022344092));
#7385 = CARTESIAN_POINT('',(83.297437617255,-2.163194439926,
    7.487732517929));
#7386 = CARTESIAN_POINT('',(83.49226382471,-2.14930554208,7.682560147938
    ));
#7387 = CARTESIAN_POINT('',(83.720975327,-2.135416653952,7.83476193493)
  );
#7388 = CARTESIAN_POINT('',(83.972910306055,-2.121527776559,
    7.938254974316));
#7389 = CARTESIAN_POINT('',(84.500002792288,-2.093750017123,
    8.041747626058));
#7390 = CARTESIAN_POINT('',(85.027090944242,-2.065972231966,
    7.938253875612));
#7391 = CARTESIAN_POINT('',(85.279021893239,-2.052083327894,
    7.834760749075));
#7392 = CARTESIAN_POINT('',(85.507727845795,-2.038194417012,
    7.682561448357));
#7393 = CARTESIAN_POINT('',(85.702557350259,-2.024305506183,
    7.487734893538));
#7394 = CARTESIAN_POINT('',(85.854759941502,-2.010416660094,
    7.259022600973));
#7395 = CARTESIAN_POINT('',(85.958262128721,-1.996527858362,
    7.00708830941));
#7396 = CARTESIAN_POINT('',(86.010001822044,-1.982638884417,
    6.74354463645));
#7397 = CARTESIAN_POINT('',(86.010002509455,-1.968749980911,
    6.480000013786));
#7398 = ORIENTED_EDGE('',*,*,#7399,.F.);
#7399 = EDGE_CURVE('',#4927,#7364,#7400,.T.);
#7400 = B_SPLINE_CURVE_WITH_KNOTS('',1,(#7401,#7402),.UNSPECIFIED.,.F.,
  .F.,(2,2),(0.,0.4355),.PIECEWISE_BEZIER_KNOTS.);
#7401 = CARTESIAN_POINT('',(85.63284803053,-1.751000700713,
    6.479999969666));
#7402 = CARTESIAN_POINT('',(86.010002509455,-1.968749980911,
    6.480000013786));
#7403 = B_SPLINE_SURFACE_WITH_KNOTS('',1,9,(
    (#7404,#7405,#7406,#7407,#7408,#7409,#7410,#7411,#7412,#7413,#7414
      ,#7415,#7416,#7417,#7418,#7419,#7420,#7421,#7422,#7423,#7424,#7425
      ,#7426,#7427,#7428,#7429,#7430,#7431,#7432,#7433,#7434)
    ,(#7435,#7436,#7437,#7438,#7439,#7440,#7441,#7442,#7443,#7444,#7445
      ,#7446,#7447,#7448,#7449,#7450,#7451,#7452,#7453,#7454,#7455,#7456
      ,#7457,#7458,#7459,#7460,#7461,#7462,#7463,#7464,#7465
  )),.UNSPECIFIED.,.F.,.F.,.F.,(2,2),(10,7,7,7,10),(0.,0.4355),(0.,
    1.57576206969,3.151524139379,4.727286209069,6.303048278758),
  .UNSPECIFIED.);
#7404 = CARTESIAN_POINT('',(85.632847072458,-2.250999299286,
    6.480000044014));
#7405 = CARTESIAN_POINT('',(85.632847446935,-2.237110946934,
    6.28226703588));
#7406 = CARTESIAN_POINT('',(85.594033132293,-2.223225180154,
    6.084573959856));
#7407 = CARTESIAN_POINT('',(85.516389560344,-2.209333093003,
    5.895560783014));
#7408 = CARTESIAN_POINT('',(85.402191278666,-2.195442630575,
    5.723966400512));
#7409 = CARTESIAN_POINT('',(85.256022008909,-2.181554549712,
    5.577802355738));
#7410 = CARTESIAN_POINT('',(85.084444058205,-2.167666466571,
    5.463619556464));
#7411 = CARTESIAN_POINT('',(84.895439052672,-2.153778135461,
    5.385974567383));
#7412 = CARTESIAN_POINT('',(84.500002900306,-2.126000628601,
    5.308330056385));
#7413 = CARTESIAN_POINT('',(84.104561204807,-2.098222177488,
    5.385974393136));
#7414 = CARTESIAN_POINT('',(83.915551214511,-2.084332866606,
    5.463618960329));
#7415 = CARTESIAN_POINT('',(83.743966473605,-2.07044394979,
    5.577805621226));
#7416 = CARTESIAN_POINT('',(83.597803489152,-2.056555389697,
    5.723969261659));
#7417 = CARTESIAN_POINT('',(83.483618926377,-2.042666793776,
    5.895552262711));
#7418 = CARTESIAN_POINT('',(83.405975619698,-2.028777924083,
    6.084559972956));
#7419 = CARTESIAN_POINT('',(83.328332406978,-2.001,6.480000009819));
#7420 = CARTESIAN_POINT('',(83.405975819738,-1.973222075917,
    6.875440007405));
#7421 = CARTESIAN_POINT('',(83.48361912281,-1.959333206225,
    7.064447654981));
#7422 = CARTESIAN_POINT('',(83.597803194142,-1.945444610302,
    7.236030761936));
#7423 = CARTESIAN_POINT('',(83.743965935221,-1.931556050209,
    7.382194813308));
#7424 = CARTESIAN_POINT('',(83.91555094965,-1.917667133394,
    7.496381632937));
#7425 = CARTESIAN_POINT('',(84.104561148578,-1.903777822512,
    7.574025639074));
#7426 = CARTESIAN_POINT('',(84.50000289602,-1.875999371398,
    7.651669102534));
#7427 = CARTESIAN_POINT('',(84.895438996443,-1.848221864539,
    7.574024935733));
#7428 = CARTESIAN_POINT('',(85.084443782367,-1.834333533387,
    7.496381960077));
#7429 = CARTESIAN_POINT('',(85.256023153664,-1.820445450391,
    7.382195518238));
#7430 = CARTESIAN_POINT('',(85.402192728138,-1.806557369329,
    7.236039371205));
#7431 = CARTESIAN_POINT('',(85.516390522469,-1.792666907022,
    7.064435947838));
#7432 = CARTESIAN_POINT('',(85.594029116022,-1.778774819854,
    6.875425909344));
#7433 = CARTESIAN_POINT('',(85.632847669024,-1.764889053067,
    6.677732977799));
#7434 = CARTESIAN_POINT('',(85.63284803053,-1.751000700713,
    6.479999969666));
#7435 = CARTESIAN_POINT('',(86.010000720228,-2.468750019087,
    6.480000011761));
#7436 = CARTESIAN_POINT('',(86.010001407285,-2.454861115584,
    6.216455389097));
#7437 = CARTESIAN_POINT('',(85.958269629226,-2.440972141652,
    5.952911446319));
#7438 = CARTESIAN_POINT('',(85.854759347524,-2.427083339869,
    5.700974505989));
#7439 = CARTESIAN_POINT('',(85.702551550366,-2.413194493856,
    5.472267625392));
#7440 = CARTESIAN_POINT('',(85.507728800891,-2.399305582963,
    5.277442841152));
#7441 = CARTESIAN_POINT('',(85.279021205558,-2.385416672113,
    5.125238870919));
#7442 = CARTESIAN_POINT('',(85.027091049251,-2.371527768034,
    5.021745196443));
#7443 = CARTESIAN_POINT('',(84.500002800292,-2.343749982876,
    4.918250803198));
#7444 = CARTESIAN_POINT('',(83.972910411064,-2.315972223441,
    5.021745085837));
#7445 = CARTESIAN_POINT('',(83.720975821636,-2.302083346047,
    5.125239173012));
#7446 = CARTESIAN_POINT('',(83.492264830159,-2.288194457919,
    5.277440663567));
#7447 = CARTESIAN_POINT('',(83.297438168194,-2.274305560074,
    5.472267526136));
#7448 = CARTESIAN_POINT('',(83.145238067535,-2.260416663204,
    5.700977502197));
#7449 = CARTESIAN_POINT('',(83.041745953752,-2.246527773792,
    5.952910305147));
#7450 = CARTESIAN_POINT('',(82.938253859457,-2.21875,6.480000018338));
#7451 = CARTESIAN_POINT('',(83.041746327334,-2.190972226208,
    7.007089658178));
#7452 = CARTESIAN_POINT('',(83.145238434381,-2.177083336796,
    7.259022344092));
#7453 = CARTESIAN_POINT('',(83.297437617255,-2.163194439926,
    7.487732517929));
#7454 = CARTESIAN_POINT('',(83.49226382471,-2.14930554208,7.682560147938
    ));
#7455 = CARTESIAN_POINT('',(83.720975327,-2.135416653952,7.83476193493)
  );
#7456 = CARTESIAN_POINT('',(83.972910306055,-2.121527776559,
    7.938254974316));
#7457 = CARTESIAN_POINT('',(84.500002792288,-2.093750017123,
    8.041747626058));
#7458 = CARTESIAN_POINT('',(85.027090944242,-2.065972231966,
    7.938253875612));
#7459 = CARTESIAN_POINT('',(85.279021893239,-2.052083327894,
    7.834760749075));
#7460 = CARTESIAN_POINT('',(85.507727845795,-2.038194417012,
    7.682561448357));
#7461 = CARTESIAN_POINT('',(85.702557350259,-2.024305506183,
    7.487734893538));
#7462 = CARTESIAN_POINT('',(85.854759941502,-2.010416660094,
    7.259022600973));
#7463 = CARTESIAN_POINT('',(85.958262128721,-1.996527858362,
    7.00708830941));
#7464 = CARTESIAN_POINT('',(86.010001822044,-1.982638884417,
    6.74354463645));
#7465 = CARTESIAN_POINT('',(86.010002509455,-1.968749980911,
    6.480000013786));
#7466 = ADVANCED_FACE('',(#7467),#7476,.F.);
#7467 = FACE_BOUND('',#7468,.F.);
#7468 = EDGE_LOOP('',(#7469,#7470,#7471));
#7469 = ORIENTED_EDGE('',*,*,#7363,.F.);
#7470 = ORIENTED_EDGE('',*,*,#4088,.F.);
#7471 = ORIENTED_EDGE('',*,*,#7472,.F.);
#7472 = EDGE_CURVE('',#7364,#4076,#7473,.T.);
#7473 = B_SPLINE_CURVE_WITH_KNOTS('',1,(#7474,#7475),.UNSPECIFIED.,.F.,
  .F.,(2,2),(0.,6.25E-02),.PIECEWISE_BEZIER_KNOTS.);
#7474 = CARTESIAN_POINT('',(86.010002509455,-1.968749980911,
    6.480000013786));
#7475 = CARTESIAN_POINT('',(86.010002628737,-2.031249980911,
    6.480000015489));
#7476 = B_SPLINE_SURFACE_WITH_KNOTS('',1,11,(
    (#7477,#7478,#7479,#7480,#7481,#7482,#7483,#7484,#7485,#7486,#7487
      ,#7488,#7489,#7490,#7491,#7492,#7493,#7494,#7495,#7496,#7497)
    ,(#7498,#7499,#7500,#7501,#7502,#7503,#7504,#7505,#7506,#7507,#7508
      ,#7509,#7510,#7511,#7512,#7513,#7514,#7515,#7516,#7517,#7518
  )),.UNSPECIFIED.,.F.,.F.,.F.,(2,2),(12,9,12),(0.,6.25E-02),(0.,
    3.151524139379,6.303048278758),.UNSPECIFIED.);
#7477 = CARTESIAN_POINT('',(86.010000720228,-2.468750019087,
    6.480000011761));
#7478 = CARTESIAN_POINT('',(86.010001844504,-2.446022722445,
    6.048745174675));
#7479 = CARTESIAN_POINT('',(85.874557969202,-2.423295241409,
    5.617492117651));
#7480 = CARTESIAN_POINT('',(85.603477222176,-2.400568573476,
    5.233506978289));
#7481 = CARTESIAN_POINT('',(85.215712095749,-2.37784083005,
    4.944193011617));
#7482 = CARTESIAN_POINT('',(84.748045828136,-2.355113344995,
    4.788258964066));
#7483 = CARTESIAN_POINT('',(84.251960033116,-2.33238655934,
    4.788342241763));
#7484 = CARTESIAN_POINT('',(83.784325195306,-2.309659071723,
    4.944136928611));
#7485 = CARTESIAN_POINT('',(83.396441058235,-2.286931830344,
    5.23352813097));
#7486 = CARTESIAN_POINT('',(83.125480498673,-2.264204538933,
    5.617489572235));
#7487 = CARTESIAN_POINT('',(82.854519195669,-2.21875,6.480000048012));
#7488 = CARTESIAN_POINT('',(83.125481109989,-2.173295461067,
    7.342510331741));
#7489 = CARTESIAN_POINT('',(83.396443917949,-2.150568169683,
    7.726474814574));
#7490 = CARTESIAN_POINT('',(83.78430797315,-2.127840928152,
    8.015845352041));
#7491 = CARTESIAN_POINT('',(84.251982836969,-2.105113440937,
    8.171715953775));
#7492 = CARTESIAN_POINT('',(84.74804251666,-2.082386654637,
    8.171651167782));
#7493 = CARTESIAN_POINT('',(85.215682097885,-2.059659170257,
    8.015868302884));
#7494 = CARTESIAN_POINT('',(85.603519328071,-2.036931426371,
    7.726479063775));
#7495 = CARTESIAN_POINT('',(85.874538135176,-2.014204758625,
    7.34250720146));
#7496 = CARTESIAN_POINT('',(86.010001384601,-1.991477277557,
    6.911254850872));
#7497 = CARTESIAN_POINT('',(86.010002509455,-1.968749980911,
    6.480000013786));
#7498 = CARTESIAN_POINT('',(86.010000600946,-2.531250019087,
    6.480000013464));
#7499 = CARTESIAN_POINT('',(86.010001875164,-2.508522722446,
    6.048745176378));
#7500 = CARTESIAN_POINT('',(85.87455929147,-2.485795241411,
    5.617492072259));
#7501 = CARTESIAN_POINT('',(85.603474415116,-2.463068573466,
    5.23350604776));
#7502 = CARTESIAN_POINT('',(85.215714095607,-2.44034083007,
    4.944197099251));
#7503 = CARTESIAN_POINT('',(84.748046048901,-2.41761334497,
    4.788252972856));
#7504 = CARTESIAN_POINT('',(84.251958512859,-2.394886559358,
    4.788346121466));
#7505 = CARTESIAN_POINT('',(83.78432634345,-2.372159071715,
    4.944135747321));
#7506 = CARTESIAN_POINT('',(83.396440867587,-2.349431830345,
    5.23352832734));
#7507 = CARTESIAN_POINT('',(83.125480457919,-2.326704538933,
    5.617489565834));
#7508 = CARTESIAN_POINT('',(82.854519195669,-2.28125,6.480000054413));
#7509 = CARTESIAN_POINT('',(83.125481150743,-2.235795461067,
    7.342510325339));
#7510 = CARTESIAN_POINT('',(83.396444108597,-2.213068169685,
    7.726475010944));
#7511 = CARTESIAN_POINT('',(83.784306825007,-2.190340928144,
    8.015844170751));
#7512 = CARTESIAN_POINT('',(84.251984357225,-2.167613440955,
    8.171719833478));
#7513 = CARTESIAN_POINT('',(84.748042295895,-2.144886654613,
    8.171645176571));
#7514 = CARTESIAN_POINT('',(85.215680098027,-2.122159170277,
    8.015872390518));
#7515 = CARTESIAN_POINT('',(85.603522135131,-2.099431426361,
    7.726478133245));
#7516 = CARTESIAN_POINT('',(85.874536812907,-2.076704758627,
    7.342507156068));
#7517 = CARTESIAN_POINT('',(86.010001353941,-2.053977277557,
    6.911254852575));
#7518 = CARTESIAN_POINT('',(86.010002628737,-2.031249980911,
    6.480000015489));
#7519 = ADVANCED_FACE('',(#7520),#7556,.F.);
#7520 = FACE_BOUND('',#7521,.F.);
#7521 = EDGE_LOOP('',(#7522,#7548,#7549,#7550,#7551));
#7522 = ORIENTED_EDGE('',*,*,#7523,.F.);
#7523 = EDGE_CURVE('',#4044,#7524,#7526,.T.);
#7524 = VERTEX_POINT('',#7525);
#7525 = CARTESIAN_POINT('',(86.010004656527,-1.531249942727,
    6.480000017515));
#7526 = B_SPLINE_CURVE_WITH_KNOTS('',11,(#7527,#7528,#7529,#7530,#7531,
    #7532,#7533,#7534,#7535,#7536,#7537,#7538,#7539,#7540,#7541,#7542,
    #7543,#7544,#7545,#7546,#7547),.UNSPECIFIED.,.F.,.F.,(12,9,12),(0.,
    3.151524139379,6.303048278758),.UNSPECIFIED.);
#7527 = CARTESIAN_POINT('',(86.010002628737,-2.031249980911,
    6.480000015489));
#7528 = CARTESIAN_POINT('',(86.010003903533,-2.008522684264,
    6.048744599393));
#7529 = CARTESIAN_POINT('',(85.874561138555,-1.985795203188,
    5.617490915529));
#7530 = CARTESIAN_POINT('',(85.603475898369,-1.963068535365,
    5.233504375532));
#7531 = CARTESIAN_POINT('',(85.215715059489,-1.940340791874,
    4.944195037918));
#7532 = CARTESIAN_POINT('',(84.74804638349,-1.917613306731,
    4.788250700868));
#7533 = CARTESIAN_POINT('',(84.251958182502,-1.894886521217,
    4.788343849892));
#7534 = CARTESIAN_POINT('',(83.784325384307,-1.872159033531,
    4.944133683556));
#7535 = CARTESIAN_POINT('',(83.396439387291,-1.849431792168,
    5.233526652024));
#7536 = CARTESIAN_POINT('',(83.12547861322,-1.826704500751,
    5.617488405736));
#7537 = CARTESIAN_POINT('',(82.854516985943,-1.78124996182,
    6.480000052206));
#7538 = CARTESIAN_POINT('',(83.125479303731,-1.735795422888,
    7.34251148175));
#7539 = CARTESIAN_POINT('',(83.396442624956,-1.713068131502,
    7.726476683299));
#7540 = CARTESIAN_POINT('',(83.784305861745,-1.690340889967,
    8.015846232596));
#7541 = CARTESIAN_POINT('',(84.251984022329,-1.667613402735,
    8.171722104384));
#7542 = CARTESIAN_POINT('',(84.748042625945,-1.644886616491,
    8.171647449228));
#7543 = CARTESIAN_POINT('',(85.215681057792,-1.622159132113,
    8.015874453768));
#7544 = CARTESIAN_POINT('',(85.603523615036,-1.599431388101,
    7.726479808433));
#7545 = CARTESIAN_POINT('',(85.874538657679,-1.57670472049,
    7.342508316486));
#7546 = CARTESIAN_POINT('',(86.010003381153,-1.553977239378,
    6.911255433612));
#7547 = CARTESIAN_POINT('',(86.010004656527,-1.531249942727,
    6.480000017515));
#7548 = ORIENTED_EDGE('',*,*,#4043,.F.);
#7549 = ORIENTED_EDGE('',*,*,#4390,.T.);
#7550 = ORIENTED_EDGE('',*,*,#4407,.T.);
#7551 = ORIENTED_EDGE('',*,*,#7552,.F.);
#7552 = EDGE_CURVE('',#7524,#4408,#7553,.T.);
#7553 = B_SPLINE_CURVE_WITH_KNOTS('',1,(#7554,#7555),.UNSPECIFIED.,.F.,
  .F.,(2,2),(0.,0.4355),.PIECEWISE_BEZIER_KNOTS.);
#7554 = CARTESIAN_POINT('',(86.010004656527,-1.531249942727,
    6.480000017515));
#7555 = CARTESIAN_POINT('',(85.632851839919,-1.749002102129,
    6.479999908889));
#7556 = B_SPLINE_SURFACE_WITH_KNOTS('',1,9,(
    (#7557,#7558,#7559,#7560,#7561,#7562,#7563,#7564,#7565,#7566,#7567
      ,#7568,#7569,#7570,#7571,#7572,#7573,#7574,#7575,#7576,#7577,#7578
      ,#7579,#7580,#7581,#7582,#7583,#7584,#7585,#7586,#7587)
    ,(#7588,#7589,#7590,#7591,#7592,#7593,#7594,#7595,#7596,#7597,#7598
      ,#7599,#7600,#7601,#7602,#7603,#7604,#7605,#7606,#7607,#7608,#7609
      ,#7610,#7611,#7612,#7613,#7614,#7615,#7616,#7617,#7618
  )),.UNSPECIFIED.,.F.,.F.,.F.,(2,2),(10,7,7,7,10),(0.,0.4355),(0.,
    1.57576206969,3.151524139379,4.727286209069,6.303048278758),
  .UNSPECIFIED.);
#7557 = CARTESIAN_POINT('',(86.010002628737,-2.031249980911,
    6.480000015489));
#7558 = CARTESIAN_POINT('',(86.010003407779,-2.017361077405,
    6.216455038986));
#7559 = CARTESIAN_POINT('',(85.958272088296,-2.003472103456,
    5.952910724099));
#7560 = CARTESIAN_POINT('',(85.854761080005,-1.989583301689,
    5.700973268913));
#7561 = CARTESIAN_POINT('',(85.702552903994,-1.975694455686,
    5.472266441202));
#7562 = CARTESIAN_POINT('',(85.507730095468,-1.961805544789,
    5.27744151402));
#7563 = CARTESIAN_POINT('',(85.279022255917,-1.947916633934,
    5.12523702713));
#7564 = CARTESIAN_POINT('',(85.027091766042,-1.934027729852,
    5.021743176988));
#7565 = CARTESIAN_POINT('',(84.50000280292,-1.906249944692,4.9182486012)
  );
#7566 = CARTESIAN_POINT('',(83.972909712192,-1.878472185261,
    5.02174313084));
#7567 = CARTESIAN_POINT('',(83.720974810282,-1.86458330787,5.12523742651
    ));
#7568 = CARTESIAN_POINT('',(83.492263545512,-1.850694419741,
    5.277439101385));
#7569 = CARTESIAN_POINT('',(83.297436591343,-1.836805521894,
    5.472266174171));
#7570 = CARTESIAN_POINT('',(83.1452362248,-1.822916625023,5.70097644399)
  );
#7571 = CARTESIAN_POINT('',(83.041743971252,-1.809027735611,
    5.952909592923));
#7572 = CARTESIAN_POINT('',(82.938251762177,-1.78124996182,
    6.480000018688));
#7573 = CARTESIAN_POINT('',(83.041744393231,-1.753472188028,
    7.007090361599));
#7574 = CARTESIAN_POINT('',(83.145236638468,-1.739583298617,
    7.25902337817));
#7575 = CARTESIAN_POINT('',(83.297435964241,-1.725694401745,
    7.487733872542));
#7576 = CARTESIAN_POINT('',(83.492262402777,-1.711805503897,
    7.682561815617));
#7577 = CARTESIAN_POINT('',(83.72097424606,-1.69791661577,7.834763827067
    ));
#7578 = CARTESIAN_POINT('',(83.97290958927,-1.684027738379,
    7.938256935919));
#7579 = CARTESIAN_POINT('',(84.500002789659,-1.656249978946,
    8.041749618624));
#7580 = CARTESIAN_POINT('',(85.027091643119,-1.628472193787,
    7.938255772755));
#7581 = CARTESIAN_POINT('',(85.279022955787,-1.614583289714,
    7.834762600875));
#7582 = CARTESIAN_POINT('',(85.507729204887,-1.600694378823,
    7.682563204612));
#7583 = CARTESIAN_POINT('',(85.702559279415,-1.586805467997,
    7.487736562326));
#7584 = CARTESIAN_POINT('',(85.854761826957,-1.572916621909,
    7.259023399356));
#7585 = CARTESIAN_POINT('',(85.958263586309,-1.559027820199,
    7.007089002972));
#7586 = CARTESIAN_POINT('',(86.010003877132,-1.545138846236,
    6.743544994019));
#7587 = CARTESIAN_POINT('',(86.010004656527,-1.531249942727,
    6.480000017515));
#7588 = CARTESIAN_POINT('',(85.632848980967,-2.249000700712,
    6.479999983236));
#7589 = CARTESIAN_POINT('',(85.63285007259,-2.235112348358,
    6.282266476229));
#7590 = CARTESIAN_POINT('',(85.594039851635,-2.22122658156,
    6.084572760254));
#7591 = CARTESIAN_POINT('',(85.5163913871,-2.207334494416,5.895557705915
    ));
#7592 = CARTESIAN_POINT('',(85.402191413218,-2.193444032012,
    5.72396576777));
#7593 = CARTESIAN_POINT('',(85.256023376822,-2.179555951149,
    5.577802311512));
#7594 = CARTESIAN_POINT('',(85.084445485479,-2.165667867991,
    5.463616749802));
#7595 = CARTESIAN_POINT('',(84.895440034618,-2.15177953688,
    5.385971287531));
#7596 = CARTESIAN_POINT('',(84.500002827661,-2.124002030017,
    5.30832626508));
#7597 = CARTESIAN_POINT('',(84.104560190832,-2.096223578911,
    5.385971690066));
#7598 = CARTESIAN_POINT('',(83.915549935613,-2.082334268032,
    5.463617022196));
#7599 = CARTESIAN_POINT('',(83.743965040509,-2.068445351216,
    5.577803825052));
#7600 = CARTESIAN_POINT('',(83.597801455327,-2.054556791121,
    5.723967436296));
#7601 = CARTESIAN_POINT('',(83.483616128117,-2.040668195197,
    5.895550772825));
#7602 = CARTESIAN_POINT('',(83.405972634321,-2.026779325504,
    6.084559027327));
#7603 = CARTESIAN_POINT('',(83.328329450057,-1.999001401422,
    6.480000106197));
#7604 = CARTESIAN_POINT('',(83.40597328316,-1.97122347734,6.87544105767)
  );
#7605 = CARTESIAN_POINT('',(83.483616791,-1.957334607648,7.064449114973)
  );
#7606 = CARTESIAN_POINT('',(83.597800674234,-1.943446011723,
    7.236032752533));
#7607 = CARTESIAN_POINT('',(83.743963552354,-1.929557451627,
    7.382197570864));
#7608 = CARTESIAN_POINT('',(83.915549278658,-1.915668534812,
    7.496384824864));
#7609 = CARTESIAN_POINT('',(84.104560166642,-1.901779223934,
    7.574028457955));
#7610 = CARTESIAN_POINT('',(84.500002968663,-1.874000772825,
    7.651671225076));
#7611 = CARTESIAN_POINT('',(84.895440010426,-1.846223265964,
    7.574027177829));
#7612 = CARTESIAN_POINT('',(85.084445469099,-1.832334934818,
    7.496384737276));
#7613 = CARTESIAN_POINT('',(85.256025179843,-1.818446851775,
    7.382198860774));
#7614 = CARTESIAN_POINT('',(85.402197569203,-1.804558770776,
    7.236043721285));
#7615 = CARTESIAN_POINT('',(85.51639366153,-1.790668308416,
    7.064435366989));
#7616 = CARTESIAN_POINT('',(85.594027918713,-1.776776221306,
    6.875426705829));
#7617 = CARTESIAN_POINT('',(85.632850761267,-1.762890454488,
    6.677733415896));
#7618 = CARTESIAN_POINT('',(85.632851839919,-1.749002102129,
    6.479999908889));
#7619 = ADVANCED_FACE('',(#7620),#7666,.F.);
#7620 = FACE_BOUND('',#7621,.F.);
#7621 = EDGE_LOOP('',(#7622,#7658,#7659,#7660,#7661));
#7622 = ORIENTED_EDGE('',*,*,#7623,.F.);
#7623 = EDGE_CURVE('',#7364,#7624,#7626,.T.);
#7624 = VERTEX_POINT('',#7625);
#7625 = CARTESIAN_POINT('',(86.010004298682,-1.468749942728,
    6.480000015812));
#7626 = B_SPLINE_CURVE_WITH_KNOTS('',9,(#7627,#7628,#7629,#7630,#7631,
    #7632,#7633,#7634,#7635,#7636,#7637,#7638,#7639,#7640,#7641,#7642,
    #7643,#7644,#7645,#7646,#7647,#7648,#7649,#7650,#7651,#7652,#7653,
    #7654,#7655,#7656,#7657),.UNSPECIFIED.,.F.,.F.,(10,7,7,7,10),(0.,
    1.57576206969,3.151524139379,4.727286209069,6.303048278758),
  .UNSPECIFIED.);
#7627 = CARTESIAN_POINT('',(86.010002509455,-1.968749980911,
    6.480000013786));
#7628 = CARTESIAN_POINT('',(86.010003196866,-1.954861077405,
    6.216455078911));
#7629 = CARTESIAN_POINT('',(85.958271357871,-1.940972103458,
    5.952910823665));
#7630 = CARTESIAN_POINT('',(85.854760953805,-1.927083301691,
    5.700973584688));
#7631 = CARTESIAN_POINT('',(85.702552976637,-1.913194455686,
    5.472266432937));
#7632 = CARTESIAN_POINT('',(85.507729996608,-1.899305544788,
    5.277441417586));
#7633 = CARTESIAN_POINT('',(85.279022130453,-1.885416633935,
    5.125237266679));
#7634 = CARTESIAN_POINT('',(85.027091675767,-1.871527729852,
    5.021743469239));
#7635 = CARTESIAN_POINT('',(84.500002802387,-1.843749944693,
    4.918248952655));
#7636 = CARTESIAN_POINT('',(83.972909788466,-1.815972185262,
    5.021743357218));
#7637 = CARTESIAN_POINT('',(83.720974900382,-1.80208330787,
    5.125237566685));
#7638 = CARTESIAN_POINT('',(83.492263637693,-1.788194419742,
    5.277439237277));
#7639 = CARTESIAN_POINT('',(83.297436744605,-1.774305521895,
    5.472266330444));
#7640 = CARTESIAN_POINT('',(83.145236463294,-1.760416625024,
    5.700976577313));
#7641 = CARTESIAN_POINT('',(83.041744226546,-1.746527735612,
    5.952909678642));
#7642 = CARTESIAN_POINT('',(82.938252008916,-1.71874996182,
    6.480000016243));
#7643 = CARTESIAN_POINT('',(83.041744598714,-1.690972188029,
    7.00709028077));
#7644 = CARTESIAN_POINT('',(83.14523682805,-1.677083298617,
    7.259023265342));
#7645 = CARTESIAN_POINT('',(83.297436190963,-1.663194401746,
    7.487733710394));
#7646 = CARTESIAN_POINT('',(83.492262629018,-1.649305503898,
    7.682561571525));
#7647 = CARTESIAN_POINT('',(83.720974402112,-1.63541661577,
    7.834763539167));
#7648 = CARTESIAN_POINT('',(83.972909679545,-1.621527738379,
    7.938256701521));
#7649 = CARTESIAN_POINT('',(84.500002790193,-1.593749978947,
    8.041749476601));
#7650 = CARTESIAN_POINT('',(85.027091566845,-1.565972193788,
    7.93825560423));
#7651 = CARTESIAN_POINT('',(85.279022814504,-1.552083289713,
    7.834762355395));
#7652 = CARTESIAN_POINT('',(85.507729038274,-1.538194378828,
    7.682562874649));
#7653 = CARTESIAN_POINT('',(85.702558773838,-1.524305467994,
    7.487736089195));
#7654 = CARTESIAN_POINT('',(85.854761545688,-1.510416621913,
    7.259023525918));
#7655 = CARTESIAN_POINT('',(85.958263855951,-1.496527820196,
    7.007088935975));
#7656 = CARTESIAN_POINT('',(86.010003610918,-1.482638846236,
    6.743544950687));
#7657 = CARTESIAN_POINT('',(86.010004298682,-1.468749942728,
    6.480000015812));
#7658 = ORIENTED_EDGE('',*,*,#7472,.T.);
#7659 = ORIENTED_EDGE('',*,*,#4075,.T.);
#7660 = ORIENTED_EDGE('',*,*,#7523,.T.);
#7661 = ORIENTED_EDGE('',*,*,#7662,.F.);
#7662 = EDGE_CURVE('',#7624,#7524,#7663,.T.);
#7663 = B_SPLINE_CURVE_WITH_KNOTS('',1,(#7664,#7665),.UNSPECIFIED.,.F.,
  .F.,(2,2),(0.,6.25E-02),.PIECEWISE_BEZIER_KNOTS.);
#7664 = CARTESIAN_POINT('',(86.010004298682,-1.468749942728,
    6.480000015812));
#7665 = CARTESIAN_POINT('',(86.010004656527,-1.531249942727,
    6.480000017515));
#7666 = B_SPLINE_SURFACE_WITH_KNOTS('',1,11,(
    (#7667,#7668,#7669,#7670,#7671,#7672,#7673,#7674,#7675,#7676,#7677
      ,#7678,#7679,#7680,#7681,#7682,#7683,#7684,#7685,#7686,#7687)
    ,(#7688,#7689,#7690,#7691,#7692,#7693,#7694,#7695,#7696,#7697,#7698
      ,#7699,#7700,#7701,#7702,#7703,#7704,#7705,#7706,#7707,#7708
  )),.UNSPECIFIED.,.F.,.F.,.F.,(2,2),(12,9,12),(0.,6.25E-02),(0.,
    3.151524139379,6.303048278758),.UNSPECIFIED.);
#7667 = CARTESIAN_POINT('',(86.010002509455,-1.968749980911,
    6.480000013786));
#7668 = CARTESIAN_POINT('',(86.010003634309,-1.946022684265,
    6.048744665808));
#7669 = CARTESIAN_POINT('',(85.874559599118,-1.923295203191,
    5.617491097224));
#7670 = CARTESIAN_POINT('',(85.603478531125,-1.900568535366,
    5.233505502968));
#7671 = CARTESIAN_POINT('',(85.215712946476,-1.877840791856,
    4.944191192907));
#7672 = CARTESIAN_POINT('',(84.748046123628,-1.855113306763,
    4.788256959411));
#7673 = CARTESIAN_POINT('',(84.251959741891,-1.832386521195,
    4.788340237394));
#7674 = CARTESIAN_POINT('',(83.784324349246,-1.80965903354,
    4.944135107529));
#7675 = CARTESIAN_POINT('',(83.396439752287,-1.786931792166,
    5.233526652576));
#7676 = CARTESIAN_POINT('',(83.125478871134,-1.764204500752,
    5.617488548403));
#7677 = CARTESIAN_POINT('',(82.854517245911,-1.71874996182,
    6.480000045805));
#7678 = CARTESIAN_POINT('',(83.125479480136,-1.673295422889,
    7.342511351886));
#7679 = CARTESIAN_POINT('',(83.396442608657,-1.650568131501,
    7.726476290008));
#7680 = CARTESIAN_POINT('',(83.784307122971,-1.627840889976,
    8.015847171203));
#7681 = CARTESIAN_POINT('',(84.251982541204,-1.605113402722,
    8.171717957476));
#7682 = CARTESIAN_POINT('',(84.748042807614,-1.582386616509,
    8.171653173107));
#7683 = CARTESIAN_POINT('',(85.215682944493,-1.559659132091,
    8.015870123511));
#7684 = CARTESIAN_POINT('',(85.603520633673,-1.536931388121,
    7.726480542056));
#7685 = CARTESIAN_POINT('',(85.874539762779,-1.514204720483,
    7.342508225575));
#7686 = CARTESIAN_POINT('',(86.010003173249,-1.491477239378,
    6.91125536379));
#7687 = CARTESIAN_POINT('',(86.010004298682,-1.468749942728,
    6.480000015812));
#7688 = CARTESIAN_POINT('',(86.010002628737,-2.031249980911,
    6.480000015489));
#7689 = CARTESIAN_POINT('',(86.010003903533,-2.008522684264,
    6.048744599393));
#7690 = CARTESIAN_POINT('',(85.874561138555,-1.985795203188,
    5.617490915529));
#7691 = CARTESIAN_POINT('',(85.603475898369,-1.963068535365,
    5.233504375532));
#7692 = CARTESIAN_POINT('',(85.215715059489,-1.940340791874,
    4.944195037918));
#7693 = CARTESIAN_POINT('',(84.74804638349,-1.917613306731,
    4.788250700868));
#7694 = CARTESIAN_POINT('',(84.251958182502,-1.894886521217,
    4.788343849892));
#7695 = CARTESIAN_POINT('',(83.784325384307,-1.872159033531,
    4.944133683556));
#7696 = CARTESIAN_POINT('',(83.396439387291,-1.849431792168,
    5.233526652024));
#7697 = CARTESIAN_POINT('',(83.12547861322,-1.826704500751,
    5.617488405736));
#7698 = CARTESIAN_POINT('',(82.854516985943,-1.78124996182,
    6.480000052206));
#7699 = CARTESIAN_POINT('',(83.125479303731,-1.735795422888,
    7.34251148175));
#7700 = CARTESIAN_POINT('',(83.396442624956,-1.713068131502,
    7.726476683299));
#7701 = CARTESIAN_POINT('',(83.784305861745,-1.690340889967,
    8.015846232596));
#7702 = CARTESIAN_POINT('',(84.251984022329,-1.667613402735,
    8.171722104384));
#7703 = CARTESIAN_POINT('',(84.748042625945,-1.644886616491,
    8.171647449228));
#7704 = CARTESIAN_POINT('',(85.215681057792,-1.622159132113,
    8.015874453768));
#7705 = CARTESIAN_POINT('',(85.603523615036,-1.599431388101,
    7.726479808433));
#7706 = CARTESIAN_POINT('',(85.874538657679,-1.57670472049,
    7.342508316486));
#7707 = CARTESIAN_POINT('',(86.010003381153,-1.553977239378,
    6.911255433612));
#7708 = CARTESIAN_POINT('',(86.010004656527,-1.531249942727,
    6.480000017515));
#7709 = ADVANCED_FACE('',(#7710),#7719,.F.);
#7710 = FACE_BOUND('',#7711,.F.);
#7711 = EDGE_LOOP('',(#7712,#7713,#7714));
#7712 = ORIENTED_EDGE('',*,*,#6854,.F.);
#7713 = ORIENTED_EDGE('',*,*,#4180,.F.);
#7714 = ORIENTED_EDGE('',*,*,#7715,.F.);
#7715 = EDGE_CURVE('',#6744,#4168,#7716,.T.);
#7716 = B_SPLINE_CURVE_WITH_KNOTS('',1,(#7717,#7718),.UNSPECIFIED.,.F.,
  .F.,(2,2),(0.,6.25E-02),.PIECEWISE_BEZIER_KNOTS.);
#7717 = CARTESIAN_POINT('',(86.010002509455,-1.968749980911,
    26.800000013786));
#7718 = CARTESIAN_POINT('',(86.010002628737,-2.031249980911,
    26.800000015489));
#7719 = B_SPLINE_SURFACE_WITH_KNOTS('',1,11,(
    (#7720,#7721,#7722,#7723,#7724,#7725,#7726,#7727,#7728,#7729,#7730
      ,#7731,#7732,#7733,#7734,#7735,#7736,#7737,#7738,#7739,#7740)
    ,(#7741,#7742,#7743,#7744,#7745,#7746,#7747,#7748,#7749,#7750,#7751
      ,#7752,#7753,#7754,#7755,#7756,#7757,#7758,#7759,#7760,#7761
  )),.UNSPECIFIED.,.F.,.F.,.F.,(2,2),(12,9,12),(0.,6.25E-02),(0.,
    3.151524139379,6.303048278758),.UNSPECIFIED.);
#7720 = CARTESIAN_POINT('',(86.010000720228,-2.468750019087,
    26.800000011761));
#7721 = CARTESIAN_POINT('',(86.010001844504,-2.446022722445,
    26.368745174675));
#7722 = CARTESIAN_POINT('',(85.874557969202,-2.423295241409,
    25.937492117651));
#7723 = CARTESIAN_POINT('',(85.603477222176,-2.400568573476,
    25.553506978289));
#7724 = CARTESIAN_POINT('',(85.215712095749,-2.37784083005,
    25.264193011617));
#7725 = CARTESIAN_POINT('',(84.748045828136,-2.355113344995,
    25.108258964066));
#7726 = CARTESIAN_POINT('',(84.251960033116,-2.33238655934,
    25.108342241763));
#7727 = CARTESIAN_POINT('',(83.784325195306,-2.309659071723,
    25.264136928611));
#7728 = CARTESIAN_POINT('',(83.396441058235,-2.286931830344,
    25.55352813097));
#7729 = CARTESIAN_POINT('',(83.125480498673,-2.264204538933,
    25.937489572235));
#7730 = CARTESIAN_POINT('',(82.854519195669,-2.21875,26.800000048012));
#7731 = CARTESIAN_POINT('',(83.125481109989,-2.173295461067,
    27.662510331741));
#7732 = CARTESIAN_POINT('',(83.396443917949,-2.150568169683,
    28.046474814574));
#7733 = CARTESIAN_POINT('',(83.78430797315,-2.127840928152,
    28.335845352041));
#7734 = CARTESIAN_POINT('',(84.251982836969,-2.105113440937,
    28.491715953775));
#7735 = CARTESIAN_POINT('',(84.74804251666,-2.082386654637,
    28.491651167782));
#7736 = CARTESIAN_POINT('',(85.215682097885,-2.059659170257,
    28.335868302884));
#7737 = CARTESIAN_POINT('',(85.603519328071,-2.036931426371,
    28.046479063775));
#7738 = CARTESIAN_POINT('',(85.874538135176,-2.014204758625,
    27.66250720146));
#7739 = CARTESIAN_POINT('',(86.010001384601,-1.991477277557,
    27.231254850872));
#7740 = CARTESIAN_POINT('',(86.010002509455,-1.968749980911,
    26.800000013786));
#7741 = CARTESIAN_POINT('',(86.010000600946,-2.531250019087,
    26.800000013464));
#7742 = CARTESIAN_POINT('',(86.010001875164,-2.508522722446,
    26.368745176378));
#7743 = CARTESIAN_POINT('',(85.87455929147,-2.485795241411,
    25.937492072259));
#7744 = CARTESIAN_POINT('',(85.603474415116,-2.463068573466,
    25.55350604776));
#7745 = CARTESIAN_POINT('',(85.215714095607,-2.44034083007,
    25.264197099251));
#7746 = CARTESIAN_POINT('',(84.748046048901,-2.41761334497,
    25.108252972856));
#7747 = CARTESIAN_POINT('',(84.251958512859,-2.394886559358,
    25.108346121466));
#7748 = CARTESIAN_POINT('',(83.78432634345,-2.372159071715,
    25.264135747321));
#7749 = CARTESIAN_POINT('',(83.396440867587,-2.349431830345,
    25.55352832734));
#7750 = CARTESIAN_POINT('',(83.125480457919,-2.326704538933,
    25.937489565834));
#7751 = CARTESIAN_POINT('',(82.854519195669,-2.28125,26.800000054413));
#7752 = CARTESIAN_POINT('',(83.125481150743,-2.235795461067,
    27.662510325339));
#7753 = CARTESIAN_POINT('',(83.396444108597,-2.213068169685,
    28.046475010944));
#7754 = CARTESIAN_POINT('',(83.784306825007,-2.190340928144,
    28.335844170751));
#7755 = CARTESIAN_POINT('',(84.251984357225,-2.167613440955,
    28.491719833478));
#7756 = CARTESIAN_POINT('',(84.748042295895,-2.144886654613,
    28.491645176571));
#7757 = CARTESIAN_POINT('',(85.215680098027,-2.122159170277,
    28.335872390518));
#7758 = CARTESIAN_POINT('',(85.603522135131,-2.099431426361,
    28.046478133245));
#7759 = CARTESIAN_POINT('',(85.874536812907,-2.076704758627,
    27.662507156068));
#7760 = CARTESIAN_POINT('',(86.010001353941,-2.053977277557,
    27.231254852575));
#7761 = CARTESIAN_POINT('',(86.010002628737,-2.031249980911,
    26.800000015489));
#7762 = ADVANCED_FACE('',(#7763),#7774,.F.);
#7763 = FACE_BOUND('',#7764,.F.);
#7764 = EDGE_LOOP('',(#7765,#7766,#7767,#7768,#7769));
#7765 = ORIENTED_EDGE('',*,*,#6750,.F.);
#7766 = ORIENTED_EDGE('',*,*,#7715,.T.);
#7767 = ORIENTED_EDGE('',*,*,#4167,.T.);
#7768 = ORIENTED_EDGE('',*,*,#6153,.T.);
#7769 = ORIENTED_EDGE('',*,*,#7770,.F.);
#7770 = EDGE_CURVE('',#6634,#6154,#7771,.T.);
#7771 = B_SPLINE_CURVE_WITH_KNOTS('',1,(#7772,#7773),.UNSPECIFIED.,.F.,
  .F.,(2,2),(0.,6.25E-02),.PIECEWISE_BEZIER_KNOTS.);
#7772 = CARTESIAN_POINT('',(86.010004298682,-1.468749942728,
    26.800000015812));
#7773 = CARTESIAN_POINT('',(86.010004656527,-1.531249942727,
    26.800000017515));
#7774 = B_SPLINE_SURFACE_WITH_KNOTS('',1,11,(
    (#7775,#7776,#7777,#7778,#7779,#7780,#7781,#7782,#7783,#7784,#7785
      ,#7786,#7787,#7788,#7789,#7790,#7791,#7792,#7793,#7794,#7795)
    ,(#7796,#7797,#7798,#7799,#7800,#7801,#7802,#7803,#7804,#7805,#7806
      ,#7807,#7808,#7809,#7810,#7811,#7812,#7813,#7814,#7815,#7816
  )),.UNSPECIFIED.,.F.,.F.,.F.,(2,2),(12,9,12),(0.,6.25E-02),(0.,
    3.151524139379,6.303048278758),.UNSPECIFIED.);
#7775 = CARTESIAN_POINT('',(86.010002509455,-1.968749980911,
    26.800000013786));
#7776 = CARTESIAN_POINT('',(86.010003634309,-1.946022684265,
    26.368744665808));
#7777 = CARTESIAN_POINT('',(85.874559599118,-1.923295203191,
    25.937491097224));
#7778 = CARTESIAN_POINT('',(85.603478531125,-1.900568535366,
    25.553505502968));
#7779 = CARTESIAN_POINT('',(85.215712946476,-1.877840791856,
    25.264191192907));
#7780 = CARTESIAN_POINT('',(84.748046123628,-1.855113306763,
    25.108256959411));
#7781 = CARTESIAN_POINT('',(84.251959741891,-1.832386521195,
    25.108340237394));
#7782 = CARTESIAN_POINT('',(83.784324349246,-1.80965903354,
    25.264135107529));
#7783 = CARTESIAN_POINT('',(83.396439752287,-1.786931792166,
    25.553526652576));
#7784 = CARTESIAN_POINT('',(83.125478871134,-1.764204500752,
    25.937488548403));
#7785 = CARTESIAN_POINT('',(82.854517245911,-1.71874996182,
    26.800000045805));
#7786 = CARTESIAN_POINT('',(83.125479480136,-1.673295422889,
    27.662511351886));
#7787 = CARTESIAN_POINT('',(83.396442608657,-1.650568131501,
    28.046476290008));
#7788 = CARTESIAN_POINT('',(83.784307122971,-1.627840889976,
    28.335847171203));
#7789 = CARTESIAN_POINT('',(84.251982541204,-1.605113402722,
    28.491717957476));
#7790 = CARTESIAN_POINT('',(84.748042807614,-1.582386616509,
    28.491653173107));
#7791 = CARTESIAN_POINT('',(85.215682944493,-1.559659132091,
    28.335870123511));
#7792 = CARTESIAN_POINT('',(85.603520633673,-1.536931388121,
    28.046480542056));
#7793 = CARTESIAN_POINT('',(85.874539762779,-1.514204720483,
    27.662508225575));
#7794 = CARTESIAN_POINT('',(86.010003173249,-1.491477239378,
    27.23125536379));
#7795 = CARTESIAN_POINT('',(86.010004298682,-1.468749942728,
    26.800000015812));
#7796 = CARTESIAN_POINT('',(86.010002628737,-2.031249980911,
    26.800000015489));
#7797 = CARTESIAN_POINT('',(86.010003903533,-2.008522684264,
    26.368744599393));
#7798 = CARTESIAN_POINT('',(85.874561138555,-1.985795203188,
    25.937490915529));
#7799 = CARTESIAN_POINT('',(85.603475898369,-1.963068535365,
    25.553504375532));
#7800 = CARTESIAN_POINT('',(85.215715059489,-1.940340791874,
    25.264195037918));
#7801 = CARTESIAN_POINT('',(84.74804638349,-1.917613306731,
    25.108250700868));
#7802 = CARTESIAN_POINT('',(84.251958182502,-1.894886521217,
    25.108343849892));
#7803 = CARTESIAN_POINT('',(83.784325384307,-1.872159033531,
    25.264133683556));
#7804 = CARTESIAN_POINT('',(83.396439387291,-1.849431792168,
    25.553526652024));
#7805 = CARTESIAN_POINT('',(83.12547861322,-1.826704500751,
    25.937488405736));
#7806 = CARTESIAN_POINT('',(82.854516985943,-1.78124996182,
    26.800000052206));
#7807 = CARTESIAN_POINT('',(83.125479303731,-1.735795422888,
    27.66251148175));
#7808 = CARTESIAN_POINT('',(83.396442624956,-1.713068131502,
    28.046476683299));
#7809 = CARTESIAN_POINT('',(83.784305861745,-1.690340889967,
    28.335846232596));
#7810 = CARTESIAN_POINT('',(84.251984022329,-1.667613402735,
    28.491722104384));
#7811 = CARTESIAN_POINT('',(84.748042625945,-1.644886616491,
    28.491647449228));
#7812 = CARTESIAN_POINT('',(85.215681057792,-1.622159132113,
    28.335874453768));
#7813 = CARTESIAN_POINT('',(85.603523615036,-1.599431388101,
    28.046479808433));
#7814 = CARTESIAN_POINT('',(85.874538657679,-1.57670472049,
    27.662508316486));
#7815 = CARTESIAN_POINT('',(86.010003381153,-1.553977239378,
    27.231255433612));
#7816 = CARTESIAN_POINT('',(86.010004656527,-1.531249942727,
    26.800000017515));
#7817 = ADVANCED_FACE('',(#7818),#7852,.F.);
#7818 = FACE_BOUND('',#7819,.F.);
#7819 = EDGE_LOOP('',(#7820,#7844,#7845,#7846,#7847));
#7820 = ORIENTED_EDGE('',*,*,#7821,.F.);
#7821 = EDGE_CURVE('',#7524,#5194,#7822,.T.);
#7822 = B_SPLINE_CURVE_WITH_KNOTS('',11,(#7823,#7824,#7825,#7826,#7827,
    #7828,#7829,#7830,#7831,#7832,#7833,#7834,#7835,#7836,#7837,#7838,
    #7839,#7840,#7841,#7842,#7843),.UNSPECIFIED.,.F.,.F.,(12,9,12),(0.,
    3.151524139379,6.303048278758),.UNSPECIFIED.);
#7823 = CARTESIAN_POINT('',(86.010004656527,-1.531249942727,
    6.480000017515));
#7824 = CARTESIAN_POINT('',(86.010005931902,-1.508522646075,
    6.048744022407));
#7825 = CARTESIAN_POINT('',(85.874562985639,-1.485795164957,5.6174897588
    ));
#7826 = CARTESIAN_POINT('',(85.603477381622,-1.463068497256,
    5.233502703305));
#7827 = CARTESIAN_POINT('',(85.215716023372,-1.44034075367,
    4.944192976587));
#7828 = CARTESIAN_POINT('',(84.748046718079,-1.417613268484,
    4.78824842888));
#7829 = CARTESIAN_POINT('',(84.251957852146,-1.394886483069,
    4.78834157832));
#7830 = CARTESIAN_POINT('',(83.784324425165,-1.372158995339,
    4.944131619791));
#7831 = CARTESIAN_POINT('',(83.396437906994,-1.349431753982,
    5.233524976708));
#7832 = CARTESIAN_POINT('',(83.125476768522,-1.326704462562,
    5.617487245637));
#7833 = CARTESIAN_POINT('',(82.854514776217,-1.281249923632,
    6.480000049998));
#7834 = CARTESIAN_POINT('',(83.125477456718,-1.235795384702,
    7.34251263816));
#7835 = CARTESIAN_POINT('',(83.396441141314,-1.213068093312,
    7.726478355654));
#7836 = CARTESIAN_POINT('',(83.784304898481,-1.190340851783,
    8.01584829444));
#7837 = CARTESIAN_POINT('',(84.251983687434,-1.167613364508,
    8.17172437529));
#7838 = CARTESIAN_POINT('',(84.748042955992,-1.144886578362,
    8.171649721885));
#7839 = CARTESIAN_POINT('',(85.215682017557,-1.122159093941,
    8.015876517018));
#7840 = CARTESIAN_POINT('',(85.603525094941,-1.099431349833,
    7.726481483621));
#7841 = CARTESIAN_POINT('',(85.87454050245,-1.076704682345,
    7.342509476903));
#7842 = CARTESIAN_POINT('',(86.010005408365,-1.053977201191,
    6.911256014649));
#7843 = CARTESIAN_POINT('',(86.010006684318,-1.031249904535,
    6.480000019541));
#7844 = ORIENTED_EDGE('',*,*,#7552,.T.);
#7845 = ORIENTED_EDGE('',*,*,#4456,.T.);
#7846 = ORIENTED_EDGE('',*,*,#4493,.T.);
#7847 = ORIENTED_EDGE('',*,*,#7848,.F.);
#7848 = EDGE_CURVE('',#5194,#4494,#7849,.T.);
#7849 = B_SPLINE_CURVE_WITH_KNOTS('',1,(#7850,#7851),.UNSPECIFIED.,.F.,
  .F.,(2,2),(0.,0.4355),.PIECEWISE_BEZIER_KNOTS.);
#7850 = CARTESIAN_POINT('',(86.010006684318,-1.031249904535,
    6.480000019541));
#7851 = CARTESIAN_POINT('',(85.632854698876,-1.249003503535,
    6.479999834542));
#7852 = B_SPLINE_SURFACE_WITH_KNOTS('',1,9,(
    (#7853,#7854,#7855,#7856,#7857,#7858,#7859,#7860,#7861,#7862,#7863
      ,#7864,#7865,#7866,#7867,#7868,#7869,#7870,#7871,#7872,#7873,#7874
      ,#7875,#7876,#7877,#7878,#7879,#7880,#7881,#7882,#7883)
    ,(#7884,#7885,#7886,#7887,#7888,#7889,#7890,#7891,#7892,#7893,#7894
      ,#7895,#7896,#7897,#7898,#7899,#7900,#7901,#7902,#7903,#7904,#7905
      ,#7906,#7907,#7908,#7909,#7910,#7911,#7912,#7913,#7914
  )),.UNSPECIFIED.,.F.,.F.,.F.,(2,2),(10,7,7,7,10),(0.,0.4355),(0.,
    1.57576206969,3.151524139379,4.727286209069,6.303048278758),
  .UNSPECIFIED.);
#7853 = CARTESIAN_POINT('',(86.010004656527,-1.531249942727,
    6.480000017515));
#7854 = CARTESIAN_POINT('',(86.010005435923,-1.517361039218,
    6.216454687172));
#7855 = CARTESIAN_POINT('',(85.958274047332,-1.503472065252,
    5.952910018165));
#7856 = CARTESIAN_POINT('',(85.854762900317,-1.489583263502,
    5.70097222453));
#7857 = CARTESIAN_POINT('',(85.702554520255,-1.475694417508,
    5.472265089539));
#7858 = CARTESIAN_POINT('',(85.507731450399,-1.461805506607,
    5.277439900467));
#7859 = CARTESIAN_POINT('',(85.27902330389,-1.447916595747,
    5.125235208852));
#7860 = CARTESIAN_POINT('',(85.027092475833,-1.434027691662,
    5.021741219396));
#7861 = CARTESIAN_POINT('',(84.500002805015,-1.406249906501,
    4.918246503918));
#7862 = CARTESIAN_POINT('',(83.972909006321,-1.378472147073,
    5.021741171833));
#7863 = CARTESIAN_POINT('',(83.720973765953,-1.364583269684,
    5.125235606145));
#7864 = CARTESIAN_POINT('',(83.492262193836,-1.350694381556,
    5.277437485103));
#7865 = CARTESIAN_POINT('',(83.297434977762,-1.336805483707,
    5.472264819269));
#7866 = CARTESIAN_POINT('',(83.145234406521,-1.322916586835,
    5.70097539603));
#7867 = CARTESIAN_POINT('',(83.041742013658,-1.309027697422,
    5.952908883145));
#7868 = CARTESIAN_POINT('',(82.938249664897,-1.281249923632,
    6.480000016593));
#7869 = CARTESIAN_POINT('',(83.041742434222,-1.253472149841,
    7.007091067464));
#7870 = CARTESIAN_POINT('',(83.145234818099,-1.239583260429,
    7.259024422494));
#7871 = CARTESIAN_POINT('',(83.297434347957,-1.225694363556,
    7.487735224218));
#7872 = CARTESIAN_POINT('',(83.492261047874,-1.211805465707,
    7.682563429196));
#7873 = CARTESIAN_POINT('',(83.720973198096,-1.197916577579,
    7.834765645342));
#7874 = CARTESIAN_POINT('',(83.972908879485,-1.184027700191,
    7.938258893512));
#7875 = CARTESIAN_POINT('',(84.500002787563,-1.156249940762,
    8.041751715906));
#7876 = CARTESIAN_POINT('',(85.027092348997,-1.128472155601,
    7.938257731762));
#7877 = CARTESIAN_POINT('',(85.27902400013,-1.114583251525,
    7.834764421233));
#7878 = CARTESIAN_POINT('',(85.507730556578,-1.100694340629,
    7.682564820896));
#7879 = CARTESIAN_POINT('',(85.702560892985,-1.086805429799,
    7.48773791719));
#7880 = CARTESIAN_POINT('',(85.854763645173,-1.07291658372,
    7.259024447384));
#7881 = CARTESIAN_POINT('',(85.958265543932,-1.059027782027,
    7.007089712819));
#7882 = CARTESIAN_POINT('',(86.010005904569,-1.045138808047,
    6.743545349885));
#7883 = CARTESIAN_POINT('',(86.010006684318,-1.031249904535,
    6.480000019541));
#7884 = CARTESIAN_POINT('',(85.632851839919,-1.749002102129,
    6.479999908889));
#7885 = CARTESIAN_POINT('',(85.632852918571,-1.73511374977,
    6.282265903008));
#7886 = CARTESIAN_POINT('',(85.594042586714,-1.721227982948,
    6.084571690407));
#7887 = CARTESIAN_POINT('',(85.516393913699,-1.707335895829,
    5.895556164185));
#7888 = CARTESIAN_POINT('',(85.402193640434,-1.693445433437,
    5.723963800599));
#7889 = CARTESIAN_POINT('',(85.256025225635,-1.679557352568,
    5.577799985067));
#7890 = CARTESIAN_POINT('',(85.084446893735,-1.665669269403,
    5.463614146406));
#7891 = CARTESIAN_POINT('',(84.895440960785,-1.651780938288,
    5.385968500598));
#7892 = CARTESIAN_POINT('',(84.500002750765,-1.624003431424,
    5.308323308149));
#7893 = CARTESIAN_POINT('',(84.104559121076,-1.596224980322,
    5.385968955037));
#7894 = CARTESIAN_POINT('',(83.915548393962,-1.582335669447,
    5.463614495519));
#7895 = CARTESIAN_POINT('',(83.743963073316,-1.568446752631,
    5.577801597802));
#7896 = CARTESIAN_POINT('',(83.59779912884,-1.554558192533,
    5.723965587523));
#7897 = CARTESIAN_POINT('',(83.48361352472,-1.540669596607,
    5.895549364587));
#7898 = CARTESIAN_POINT('',(83.405969847386,-1.526780726914,
    6.084558101178));
#7899 = CARTESIAN_POINT('',(83.328326493131,-1.499002802833,
    6.480000183092));
#7900 = CARTESIAN_POINT('',(83.40597054813,-1.471224878752,
    6.875442127418));
#7901 = CARTESIAN_POINT('',(83.483614264317,-1.45733600906,
    7.064450656619));
#7902 = CARTESIAN_POINT('',(83.597798446979,-1.443447413133,
    7.236034719727));
#7903 = CARTESIAN_POINT('',(83.743961703578,-1.429558853034,
    7.382199897351));
#7904 = CARTESIAN_POINT('',(83.915547870414,-1.415669936219,
    7.496387428256));
#7905 = CARTESIAN_POINT('',(84.104559240483,-1.401780625345,
    7.574031244887));
#7906 = CARTESIAN_POINT('',(84.500003045557,-1.374002174241,
    7.651674182003));
#7907 = CARTESIAN_POINT('',(84.895441080191,-1.346224667377,
    7.574029912855));
#7908 = CARTESIAN_POINT('',(85.08444701077,-1.332336336228,
    7.496387263945));
#7909 = CARTESIAN_POINT('',(85.256027147059,-1.318448253178,
    7.38220108803));
#7910 = CARTESIAN_POINT('',(85.402199895683,-1.304560172173,
    7.236045570011));
#7911 = CARTESIAN_POINT('',(85.516396264842,-1.290669709826,
    7.06443677532));
#7912 = CARTESIAN_POINT('',(85.594030705678,-1.27677762274,
    6.875427632074));
#7913 = CARTESIAN_POINT('',(85.632853633196,-1.262891855898,
    6.677733840423));
#7914 = CARTESIAN_POINT('',(85.632854698876,-1.249003503535,
    6.479999834542));
#7915 = ADVANCED_FACE('',(#7916),#7923,.F.);
#7916 = FACE_BOUND('',#7917,.F.);
#7917 = EDGE_LOOP('',(#7918,#7919,#7920,#7921,#7922));
#7918 = ORIENTED_EDGE('',*,*,#5200,.F.);
#7919 = ORIENTED_EDGE('',*,*,#7848,.T.);
#7920 = ORIENTED_EDGE('',*,*,#4536,.T.);
#7921 = ORIENTED_EDGE('',*,*,#4573,.T.);
#7922 = ORIENTED_EDGE('',*,*,#5118,.F.);
#7923 = B_SPLINE_SURFACE_WITH_KNOTS('',1,9,(
    (#7924,#7925,#7926,#7927,#7928,#7929,#7930,#7931,#7932,#7933,#7934
      ,#7935,#7936,#7937,#7938,#7939,#7940,#7941,#7942,#7943,#7944,#7945
      ,#7946,#7947,#7948,#7949,#7950,#7951,#7952,#7953,#7954)
    ,(#7955,#7956,#7957,#7958,#7959,#7960,#7961,#7962,#7963,#7964,#7965
      ,#7966,#7967,#7968,#7969,#7970,#7971,#7972,#7973,#7974,#7975,#7976
      ,#7977,#7978,#7979,#7980,#7981,#7982,#7983,#7984,#7985
  )),.UNSPECIFIED.,.F.,.F.,.F.,(2,2),(10,7,7,7,10),(0.,0.4355),(0.,
    1.57576206969,3.151524139379,4.727286209069,6.303048278758),
  .UNSPECIFIED.);
#7924 = CARTESIAN_POINT('',(86.010006684318,-1.031249904535,
    6.480000019541));
#7925 = CARTESIAN_POINT('',(86.010007464067,-1.017361001023,
    6.216454335358));
#7926 = CARTESIAN_POINT('',(85.958276006368,-1.00347202704,
    5.952909312231));
#7927 = CARTESIAN_POINT('',(85.854764720628,-0.989583225308,
    5.700971180148));
#7928 = CARTESIAN_POINT('',(85.702556136517,-0.975694379323,
    5.472263737877));
#7929 = CARTESIAN_POINT('',(85.50773280533,-0.961805468417,
    5.277438286913));
#7930 = CARTESIAN_POINT('',(85.279024351863,-0.947916557552,
    5.125233390575));
#7931 = CARTESIAN_POINT('',(85.027093185625,-0.934027653464,
    5.021739261804));
#7932 = CARTESIAN_POINT('',(84.50000280711,-0.906249868301,
    4.918244406637));
#7933 = CARTESIAN_POINT('',(83.972908300449,-0.878472108878,
    5.021739212826));
#7934 = CARTESIAN_POINT('',(83.720972721625,-0.864583231491,
    5.12523378578));
#7935 = CARTESIAN_POINT('',(83.49226084216,-0.850694343363,5.27743586882
    ));
#7936 = CARTESIAN_POINT('',(83.297433364183,-0.836805445513,
    5.472263464366));
#7937 = CARTESIAN_POINT('',(83.145232588243,-0.822916548638,
    5.70097434807));
#7938 = CARTESIAN_POINT('',(83.041740056064,-0.809027659226,
    5.952908173366));
#7939 = CARTESIAN_POINT('',(82.938247567618,-0.781249885436,
    6.480000014497));
#7940 = CARTESIAN_POINT('',(83.041740475214,-0.753472111646,
    7.007091773329));
#7941 = CARTESIAN_POINT('',(83.14523299773,-0.739583222234,
    7.259025466819));
#7942 = CARTESIAN_POINT('',(83.297432731673,-0.725694325359,
    7.487736575893));
#7943 = CARTESIAN_POINT('',(83.492259692971,-0.711805427508,
    7.682565042774));
#7944 = CARTESIAN_POINT('',(83.720972150132,-0.697916539381,
    7.834767463616));
#7945 = CARTESIAN_POINT('',(83.9729081697,-0.684027661995,7.938260851105
    ));
#7946 = CARTESIAN_POINT('',(84.500002785467,-0.65624990257,
    8.041753813187));
#7947 = CARTESIAN_POINT('',(85.027093054875,-0.628472117408,
    7.938259690768));
#7948 = CARTESIAN_POINT('',(85.279025044472,-0.614583213328,
    7.83476624159));
#7949 = CARTESIAN_POINT('',(85.507731908269,-0.600694302428,
    7.68256643718));
#7950 = CARTESIAN_POINT('',(85.702562506554,-0.586805391594,
    7.487739272053));
#7951 = CARTESIAN_POINT('',(85.854765463389,-0.572916545523,
    7.259025495413));
#7952 = CARTESIAN_POINT('',(85.958267501554,-0.559027743848,
    7.007090422667));
#7953 = CARTESIAN_POINT('',(86.010007932006,-0.54513876985,
    6.743545705751));
#7954 = CARTESIAN_POINT('',(86.010008712108,-0.531249866335,
    6.480000021568));
#7955 = CARTESIAN_POINT('',(85.632854698876,-1.249003503535,
    6.479999834542));
#7956 = CARTESIAN_POINT('',(85.632855764557,-1.235115151172,
    6.282265329786));
#7957 = CARTESIAN_POINT('',(85.594045321798,-1.221229384325,
    6.08457062056));
#7958 = CARTESIAN_POINT('',(85.516396440303,-1.207337297231,
    5.895554622452));
#7959 = CARTESIAN_POINT('',(85.402195867654,-1.193446834851,
    5.723961833425));
#7960 = CARTESIAN_POINT('',(85.256027074452,-1.179558753976,
    5.577797658618));
#7961 = CARTESIAN_POINT('',(85.084448301995,-1.165670670805,
    5.463611543006));
#7962 = CARTESIAN_POINT('',(84.895441886954,-1.151782339685,
    5.38596571366));
#7963 = CARTESIAN_POINT('',(84.50000267387,-1.124004832819,
    5.308320351212));
#7964 = CARTESIAN_POINT('',(84.104558051318,-1.096226381723,
    5.385966220003));
#7965 = CARTESIAN_POINT('',(83.915546852309,-1.082337070851,
    5.463611968837));
#7966 = CARTESIAN_POINT('',(83.74396110612,-1.068448154035,
    5.577799370547));
#7967 = CARTESIAN_POINT('',(83.597796802348,-1.054559593935,
    5.723963738745));
#7968 = CARTESIAN_POINT('',(83.483610921319,-1.040670998006,
    5.895547956346));
#7969 = CARTESIAN_POINT('',(83.405967060447,-1.026782128313,
    6.084557175026));
#7970 = CARTESIAN_POINT('',(83.328323536199,-0.999004204233,
    6.480000259987));
#7971 = CARTESIAN_POINT('',(83.405967813094,-0.971226280153,
    6.875443197167));
#7972 = CARTESIAN_POINT('',(83.483611737628,-0.957337410461,
    7.064452198267));
#7973 = CARTESIAN_POINT('',(83.59779621972,-0.943448814532,
    7.236036686925));
#7974 = CARTESIAN_POINT('',(83.743959854797,-0.929560254431,
    7.382202223842));
#7975 = CARTESIAN_POINT('',(83.915546462166,-0.915671337616,
    7.496390031653));
#7976 = CARTESIAN_POINT('',(84.104558314323,-0.901782026745,
    7.574034031825));
#7977 = CARTESIAN_POINT('',(84.500003122451,-0.874003575646,
    7.651677138935));
#7978 = CARTESIAN_POINT('',(84.895442149958,-0.84622606878,
    7.574032647886));
#7979 = CARTESIAN_POINT('',(85.084448552443,-0.832337737626,
    7.496389790618));
#7980 = CARTESIAN_POINT('',(85.256029114279,-0.81844965457,
    7.382203315291));
#7981 = CARTESIAN_POINT('',(85.402202222166,-0.804561573559,
    7.23604741874));
#7982 = CARTESIAN_POINT('',(85.516398868159,-0.790671111224,
    7.064438183655));
#7983 = CARTESIAN_POINT('',(85.594033492648,-0.776779024163,
    6.875428558322));
#7984 = CARTESIAN_POINT('',(85.632856505129,-0.762893257297,
    6.677734264952));
#7985 = CARTESIAN_POINT('',(85.632857557839,-0.749004904929,
    6.479999760196));
#7986 = ADVANCED_FACE('',(#7987),#8031,.F.);
#7987 = FACE_BOUND('',#7988,.F.);
#7988 = EDGE_LOOP('',(#7989,#7990,#7995,#8029,#8030));
#7989 = ORIENTED_EDGE('',*,*,#4840,.F.);
#7990 = ORIENTED_EDGE('',*,*,#7991,.T.);
#7991 = EDGE_CURVE('',#4841,#7624,#7992,.T.);
#7992 = B_SPLINE_CURVE_WITH_KNOTS('',1,(#7993,#7994),.UNSPECIFIED.,.F.,
  .F.,(2,2),(0.,0.4355),.PIECEWISE_BEZIER_KNOTS.);
#7993 = CARTESIAN_POINT('',(85.632848988607,-1.251002102137,
    6.479999895318));
#7994 = CARTESIAN_POINT('',(86.010004298682,-1.468749942728,
    6.480000015812));
#7995 = ORIENTED_EDGE('',*,*,#7996,.T.);
#7996 = EDGE_CURVE('',#7624,#5009,#7997,.T.);
#7997 = B_SPLINE_CURVE_WITH_KNOTS('',9,(#7998,#7999,#8000,#8001,#8002,
    #8003,#8004,#8005,#8006,#8007,#8008,#8009,#8010,#8011,#8012,#8013,
    #8014,#8015,#8016,#8017,#8018,#8019,#8020,#8021,#8022,#8023,#8024,
    #8025,#8026,#8027,#8028),.UNSPECIFIED.,.F.,.F.,(10,7,7,7,10),(0.,
    1.57576206969,3.151524139379,4.727286209069,6.303048278758),
  .UNSPECIFIED.);
#7998 = CARTESIAN_POINT('',(86.010004298682,-1.468749942728,
    6.480000015812));
#7999 = CARTESIAN_POINT('',(86.010004986446,-1.454861039219,
    6.216454768725));
#8000 = CARTESIAN_POINT('',(85.958273086515,-1.440972065257,
    5.952910201012));
#8001 = CARTESIAN_POINT('',(85.854762560085,-1.427083263505,
    5.700972663387));
#8002 = CARTESIAN_POINT('',(85.70255440291,-1.413194417508,
    5.472265240484));
#8003 = CARTESIAN_POINT('',(85.507731192325,-1.399305506606,
    5.277439994022));
#8004 = CARTESIAN_POINT('',(85.279023055349,-1.385416595749,
    5.125235662439));
#8005 = CARTESIAN_POINT('',(85.027092302283,-1.371527691664,
    5.021741742035));
#8006 = CARTESIAN_POINT('',(84.500002804481,-1.343749906503,
    4.918247102113));
#8007 = CARTESIAN_POINT('',(83.972909165868,-1.315972147075,
    5.021741628599));
#8008 = CARTESIAN_POINT('',(83.720973979129,-1.302083269686,
    5.125235960358));
#8009 = CARTESIAN_POINT('',(83.492262445227,-1.288194381557,
    5.277437810986));
#8010 = CARTESIAN_POINT('',(83.297435321017,-1.274305483709,
    5.472265134752));
#8011 = CARTESIAN_POINT('',(83.145234859054,-1.260416586837,
    5.700975652428));
#8012 = CARTESIAN_POINT('',(83.04174249934,-1.246527697424,
    5.952909052136));
#8013 = CARTESIAN_POINT('',(82.938250158375,-1.218749923634,
    6.480000014148));
#8014 = CARTESIAN_POINT('',(83.041742870094,-1.190972149843,
    7.007090903363));
#8015 = CARTESIAN_POINT('',(83.145235221719,-1.177083260431,
    7.259024186591));
#8016 = CARTESIAN_POINT('',(83.297434764671,-1.163194363558,
    7.487734902859));
#8017 = CARTESIAN_POINT('',(83.492261433325,-1.149305465709,
    7.682562995112));
#8018 = CARTESIAN_POINT('',(83.720973477224,-1.135416577581,
    7.834765143404));
#8019 = CARTESIAN_POINT('',(83.972909053034,-1.121527700193,
    7.938258428725));
#8020 = CARTESIAN_POINT('',(84.500002788097,-1.093749940763,
    8.041751327144));
#8021 = CARTESIAN_POINT('',(85.027092189449,-1.065972155603,
    7.938257332848));
#8022 = CARTESIAN_POINT('',(85.279023735769,-1.052083251525,
    7.834763961716));
#8023 = CARTESIAN_POINT('',(85.507730230753,-1.038194340636,
    7.682564300941));
#8024 = CARTESIAN_POINT('',(85.702560197417,-1.024305429799,
    7.487737284852));
#8025 = CARTESIAN_POINT('',(85.854763149873,-1.010416583725,
    7.259024450862));
#8026 = CARTESIAN_POINT('',(85.958265583182,-0.996527782024,
    7.007089562541));
#8027 = CARTESIAN_POINT('',(86.010005399791,-0.982638808049,
    6.743545264925));
#8028 = CARTESIAN_POINT('',(86.010006087909,-0.968749904538,
    6.480000017838));
#8029 = ORIENTED_EDGE('',*,*,#5008,.F.);
#8030 = ORIENTED_EDGE('',*,*,#4791,.F.);
#8031 = B_SPLINE_SURFACE_WITH_KNOTS('',1,9,(
    (#8032,#8033,#8034,#8035,#8036,#8037,#8038,#8039,#8040,#8041,#8042
      ,#8043,#8044,#8045,#8046,#8047,#8048,#8049,#8050,#8051,#8052,#8053
      ,#8054,#8055,#8056,#8057,#8058,#8059,#8060,#8061,#8062)
    ,(#8063,#8064,#8065,#8066,#8067,#8068,#8069,#8070,#8071,#8072,#8073
      ,#8074,#8075,#8076,#8077,#8078,#8079,#8080,#8081,#8082,#8083,#8084
      ,#8085,#8086,#8087,#8088,#8089,#8090,#8091,#8092,#8093
  )),.UNSPECIFIED.,.F.,.F.,.F.,(2,2),(10,7,7,7,10),(0.,0.4355),(0.,
    1.57576206969,3.151524139379,4.727286209069,6.303048278758),
  .UNSPECIFIED.);
#8032 = CARTESIAN_POINT('',(85.632848988607,-1.251002102137,
    6.479999895318));
#8033 = CARTESIAN_POINT('',(85.632849337141,-1.237113749782,
    6.282266552824));
#8034 = CARTESIAN_POINT('',(85.594034930923,-1.223227982986,
    6.084573147334));
#8035 = CARTESIAN_POINT('',(85.516391202733,-1.209335895853,
    5.895559660997));
#8036 = CARTESIAN_POINT('',(85.402192705423,-1.195445433432,
    5.723965003326));
#8037 = CARTESIAN_POINT('',(85.256023169299,-1.181557352565,
    5.577800730514));
#8038 = CARTESIAN_POINT('',(85.084444913357,-1.16766926942,
    5.463617760586));
#8039 = CARTESIAN_POINT('',(84.895439577938,-1.153780938306,
    5.385972664988));
#8040 = CARTESIAN_POINT('',(84.500002746514,-1.126003431445,
    5.308328074561));
#8041 = CARTESIAN_POINT('',(84.104560392347,-1.098224980336,
    5.385972594552));
#8042 = CARTESIAN_POINT('',(83.915550092551,-1.084335669457,
    5.463617317885));
#8043 = CARTESIAN_POINT('',(83.7439650764,-1.070446752641,5.57780419444)
  );
#8044 = CARTESIAN_POINT('',(83.597801863894,-1.056558192546,
    5.723968101295));
#8045 = CARTESIAN_POINT('',(83.483617130499,-1.042669596622,
    5.895551407571));
#8046 = CARTESIAN_POINT('',(83.405973717303,-1.02878072693,
    6.084559447702));
#8047 = CARTESIAN_POINT('',(83.328330425161,-1.001002802848,
    6.480000163611));
#8048 = CARTESIAN_POINT('',(83.405974021153,-0.973224878765,
    6.875440819859));
#8049 = CARTESIAN_POINT('',(83.48361748036,-0.959336009073,
    7.064448776939));
#8050 = CARTESIAN_POINT('',(83.597801767351,-0.945447413149,
    7.236032159143));
#8051 = CARTESIAN_POINT('',(83.743964774852,-0.931558853054,
    7.382196438569));
#8052 = CARTESIAN_POINT('',(83.915550094505,-0.917669936239,
    7.496383428814));
#8053 = CARTESIAN_POINT('',(84.104560623318,-0.90378062536,
    7.574027541467));
#8054 = CARTESIAN_POINT('',(84.500003049811,-0.876002174249,
    7.651671084349));
#8055 = CARTESIAN_POINT('',(84.895439808909,-0.848224667389,
    7.574026734313));
#8056 = CARTESIAN_POINT('',(85.084444904341,-0.834336336234,
    7.496383602518));
#8057 = CARTESIAN_POINT('',(85.256024550886,-0.820448253234,
    7.382196945032));
#8058 = CARTESIAN_POINT('',(85.4021943534,-0.806560172168,7.236040531548
    ));
#8059 = CARTESIAN_POINT('',(85.516392318294,-0.792669709869,
    7.064436803036));
#8060 = CARTESIAN_POINT('',(85.594031018425,-0.778777622717,
    6.87542643466));
#8061 = CARTESIAN_POINT('',(85.632849611126,-0.764891855913,
    6.677733163464));
#8062 = CARTESIAN_POINT('',(85.632849946689,-0.751003503557,
    6.47999982097));
#8063 = CARTESIAN_POINT('',(86.010004298682,-1.468749942728,
    6.480000015812));
#8064 = CARTESIAN_POINT('',(86.010004986446,-1.454861039219,
    6.216454768725));
#8065 = CARTESIAN_POINT('',(85.958273086515,-1.440972065257,
    5.952910201012));
#8066 = CARTESIAN_POINT('',(85.854762560085,-1.427083263505,
    5.700972663387));
#8067 = CARTESIAN_POINT('',(85.70255440291,-1.413194417508,
    5.472265240484));
#8068 = CARTESIAN_POINT('',(85.507731192325,-1.399305506606,
    5.277439994022));
#8069 = CARTESIAN_POINT('',(85.279023055349,-1.385416595749,
    5.125235662439));
#8070 = CARTESIAN_POINT('',(85.027092302283,-1.371527691664,
    5.021741742035));
#8071 = CARTESIAN_POINT('',(84.500002804481,-1.343749906503,
    4.918247102113));
#8072 = CARTESIAN_POINT('',(83.972909165868,-1.315972147075,
    5.021741628599));
#8073 = CARTESIAN_POINT('',(83.720973979129,-1.302083269686,
    5.125235960358));
#8074 = CARTESIAN_POINT('',(83.492262445227,-1.288194381557,
    5.277437810986));
#8075 = CARTESIAN_POINT('',(83.297435321017,-1.274305483709,
    5.472265134752));
#8076 = CARTESIAN_POINT('',(83.145234859054,-1.260416586837,
    5.700975652428));
#8077 = CARTESIAN_POINT('',(83.04174249934,-1.246527697424,
    5.952909052136));
#8078 = CARTESIAN_POINT('',(82.938250158375,-1.218749923634,
    6.480000014148));
#8079 = CARTESIAN_POINT('',(83.041742870094,-1.190972149843,
    7.007090903363));
#8080 = CARTESIAN_POINT('',(83.145235221719,-1.177083260431,
    7.259024186591));
#8081 = CARTESIAN_POINT('',(83.297434764671,-1.163194363558,
    7.487734902859));
#8082 = CARTESIAN_POINT('',(83.492261433325,-1.149305465709,
    7.682562995112));
#8083 = CARTESIAN_POINT('',(83.720973477224,-1.135416577581,
    7.834765143404));
#8084 = CARTESIAN_POINT('',(83.972909053034,-1.121527700193,
    7.938258428725));
#8085 = CARTESIAN_POINT('',(84.500002788097,-1.093749940763,
    8.041751327144));
#8086 = CARTESIAN_POINT('',(85.027092189449,-1.065972155603,
    7.938257332848));
#8087 = CARTESIAN_POINT('',(85.279023735769,-1.052083251525,
    7.834763961716));
#8088 = CARTESIAN_POINT('',(85.507730230753,-1.038194340636,
    7.682564300941));
#8089 = CARTESIAN_POINT('',(85.702560197417,-1.024305429799,
    7.487737284852));
#8090 = CARTESIAN_POINT('',(85.854763149873,-1.010416583725,
    7.259024450862));
#8091 = CARTESIAN_POINT('',(85.958265583182,-0.996527782024,
    7.007089562541));
#8092 = CARTESIAN_POINT('',(86.010005399791,-0.982638808049,
    6.743545264925));
#8093 = CARTESIAN_POINT('',(86.010006087909,-0.968749904538,
    6.480000017838));
#8094 = ADVANCED_FACE('',(#8095),#8102,.F.);
#8095 = FACE_BOUND('',#8096,.F.);
#8096 = EDGE_LOOP('',(#8097,#8098,#8099,#8100,#8101));
#8097 = ORIENTED_EDGE('',*,*,#4926,.F.);
#8098 = ORIENTED_EDGE('',*,*,#7399,.T.);
#8099 = ORIENTED_EDGE('',*,*,#7623,.T.);
#8100 = ORIENTED_EDGE('',*,*,#7991,.F.);
#8101 = ORIENTED_EDGE('',*,*,#4877,.F.);
#8102 = B_SPLINE_SURFACE_WITH_KNOTS('',1,9,(
    (#8103,#8104,#8105,#8106,#8107,#8108,#8109,#8110,#8111,#8112,#8113
      ,#8114,#8115,#8116,#8117,#8118,#8119,#8120,#8121,#8122,#8123,#8124
      ,#8125,#8126,#8127,#8128,#8129,#8130,#8131,#8132,#8133)
    ,(#8134,#8135,#8136,#8137,#8138,#8139,#8140,#8141,#8142,#8143,#8144
      ,#8145,#8146,#8147,#8148,#8149,#8150,#8151,#8152,#8153,#8154,#8155
      ,#8156,#8157,#8158,#8159,#8160,#8161,#8162,#8163,#8164
  )),.UNSPECIFIED.,.F.,.F.,.F.,(2,2),(10,7,7,7,10),(0.,0.4355),(0.,
    1.57576206969,3.151524139379,4.727286209069,6.303048278758),
  .UNSPECIFIED.);
#8103 = CARTESIAN_POINT('',(85.63284803053,-1.751000700713,
    6.479999969666));
#8104 = CARTESIAN_POINT('',(85.632848392035,-1.73711234836,
    6.282266794353));
#8105 = CARTESIAN_POINT('',(85.594034031605,-1.723226581572,
    6.084573553596));
#8106 = CARTESIAN_POINT('',(85.516390381536,-1.70933449443,
    5.895560222007));
#8107 = CARTESIAN_POINT('',(85.402191992042,-1.695444032005,
    5.72396570192));
#8108 = CARTESIAN_POINT('',(85.256022589102,-1.68155595114,
    5.577801543128));
#8109 = CARTESIAN_POINT('',(85.08444448578,-1.667667867997,
    5.463618658527));
#8110 = CARTESIAN_POINT('',(84.895439315304,-1.653779536885,
    5.385973616188));
#8111 = CARTESIAN_POINT('',(84.50000282341,-1.626002030025,
    5.308329065476));
#8112 = CARTESIAN_POINT('',(84.104560798578,-1.598223578914,
    5.385973493846));
#8113 = CARTESIAN_POINT('',(83.915550653533,-1.584334268033,
    5.463618139109));
#8114 = CARTESIAN_POINT('',(83.743965775004,-1.570445351217,
    5.577804907835));
#8115 = CARTESIAN_POINT('',(83.597802676525,-1.556556791124,
    5.723968681479));
#8116 = CARTESIAN_POINT('',(83.483618028441,-1.542668195201,
    5.895551835143));
#8117 = CARTESIAN_POINT('',(83.405974668503,-1.528779325509,
    6.08455971033));
#8118 = CARTESIAN_POINT('',(83.328331416072,-1.501001401426,
    6.480000086715));
#8119 = CARTESIAN_POINT('',(83.405974920448,-1.473223477343,
    6.875440413632));
#8120 = CARTESIAN_POINT('',(83.483618301588,-1.459334607651,
    7.064448215959));
#8121 = CARTESIAN_POINT('',(83.597802480749,-1.445446011728,
    7.236031460538));
#8122 = CARTESIAN_POINT('',(83.743965355038,-1.431557451634,
    7.382195625937));
#8123 = CARTESIAN_POINT('',(83.915550522079,-1.417668534818,
    7.496382530873));
#8124 = CARTESIAN_POINT('',(84.104560885949,-1.403779223938,
    7.574026590268));
#8125 = CARTESIAN_POINT('',(84.500002972915,-1.376000772826,
    7.651670093439));
#8126 = CARTESIAN_POINT('',(84.895439402675,-1.348223265966,
    7.574025835021));
#8127 = CARTESIAN_POINT('',(85.084444343353,-1.334334934812,
    7.496382781295));
#8128 = CARTESIAN_POINT('',(85.256023852273,-1.320446851814,
    7.382196231633));
#8129 = CARTESIAN_POINT('',(85.402193540767,-1.30655877075,
    7.236039951374));
#8130 = CARTESIAN_POINT('',(85.516391420379,-1.292668308447,
    7.064436375436));
#8131 = CARTESIAN_POINT('',(85.594030067221,-1.278776221287,
    6.875426172001));
#8132 = CARTESIAN_POINT('',(85.632848640073,-1.264890454492,
    6.677733070631));
#8133 = CARTESIAN_POINT('',(85.632848988607,-1.251002102137,
    6.479999895318));
#8134 = CARTESIAN_POINT('',(86.010002509455,-1.968749980911,
    6.480000013786));
#8135 = CARTESIAN_POINT('',(86.010003196866,-1.954861077405,
    6.216455078911));
#8136 = CARTESIAN_POINT('',(85.958271357871,-1.940972103458,
    5.952910823665));
#8137 = CARTESIAN_POINT('',(85.854760953805,-1.927083301691,
    5.700973584688));
#8138 = CARTESIAN_POINT('',(85.702552976637,-1.913194455686,
    5.472266432937));
#8139 = CARTESIAN_POINT('',(85.507729996608,-1.899305544788,
    5.277441417586));
#8140 = CARTESIAN_POINT('',(85.279022130453,-1.885416633935,
    5.125237266679));
#8141 = CARTESIAN_POINT('',(85.027091675767,-1.871527729852,
    5.021743469239));
#8142 = CARTESIAN_POINT('',(84.500002802387,-1.843749944693,
    4.918248952655));
#8143 = CARTESIAN_POINT('',(83.972909788466,-1.815972185262,
    5.021743357218));
#8144 = CARTESIAN_POINT('',(83.720974900382,-1.80208330787,
    5.125237566685));
#8145 = CARTESIAN_POINT('',(83.492263637693,-1.788194419742,
    5.277439237277));
#8146 = CARTESIAN_POINT('',(83.297436744605,-1.774305521895,
    5.472266330444));
#8147 = CARTESIAN_POINT('',(83.145236463294,-1.760416625024,
    5.700976577313));
#8148 = CARTESIAN_POINT('',(83.041744226546,-1.746527735612,
    5.952909678642));
#8149 = CARTESIAN_POINT('',(82.938252008916,-1.71874996182,
    6.480000016243));
#8150 = CARTESIAN_POINT('',(83.041744598714,-1.690972188029,
    7.00709028077));
#8151 = CARTESIAN_POINT('',(83.14523682805,-1.677083298617,
    7.259023265342));
#8152 = CARTESIAN_POINT('',(83.297436190963,-1.663194401746,
    7.487733710394));
#8153 = CARTESIAN_POINT('',(83.492262629018,-1.649305503898,
    7.682561571525));
#8154 = CARTESIAN_POINT('',(83.720974402112,-1.63541661577,
    7.834763539167));
#8155 = CARTESIAN_POINT('',(83.972909679545,-1.621527738379,
    7.938256701521));
#8156 = CARTESIAN_POINT('',(84.500002790193,-1.593749978947,
    8.041749476601));
#8157 = CARTESIAN_POINT('',(85.027091566845,-1.565972193788,
    7.93825560423));
#8158 = CARTESIAN_POINT('',(85.279022814504,-1.552083289713,
    7.834762355395));
#8159 = CARTESIAN_POINT('',(85.507729038274,-1.538194378828,
    7.682562874649));
#8160 = CARTESIAN_POINT('',(85.702558773838,-1.524305467994,
    7.487736089195));
#8161 = CARTESIAN_POINT('',(85.854761545688,-1.510416621913,
    7.259023525918));
#8162 = CARTESIAN_POINT('',(85.958263855951,-1.496527820196,
    7.007088935975));
#8163 = CARTESIAN_POINT('',(86.010003610918,-1.482638846236,
    6.743544950687));
#8164 = CARTESIAN_POINT('',(86.010004298682,-1.468749942728,
    6.480000015812));
#8165 = ADVANCED_FACE('',(#8166),#8172,.F.);
#8166 = FACE_BOUND('',#8167,.F.);
#8167 = EDGE_LOOP('',(#8168,#8169,#8170,#8171));
#8168 = ORIENTED_EDGE('',*,*,#7996,.F.);
#8169 = ORIENTED_EDGE('',*,*,#7662,.T.);
#8170 = ORIENTED_EDGE('',*,*,#7821,.T.);
#8171 = ORIENTED_EDGE('',*,*,#5193,.F.);
#8172 = B_SPLINE_SURFACE_WITH_KNOTS('',1,11,(
    (#8173,#8174,#8175,#8176,#8177,#8178,#8179,#8180,#8181,#8182,#8183
      ,#8184,#8185,#8186,#8187,#8188,#8189,#8190,#8191,#8192,#8193)
    ,(#8194,#8195,#8196,#8197,#8198,#8199,#8200,#8201,#8202,#8203,#8204
      ,#8205,#8206,#8207,#8208,#8209,#8210,#8211,#8212,#8213,#8214
  )),.UNSPECIFIED.,.F.,.F.,.F.,(2,2),(12,9,12),(0.,6.25E-02),(0.,
    3.151524139379,6.303048278758),.UNSPECIFIED.);
#8173 = CARTESIAN_POINT('',(86.010004298682,-1.468749942728,
    6.480000015812));
#8174 = CARTESIAN_POINT('',(86.010005424115,-1.446022646077,
    6.048744156942));
#8175 = CARTESIAN_POINT('',(85.874561229035,-1.423295164966,
    5.617490076798));
#8176 = CARTESIAN_POINT('',(85.603479840075,-1.40056849725,
    5.233504027648));
#8177 = CARTESIAN_POINT('',(85.215713797203,-1.377840753655,
    4.944189374197));
#8178 = CARTESIAN_POINT('',(84.748046419121,-1.355113268524,
    4.788254954756));
#8179 = CARTESIAN_POINT('',(84.251959450667,-1.332386483043,
    4.788338233025));
#8180 = CARTESIAN_POINT('',(83.784323503186,-1.30965899535,
    4.944133286448));
#8181 = CARTESIAN_POINT('',(83.39643844634,-1.286931753982,
    5.233525174182));
#8182 = CARTESIAN_POINT('',(83.125477243596,-1.264204462564,
    5.61748752457));
#8183 = CARTESIAN_POINT('',(82.854515296153,-1.218749923634,
    6.480000043597));
#8184 = CARTESIAN_POINT('',(83.125477850283,-1.173295384703,
    7.342512372031));
#8185 = CARTESIAN_POINT('',(83.396441299366,-1.150568093312,
    7.726477765441));
#8186 = CARTESIAN_POINT('',(83.78430627279,-1.127840851792,
    8.015848990364));
#8187 = CARTESIAN_POINT('',(84.251982245442,-1.105113364501,
    8.171719961178));
#8188 = CARTESIAN_POINT('',(84.748043098565,-1.082386578374,
    8.171655178431));
#8189 = CARTESIAN_POINT('',(85.215683791104,-1.059659093919,
    8.01587194414));
#8190 = CARTESIAN_POINT('',(85.603521939275,-1.036931349864,
    7.726482020337));
#8191 = CARTESIAN_POINT('',(85.874541390383,-1.014204682335,
    7.34250924969));
#8192 = CARTESIAN_POINT('',(86.010004961898,-0.991477201193,
    6.911255876708));
#8193 = CARTESIAN_POINT('',(86.010006087909,-0.968749904538,
    6.480000017838));
#8194 = CARTESIAN_POINT('',(86.010004656527,-1.531249942727,
    6.480000017515));
#8195 = CARTESIAN_POINT('',(86.010005931902,-1.508522646075,
    6.048744022407));
#8196 = CARTESIAN_POINT('',(85.874562985639,-1.485795164957,5.6174897588
    ));
#8197 = CARTESIAN_POINT('',(85.603477381622,-1.463068497256,
    5.233502703305));
#8198 = CARTESIAN_POINT('',(85.215716023372,-1.44034075367,
    4.944192976587));
#8199 = CARTESIAN_POINT('',(84.748046718079,-1.417613268484,
    4.78824842888));
#8200 = CARTESIAN_POINT('',(84.251957852146,-1.394886483069,
    4.78834157832));
#8201 = CARTESIAN_POINT('',(83.784324425165,-1.372158995339,
    4.944131619791));
#8202 = CARTESIAN_POINT('',(83.396437906994,-1.349431753982,
    5.233524976708));
#8203 = CARTESIAN_POINT('',(83.125476768522,-1.326704462562,
    5.617487245637));
#8204 = CARTESIAN_POINT('',(82.854514776217,-1.281249923632,
    6.480000049998));
#8205 = CARTESIAN_POINT('',(83.125477456718,-1.235795384702,
    7.34251263816));
#8206 = CARTESIAN_POINT('',(83.396441141314,-1.213068093312,
    7.726478355654));
#8207 = CARTESIAN_POINT('',(83.784304898481,-1.190340851783,
    8.01584829444));
#8208 = CARTESIAN_POINT('',(84.251983687434,-1.167613364508,
    8.17172437529));
#8209 = CARTESIAN_POINT('',(84.748042955992,-1.144886578362,
    8.171649721885));
#8210 = CARTESIAN_POINT('',(85.215682017557,-1.122159093941,
    8.015876517018));
#8211 = CARTESIAN_POINT('',(85.603525094941,-1.099431349833,
    7.726481483621));
#8212 = CARTESIAN_POINT('',(85.87454050245,-1.076704682345,
    7.342509476903));
#8213 = CARTESIAN_POINT('',(86.010005408365,-1.053977201191,
    6.911256014649));
#8214 = CARTESIAN_POINT('',(86.010006684318,-1.031249904535,
    6.480000019541));
#8215 = ADVANCED_FACE('',(#8216),#8250,.F.);
#8216 = FACE_BOUND('',#8217,.F.);
#8217 = EDGE_LOOP('',(#8218,#8242,#8243,#8244,#8245));
#8218 = ORIENTED_EDGE('',*,*,#8219,.F.);
#8219 = EDGE_CURVE('',#7172,#6076,#8220,.T.);
#8220 = B_SPLINE_CURVE_WITH_KNOTS('',11,(#8221,#8222,#8223,#8224,#8225,
    #8226,#8227,#8228,#8229,#8230,#8231,#8232,#8233,#8234,#8235,#8236,
    #8237,#8238,#8239,#8240,#8241),.UNSPECIFIED.,.F.,.F.,(12,9,12),(0.,
    3.151524139379,6.303048278758),.UNSPECIFIED.);
#8221 = CARTESIAN_POINT('',(86.010004656527,-1.531249942727,
    -13.83999998248));
#8222 = CARTESIAN_POINT('',(86.010005931902,-1.508522646075,
    -14.27125597759));
#8223 = CARTESIAN_POINT('',(85.874562985639,-1.485795164957,
    -14.7025102412));
#8224 = CARTESIAN_POINT('',(85.603477381622,-1.463068497256,
    -15.08649729669));
#8225 = CARTESIAN_POINT('',(85.215716023372,-1.44034075367,
    -15.37580702341));
#8226 = CARTESIAN_POINT('',(84.748046718079,-1.417613268484,
    -15.53175157112));
#8227 = CARTESIAN_POINT('',(84.251957852146,-1.394886483069,
    -15.53165842168));
#8228 = CARTESIAN_POINT('',(83.784324425165,-1.372158995339,
    -15.3758683802));
#8229 = CARTESIAN_POINT('',(83.396437906994,-1.349431753982,
    -15.08647502329));
#8230 = CARTESIAN_POINT('',(83.125476768522,-1.326704462562,
    -14.70251275436));
#8231 = CARTESIAN_POINT('',(82.854514776217,-1.281249923632,-13.83999995
    ));
#8232 = CARTESIAN_POINT('',(83.125477456718,-1.235795384702,
    -12.97748736184));
#8233 = CARTESIAN_POINT('',(83.396441141314,-1.213068093312,
    -12.59352164434));
#8234 = CARTESIAN_POINT('',(83.784304898481,-1.190340851783,
    -12.30415170556));
#8235 = CARTESIAN_POINT('',(84.251983687434,-1.167613364508,
    -12.14827562471));
#8236 = CARTESIAN_POINT('',(84.748042955992,-1.144886578362,
    -12.14835027811));
#8237 = CARTESIAN_POINT('',(85.215682017557,-1.122159093941,
    -12.30412348298));
#8238 = CARTESIAN_POINT('',(85.603525094941,-1.099431349833,
    -12.59351851637));
#8239 = CARTESIAN_POINT('',(85.87454050245,-1.076704682345,
    -12.97749052309));
#8240 = CARTESIAN_POINT('',(86.010005408365,-1.053977201191,
    -13.40874398535));
#8241 = CARTESIAN_POINT('',(86.010006684318,-1.031249904535,
    -13.83999998045));
#8242 = ORIENTED_EDGE('',*,*,#7200,.T.);
#8243 = ORIENTED_EDGE('',*,*,#5338,.T.);
#8244 = ORIENTED_EDGE('',*,*,#5375,.T.);
#8245 = ORIENTED_EDGE('',*,*,#8246,.F.);
#8246 = EDGE_CURVE('',#6076,#5376,#8247,.T.);
#8247 = B_SPLINE_CURVE_WITH_KNOTS('',1,(#8248,#8249),.UNSPECIFIED.,.F.,
  .F.,(2,2),(0.,0.4355),.PIECEWISE_BEZIER_KNOTS.);
#8248 = CARTESIAN_POINT('',(86.010006684318,-1.031249904535,
    -13.83999998045));
#8249 = CARTESIAN_POINT('',(85.632854698876,-1.249003503535,
    -13.84000016545));
#8250 = B_SPLINE_SURFACE_WITH_KNOTS('',1,9,(
    (#8251,#8252,#8253,#8254,#8255,#8256,#8257,#8258,#8259,#8260,#8261
      ,#8262,#8263,#8264,#8265,#8266,#8267,#8268,#8269,#8270,#8271,#8272
      ,#8273,#8274,#8275,#8276,#8277,#8278,#8279,#8280,#8281)
    ,(#8282,#8283,#8284,#8285,#8286,#8287,#8288,#8289,#8290,#8291,#8292
      ,#8293,#8294,#8295,#8296,#8297,#8298,#8299,#8300,#8301,#8302,#8303
      ,#8304,#8305,#8306,#8307,#8308,#8309,#8310,#8311,#8312
  )),.UNSPECIFIED.,.F.,.F.,.F.,(2,2),(10,7,7,7,10),(0.,0.4355),(0.,
    1.57576206969,3.151524139379,4.727286209069,6.303048278758),
  .UNSPECIFIED.);
#8251 = CARTESIAN_POINT('',(86.010004656527,-1.531249942727,
    -13.83999998248));
#8252 = CARTESIAN_POINT('',(86.010005435923,-1.517361039218,
    -14.10354531282));
#8253 = CARTESIAN_POINT('',(85.958274047332,-1.503472065252,
    -14.36708998183));
#8254 = CARTESIAN_POINT('',(85.854762900317,-1.489583263502,
    -14.61902777547));
#8255 = CARTESIAN_POINT('',(85.702554520255,-1.475694417508,
    -14.84773491046));
#8256 = CARTESIAN_POINT('',(85.507731450399,-1.461805506607,
    -15.04256009953));
#8257 = CARTESIAN_POINT('',(85.27902330389,-1.447916595747,
    -15.19476479114));
#8258 = CARTESIAN_POINT('',(85.027092475833,-1.434027691662,
    -15.2982587806));
#8259 = CARTESIAN_POINT('',(84.500002805015,-1.406249906501,
    -15.40175349608));
#8260 = CARTESIAN_POINT('',(83.972909006321,-1.378472147073,
    -15.29825882816));
#8261 = CARTESIAN_POINT('',(83.720973765953,-1.364583269684,
    -15.19476439385));
#8262 = CARTESIAN_POINT('',(83.492262193836,-1.350694381556,
    -15.04256251489));
#8263 = CARTESIAN_POINT('',(83.297434977762,-1.336805483707,
    -14.84773518073));
#8264 = CARTESIAN_POINT('',(83.145234406521,-1.322916586835,
    -14.61902460397));
#8265 = CARTESIAN_POINT('',(83.041742013658,-1.309027697422,
    -14.36709111685));
#8266 = CARTESIAN_POINT('',(82.938249664897,-1.281249923632,
    -13.8399999834));
#8267 = CARTESIAN_POINT('',(83.041742434222,-1.253472149841,
    -13.31290893253));
#8268 = CARTESIAN_POINT('',(83.145234818099,-1.239583260429,
    -13.0609755775));
#8269 = CARTESIAN_POINT('',(83.297434347957,-1.225694363556,
    -12.83226477578));
#8270 = CARTESIAN_POINT('',(83.492261047874,-1.211805465707,
    -12.6374365708));
#8271 = CARTESIAN_POINT('',(83.720973198096,-1.197916577579,
    -12.48523435465));
#8272 = CARTESIAN_POINT('',(83.972908879485,-1.184027700191,
    -12.38174110648));
#8273 = CARTESIAN_POINT('',(84.500002787563,-1.156249940762,
    -12.27824828409));
#8274 = CARTESIAN_POINT('',(85.027092348997,-1.128472155601,
    -12.38174226823));
#8275 = CARTESIAN_POINT('',(85.27902400013,-1.114583251525,
    -12.48523557876));
#8276 = CARTESIAN_POINT('',(85.507730556578,-1.100694340629,
    -12.6374351791));
#8277 = CARTESIAN_POINT('',(85.702560892985,-1.086805429799,
    -12.83226208281));
#8278 = CARTESIAN_POINT('',(85.854763645173,-1.07291658372,
    -13.06097555261));
#8279 = CARTESIAN_POINT('',(85.958265543932,-1.059027782027,
    -13.31291028718));
#8280 = CARTESIAN_POINT('',(86.010005904569,-1.045138808047,
    -13.57645465011));
#8281 = CARTESIAN_POINT('',(86.010006684318,-1.031249904535,
    -13.83999998045));
#8282 = CARTESIAN_POINT('',(85.632851839919,-1.749002102129,
    -13.84000009111));
#8283 = CARTESIAN_POINT('',(85.632852918571,-1.73511374977,
    -14.03773409699));
#8284 = CARTESIAN_POINT('',(85.594042586714,-1.721227982948,
    -14.23542830959));
#8285 = CARTESIAN_POINT('',(85.516393913699,-1.707335895829,
    -14.42444383581));
#8286 = CARTESIAN_POINT('',(85.402193640434,-1.693445433437,
    -14.5960361994));
#8287 = CARTESIAN_POINT('',(85.256025225635,-1.679557352568,
    -14.74220001493));
#8288 = CARTESIAN_POINT('',(85.084446893735,-1.665669269403,
    -14.85638585359));
#8289 = CARTESIAN_POINT('',(84.895440960785,-1.651780938288,
    -14.9340314994));
#8290 = CARTESIAN_POINT('',(84.500002750765,-1.624003431424,
    -15.01167669185));
#8291 = CARTESIAN_POINT('',(84.104559121076,-1.596224980322,
    -14.93403104496));
#8292 = CARTESIAN_POINT('',(83.915548393962,-1.582335669447,
    -14.85638550448));
#8293 = CARTESIAN_POINT('',(83.743963073316,-1.568446752631,
    -14.74219840219));
#8294 = CARTESIAN_POINT('',(83.59779912884,-1.554558192533,
    -14.59603441247));
#8295 = CARTESIAN_POINT('',(83.48361352472,-1.540669596607,
    -14.42445063541));
#8296 = CARTESIAN_POINT('',(83.405969847386,-1.526780726914,
    -14.23544189882));
#8297 = CARTESIAN_POINT('',(83.328326493131,-1.499002802833,
    -13.8399998169));
#8298 = CARTESIAN_POINT('',(83.40597054813,-1.471224878752,
    -13.44455787258));
#8299 = CARTESIAN_POINT('',(83.483614264317,-1.45733600906,
    -13.25554934338));
#8300 = CARTESIAN_POINT('',(83.597798446979,-1.443447413133,
    -13.08396528027));
#8301 = CARTESIAN_POINT('',(83.743961703578,-1.429558853034,
    -12.93780010264));
#8302 = CARTESIAN_POINT('',(83.915547870414,-1.415669936219,
    -12.82361257174));
#8303 = CARTESIAN_POINT('',(84.104559240483,-1.401780625345,
    -12.74596875511));
#8304 = CARTESIAN_POINT('',(84.500003045557,-1.374002174241,
    -12.66832581799));
#8305 = CARTESIAN_POINT('',(84.895441080191,-1.346224667377,
    -12.74597008714));
#8306 = CARTESIAN_POINT('',(85.08444701077,-1.332336336228,
    -12.82361273605));
#8307 = CARTESIAN_POINT('',(85.256027147059,-1.318448253178,
    -12.93779891197));
#8308 = CARTESIAN_POINT('',(85.402199895683,-1.304560172173,
    -13.08395442998));
#8309 = CARTESIAN_POINT('',(85.516396264842,-1.290669709826,
    -13.25556322468));
#8310 = CARTESIAN_POINT('',(85.594030705678,-1.27677762274,
    -13.44457236792));
#8311 = CARTESIAN_POINT('',(85.632853633196,-1.262891855898,
    -13.64226615957));
#8312 = CARTESIAN_POINT('',(85.632854698876,-1.249003503535,
    -13.84000016545));
#8313 = ADVANCED_FACE('',(#8314),#8321,.F.);
#8314 = FACE_BOUND('',#8315,.F.);
#8315 = EDGE_LOOP('',(#8316,#8317,#8318,#8319,#8320));
#8316 = ORIENTED_EDGE('',*,*,#6082,.F.);
#8317 = ORIENTED_EDGE('',*,*,#8246,.T.);
#8318 = ORIENTED_EDGE('',*,*,#5418,.T.);
#8319 = ORIENTED_EDGE('',*,*,#5455,.T.);
#8320 = ORIENTED_EDGE('',*,*,#6000,.F.);
#8321 = B_SPLINE_SURFACE_WITH_KNOTS('',1,9,(
    (#8322,#8323,#8324,#8325,#8326,#8327,#8328,#8329,#8330,#8331,#8332
      ,#8333,#8334,#8335,#8336,#8337,#8338,#8339,#8340,#8341,#8342,#8343
      ,#8344,#8345,#8346,#8347,#8348,#8349,#8350,#8351,#8352)
    ,(#8353,#8354,#8355,#8356,#8357,#8358,#8359,#8360,#8361,#8362,#8363
      ,#8364,#8365,#8366,#8367,#8368,#8369,#8370,#8371,#8372,#8373,#8374
      ,#8375,#8376,#8377,#8378,#8379,#8380,#8381,#8382,#8383
  )),.UNSPECIFIED.,.F.,.F.,.F.,(2,2),(10,7,7,7,10),(0.,0.4355),(0.,
    1.57576206969,3.151524139379,4.727286209069,6.303048278758),
  .UNSPECIFIED.);
#8322 = CARTESIAN_POINT('',(86.010006684318,-1.031249904535,
    -13.83999998045));
#8323 = CARTESIAN_POINT('',(86.010007464067,-1.017361001023,
    -14.10354566464));
#8324 = CARTESIAN_POINT('',(85.958276006368,-1.00347202704,
    -14.36709068776));
#8325 = CARTESIAN_POINT('',(85.854764720628,-0.989583225308,
    -14.61902881985));
#8326 = CARTESIAN_POINT('',(85.702556136517,-0.975694379323,
    -14.84773626212));
#8327 = CARTESIAN_POINT('',(85.50773280533,-0.961805468417,
    -15.04256171308));
#8328 = CARTESIAN_POINT('',(85.279024351863,-0.947916557552,
    -15.19476660942));
#8329 = CARTESIAN_POINT('',(85.027093185625,-0.934027653464,
    -15.29826073819));
#8330 = CARTESIAN_POINT('',(84.50000280711,-0.906249868301,
    -15.40175559336));
#8331 = CARTESIAN_POINT('',(83.972908300449,-0.878472108878,
    -15.29826078717));
#8332 = CARTESIAN_POINT('',(83.720972721625,-0.864583231491,
    -15.19476621422));
#8333 = CARTESIAN_POINT('',(83.49226084216,-0.850694343363,
    -15.04256413118));
#8334 = CARTESIAN_POINT('',(83.297433364183,-0.836805445513,
    -14.84773653563));
#8335 = CARTESIAN_POINT('',(83.145232588243,-0.822916548638,
    -14.61902565193));
#8336 = CARTESIAN_POINT('',(83.041740056064,-0.809027659226,
    -14.36709182663));
#8337 = CARTESIAN_POINT('',(82.938247567618,-0.781249885436,
    -13.8399999855));
#8338 = CARTESIAN_POINT('',(83.041740475214,-0.753472111646,
    -13.31290822667));
#8339 = CARTESIAN_POINT('',(83.14523299773,-0.739583222234,
    -13.06097453318));
#8340 = CARTESIAN_POINT('',(83.297432731673,-0.725694325359,
    -12.8322634241));
#8341 = CARTESIAN_POINT('',(83.492259692971,-0.711805427508,
    -12.63743495722));
#8342 = CARTESIAN_POINT('',(83.720972150132,-0.697916539381,
    -12.48523253638));
#8343 = CARTESIAN_POINT('',(83.9729081697,-0.684027661995,
    -12.38173914889));
#8344 = CARTESIAN_POINT('',(84.500002785467,-0.65624990257,
    -12.27824618681));
#8345 = CARTESIAN_POINT('',(85.027093054875,-0.628472117408,
    -12.38174030923));
#8346 = CARTESIAN_POINT('',(85.279025044472,-0.614583213328,
    -12.48523375841));
#8347 = CARTESIAN_POINT('',(85.507731908269,-0.600694302428,
    -12.63743356282));
#8348 = CARTESIAN_POINT('',(85.702562506554,-0.586805391594,
    -12.83226072794));
#8349 = CARTESIAN_POINT('',(85.854765463389,-0.572916545523,
    -13.06097450458));
#8350 = CARTESIAN_POINT('',(85.958267501554,-0.559027743848,
    -13.31290957733));
#8351 = CARTESIAN_POINT('',(86.010007932006,-0.54513876985,
    -13.57645429424));
#8352 = CARTESIAN_POINT('',(86.010008712108,-0.531249866335,
    -13.83999997843));
#8353 = CARTESIAN_POINT('',(85.632854698876,-1.249003503535,
    -13.84000016545));
#8354 = CARTESIAN_POINT('',(85.632855764557,-1.235115151172,
    -14.03773467021));
#8355 = CARTESIAN_POINT('',(85.594045321798,-1.221229384325,
    -14.23542937944));
#8356 = CARTESIAN_POINT('',(85.516396440303,-1.207337297231,
    -14.42444537754));
#8357 = CARTESIAN_POINT('',(85.402195867654,-1.193446834851,
    -14.59603816657));
#8358 = CARTESIAN_POINT('',(85.256027074452,-1.179558753976,
    -14.74220234138));
#8359 = CARTESIAN_POINT('',(85.084448301995,-1.165670670805,
    -14.85638845699));
#8360 = CARTESIAN_POINT('',(84.895441886954,-1.151782339685,
    -14.93403428634));
#8361 = CARTESIAN_POINT('',(84.50000267387,-1.124004832819,
    -15.01167964878));
#8362 = CARTESIAN_POINT('',(84.104558051318,-1.096226381723,
    -14.93403377999));
#8363 = CARTESIAN_POINT('',(83.915546852309,-1.082337070851,
    -14.85638803116));
#8364 = CARTESIAN_POINT('',(83.74396110612,-1.068448154035,
    -14.74220062945));
#8365 = CARTESIAN_POINT('',(83.597796802348,-1.054559593935,
    -14.59603626125));
#8366 = CARTESIAN_POINT('',(83.483610921319,-1.040670998006,
    -14.42445204365));
#8367 = CARTESIAN_POINT('',(83.405967060447,-1.026782128313,
    -14.23544282497));
#8368 = CARTESIAN_POINT('',(83.328323536199,-0.999004204233,
    -13.83999974001));
#8369 = CARTESIAN_POINT('',(83.405967813094,-0.971226280153,
    -13.44455680283));
#8370 = CARTESIAN_POINT('',(83.483611737628,-0.957337410461,
    -13.25554780173));
#8371 = CARTESIAN_POINT('',(83.59779621972,-0.943448814532,
    -13.08396331307));
#8372 = CARTESIAN_POINT('',(83.743959854797,-0.929560254431,
    -12.93779777615));
#8373 = CARTESIAN_POINT('',(83.915546462166,-0.915671337616,
    -12.82360996834));
#8374 = CARTESIAN_POINT('',(84.104558314323,-0.901782026745,
    -12.74596596817));
#8375 = CARTESIAN_POINT('',(84.500003122451,-0.874003575646,
    -12.66832286106));
#8376 = CARTESIAN_POINT('',(84.895442149958,-0.84622606878,
    -12.74596735211));
#8377 = CARTESIAN_POINT('',(85.084448552443,-0.832337737626,
    -12.82361020938));
#8378 = CARTESIAN_POINT('',(85.256029114279,-0.81844965457,
    -12.9377966847));
#8379 = CARTESIAN_POINT('',(85.402202222166,-0.804561573559,
    -13.08395258126));
#8380 = CARTESIAN_POINT('',(85.516398868159,-0.790671111224,
    -13.25556181634));
#8381 = CARTESIAN_POINT('',(85.594033492648,-0.776779024163,
    -13.44457144167));
#8382 = CARTESIAN_POINT('',(85.632856505129,-0.762893257297,
    -13.64226573504));
#8383 = CARTESIAN_POINT('',(85.632857557839,-0.749004904929,
    -13.8400002398));
#8384 = ADVANCED_FACE('',(#8385),#8429,.F.);
#8385 = FACE_BOUND('',#8386,.F.);
#8386 = EDGE_LOOP('',(#8387,#8388,#8393,#8427,#8428));
#8387 = ORIENTED_EDGE('',*,*,#5722,.F.);
#8388 = ORIENTED_EDGE('',*,*,#8389,.T.);
#8389 = EDGE_CURVE('',#5723,#7272,#8390,.T.);
#8390 = B_SPLINE_CURVE_WITH_KNOTS('',1,(#8391,#8392),.UNSPECIFIED.,.F.,
  .F.,(2,2),(0.,0.4355),.PIECEWISE_BEZIER_KNOTS.);
#8391 = CARTESIAN_POINT('',(85.632848988607,-1.251002102137,
    -13.84000010468));
#8392 = CARTESIAN_POINT('',(86.010004298682,-1.468749942728,
    -13.83999998418));
#8393 = ORIENTED_EDGE('',*,*,#8394,.T.);
#8394 = EDGE_CURVE('',#7272,#5891,#8395,.T.);
#8395 = B_SPLINE_CURVE_WITH_KNOTS('',9,(#8396,#8397,#8398,#8399,#8400,
    #8401,#8402,#8403,#8404,#8405,#8406,#8407,#8408,#8409,#8410,#8411,
    #8412,#8413,#8414,#8415,#8416,#8417,#8418,#8419,#8420,#8421,#8422,
    #8423,#8424,#8425,#8426),.UNSPECIFIED.,.F.,.F.,(10,7,7,7,10),(0.,
    1.57576206969,3.151524139379,4.727286209069,6.303048278758),
  .UNSPECIFIED.);
#8396 = CARTESIAN_POINT('',(86.010004298682,-1.468749942728,
    -13.83999998418));
#8397 = CARTESIAN_POINT('',(86.010004986446,-1.454861039219,
    -14.10354523127));
#8398 = CARTESIAN_POINT('',(85.958273086515,-1.440972065257,
    -14.36708979898));
#8399 = CARTESIAN_POINT('',(85.854762560085,-1.427083263505,
    -14.61902733661));
#8400 = CARTESIAN_POINT('',(85.70255440291,-1.413194417508,
    -14.84773475951));
#8401 = CARTESIAN_POINT('',(85.507731192325,-1.399305506606,
    -15.04256000597));
#8402 = CARTESIAN_POINT('',(85.279023055349,-1.385416595749,
    -15.19476433756));
#8403 = CARTESIAN_POINT('',(85.027092302283,-1.371527691664,
    -15.29825825796));
#8404 = CARTESIAN_POINT('',(84.500002804481,-1.343749906503,
    -15.40175289788));
#8405 = CARTESIAN_POINT('',(83.972909165868,-1.315972147075,
    -15.2982583714));
#8406 = CARTESIAN_POINT('',(83.720973979129,-1.302083269686,
    -15.19476403964));
#8407 = CARTESIAN_POINT('',(83.492262445227,-1.288194381557,
    -15.04256218901));
#8408 = CARTESIAN_POINT('',(83.297435321017,-1.274305483709,
    -14.84773486524));
#8409 = CARTESIAN_POINT('',(83.145234859054,-1.260416586837,
    -14.61902434757));
#8410 = CARTESIAN_POINT('',(83.04174249934,-1.246527697424,
    -14.36709094786));
#8411 = CARTESIAN_POINT('',(82.938250158375,-1.218749923634,
    -13.83999998585));
#8412 = CARTESIAN_POINT('',(83.041742870094,-1.190972149843,
    -13.31290909663));
#8413 = CARTESIAN_POINT('',(83.145235221719,-1.177083260431,
    -13.0609758134));
#8414 = CARTESIAN_POINT('',(83.297434764671,-1.163194363558,
    -12.83226509714));
#8415 = CARTESIAN_POINT('',(83.492261433325,-1.149305465709,
    -12.63743700488));
#8416 = CARTESIAN_POINT('',(83.720973477224,-1.135416577581,
    -12.48523485659));
#8417 = CARTESIAN_POINT('',(83.972909053034,-1.121527700193,
    -12.38174157127));
#8418 = CARTESIAN_POINT('',(84.500002788097,-1.093749940763,
    -12.27824867285));
#8419 = CARTESIAN_POINT('',(85.027092189449,-1.065972155603,
    -12.38174266715));
#8420 = CARTESIAN_POINT('',(85.279023735769,-1.052083251525,
    -12.48523603828));
#8421 = CARTESIAN_POINT('',(85.507730230753,-1.038194340636,
    -12.63743569905));
#8422 = CARTESIAN_POINT('',(85.702560197417,-1.024305429799,
    -12.83226271514));
#8423 = CARTESIAN_POINT('',(85.854763149873,-1.010416583725,
    -13.06097554913));
#8424 = CARTESIAN_POINT('',(85.958265583182,-0.996527782024,
    -13.31291043745));
#8425 = CARTESIAN_POINT('',(86.010005399791,-0.982638808049,
    -13.57645473507));
#8426 = CARTESIAN_POINT('',(86.010006087909,-0.968749904538,
    -13.83999998216));
#8427 = ORIENTED_EDGE('',*,*,#5890,.F.);
#8428 = ORIENTED_EDGE('',*,*,#5673,.F.);
#8429 = B_SPLINE_SURFACE_WITH_KNOTS('',1,9,(
    (#8430,#8431,#8432,#8433,#8434,#8435,#8436,#8437,#8438,#8439,#8440
      ,#8441,#8442,#8443,#8444,#8445,#8446,#8447,#8448,#8449,#8450,#8451
      ,#8452,#8453,#8454,#8455,#8456,#8457,#8458,#8459,#8460)
    ,(#8461,#8462,#8463,#8464,#8465,#8466,#8467,#8468,#8469,#8470,#8471
      ,#8472,#8473,#8474,#8475,#8476,#8477,#8478,#8479,#8480,#8481,#8482
      ,#8483,#8484,#8485,#8486,#8487,#8488,#8489,#8490,#8491
  )),.UNSPECIFIED.,.F.,.F.,.F.,(2,2),(10,7,7,7,10),(0.,0.4355),(0.,
    1.57576206969,3.151524139379,4.727286209069,6.303048278758),
  .UNSPECIFIED.);
#8430 = CARTESIAN_POINT('',(85.632848988607,-1.251002102137,
    -13.84000010468));
#8431 = CARTESIAN_POINT('',(85.632849337141,-1.237113749782,
    -14.03773344717));
#8432 = CARTESIAN_POINT('',(85.594034930923,-1.223227982986,
    -14.23542685266));
#8433 = CARTESIAN_POINT('',(85.516391202733,-1.209335895853,
    -14.424440339));
#8434 = CARTESIAN_POINT('',(85.402192705423,-1.195445433432,
    -14.59603499667));
#8435 = CARTESIAN_POINT('',(85.256023169299,-1.181557352565,
    -14.74219926948));
#8436 = CARTESIAN_POINT('',(85.084444913357,-1.16766926942,
    -14.85638223941));
#8437 = CARTESIAN_POINT('',(84.895439577938,-1.153780938306,
    -14.93402733501));
#8438 = CARTESIAN_POINT('',(84.500002746514,-1.126003431445,
    -15.01167192543));
#8439 = CARTESIAN_POINT('',(84.104560392347,-1.098224980336,
    -14.93402740544));
#8440 = CARTESIAN_POINT('',(83.915550092551,-1.084335669457,
    -14.85638268211));
#8441 = CARTESIAN_POINT('',(83.7439650764,-1.070446752641,
    -14.74219580556));
#8442 = CARTESIAN_POINT('',(83.597801863894,-1.056558192546,
    -14.5960318987));
#8443 = CARTESIAN_POINT('',(83.483617130499,-1.042669596622,
    -14.42444859242));
#8444 = CARTESIAN_POINT('',(83.405973717303,-1.02878072693,
    -14.23544055229));
#8445 = CARTESIAN_POINT('',(83.328330425161,-1.001002802848,
    -13.83999983638));
#8446 = CARTESIAN_POINT('',(83.405974021153,-0.973224878765,
    -13.44455918014));
#8447 = CARTESIAN_POINT('',(83.48361748036,-0.959336009073,
    -13.25555122306));
#8448 = CARTESIAN_POINT('',(83.597801767351,-0.945447413149,
    -13.08396784085));
#8449 = CARTESIAN_POINT('',(83.743964774852,-0.931558853054,
    -12.93780356143));
#8450 = CARTESIAN_POINT('',(83.915550094505,-0.917669936239,
    -12.82361657118));
#8451 = CARTESIAN_POINT('',(84.104560623318,-0.90378062536,
    -12.74597245853));
#8452 = CARTESIAN_POINT('',(84.500003049811,-0.876002174249,
    -12.66832891565));
#8453 = CARTESIAN_POINT('',(84.895439808909,-0.848224667389,
    -12.74597326568));
#8454 = CARTESIAN_POINT('',(85.084444904341,-0.834336336234,
    -12.82361639748));
#8455 = CARTESIAN_POINT('',(85.256024550886,-0.820448253234,
    -12.93780305496));
#8456 = CARTESIAN_POINT('',(85.4021943534,-0.806560172168,
    -13.08395946845));
#8457 = CARTESIAN_POINT('',(85.516392318294,-0.792669709869,
    -13.25556319696));
#8458 = CARTESIAN_POINT('',(85.594031018425,-0.778777622717,
    -13.44457356534));
#8459 = CARTESIAN_POINT('',(85.632849611126,-0.764891855913,
    -13.64226683653));
#8460 = CARTESIAN_POINT('',(85.632849946689,-0.751003503557,
    -13.84000017903));
#8461 = CARTESIAN_POINT('',(86.010004298682,-1.468749942728,
    -13.83999998418));
#8462 = CARTESIAN_POINT('',(86.010004986446,-1.454861039219,
    -14.10354523127));
#8463 = CARTESIAN_POINT('',(85.958273086515,-1.440972065257,
    -14.36708979898));
#8464 = CARTESIAN_POINT('',(85.854762560085,-1.427083263505,
    -14.61902733661));
#8465 = CARTESIAN_POINT('',(85.70255440291,-1.413194417508,
    -14.84773475951));
#8466 = CARTESIAN_POINT('',(85.507731192325,-1.399305506606,
    -15.04256000597));
#8467 = CARTESIAN_POINT('',(85.279023055349,-1.385416595749,
    -15.19476433756));
#8468 = CARTESIAN_POINT('',(85.027092302283,-1.371527691664,
    -15.29825825796));
#8469 = CARTESIAN_POINT('',(84.500002804481,-1.343749906503,
    -15.40175289788));
#8470 = CARTESIAN_POINT('',(83.972909165868,-1.315972147075,
    -15.2982583714));
#8471 = CARTESIAN_POINT('',(83.720973979129,-1.302083269686,
    -15.19476403964));
#8472 = CARTESIAN_POINT('',(83.492262445227,-1.288194381557,
    -15.04256218901));
#8473 = CARTESIAN_POINT('',(83.297435321017,-1.274305483709,
    -14.84773486524));
#8474 = CARTESIAN_POINT('',(83.145234859054,-1.260416586837,
    -14.61902434757));
#8475 = CARTESIAN_POINT('',(83.04174249934,-1.246527697424,
    -14.36709094786));
#8476 = CARTESIAN_POINT('',(82.938250158375,-1.218749923634,
    -13.83999998585));
#8477 = CARTESIAN_POINT('',(83.041742870094,-1.190972149843,
    -13.31290909663));
#8478 = CARTESIAN_POINT('',(83.145235221719,-1.177083260431,
    -13.0609758134));
#8479 = CARTESIAN_POINT('',(83.297434764671,-1.163194363558,
    -12.83226509714));
#8480 = CARTESIAN_POINT('',(83.492261433325,-1.149305465709,
    -12.63743700488));
#8481 = CARTESIAN_POINT('',(83.720973477224,-1.135416577581,
    -12.48523485659));
#8482 = CARTESIAN_POINT('',(83.972909053034,-1.121527700193,
    -12.38174157127));
#8483 = CARTESIAN_POINT('',(84.500002788097,-1.093749940763,
    -12.27824867285));
#8484 = CARTESIAN_POINT('',(85.027092189449,-1.065972155603,
    -12.38174266715));
#8485 = CARTESIAN_POINT('',(85.279023735769,-1.052083251525,
    -12.48523603828));
#8486 = CARTESIAN_POINT('',(85.507730230753,-1.038194340636,
    -12.63743569905));
#8487 = CARTESIAN_POINT('',(85.702560197417,-1.024305429799,
    -12.83226271514));
#8488 = CARTESIAN_POINT('',(85.854763149873,-1.010416583725,
    -13.06097554913));
#8489 = CARTESIAN_POINT('',(85.958265583182,-0.996527782024,
    -13.31291043745));
#8490 = CARTESIAN_POINT('',(86.010005399791,-0.982638808049,
    -13.57645473507));
#8491 = CARTESIAN_POINT('',(86.010006087909,-0.968749904538,
    -13.83999998216));
#8492 = ADVANCED_FACE('',(#8493),#8500,.F.);
#8493 = FACE_BOUND('',#8494,.F.);
#8494 = EDGE_LOOP('',(#8495,#8496,#8497,#8498,#8499));
#8495 = ORIENTED_EDGE('',*,*,#5808,.F.);
#8496 = ORIENTED_EDGE('',*,*,#7047,.T.);
#8497 = ORIENTED_EDGE('',*,*,#7271,.T.);
#8498 = ORIENTED_EDGE('',*,*,#8389,.F.);
#8499 = ORIENTED_EDGE('',*,*,#5759,.F.);
#8500 = B_SPLINE_SURFACE_WITH_KNOTS('',1,9,(
    (#8501,#8502,#8503,#8504,#8505,#8506,#8507,#8508,#8509,#8510,#8511
      ,#8512,#8513,#8514,#8515,#8516,#8517,#8518,#8519,#8520,#8521,#8522
      ,#8523,#8524,#8525,#8526,#8527,#8528,#8529,#8530,#8531)
    ,(#8532,#8533,#8534,#8535,#8536,#8537,#8538,#8539,#8540,#8541,#8542
      ,#8543,#8544,#8545,#8546,#8547,#8548,#8549,#8550,#8551,#8552,#8553
      ,#8554,#8555,#8556,#8557,#8558,#8559,#8560,#8561,#8562
  )),.UNSPECIFIED.,.F.,.F.,.F.,(2,2),(10,7,7,7,10),(0.,0.4355),(0.,
    1.57576206969,3.151524139379,4.727286209069,6.303048278758),
  .UNSPECIFIED.);
#8501 = CARTESIAN_POINT('',(85.63284803053,-1.751000700713,
    -13.84000003033));
#8502 = CARTESIAN_POINT('',(85.632848392035,-1.73711234836,
    -14.03773320564));
#8503 = CARTESIAN_POINT('',(85.594034031605,-1.723226581572,
    -14.2354264464));
#8504 = CARTESIAN_POINT('',(85.516390381536,-1.70933449443,
    -14.42443977799));
#8505 = CARTESIAN_POINT('',(85.402191992042,-1.695444032005,
    -14.59603429808));
#8506 = CARTESIAN_POINT('',(85.256022589102,-1.68155595114,
    -14.74219845687));
#8507 = CARTESIAN_POINT('',(85.08444448578,-1.667667867997,
    -14.85638134147));
#8508 = CARTESIAN_POINT('',(84.895439315304,-1.653779536885,
    -14.93402638381));
#8509 = CARTESIAN_POINT('',(84.50000282341,-1.626002030025,
    -15.01167093452));
#8510 = CARTESIAN_POINT('',(84.104560798578,-1.598223578914,
    -14.93402650615));
#8511 = CARTESIAN_POINT('',(83.915550653533,-1.584334268033,
    -14.85638186089));
#8512 = CARTESIAN_POINT('',(83.743965775004,-1.570445351217,
    -14.74219509216));
#8513 = CARTESIAN_POINT('',(83.597802676525,-1.556556791124,
    -14.59603131852));
#8514 = CARTESIAN_POINT('',(83.483618028441,-1.542668195201,
    -14.42444816485));
#8515 = CARTESIAN_POINT('',(83.405974668503,-1.528779325509,
    -14.23544028967));
#8516 = CARTESIAN_POINT('',(83.328331416072,-1.501001401426,
    -13.83999991328));
#8517 = CARTESIAN_POINT('',(83.405974920448,-1.473223477343,
    -13.44455958636));
#8518 = CARTESIAN_POINT('',(83.483618301588,-1.459334607651,
    -13.25555178404));
#8519 = CARTESIAN_POINT('',(83.597802480749,-1.445446011728,
    -13.08396853946));
#8520 = CARTESIAN_POINT('',(83.743965355038,-1.431557451634,
    -12.93780437406));
#8521 = CARTESIAN_POINT('',(83.915550522079,-1.417668534818,
    -12.82361746912));
#8522 = CARTESIAN_POINT('',(84.104560885949,-1.403779223938,
    -12.74597340973));
#8523 = CARTESIAN_POINT('',(84.500002972915,-1.376000772826,
    -12.66832990656));
#8524 = CARTESIAN_POINT('',(84.895439402675,-1.348223265966,
    -12.74597416497));
#8525 = CARTESIAN_POINT('',(85.084444343353,-1.334334934812,
    -12.8236172187));
#8526 = CARTESIAN_POINT('',(85.256023852273,-1.320446851814,
    -12.93780376836));
#8527 = CARTESIAN_POINT('',(85.402193540767,-1.30655877075,
    -13.08396004862));
#8528 = CARTESIAN_POINT('',(85.516391420379,-1.292668308447,
    -13.25556362456));
#8529 = CARTESIAN_POINT('',(85.594030067221,-1.278776221287,
    -13.44457382799));
#8530 = CARTESIAN_POINT('',(85.632848640073,-1.264890454492,
    -13.64226692936));
#8531 = CARTESIAN_POINT('',(85.632848988607,-1.251002102137,
    -13.84000010468));
#8532 = CARTESIAN_POINT('',(86.010002509455,-1.968749980911,
    -13.83999998621));
#8533 = CARTESIAN_POINT('',(86.010003196866,-1.954861077405,
    -14.10354492108));
#8534 = CARTESIAN_POINT('',(85.958271357871,-1.940972103458,
    -14.36708917633));
#8535 = CARTESIAN_POINT('',(85.854760953805,-1.927083301691,
    -14.61902641531));
#8536 = CARTESIAN_POINT('',(85.702552976637,-1.913194455686,
    -14.84773356706));
#8537 = CARTESIAN_POINT('',(85.507729996608,-1.899305544788,
    -15.04255858241));
#8538 = CARTESIAN_POINT('',(85.279022130453,-1.885416633935,
    -15.19476273332));
#8539 = CARTESIAN_POINT('',(85.027091675767,-1.871527729852,
    -15.29825653076));
#8540 = CARTESIAN_POINT('',(84.500002802387,-1.843749944693,
    -15.40175104734));
#8541 = CARTESIAN_POINT('',(83.972909788466,-1.815972185262,
    -15.29825664278));
#8542 = CARTESIAN_POINT('',(83.720974900382,-1.80208330787,
    -15.19476243331));
#8543 = CARTESIAN_POINT('',(83.492263637693,-1.788194419742,
    -15.04256076272));
#8544 = CARTESIAN_POINT('',(83.297436744605,-1.774305521895,
    -14.84773366955));
#8545 = CARTESIAN_POINT('',(83.145236463294,-1.760416625024,
    -14.61902342268));
#8546 = CARTESIAN_POINT('',(83.041744226546,-1.746527735612,
    -14.36709032135));
#8547 = CARTESIAN_POINT('',(82.938252008916,-1.71874996182,
    -13.83999998375));
#8548 = CARTESIAN_POINT('',(83.041744598714,-1.690972188029,
    -13.31290971923));
#8549 = CARTESIAN_POINT('',(83.14523682805,-1.677083298617,
    -13.06097673465));
#8550 = CARTESIAN_POINT('',(83.297436190963,-1.663194401746,
    -12.8322662896));
#8551 = CARTESIAN_POINT('',(83.492262629018,-1.649305503898,
    -12.63743842847));
#8552 = CARTESIAN_POINT('',(83.720974402112,-1.63541661577,
    -12.48523646083));
#8553 = CARTESIAN_POINT('',(83.972909679545,-1.621527738379,
    -12.38174329847));
#8554 = CARTESIAN_POINT('',(84.500002790193,-1.593749978947,
    -12.27825052339));
#8555 = CARTESIAN_POINT('',(85.027091566845,-1.565972193788,
    -12.38174439577));
#8556 = CARTESIAN_POINT('',(85.279022814504,-1.552083289713,
    -12.4852376446));
#8557 = CARTESIAN_POINT('',(85.507729038274,-1.538194378828,
    -12.63743712535));
#8558 = CARTESIAN_POINT('',(85.702558773838,-1.524305467994,
    -12.8322639108));
#8559 = CARTESIAN_POINT('',(85.854761545688,-1.510416621913,
    -13.06097647408));
#8560 = CARTESIAN_POINT('',(85.958263855951,-1.496527820196,
    -13.31291106402));
#8561 = CARTESIAN_POINT('',(86.010003610918,-1.482638846236,
    -13.57645504931));
#8562 = CARTESIAN_POINT('',(86.010004298682,-1.468749942728,
    -13.83999998418));
#8563 = ADVANCED_FACE('',(#8564),#8570,.F.);
#8564 = FACE_BOUND('',#8565,.F.);
#8565 = EDGE_LOOP('',(#8566,#8567,#8568,#8569));
#8566 = ORIENTED_EDGE('',*,*,#8394,.F.);
#8567 = ORIENTED_EDGE('',*,*,#7310,.T.);
#8568 = ORIENTED_EDGE('',*,*,#8219,.T.);
#8569 = ORIENTED_EDGE('',*,*,#6075,.F.);
#8570 = B_SPLINE_SURFACE_WITH_KNOTS('',1,11,(
    (#8571,#8572,#8573,#8574,#8575,#8576,#8577,#8578,#8579,#8580,#8581
      ,#8582,#8583,#8584,#8585,#8586,#8587,#8588,#8589,#8590,#8591)
    ,(#8592,#8593,#8594,#8595,#8596,#8597,#8598,#8599,#8600,#8601,#8602
      ,#8603,#8604,#8605,#8606,#8607,#8608,#8609,#8610,#8611,#8612
  )),.UNSPECIFIED.,.F.,.F.,.F.,(2,2),(12,9,12),(0.,6.25E-02),(0.,
    3.151524139379,6.303048278758),.UNSPECIFIED.);
#8571 = CARTESIAN_POINT('',(86.010004298682,-1.468749942728,
    -13.83999998418));
#8572 = CARTESIAN_POINT('',(86.010005424115,-1.446022646077,
    -14.27125584305));
#8573 = CARTESIAN_POINT('',(85.874561229035,-1.423295164966,
    -14.7025099232));
#8574 = CARTESIAN_POINT('',(85.603479840075,-1.40056849725,
    -15.08649597235));
#8575 = CARTESIAN_POINT('',(85.215713797203,-1.377840753655,
    -15.3758106258));
#8576 = CARTESIAN_POINT('',(84.748046419121,-1.355113268524,
    -15.53174504524));
#8577 = CARTESIAN_POINT('',(84.251959450667,-1.332386483043,
    -15.53166176697));
#8578 = CARTESIAN_POINT('',(83.784323503186,-1.30965899535,
    -15.37586671355));
#8579 = CARTESIAN_POINT('',(83.39643844634,-1.286931753982,
    -15.08647482581));
#8580 = CARTESIAN_POINT('',(83.125477243596,-1.264204462564,
    -14.70251247543));
#8581 = CARTESIAN_POINT('',(82.854515296153,-1.218749923634,
    -13.8399999564));
#8582 = CARTESIAN_POINT('',(83.125477850283,-1.173295384703,
    -12.97748762796));
#8583 = CARTESIAN_POINT('',(83.396441299366,-1.150568093312,
    -12.59352223455));
#8584 = CARTESIAN_POINT('',(83.78430627279,-1.127840851792,
    -12.30415100963));
#8585 = CARTESIAN_POINT('',(84.251982245442,-1.105113364501,
    -12.14828003882));
#8586 = CARTESIAN_POINT('',(84.748043098565,-1.082386578374,
    -12.14834482156));
#8587 = CARTESIAN_POINT('',(85.215683791104,-1.059659093919,
    -12.30412805586));
#8588 = CARTESIAN_POINT('',(85.603521939275,-1.036931349864,
    -12.59351797966));
#8589 = CARTESIAN_POINT('',(85.874541390383,-1.014204682335,
    -12.97749075031));
#8590 = CARTESIAN_POINT('',(86.010004961898,-0.991477201193,
    -13.40874412329));
#8591 = CARTESIAN_POINT('',(86.010006087909,-0.968749904538,
    -13.83999998216));
#8592 = CARTESIAN_POINT('',(86.010004656527,-1.531249942727,
    -13.83999998248));
#8593 = CARTESIAN_POINT('',(86.010005931902,-1.508522646075,
    -14.27125597759));
#8594 = CARTESIAN_POINT('',(85.874562985639,-1.485795164957,
    -14.7025102412));
#8595 = CARTESIAN_POINT('',(85.603477381622,-1.463068497256,
    -15.08649729669));
#8596 = CARTESIAN_POINT('',(85.215716023372,-1.44034075367,
    -15.37580702341));
#8597 = CARTESIAN_POINT('',(84.748046718079,-1.417613268484,
    -15.53175157112));
#8598 = CARTESIAN_POINT('',(84.251957852146,-1.394886483069,
    -15.53165842168));
#8599 = CARTESIAN_POINT('',(83.784324425165,-1.372158995339,
    -15.3758683802));
#8600 = CARTESIAN_POINT('',(83.396437906994,-1.349431753982,
    -15.08647502329));
#8601 = CARTESIAN_POINT('',(83.125476768522,-1.326704462562,
    -14.70251275436));
#8602 = CARTESIAN_POINT('',(82.854514776217,-1.281249923632,-13.83999995
    ));
#8603 = CARTESIAN_POINT('',(83.125477456718,-1.235795384702,
    -12.97748736184));
#8604 = CARTESIAN_POINT('',(83.396441141314,-1.213068093312,
    -12.59352164434));
#8605 = CARTESIAN_POINT('',(83.784304898481,-1.190340851783,
    -12.30415170556));
#8606 = CARTESIAN_POINT('',(84.251983687434,-1.167613364508,
    -12.14827562471));
#8607 = CARTESIAN_POINT('',(84.748042955992,-1.144886578362,
    -12.14835027811));
#8608 = CARTESIAN_POINT('',(85.215682017557,-1.122159093941,
    -12.30412348298));
#8609 = CARTESIAN_POINT('',(85.603525094941,-1.099431349833,
    -12.59351851637));
#8610 = CARTESIAN_POINT('',(85.87454050245,-1.076704682345,
    -12.97749052309));
#8611 = CARTESIAN_POINT('',(86.010005408365,-1.053977201191,
    -13.40874398535));
#8612 = CARTESIAN_POINT('',(86.010006684318,-1.031249904535,
    -13.83999998045));
#8613 = ADVANCED_FACE('',(#8614),#8620,.F.);
#8614 = FACE_BOUND('',#8615,.F.);
#8615 = EDGE_LOOP('',(#8616,#8617,#8618,#8619));
#8616 = ORIENTED_EDGE('',*,*,#6640,.F.);
#8617 = ORIENTED_EDGE('',*,*,#7770,.T.);
#8618 = ORIENTED_EDGE('',*,*,#6253,.T.);
#8619 = ORIENTED_EDGE('',*,*,#6956,.F.);
#8620 = B_SPLINE_SURFACE_WITH_KNOTS('',1,11,(
    (#8621,#8622,#8623,#8624,#8625,#8626,#8627,#8628,#8629,#8630,#8631
      ,#8632,#8633,#8634,#8635,#8636,#8637,#8638,#8639,#8640,#8641)
    ,(#8642,#8643,#8644,#8645,#8646,#8647,#8648,#8649,#8650,#8651,#8652
      ,#8653,#8654,#8655,#8656,#8657,#8658,#8659,#8660,#8661,#8662
  )),.UNSPECIFIED.,.F.,.F.,.F.,(2,2),(12,9,12),(0.,6.25E-02),(0.,
    3.151524139379,6.303048278758),.UNSPECIFIED.);
#8621 = CARTESIAN_POINT('',(86.010004298682,-1.468749942728,
    26.800000015812));
#8622 = CARTESIAN_POINT('',(86.010005424115,-1.446022646077,
    26.368744156942));
#8623 = CARTESIAN_POINT('',(85.874561229035,-1.423295164966,
    25.937490076798));
#8624 = CARTESIAN_POINT('',(85.603479840075,-1.40056849725,
    25.553504027648));
#8625 = CARTESIAN_POINT('',(85.215713797203,-1.377840753655,
    25.264189374197));
#8626 = CARTESIAN_POINT('',(84.748046419121,-1.355113268524,
    25.108254954756));
#8627 = CARTESIAN_POINT('',(84.251959450667,-1.332386483043,
    25.108338233025));
#8628 = CARTESIAN_POINT('',(83.784323503186,-1.30965899535,
    25.264133286448));
#8629 = CARTESIAN_POINT('',(83.39643844634,-1.286931753981,
    25.553525174182));
#8630 = CARTESIAN_POINT('',(83.125477243596,-1.264204462564,
    25.93748752457));
#8631 = CARTESIAN_POINT('',(82.854515296153,-1.218749923634,
    26.800000043597));
#8632 = CARTESIAN_POINT('',(83.125477850283,-1.173295384703,
    27.662512372031));
#8633 = CARTESIAN_POINT('',(83.396441299366,-1.150568093312,
    28.046477765441));
#8634 = CARTESIAN_POINT('',(83.78430627279,-1.127840851792,
    28.335848990364));
#8635 = CARTESIAN_POINT('',(84.251982245442,-1.105113364501,
    28.491719961178));
#8636 = CARTESIAN_POINT('',(84.748043098565,-1.082386578374,
    28.491655178431));
#8637 = CARTESIAN_POINT('',(85.215683791104,-1.059659093919,
    28.33587194414));
#8638 = CARTESIAN_POINT('',(85.603521939275,-1.036931349864,
    28.046482020337));
#8639 = CARTESIAN_POINT('',(85.874541390383,-1.014204682335,
    27.66250924969));
#8640 = CARTESIAN_POINT('',(86.010004961898,-0.991477201193,
    27.231255876708));
#8641 = CARTESIAN_POINT('',(86.010006087909,-0.968749904538,
    26.800000017838));
#8642 = CARTESIAN_POINT('',(86.010004656527,-1.531249942727,
    26.800000017515));
#8643 = CARTESIAN_POINT('',(86.010005931902,-1.508522646075,
    26.368744022407));
#8644 = CARTESIAN_POINT('',(85.874562985639,-1.485795164957,
    25.9374897588));
#8645 = CARTESIAN_POINT('',(85.603477381622,-1.463068497256,
    25.553502703305));
#8646 = CARTESIAN_POINT('',(85.215716023372,-1.44034075367,
    25.264192976587));
#8647 = CARTESIAN_POINT('',(84.748046718079,-1.417613268484,
    25.10824842888));
#8648 = CARTESIAN_POINT('',(84.251957852146,-1.394886483069,
    25.10834157832));
#8649 = CARTESIAN_POINT('',(83.784324425165,-1.372158995339,
    25.264131619791));
#8650 = CARTESIAN_POINT('',(83.396437906994,-1.349431753982,
    25.553524976708));
#8651 = CARTESIAN_POINT('',(83.125476768522,-1.326704462562,
    25.937487245637));
#8652 = CARTESIAN_POINT('',(82.854514776217,-1.281249923632,
    26.800000049998));
#8653 = CARTESIAN_POINT('',(83.125477456718,-1.235795384702,
    27.66251263816));
#8654 = CARTESIAN_POINT('',(83.396441141314,-1.213068093312,
    28.046478355654));
#8655 = CARTESIAN_POINT('',(83.784304898481,-1.190340851783,
    28.33584829444));
#8656 = CARTESIAN_POINT('',(84.251983687434,-1.167613364508,
    28.49172437529));
#8657 = CARTESIAN_POINT('',(84.748042955992,-1.144886578362,
    28.491649721885));
#8658 = CARTESIAN_POINT('',(85.215682017557,-1.122159093941,
    28.335876517018));
#8659 = CARTESIAN_POINT('',(85.603525094941,-1.099431349833,
    28.046481483621));
#8660 = CARTESIAN_POINT('',(85.87454050245,-1.076704682345,
    27.662509476903));
#8661 = CARTESIAN_POINT('',(86.010005408365,-1.053977201191,
    27.231256014649));
#8662 = CARTESIAN_POINT('',(86.010006684318,-1.031249904535,
    26.800000019541));
#8663 = ( GEOMETRIC_REPRESENTATION_CONTEXT(3) 
GLOBAL_UNCERTAINTY_ASSIGNED_CONTEXT((#8667)) 
GLOBAL_UNIT_ASSIGNED_CONTEXT((#8664,#8665,#8666)) REPRESENTATION_CONTEXT
('Context #1','3D Context with UNIT and UNCERTAINTY') );
#8664 = ( LENGTH_UNIT() NAMED_UNIT(*) SI_UNIT(.MILLI.,.METRE.) );
#8665 = ( NAMED_UNIT(*) PLANE_ANGLE_UNIT() SI_UNIT($,.RADIAN.) );
#8666 = ( NAMED_UNIT(*) SI_UNIT($,.STERADIAN.) SOLID_ANGLE_UNIT() );
#8667 = UNCERTAINTY_MEASURE_WITH_UNIT(LENGTH_MEASURE(5.E-06),#8664,
  'distance_accuracy_value','confusion accuracy');
#8668 = PRODUCT_RELATED_PRODUCT_CATEGORY('part',$,(#7));
#8669 = MECHANICAL_DESIGN_GEOMETRIC_PRESENTATION_REPRESENTATION('',(
    #8670),#8663);
#8670 = STYLED_ITEM('color',(#8671),#15);
#8671 = PRESENTATION_STYLE_ASSIGNMENT((#8672,#8678));
#8672 = SURFACE_STYLE_USAGE(.BOTH.,#8673);
#8673 = SURFACE_SIDE_STYLE('',(#8674));
#8674 = SURFACE_STYLE_FILL_AREA(#8675);
#8675 = FILL_AREA_STYLE('',(#8676));
#8676 = FILL_AREA_STYLE_COLOUR('',#8677);
#8677 = COLOUR_RGB('',0.678431390124,0.709803936702,0.741176476869);
#8678 = CURVE_STYLE('',#8679,POSITIVE_LENGTH_MEASURE(0.1),#8680);
#8679 = DRAUGHTING_PRE_DEFINED_CURVE_FONT('continuous');
#8680 = COLOUR_RGB('',9.803921802644E-02,9.803921802644E-02,
  9.803921802644E-02);
ENDSEC;
END-ISO-10303-21;
