ISO-10303-21;
HEADER;
FILE_DESCRIPTION(('FreeCAD Model'),'2;1');
FILE_NAME('Open CASCADE Shape Model','2026-06-27T21:29:48',('Author'),(
    ''),'Open CASCADE STEP processor 7.8','FreeCAD','Unknown');
FILE_SCHEMA(('AUTOMOTIVE_DESIGN { 1 0 10303 214 1 1 1 1 }'));
ENDSEC;
DATA;
#1 = APPLICATION_PROTOCOL_DEFINITION('international standard',
  'automotive_design',2000,#2);
#2 = APPLICATION_CONTEXT(
  'core data for automotive mechanical design processes');
#3 = SHAPE_DEFINITION_REPRESENTATION(#4,#10);
#4 = PRODUCT_DEFINITION_SHAPE('','',#5);
#5 = PRODUCT_DEFINITION('design','',#6,#9);
#6 = PRODUCT_DEFINITION_FORMATION('','',#7);
#7 = PRODUCT('Body','Body','',(#8));
#8 = PRODUCT_CONTEXT('',#2,'mechanical');
#9 = PRODUCT_DEFINITION_CONTEXT('part definition',#2,'design');
#10 = ADVANCED_BREP_SHAPE_REPRESENTATION('',(#11,#15),#9801);
#11 = AXIS2_PLACEMENT_3D('',#12,#13,#14);
#12 = CARTESIAN_POINT('',(0.,0.,0.));
#13 = DIRECTION('',(0.,0.,1.));
#14 = DIRECTION('',(1.,0.,-0.));
#15 = MANIFOLD_SOLID_BREP('',#16);
#16 = CLOSED_SHELL('',(#17,#50,#70,#200,#225,#263,#362,#447,#564,#648,
    #657,#756,#841,#1009,#1087,#1186,#1271,#1427,#1528,#1627,#1712,#1856
    ,#1957,#2056,#2141,#2297,#2386,#2485,#2570,#2708,#2803,#2902,#2987,
    #3143,#3232,#3331,#3416,#3572,#3679,#3778,#3863,#4013,#4120,#4219,
    #4304,#4448,#4531,#4630,#4715,#4871,#4966,#5065,#5150,#5288,#5389,
    #5488,#5573,#5711,#5812,#5911,#5996,#6128,#6223,#6322,#6407,#6557,
    #6646,#6745,#6830,#6974,#7075,#7174,#7259,#7397,#7498,#7597,#7682,
    #7832,#7921,#8020,#8105,#8249,#8344,#8443,#8528,#8666,#8767,#8866,
    #8951,#9095,#9202,#9301,#9386,#9536,#9632,#9684,#9734,#9771,#9789));
#17 = ADVANCED_FACE('',(#18),#45,.T.);
#18 = FACE_BOUND('',#19,.F.);
#19 = EDGE_LOOP('',(#20,#30,#37,#38));
#20 = ORIENTED_EDGE('',*,*,#21,.T.);
#21 = EDGE_CURVE('',#22,#24,#26,.T.);
#22 = VERTEX_POINT('',#23);
#23 = CARTESIAN_POINT('',(0.,2.5,0.));
#24 = VERTEX_POINT('',#25);
#25 = CARTESIAN_POINT('',(20.,2.5,0.));
#26 = LINE('',#27,#28);
#27 = CARTESIAN_POINT('',(0.,2.5,0.));
#28 = VECTOR('',#29,1.);
#29 = DIRECTION('',(1.,0.,0.));
#30 = ORIENTED_EDGE('',*,*,#31,.T.);
#31 = EDGE_CURVE('',#24,#24,#32,.T.);
#32 = CIRCLE('',#33,2.5);
#33 = AXIS2_PLACEMENT_3D('',#34,#35,#36);
#34 = CARTESIAN_POINT('',(20.,0.,0.));
#35 = DIRECTION('',(1.,0.,0.));
#36 = DIRECTION('',(0.,1.,0.));
#37 = ORIENTED_EDGE('',*,*,#21,.F.);
#38 = ORIENTED_EDGE('',*,*,#39,.F.);
#39 = EDGE_CURVE('',#22,#22,#40,.T.);
#40 = CIRCLE('',#41,2.5);
#41 = AXIS2_PLACEMENT_3D('',#42,#43,#44);
#42 = CARTESIAN_POINT('',(0.,0.,0.));
#43 = DIRECTION('',(1.,0.,0.));
#44 = DIRECTION('',(0.,1.,0.));
#45 = CYLINDRICAL_SURFACE('',#46,2.5);
#46 = AXIS2_PLACEMENT_3D('',#47,#48,#49);
#47 = CARTESIAN_POINT('',(0.,0.,0.));
#48 = DIRECTION('',(-1.,-0.,-0.));
#49 = DIRECTION('',(0.,1.,0.));
#50 = ADVANCED_FACE('',(#51,#54),#65,.F.);
#51 = FACE_BOUND('',#52,.F.);
#52 = EDGE_LOOP('',(#53));
#53 = ORIENTED_EDGE('',*,*,#39,.T.);
#54 = FACE_BOUND('',#55,.F.);
#55 = EDGE_LOOP('',(#56));
#56 = ORIENTED_EDGE('',*,*,#57,.T.);
#57 = EDGE_CURVE('',#58,#58,#60,.T.);
#58 = VERTEX_POINT('',#59);
#59 = CARTESIAN_POINT('',(0.,-1.,0.));
#60 = CIRCLE('',#61,1.);
#61 = AXIS2_PLACEMENT_3D('',#62,#63,#64);
#62 = CARTESIAN_POINT('',(0.,0.,0.));
#63 = DIRECTION('',(-1.,0.,0.));
#64 = DIRECTION('',(0.,-1.,0.));
#65 = PLANE('',#66);
#66 = AXIS2_PLACEMENT_3D('',#67,#68,#69);
#67 = CARTESIAN_POINT('',(0.,-1.367440132539E-16,3.4690113325E-17));
#68 = DIRECTION('',(1.,0.,0.));
#69 = DIRECTION('',(0.,0.,1.));
#70 = ADVANCED_FACE('',(#71,#74),#195,.T.);
#71 = FACE_BOUND('',#72,.T.);
#72 = EDGE_LOOP('',(#73));
#73 = ORIENTED_EDGE('',*,*,#31,.T.);
#74 = FACE_BOUND('',#75,.T.);
#75 = EDGE_LOOP('',(#76,#87,#96,#139,#154));
#76 = ORIENTED_EDGE('',*,*,#77,.F.);
#77 = EDGE_CURVE('',#78,#80,#82,.T.);
#78 = VERTEX_POINT('',#79);
#79 = CARTESIAN_POINT('',(20.,0.,-1.035));
#80 = VERTEX_POINT('',#81);
#81 = CARTESIAN_POINT('',(20.,0.832809926628,-0.614534479187));
#82 = CIRCLE('',#83,1.035);
#83 = AXIS2_PLACEMENT_3D('',#84,#85,#86);
#84 = CARTESIAN_POINT('',(20.,0.,0.));
#85 = DIRECTION('',(1.,-0.,0.));
#86 = DIRECTION('',(0.,0.,-1.));
#87 = ORIENTED_EDGE('',*,*,#88,.F.);
#88 = EDGE_CURVE('',#89,#78,#91,.T.);
#89 = VERTEX_POINT('',#90);
#90 = CARTESIAN_POINT('',(20.,-0.832823876914,-0.614515573474));
#91 = CIRCLE('',#92,1.035);
#92 = AXIS2_PLACEMENT_3D('',#93,#94,#95);
#93 = CARTESIAN_POINT('',(20.,0.,0.));
#94 = DIRECTION('',(1.,-0.,0.));
#95 = DIRECTION('',(0.,0.,-1.));
#96 = ORIENTED_EDGE('',*,*,#97,.F.);
#97 = EDGE_CURVE('',#98,#89,#100,.T.);
#98 = VERTEX_POINT('',#99);
#99 = CARTESIAN_POINT('',(20.,-0.482181437112,1.164088377008));
#100 = B_SPLINE_CURVE_WITH_KNOTS('',7,(#101,#102,#103,#104,#105,#106,
    #107,#108,#109,#110,#111,#112,#113,#114,#115,#116,#117,#118,#119,
    #120,#121,#122,#123,#124,#125,#126,#127,#128,#129,#130,#131,#132,
    #133,#134,#135,#136,#137,#138),.UNSPECIFIED.,.F.,.F.,(8,6,6,6,6,6,8)
  ,(0.,0.291674904489,0.471552603821,0.584311796547,0.656040470547,
    0.699825136027,1.),.UNSPECIFIED.);
#101 = CARTESIAN_POINT('',(20.,-0.482181437112,1.164088377008));
#102 = CARTESIAN_POINT('',(20.,-0.599479535768,1.10139758844));
#103 = CARTESIAN_POINT('',(20.,-0.708529358585,1.024455768217));
#104 = CARTESIAN_POINT('',(20.,-0.807066457928,0.934482569946));
#105 = CARTESIAN_POINT('',(20.,-0.893156777649,0.833133447734));
#106 = CARTESIAN_POINT('',(20.,-0.965183985584,0.722376898076));
#107 = CARTESIAN_POINT('',(20.,-1.02186577709,0.604499707471));
#108 = CARTESIAN_POINT('',(20.,-1.087450626719,0.406634009241));
#109 = CARTESIAN_POINT('',(20.,-1.106347082472,0.329418438502));
#110 = CARTESIAN_POINT('',(20.,-1.118938961198,0.251064263869));
#111 = CARTESIAN_POINT('',(20.,-1.125121504262,0.172188687118));
#112 = CARTESIAN_POINT('',(20.,-1.124863769009,9.34213965691E-02));
#113 = CARTESIAN_POINT('',(20.,-1.118211331294,1.539881496878E-02));
#114 = CARTESIAN_POINT('',(20.,-1.097200237958,-0.109285715043));
#115 = CARTESIAN_POINT('',(20.,-1.086642810097,-0.15678880531));
#116 = CARTESIAN_POINT('',(20.,-1.073655988484,-0.203595728374));
#117 = CARTESIAN_POINT('',(20.,-1.058284063493,-0.249553422128));
#118 = CARTESIAN_POINT('',(20.,-1.040583613557,-0.294512125558));
#119 = CARTESIAN_POINT('',(20.,-1.020623517675,-0.338326074788));
#120 = CARTESIAN_POINT('',(20.,-0.984402135476,-0.407907301323));
#121 = CARTESIAN_POINT('',(20.,-0.969437664446,-0.434440372555));
#122 = CARTESIAN_POINT('',(20.,-0.953612428564,-0.460417131828));
#123 = CARTESIAN_POINT('',(20.,-0.936949155214,-0.485802444564));
#124 = CARTESIAN_POINT('',(20.,-0.919472425432,-0.510562322586));
#125 = CARTESIAN_POINT('',(20.,-0.901208673905,-0.534663924118));
#126 = CARTESIAN_POINT('',(20.,-0.870574470914,-0.572366496535));
#127 = CARTESIAN_POINT('',(20.,-0.858680018312,-0.586400383528));
#128 = CARTESIAN_POINT('',(20.,-0.846509255805,-0.600170029116));
#129 = CARTESIAN_POINT('',(20.,-0.834068840652,-0.613668452274));
#130 = CARTESIAN_POINT('',(20.,-0.821365662739,-0.626888876603));
#131 = CARTESIAN_POINT('',(20.,-0.808406844574,-0.639824730325));
#132 = CARTESIAN_POINT('',(20.,-0.704655702895,-0.739159492787));
#133 = CARTESIAN_POINT('',(20.,-0.602374896049,-0.812239392986));
#134 = CARTESIAN_POINT('',(20.,-0.490807639868,-0.869516723747));
#135 = CARTESIAN_POINT('',(20.,-0.372856034369,-0.90950816888));
#136 = CARTESIAN_POINT('',(20.,-0.25164267712,-0.931347491093));
#137 = CARTESIAN_POINT('',(20.,-0.13051778074,-0.934825811426));
#138 = CARTESIAN_POINT('',(20.,-1.285697443868E-02,-0.920644802102));
#139 = ORIENTED_EDGE('',*,*,#140,.F.);
#140 = EDGE_CURVE('',#141,#98,#143,.T.);
#141 = VERTEX_POINT('',#142);
#142 = CARTESIAN_POINT('',(20.,0.482180788584,1.164088681487));
#143 = B_SPLINE_CURVE_WITH_KNOTS('',5,(#144,#145,#146,#147,#148,#149,
    #150,#151,#152,#153),.UNSPECIFIED.,.F.,.F.,(6,4,6),(0.,0.50000000436
    ,1.),.UNSPECIFIED.);
#144 = CARTESIAN_POINT('',(20.,0.482180788584,1.164088681487));
#145 = CARTESIAN_POINT('',(20.,0.390754294941,1.201958302614));
#146 = CARTESIAN_POINT('',(20.,0.295605939957,1.230853553267));
#147 = CARTESIAN_POINT('',(20.,0.197922246952,1.250283735228));
#148 = CARTESIAN_POINT('',(20.,9.89588198145E-02,1.259999135689));
#149 = CARTESIAN_POINT('',(20.,-9.895953182073E-02,1.259999100011));
#150 = CARTESIAN_POINT('',(20.,-0.197922955331,1.250283667105));
#151 = CARTESIAN_POINT('',(20.,-0.295606643629,1.23085345212));
#152 = CARTESIAN_POINT('',(20.,-0.390754980577,1.201958116516));
#153 = CARTESIAN_POINT('',(20.,-0.482181427716,1.164088384588));
#154 = ORIENTED_EDGE('',*,*,#155,.F.);
#155 = EDGE_CURVE('',#80,#141,#156,.T.);
#156 = B_SPLINE_CURVE_WITH_KNOTS('',7,(#157,#158,#159,#160,#161,#162,
    #163,#164,#165,#166,#167,#168,#169,#170,#171,#172,#173,#174,#175,
    #176,#177,#178,#179,#180,#181,#182,#183,#184,#185,#186,#187,#188,
    #189,#190,#191,#192,#193,#194),.UNSPECIFIED.,.F.,.F.,(8,6,6,6,6,6,8)
  ,(0.,0.115192964625,0.299255410291,0.383199623838,0.507368420131,
    0.697987286426,1.),.UNSPECIFIED.);
#157 = CARTESIAN_POINT('',(20.,1.283946686544E-02,-0.920646830904));
#158 = CARTESIAN_POINT('',(20.,5.799151132914E-02,-0.926089307004));
#159 = CARTESIAN_POINT('',(20.,0.103644316943,-0.92892986083));
#160 = CARTESIAN_POINT('',(20.,0.149613220538,-0.929131942022));
#161 = CARTESIAN_POINT('',(20.,0.195712308369,-0.926675811531));
#162 = CARTESIAN_POINT('',(20.,0.241755593573,-0.921558339821));
#163 = CARTESIAN_POINT('',(20.,0.287558193646,-0.913792805077));
#164 = CARTESIAN_POINT('',(20.,0.405447383773,-0.886816312152));
#165 = CARTESIAN_POINT('',(20.,0.476884419391,-0.863536544878));
#166 = CARTESIAN_POINT('',(20.,0.546496475917,-0.833689265322));
#167 = CARTESIAN_POINT('',(20.,0.613570491236,-0.797499756978));
#168 = CARTESIAN_POINT('',(20.,0.677437492337,-0.755282542068));
#169 = CARTESIAN_POINT('',(20.,0.737480208127,-0.707434479907));
#170 = CARTESIAN_POINT('',(20.,0.818529194495,-0.630266962523));
#171 = CARTESIAN_POINT('',(20.,0.843005445416,-0.60502450082));
#172 = CARTESIAN_POINT('',(20.,0.866519896073,-0.578754745411));
#173 = CARTESIAN_POINT('',(20.,0.88902367132,-0.551505263874));
#174 = CARTESIAN_POINT('',(20.,0.910471160225,-0.523326193533));
#175 = CARTESIAN_POINT('',(20.,0.930820016072,-0.494270241458));
#176 = CARTESIAN_POINT('',(20.,0.978447935354,-0.420198330485));
#177 = CARTESIAN_POINT('',(20.,1.004376054243,-0.374205166647));
#178 = CARTESIAN_POINT('',(20.,1.027688958482,-0.326592114995));
#179 = CARTESIAN_POINT('',(20.,1.048277780905,-0.277546647921));
#180 = CARTESIAN_POINT('',(20.,1.066051419677,-0.227263634705));
#181 = CARTESIAN_POINT('',(20.,1.080936616264,-0.175944188066));
#182 = CARTESIAN_POINT('',(20.,1.111210009395,-4.373645527696E-02));
#183 = CARTESIAN_POINT('',(20.,1.122606389558,3.828662453622E-02));
#184 = CARTESIAN_POINT('',(20.,1.12686374887,0.121522584307));
#185 = CARTESIAN_POINT('',(20.,1.123889328947,0.205214141776));
#186 = CARTESIAN_POINT('',(20.,1.113687467139,0.288608000057));
#187 = CARTESIAN_POINT('',(20.,1.096356351238,0.370962844992));
#188 = CARTESIAN_POINT('',(20.,1.033656058966,0.579246740427));
#189 = CARTESIAN_POINT('',(20.,0.977798763739,0.702587544541));
#190 = CARTESIAN_POINT('',(20.,0.905297246456,0.818643682226));
#191 = CARTESIAN_POINT('',(20.,0.817531578258,0.924842428609));
#192 = CARTESIAN_POINT('',(20.,0.716268153114,1.018971965225));
#193 = CARTESIAN_POINT('',(20.,0.603643202231,1.09917256528));
#194 = CARTESIAN_POINT('',(20.,0.482180821453,1.164088688897));
#195 = PLANE('',#196);
#196 = AXIS2_PLACEMENT_3D('',#197,#198,#199);
#197 = CARTESIAN_POINT('',(20.,-1.367440132539E-16,3.4690113325E-17));
#198 = DIRECTION('',(1.,0.,0.));
#199 = DIRECTION('',(0.,0.,1.));
#200 = ADVANCED_FACE('',(#201),#220,.T.);
#201 = FACE_BOUND('',#202,.F.);
#202 = EDGE_LOOP('',(#203,#211,#218,#219));
#203 = ORIENTED_EDGE('',*,*,#204,.T.);
#204 = EDGE_CURVE('',#58,#205,#207,.T.);
#205 = VERTEX_POINT('',#206);
#206 = CARTESIAN_POINT('',(-4.,-1.,0.));
#207 = LINE('',#208,#209);
#208 = CARTESIAN_POINT('',(0.,-1.,0.));
#209 = VECTOR('',#210,1.);
#210 = DIRECTION('',(-1.,0.,0.));
#211 = ORIENTED_EDGE('',*,*,#212,.T.);
#212 = EDGE_CURVE('',#205,#205,#213,.T.);
#213 = CIRCLE('',#214,1.);
#214 = AXIS2_PLACEMENT_3D('',#215,#216,#217);
#215 = CARTESIAN_POINT('',(-4.,0.,0.));
#216 = DIRECTION('',(-1.,0.,0.));
#217 = DIRECTION('',(0.,-1.,0.));
#218 = ORIENTED_EDGE('',*,*,#204,.F.);
#219 = ORIENTED_EDGE('',*,*,#57,.F.);
#220 = CYLINDRICAL_SURFACE('',#221,1.);
#221 = AXIS2_PLACEMENT_3D('',#222,#223,#224);
#222 = CARTESIAN_POINT('',(0.,0.,0.));
#223 = DIRECTION('',(1.,0.,0.));
#224 = DIRECTION('',(0.,-1.,0.));
#225 = ADVANCED_FACE('',(#226),#258,.F.);
#226 = FACE_BOUND('',#227,.T.);
#227 = EDGE_LOOP('',(#228,#236,#237));
#228 = ORIENTED_EDGE('',*,*,#229,.F.);
#229 = EDGE_CURVE('',#78,#230,#232,.T.);
#230 = VERTEX_POINT('',#231);
#231 = CARTESIAN_POINT('',(19.933030607677,-2.537917689859E-08,-1.035));
#232 = LINE('',#233,#234);
#233 = CARTESIAN_POINT('',(20.,0.,-1.035));
#234 = VECTOR('',#235,1.);
#235 = DIRECTION('',(-1.,0.,6.661338147751E-17));
#236 = ORIENTED_EDGE('',*,*,#77,.T.);
#237 = ORIENTED_EDGE('',*,*,#238,.T.);
#238 = EDGE_CURVE('',#80,#230,#239,.T.);
#239 = B_SPLINE_CURVE_WITH_KNOTS('',5,(#240,#241,#242,#243,#244,#245,
    #246,#247,#248,#249,#250,#251,#252,#253,#254,#255,#256,#257),
  .UNSPECIFIED.,.F.,.F.,(6,4,4,4,6),(0.,0.121395154298,0.299472830626,
    0.729360076335,1.),.UNSPECIFIED.);
#240 = CARTESIAN_POINT('',(20.000023849425,0.833014522042,
    -0.614257117229));
#241 = CARTESIAN_POINT('',(19.998397312251,0.819064209494,-0.63317560041
    ));
#242 = CARTESIAN_POINT('',(19.996770773046,0.80457681518,-0.651698070643
    ));
#243 = CARTESIAN_POINT('',(19.995144232353,0.789567349581,
    -0.669804171604));
#244 = CARTESIAN_POINT('',(19.993517690824,0.774051927168,
    -0.687474462295));
#245 = CARTESIAN_POINT('',(19.989505133465,0.73457085104,-0.729944944155
    ));
#246 = CARTESIAN_POINT('',(19.987119116024,0.710042168026,
    -0.754221864869));
#247 = CARTESIAN_POINT('',(19.984733100777,0.684516173365,
    -0.777462611546));
#248 = CARTESIAN_POINT('',(19.982347090527,0.658051791579,
    -0.799613531778));
#249 = CARTESIAN_POINT('',(19.974201170833,0.564713974822,-0.87135062991
    ));
#250 = CARTESIAN_POINT('',(19.968441125236,0.49361423496,-0.915441801611
    ));
#251 = CARTESIAN_POINT('',(19.962681467227,0.418307936259,
    -0.952211653392));
#252 = CARTESIAN_POINT('',(19.956921451782,0.339816010583,
    -0.981161939976));
#253 = CARTESIAN_POINT('',(19.947535306437,0.208497095625,
    -1.015135515058));
#254 = CARTESIAN_POINT('',(19.943909062063,0.15693248276,-1.025049955217
    ));
#255 = CARTESIAN_POINT('',(19.940282774879,0.104809387609,
    -1.031683222547));
#256 = CARTESIAN_POINT('',(19.936656549011,5.240480162279E-02,-1.035));
#257 = CARTESIAN_POINT('',(19.933030611189,1.421907591111E-17,-1.035));
#258 = CYLINDRICAL_SURFACE('',#259,1.035);
#259 = AXIS2_PLACEMENT_3D('',#260,#261,#262);
#260 = CARTESIAN_POINT('',(20.,0.,0.));
#261 = DIRECTION('',(-1.,-0.,-0.));
#262 = DIRECTION('',(0.,0.,-1.));
#263 = ADVANCED_FACE('',(#264),#299,.F.);
#264 = FACE_BOUND('',#265,.F.);
#265 = EDGE_LOOP('',(#266,#292,#293,#294));
#266 = ORIENTED_EDGE('',*,*,#267,.F.);
#267 = EDGE_CURVE('',#141,#268,#270,.T.);
#268 = VERTEX_POINT('',#269);
#269 = CARTESIAN_POINT('',(19.803124958793,2.36096679952E-09,
    -1.26000104299));
#270 = B_SPLINE_CURVE_WITH_KNOTS('',11,(#271,#272,#273,#274,#275,#276,
    #277,#278,#279,#280,#281,#282,#283,#284,#285,#286,#287,#288,#289,
    #290,#291),.UNSPECIFIED.,.F.,.F.,(12,9,12),(0.,3.149639566854,
    6.299279133707),.UNSPECIFIED.);
#271 = CARTESIAN_POINT('',(20.253125,0.,-1.26));
#272 = CARTESIAN_POINT('',(20.232670428732,-0.359854691648,
    -1.260000653414));
#273 = CARTESIAN_POINT('',(20.212215658426,-0.719708262458,
    -1.146978928791));
#274 = CARTESIAN_POINT('',(20.191761765815,-1.04011740713,
    -0.920786746865));
#275 = CARTESIAN_POINT('',(20.171306712195,-1.281541018397,
    -0.597213120833));
#276 = CARTESIAN_POINT('',(20.15085193771,-1.411639671521,
    -0.206977447606));
#277 = CARTESIAN_POINT('',(20.130397917846,-1.41158792412,0.206970385423
    ));
#278 = CARTESIAN_POINT('',(20.109943140535,-1.281578275863,
    0.597187465048));
#279 = CARTESIAN_POINT('',(20.089488628882,-1.040101988335,
    0.920849545552));
#280 = CARTESIAN_POINT('',(20.069034063267,-0.719710185069,
    1.146949226161));
#281 = CARTESIAN_POINT('',(20.028124979397,3.48152918223E-08,
    1.373049307182));
#282 = CARTESIAN_POINT('',(19.987215895527,0.719710140501,1.14694886265)
  );
#283 = CARTESIAN_POINT('',(19.966761344959,1.040101817894,0.920848347311
    ));
#284 = CARTESIAN_POINT('',(19.946306759137,1.281575403787,0.59719560936)
  );
#285 = CARTESIAN_POINT('',(19.92585214656,1.411608544462,0.206960439482)
  );
#286 = CARTESIAN_POINT('',(19.905397915416,1.411600588336,-0.20697889239
    ));
#287 = CARTESIAN_POINT('',(19.884943305837,1.281569303292,
    -0.597193764779));
#288 = CARTESIAN_POINT('',(19.864488177854,1.040111158145,-0.92081178101
    ));
#289 = CARTESIAN_POINT('',(19.84403430039,0.719707854143,-1.146967374147
    ));
#290 = CARTESIAN_POINT('',(19.823579530064,0.359854694009,
    -1.260000388902));
#291 = CARTESIAN_POINT('',(19.803124958793,2.361006048091E-09,
    -1.26000104299));
#292 = ORIENTED_EDGE('',*,*,#155,.F.);
#293 = ORIENTED_EDGE('',*,*,#238,.T.);
#294 = ORIENTED_EDGE('',*,*,#295,.F.);
#295 = EDGE_CURVE('',#268,#230,#296,.T.);
#296 = B_SPLINE_CURVE_WITH_KNOTS('',1,(#297,#298),.UNSPECIFIED.,.F.,.F.,
  (2,2),(0.,0.39175),.PIECEWISE_BEZIER_KNOTS.);
#297 = CARTESIAN_POINT('',(19.803124958793,2.361006723461E-09,
    -1.26000104299));
#298 = CARTESIAN_POINT('',(19.99900135672,-7.773427079805E-08,
    -0.920736398155));
#299 = B_SPLINE_SURFACE_WITH_KNOTS('',1,9,(
    (#300,#301,#302,#303,#304,#305,#306,#307,#308,#309,#310,#311,#312
      ,#313,#314,#315,#316,#317,#318,#319,#320,#321,#322,#323,#324,#325
      ,#326,#327,#328,#329,#330)
    ,(#331,#332,#333,#334,#335,#336,#337,#338,#339,#340,#341,#342,#343
      ,#344,#345,#346,#347,#348,#349,#350,#351,#352,#353,#354,#355,#356
      ,#357,#358,#359,#360,#361
    )),.UNSPECIFIED.,.F.,.F.,.F.,(2,2),(10,7,7,7,10),(0.,0.39175),(0.,
    1.574819783427,3.149639566854,4.72445935028,6.299279133707),
  .UNSPECIFIED.);
#300 = CARTESIAN_POINT('',(20.253125,1.110223024625E-16,-1.26));
#301 = CARTESIAN_POINT('',(20.240624984225,-0.219911200451,
    -1.260000399309));
#302 = CARTESIAN_POINT('',(20.228124892428,-0.439821972805,
    -1.216832529228));
#303 = CARTESIAN_POINT('',(20.215624986457,-0.650047015903,
    -1.130460823558));
#304 = CARTESIAN_POINT('',(20.203125032731,-0.840889023458,
    -1.003453438721));
#305 = CARTESIAN_POINT('',(20.190625008977,-1.003458162826,
    -0.840885867064));
#306 = CARTESIAN_POINT('',(20.178124985278,-1.130462147719,
    -0.650043750845));
#307 = CARTESIAN_POINT('',(20.16562496888,-1.216820977015,
    -0.439824012269));
#308 = CARTESIAN_POINT('',(20.140624960914,-1.30318039715,
    -2.32579831007E-06));
#309 = CARTESIAN_POINT('',(20.115624980713,-1.216821189324,0.43982282857
    ));
#310 = CARTESIAN_POINT('',(20.10312499312,-1.130462073742,0.650046298732
    ));
#311 = CARTESIAN_POINT('',(20.090624993941,-1.003459553071,0.84089117496
    ));
#312 = CARTESIAN_POINT('',(20.078124984274,-0.840888797234,1.00346160972
    ));
#313 = CARTESIAN_POINT('',(20.06562497566,-0.650044802297,1.130462820006
    ));
#314 = CARTESIAN_POINT('',(20.053124975095,-0.439822881896,
    1.216820417239));
#315 = CARTESIAN_POINT('',(20.028124979397,1.716993199921E-08,
    1.303178045421));
#316 = CARTESIAN_POINT('',(20.003124983699,0.439822872619,1.216820195094
    ));
#317 = CARTESIAN_POINT('',(19.990624983135,0.650044723937,1.130462599696
    ));
#318 = CARTESIAN_POINT('',(19.97812497452,0.8408888329,1.003461922515));
#319 = CARTESIAN_POINT('',(19.965624964852,1.003460034483,0.840891751084
    ));
#320 = CARTESIAN_POINT('',(19.953124965674,1.130462726057,0.650046575826
    ));
#321 = CARTESIAN_POINT('',(19.940624978082,1.216821228763,0.439822877681
    ));
#322 = CARTESIAN_POINT('',(19.91562499788,1.30317948152,
    -2.334093216374E-06));
#323 = CARTESIAN_POINT('',(19.890624989914,1.216820431716,
    -0.439823963157));
#324 = CARTESIAN_POINT('',(19.878124973521,1.130461805027,-0.65004430937
    ));
#325 = CARTESIAN_POINT('',(19.8656249498,1.003460949907,-0.840884943799)
  );
#326 = CARTESIAN_POINT('',(19.853124926089,0.840890186862,
    -1.003457204494));
#327 = CARTESIAN_POINT('',(19.840624972314,0.65004543294,-1.130461029856
    ));
#328 = CARTESIAN_POINT('',(19.828125066375,0.43982181831,-1.21682816135)
  );
#329 = CARTESIAN_POINT('',(19.81562497457,0.219911202812,-1.26000064327)
  );
#330 = CARTESIAN_POINT('',(19.803124958793,2.361006723461E-09,
    -1.26000104299));
#331 = CARTESIAN_POINT('',(20.449,0.,-0.920734548067));
#332 = CARTESIAN_POINT('',(20.436500519421,-0.160711045628,
    -0.920735256372));
#333 = CARTESIAN_POINT('',(20.424003541934,-0.321386491102,
    -0.88919058758));
#334 = CARTESIAN_POINT('',(20.411500445691,-0.475010229244,
    -0.826083161173));
#335 = CARTESIAN_POINT('',(20.398998922357,-0.614474916321,
    -0.733265718528));
#336 = CARTESIAN_POINT('',(20.386499704609,-0.733271019377,
    -0.614465204183));
#337 = CARTESIAN_POINT('',(20.374000484646,-0.826075483588,
    -0.475013857949));
#338 = CARTESIAN_POINT('',(20.361501024633,-0.889182623,-0.321397814958)
  );
#339 = CARTESIAN_POINT('',(20.336501286908,-0.952289309664,
    -2.366642184152E-06));
#340 = CARTESIAN_POINT('',(20.311500635054,-0.889182429041,
    0.321397712815));
#341 = CARTESIAN_POINT('',(20.299000226523,-0.82607552125,0.475017832509
    ));
#342 = CARTESIAN_POINT('',(20.286500199487,-0.73326897311,0.614475153973
    ));
#343 = CARTESIAN_POINT('',(20.274000517794,-0.614473043283,
    0.733270874109));
#344 = CARTESIAN_POINT('',(20.261500801415,-0.475017107501,
    0.826075991806));
#345 = CARTESIAN_POINT('',(20.249000819999,-0.321398751326,
    0.889181555795));
#346 = CARTESIAN_POINT('',(20.224000678361,7.282136772788E-08,
    0.952286910345));
#347 = CARTESIAN_POINT('',(20.199000536723,0.321398813984,0.889181133151
    ));
#348 = CARTESIAN_POINT('',(20.186500555307,0.475017042005,0.826075558751
    ));
#349 = CARTESIAN_POINT('',(20.174000838928,0.614473171791,0.733271374281
    ));
#350 = CARTESIAN_POINT('',(20.161501157234,0.733269881726,0.614476110676
    ));
#351 = CARTESIAN_POINT('',(20.149001130198,0.82607672061,0.475018250527)
  );
#352 = CARTESIAN_POINT('',(20.136500721668,0.889182527595,0.321397720815
    ));
#353 = CARTESIAN_POINT('',(20.111500069812,0.952287685492,
    -2.466085637398E-06));
#354 = CARTESIAN_POINT('',(20.086500332088,0.889181627135,
    -0.321397806957));
#355 = CARTESIAN_POINT('',(20.074000872039,0.826076836491,-0.47501373809
    ));
#356 = CARTESIAN_POINT('',(20.061501652199,0.733270757823,
    -0.614466676504));
#357 = CARTESIAN_POINT('',(20.049002434294,0.614482065448,
    -0.733269408247));
#358 = CARTESIAN_POINT('',(20.036500911034,0.475005344792,
    -0.826084753464));
#359 = CARTESIAN_POINT('',(20.023997814803,0.321386137939,
    -0.889182868306));
#360 = CARTESIAN_POINT('',(20.011500837301,0.160710967894,
    -0.920735703412));
#361 = CARTESIAN_POINT('',(19.99900135672,-7.773427079805E-08,
    -0.920736398155));
#362 = ADVANCED_FACE('',(#363),#404,.F.);
#363 = FACE_BOUND('',#364,.F.);
#364 = EDGE_LOOP('',(#365,#397,#398,#399));
#365 = ORIENTED_EDGE('',*,*,#366,.F.);
#366 = EDGE_CURVE('',#98,#367,#369,.T.);
#367 = VERTEX_POINT('',#368);
#368 = CARTESIAN_POINT('',(19.746874958794,2.360939900898E-09,
    -1.260000811215));
#369 = B_SPLINE_CURVE_WITH_KNOTS('',8,(#370,#371,#372,#373,#374,#375,
    #376,#377,#378,#379,#380,#381,#382,#383,#384,#385,#386,#387,#388,
    #389,#390,#391,#392,#393,#394,#395,#396),.UNSPECIFIED.,.F.,.F.,(9,6,
    6,6,9),(0.,1.574819783427,3.149639566854,4.72445935028,
    6.299279133707),.UNSPECIFIED.);
#370 = CARTESIAN_POINT('',(20.196875,-1.110223024625E-16,-1.26));
#371 = CARTESIAN_POINT('',(20.182812482253,-0.247400077758,
    -1.260000349395));
#372 = CARTESIAN_POINT('',(20.168749866765,-0.494799582693,
    -1.204498098564));
#373 = CARTESIAN_POINT('',(20.154687546305,-0.727670359783,
    -1.093442159378));
#374 = CARTESIAN_POINT('',(20.140625021871,-0.931464105689,
    -0.931462757346));
#375 = CARTESIAN_POINT('',(20.126562492856,-1.093451150221,
    -0.72766471509));
#376 = CARTESIAN_POINT('',(20.112499970124,-1.204483753876,
    -0.494801640488));
#377 = CARTESIAN_POINT('',(20.084374958931,-1.315517208755,
    -2.575612087955E-06));
#378 = CARTESIAN_POINT('',(20.056249983435,-1.204484066021,
    0.494800964438));
#379 = CARTESIAN_POINT('',(20.042187497963,-1.093451030564,
    0.727668922027));
#380 = CARTESIAN_POINT('',(20.028124990724,-0.931466301547,
    0.931468952942));
#381 = CARTESIAN_POINT('',(20.014062476211,-0.727666752214,
    1.093452300838));
#382 = CARTESIAN_POINT('',(19.999999974558,-0.494800697688,
    1.204483472577));
#383 = CARTESIAN_POINT('',(19.971874979397,1.550374161316E-08,
    1.315514744321));
#384 = CARTESIAN_POINT('',(19.943749984237,0.494800685125,1.204483278405
    ));
#385 = CARTESIAN_POINT('',(19.929687482584,0.72766666637,1.093452141302)
  );
#386 = CARTESIAN_POINT('',(19.91562496807,0.931466419402,0.931469519113)
  );
#387 = CARTESIAN_POINT('',(19.901562460831,1.093451724928,0.727669223471
    ));
#388 = CARTESIAN_POINT('',(19.88749997536,1.204484198548,0.494801009515)
  );
#389 = CARTESIAN_POINT('',(19.859374999863,1.315516422965,
    -2.587894416396E-06));
#390 = CARTESIAN_POINT('',(19.831249988671,1.20448337517,-0.49480159541)
  );
#391 = CARTESIAN_POINT('',(19.817187465933,1.093451072196,
    -0.727664725688));
#392 = CARTESIAN_POINT('',(19.80312493694,0.93146766327,-0.931463500902)
  );
#393 = CARTESIAN_POINT('',(19.789062412469,0.727668458934,
    -1.093445262551));
#394 = CARTESIAN_POINT('',(19.775000092039,0.494799428175,
    -1.204493698461));
#395 = CARTESIAN_POINT('',(19.760937476542,0.247400080119,
    -1.260000461356));
#396 = CARTESIAN_POINT('',(19.746874958794,2.360979856064E-09,
    -1.260000811215));
#397 = ORIENTED_EDGE('',*,*,#140,.F.);
#398 = ORIENTED_EDGE('',*,*,#267,.T.);
#399 = ORIENTED_EDGE('',*,*,#400,.F.);
#400 = EDGE_CURVE('',#367,#268,#401,.T.);
#401 = B_SPLINE_CURVE_WITH_KNOTS('',1,(#402,#403),.UNSPECIFIED.,.F.,.F.,
  (2,2),(0.,5.625E-02),.PIECEWISE_BEZIER_KNOTS.);
#402 = CARTESIAN_POINT('',(19.746874958794,2.360979624783E-09,
    -1.260000811215));
#403 = CARTESIAN_POINT('',(19.803124958793,2.361006048091E-09,
    -1.26000104299));
#404 = B_SPLINE_SURFACE_WITH_KNOTS('',1,11,(
    (#405,#406,#407,#408,#409,#410,#411,#412,#413,#414,#415,#416,#417
      ,#418,#419,#420,#421,#422,#423,#424,#425)
    ,(#426,#427,#428,#429,#430,#431,#432,#433,#434,#435,#436,#437,#438
      ,#439,#440,#441,#442,#443,#444,#445,#446
  )),.UNSPECIFIED.,.F.,.F.,.F.,(2,2),(12,9,12),(0.,5.625E-02),(0.,
    3.149639566854,6.299279133707),.UNSPECIFIED.);
#405 = CARTESIAN_POINT('',(20.196875,0.,-1.26));
#406 = CARTESIAN_POINT('',(20.176420428732,-0.359854658557,
    -1.260000508211));
#407 = CARTESIAN_POINT('',(20.155965658426,-0.719708150639,
    -1.146977539597));
#408 = CARTESIAN_POINT('',(20.135511765821,-1.040116406217,
    -0.920789390747));
#409 = CARTESIAN_POINT('',(20.115056712174,-1.281544871077,
    -0.597211124594));
#410 = CARTESIAN_POINT('',(20.09460193774,-1.411633720649,
    -0.206977215985));
#411 = CARTESIAN_POINT('',(20.074147917824,-1.411591563901,0.20696888756
    ));
#412 = CARTESIAN_POINT('',(20.053693140544,-1.281577011081,
    0.597188523907));
#413 = CARTESIAN_POINT('',(20.03323862888,-1.040102084667,0.920849274269
    ));
#414 = CARTESIAN_POINT('',(20.012784063267,-0.719710114162,
    1.146949080131));
#415 = CARTESIAN_POINT('',(19.971874979397,2.679272893833E-08,
    1.373049180897));
#416 = CARTESIAN_POINT('',(19.930965895528,0.71971007902,1.1469487977));
#417 = CARTESIAN_POINT('',(19.91051134496,1.040102199928,0.920848447413)
  );
#418 = CARTESIAN_POINT('',(19.890056759132,1.281573801888,0.597194447676
    ));
#419 = CARTESIAN_POINT('',(19.869602146566,1.411609343122,0.206961886755
    ));
#420 = CARTESIAN_POINT('',(19.849147915415,1.41160158144,-0.206979073457
    ));
#421 = CARTESIAN_POINT('',(19.828693305828,1.281567845796,
    -0.597195658122));
#422 = CARTESIAN_POINT('',(19.808238177866,1.04011129807,-0.920808965992
    ));
#423 = CARTESIAN_POINT('',(19.787784300385,0.719707833538,
    -1.146968552352));
#424 = CARTESIAN_POINT('',(19.767329530064,0.359854660918,-1.26000030233
    ));
#425 = CARTESIAN_POINT('',(19.746874958794,2.360979624783E-09,
    -1.260000811215));
#426 = CARTESIAN_POINT('',(20.253125,0.,-1.26));
#427 = CARTESIAN_POINT('',(20.232670428732,-0.359854691648,
    -1.260000653414));
#428 = CARTESIAN_POINT('',(20.212215658426,-0.719708262458,
    -1.146978928791));
#429 = CARTESIAN_POINT('',(20.191761765815,-1.04011740713,
    -0.920786746865));
#430 = CARTESIAN_POINT('',(20.171306712195,-1.281541018397,
    -0.597213120833));
#431 = CARTESIAN_POINT('',(20.15085193771,-1.411639671521,
    -0.206977447606));
#432 = CARTESIAN_POINT('',(20.130397917846,-1.41158792412,0.206970385423
    ));
#433 = CARTESIAN_POINT('',(20.109943140535,-1.281578275863,
    0.597187465048));
#434 = CARTESIAN_POINT('',(20.089488628882,-1.040101988335,
    0.920849545552));
#435 = CARTESIAN_POINT('',(20.069034063267,-0.719710185069,
    1.146949226161));
#436 = CARTESIAN_POINT('',(20.028124979397,3.48152918223E-08,
    1.373049307182));
#437 = CARTESIAN_POINT('',(19.987215895527,0.719710140501,1.14694886265)
  );
#438 = CARTESIAN_POINT('',(19.966761344959,1.040101817894,0.920848347311
    ));
#439 = CARTESIAN_POINT('',(19.946306759137,1.281575403787,0.59719560936)
  );
#440 = CARTESIAN_POINT('',(19.92585214656,1.411608544462,0.206960439482)
  );
#441 = CARTESIAN_POINT('',(19.905397915416,1.411600588336,-0.20697889239
    ));
#442 = CARTESIAN_POINT('',(19.884943305837,1.281569303292,
    -0.597193764779));
#443 = CARTESIAN_POINT('',(19.864488177854,1.040111158145,-0.92081178101
    ));
#444 = CARTESIAN_POINT('',(19.84403430039,0.719707854143,-1.146967374147
    ));
#445 = CARTESIAN_POINT('',(19.823579530064,0.359854694009,
    -1.260000388902));
#446 = CARTESIAN_POINT('',(19.803124958793,2.361006048091E-09,
    -1.26000104299));
#447 = ADVANCED_FACE('',(#448),#509,.F.);
#448 = FACE_BOUND('',#449,.F.);
#449 = EDGE_LOOP('',(#450,#502,#503,#504));
#450 = ORIENTED_EDGE('',*,*,#451,.F.);
#451 = EDGE_CURVE('',#89,#452,#454,.T.);
#452 = VERTEX_POINT('',#453);
#453 = CARTESIAN_POINT('',(19.616971916009,-2.537909867519E-08,-1.035));
#454 = B_SPLINE_CURVE_WITH_KNOTS('',6,(#455,#456,#457,#458,#459,#460,
    #461,#462,#463,#464,#465,#466,#467,#468,#469,#470,#471,#472,#473,
    #474,#475,#476,#477,#478,#479,#480,#481,#482,#483,#484,#485,#486,
    #487,#488,#489,#490,#491,#492,#493,#494,#495,#496,#497,#498,#499,
    #500,#501),.UNSPECIFIED.,.F.,.F.,(7,5,5,5,5,5,5,5,5,7),(0.,
    0.14566203502,0.267992804172,0.415729930463,0.561389322496,
    0.6910903318,0.747885274821,0.845368489499,0.950068392289,1.),
  .UNSPECIFIED.);
#455 = CARTESIAN_POINT('',(20.000023849425,-0.832619198225,
    -0.614792868166));
#456 = CARTESIAN_POINT('',(19.990724920675,-0.912441747091,
    -0.506688512897));
#457 = CARTESIAN_POINT('',(19.981422988748,-0.975446515023,
    -0.386112654924));
#458 = CARTESIAN_POINT('',(19.972124687677,-1.019133343365,
    -0.256413900563));
#459 = CARTESIAN_POINT('',(19.962826507225,-1.042027331133,
    -0.121483213438));
#460 = CARTESIAN_POINT('',(19.953524808895,-1.0435858626,
    1.455288219139E-02));
#461 = CARTESIAN_POINT('',(19.936416397294,-1.008336935429,
    0.259264808403));
#462 = CARTESIAN_POINT('',(19.928605607503,-0.977627937981,
    0.368881120422));
#463 = CARTESIAN_POINT('',(19.920796171351,-0.932642187947,
    0.473977178472));
#464 = CARTESIAN_POINT('',(19.912986727453,-0.874265127225,
    0.572267457759));
#465 = CARTESIAN_POINT('',(19.905175974535,-0.803821033837,
    0.661689722481));
#466 = CARTESIAN_POINT('',(19.887935303395,-0.625555477235,
    0.835752149386));
#467 = CARTESIAN_POINT('',(19.878501100056,-0.512957308586,
    0.915592901282));
#468 = CARTESIAN_POINT('',(19.86907085706,-0.388383756403,0.976990066299
    ));
#469 = CARTESIAN_POINT('',(19.859640586888,-0.255656804258,
    1.017877874785));
#470 = CARTESIAN_POINT('',(19.850206342632,-0.118973892972,
    1.037133846021));
#471 = CARTESIAN_POINT('',(19.831476280365,0.151662011561,1.032608930534
    ));
#472 = CARTESIAN_POINT('',(19.822174436375,0.28571506174,1.009428040854)
  );
#473 = CARTESIAN_POINT('',(19.812875844774,0.415282729439,0.965360066584
    ));
#474 = CARTESIAN_POINT('',(19.803577315059,0.536377558562,0.901596911009
    ));
#475 = CARTESIAN_POINT('',(19.794275578166,0.645392587429,0.820213929949
    ));
#476 = CARTESIAN_POINT('',(19.776697006899,0.823145628879,0.638728240488
    ));
#477 = CARTESIAN_POINT('',(19.768415593522,0.895028985618,0.541611503759
    ));
#478 = CARTESIAN_POINT('',(19.76013620878,0.953008486832,0.434950258572)
  );
#479 = CARTESIAN_POINT('',(19.751856709152,0.995595183978,0.321263566177
    ));
#480 = CARTESIAN_POINT('',(19.743575134309,1.021861391655,0.203326950129
    ));
#481 = CARTESIAN_POINT('',(19.731669417233,1.03583608148,
    3.184314068364E-02));
#482 = CARTESIAN_POINT('',(19.728043647076,1.036919380327,
    -2.063894624704E-02));
#483 = CARTESIAN_POINT('',(19.724417908654,1.03481046966,
    -7.313818138444E-02));
#484 = CARTESIAN_POINT('',(19.720792186362,1.029514232845,
    -0.125412106118));
#485 = CARTESIAN_POINT('',(19.717166459701,1.02105995481,-0.177219994746
    ));
#486 = CARTESIAN_POINT('',(19.707317647327,0.989661524624,
    -0.316042770152));
#487 = CARTESIAN_POINT('',(19.701094192918,0.960673937946,
    -0.401696799327));
#488 = CARTESIAN_POINT('',(19.694871300023,0.922810686855,
    -0.484083462536));
#489 = CARTESIAN_POINT('',(19.68864846524,0.876549001902,-0.562064637213
    ));
#490 = CARTESIAN_POINT('',(19.682425121822,0.822553948261,
    -0.634600685869));
#491 = CARTESIAN_POINT('',(19.669518097303,0.696260833449,
    -0.771865092204));
#492 = CARTESIAN_POINT('',(19.662833442014,0.622894179258,
    -0.835629001535));
#493 = CARTESIAN_POINT('',(19.656149132631,0.542596893924,
    -0.890944519499));
#494 = CARTESIAN_POINT('',(19.649464314462,0.456601483254,
    -0.936903349763));
#495 = CARTESIAN_POINT('',(19.642779251578,0.366280746993,
    -0.972827393806));
#496 = CARTESIAN_POINT('',(19.632907926762,0.228682284973,
    -1.010470842894));
#497 = CARTESIAN_POINT('',(19.629720549234,0.18360141524,-1.020253226421
    ));
#498 = CARTESIAN_POINT('',(19.626533360878,0.138029980787,
    -1.027619222377));
#499 = CARTESIAN_POINT('',(19.623346336258,9.21299376844E-02,
    -1.032539706765));
#500 = CARTESIAN_POINT('',(19.620159311847,4.606512820419E-02,-1.035));
#501 = CARTESIAN_POINT('',(19.616971919521,2.22044604925E-16,-1.035));
#502 = ORIENTED_EDGE('',*,*,#97,.F.);
#503 = ORIENTED_EDGE('',*,*,#366,.T.);
#504 = ORIENTED_EDGE('',*,*,#505,.F.);
#505 = EDGE_CURVE('',#452,#367,#506,.T.);
#506 = B_SPLINE_CURVE_WITH_KNOTS('',1,(#507,#508),.UNSPECIFIED.,.F.,.F.,
  (2,2),(0.,0.39175),.PIECEWISE_BEZIER_KNOTS.);
#507 = CARTESIAN_POINT('',(19.551001356724,-7.773448484905E-08,
    -0.920734552191));
#508 = CARTESIAN_POINT('',(19.746874958794,2.360979856064E-09,
    -1.260000811215));
#509 = B_SPLINE_SURFACE_WITH_KNOTS('',1,8,(
    (#510,#511,#512,#513,#514,#515,#516,#517,#518,#519,#520,#521,#522
      ,#523,#524,#525,#526,#527,#528,#529,#530,#531,#532,#533,#534,#535
      ,#536)
    ,(#537,#538,#539,#540,#541,#542,#543,#544,#545,#546,#547,#548,#549
      ,#550,#551,#552,#553,#554,#555,#556,#557,#558,#559,#560,#561,#562
      ,#563
    )),.UNSPECIFIED.,.F.,.F.,.F.,(2,2),(9,6,6,6,9),(0.,0.39175),(0.,
    1.574819783427,3.149639566854,4.72445935028,6.299279133707),
  .UNSPECIFIED.);
#510 = CARTESIAN_POINT('',(20.001,0.,-0.920734548067));
#511 = CARTESIAN_POINT('',(19.986938084349,-0.180799745143,
    -0.920734549842));
#512 = CARTESIAN_POINT('',(19.972879386959,-0.361553540163,
    -0.880171912155));
#513 = CARTESIAN_POINT('',(19.958810975076,-0.53173560523,-0.79903857321
    ));
#514 = CARTESIAN_POINT('',(19.944749280174,-0.680667570146,
    -0.680649785494));
#515 = CARTESIAN_POINT('',(19.930687735132,-0.799028643913,
    -0.531734165954));
#516 = CARTESIAN_POINT('',(19.916625983689,-0.880166066062,
    -0.361571793472));
#517 = CARTESIAN_POINT('',(19.888501352207,-0.961302706766,
    -2.714217502146E-06));
#518 = CARTESIAN_POINT('',(19.860375545411,-0.880166431639,
    0.361572450365));
#519 = CARTESIAN_POINT('',(19.846312567079,-0.799029691421,0.53174017433
    ));
#520 = CARTESIAN_POINT('',(19.832250305413,-0.680659844695,
    0.680662943644));
#521 = CARTESIAN_POINT('',(19.818188283271,-0.53173823034,0.799029752971
    ));
#522 = CARTESIAN_POINT('',(19.804125837705,-0.361573230909,
    0.880165397077));
#523 = CARTESIAN_POINT('',(19.776000678362,4.066478549377E-08,
    0.961301027536));
#524 = CARTESIAN_POINT('',(19.747875519018,0.361573305166,0.880165365559
    ));
#525 = CARTESIAN_POINT('',(19.733813073452,0.531738297374,0.799029707261
    ));
#526 = CARTESIAN_POINT('',(19.719751051311,0.680659902769,0.680662889047
    ));
#527 = CARTESIAN_POINT('',(19.705688789645,0.79902973985,0.531740108393)
  );
#528 = CARTESIAN_POINT('',(19.691625811313,0.880166462843,0.361572376273
    ));
#529 = CARTESIAN_POINT('',(19.663500004517,0.961302702773,
    -2.795451969495E-06));
#530 = CARTESIAN_POINT('',(19.635375373035,0.880166033606,
    -0.361571867564));
#531 = CARTESIAN_POINT('',(19.621313621591,0.799028598616,
    -0.531734233478));
#532 = CARTESIAN_POINT('',(19.60725207655,0.680667530752,-0.680649846746
    ));
#533 = CARTESIAN_POINT('',(19.593190381648,0.531735528103,
    -0.799038633884));
#534 = CARTESIAN_POINT('',(19.579121969764,0.361553465055,
    -0.880171920325));
#535 = CARTESIAN_POINT('',(19.565063272374,0.180799667409,
    -0.920734565673));
#536 = CARTESIAN_POINT('',(19.551001356724,-7.773448484905E-08,
    -0.920734552191));
#537 = CARTESIAN_POINT('',(20.196875,-1.110223024625E-16,-1.26));
#538 = CARTESIAN_POINT('',(20.182812482253,-0.247400077758,
    -1.260000349395));
#539 = CARTESIAN_POINT('',(20.168749866765,-0.494799582693,
    -1.204498098564));
#540 = CARTESIAN_POINT('',(20.154687546305,-0.727670359783,
    -1.093442159378));
#541 = CARTESIAN_POINT('',(20.140625021871,-0.931464105689,
    -0.931462757346));
#542 = CARTESIAN_POINT('',(20.126562492856,-1.093451150221,
    -0.72766471509));
#543 = CARTESIAN_POINT('',(20.112499970124,-1.204483753876,
    -0.494801640488));
#544 = CARTESIAN_POINT('',(20.084374958931,-1.315517208755,
    -2.575612087955E-06));
#545 = CARTESIAN_POINT('',(20.056249983435,-1.204484066021,
    0.494800964438));
#546 = CARTESIAN_POINT('',(20.042187497963,-1.093451030564,
    0.727668922027));
#547 = CARTESIAN_POINT('',(20.028124990724,-0.931466301547,
    0.931468952942));
#548 = CARTESIAN_POINT('',(20.014062476211,-0.727666752214,
    1.093452300838));
#549 = CARTESIAN_POINT('',(19.999999974558,-0.494800697688,
    1.204483472577));
#550 = CARTESIAN_POINT('',(19.971874979397,1.550374161316E-08,
    1.315514744321));
#551 = CARTESIAN_POINT('',(19.943749984237,0.494800685125,1.204483278405
    ));
#552 = CARTESIAN_POINT('',(19.929687482584,0.72766666637,1.093452141302)
  );
#553 = CARTESIAN_POINT('',(19.91562496807,0.931466419402,0.931469519113)
  );
#554 = CARTESIAN_POINT('',(19.901562460831,1.093451724928,0.727669223471
    ));
#555 = CARTESIAN_POINT('',(19.88749997536,1.204484198548,0.494801009515)
  );
#556 = CARTESIAN_POINT('',(19.859374999863,1.315516422965,
    -2.587894416396E-06));
#557 = CARTESIAN_POINT('',(19.831249988671,1.20448337517,-0.49480159541)
  );
#558 = CARTESIAN_POINT('',(19.817187465933,1.093451072196,
    -0.727664725688));
#559 = CARTESIAN_POINT('',(19.80312493694,0.93146766327,-0.931463500902)
  );
#560 = CARTESIAN_POINT('',(19.789062412469,0.727668458934,
    -1.093445262551));
#561 = CARTESIAN_POINT('',(19.775000092039,0.494799428175,
    -1.204493698461));
#562 = CARTESIAN_POINT('',(19.760937476542,0.247400080119,
    -1.260000461356));
#563 = CARTESIAN_POINT('',(19.746874958794,2.360979856064E-09,
    -1.260000811215));
#564 = ADVANCED_FACE('',(#565),#643,.F.);
#565 = FACE_BOUND('',#566,.T.);
#566 = EDGE_LOOP('',(#567,#568,#569,#636,#642));
#567 = ORIENTED_EDGE('',*,*,#88,.T.);
#568 = ORIENTED_EDGE('',*,*,#229,.T.);
#569 = ORIENTED_EDGE('',*,*,#570,.T.);
#570 = EDGE_CURVE('',#230,#571,#573,.T.);
#571 = VERTEX_POINT('',#572);
#572 = CARTESIAN_POINT('',(19.483032404799,-5.07585800775E-08,-1.035));
#573 = B_SPLINE_CURVE_WITH_KNOTS('',6,(#574,#575,#576,#577,#578,#579,
    #580,#581,#582,#583,#584,#585,#586,#587,#588,#589,#590,#591,#592,
    #593,#594,#595,#596,#597,#598,#599,#600,#601,#602,#603,#604,#605,
    #606,#607,#608,#609,#610,#611,#612,#613,#614,#615,#616,#617,#618,
    #619,#620,#621,#622,#623,#624,#625,#626,#627,#628,#629,#630,#631,
    #632,#633,#634,#635),.UNSPECIFIED.,.F.,.F.,(7,5,5,5,5,5,5,5,5,5,5,5,
    7),(0.,3.800153274017E-02,0.132927394755,0.22886765097,
    0.295173913815,0.382301476718,0.505862160087,0.630853620079,
    0.750362904107,0.817047994672,0.86793934057,0.961026363594,1.),
  .UNSPECIFIED.);
#574 = CARTESIAN_POINT('',(19.933030607677,-5.075839371038E-08,-1.035));
#575 = CARTESIAN_POINT('',(19.930180854087,-4.118691235444E-02,
    -1.03499999798));
#576 = CARTESIAN_POINT('',(19.927331493713,-8.237361915298E-02,
    -1.033033187155));
#577 = CARTESIAN_POINT('',(19.924482195393,-0.123442248798,
    -1.02909968107));
#578 = CARTESIAN_POINT('',(19.921632756767,-0.164275955969,
    -1.023208838711));
#579 = CARTESIAN_POINT('',(19.918783104273,-0.204758972376,
    -1.015379264502));
#580 = CARTESIAN_POINT('',(19.908814612461,-0.344738586361,
    -0.981307652861));
#581 = CARTESIAN_POINT('',(19.901694029206,-0.441809356473,
    -0.94505012913));
#582 = CARTESIAN_POINT('',(19.894573403445,-0.534185650154,
    -0.89730022741));
#583 = CARTESIAN_POINT('',(19.887453547841,-0.620194082117,
    -0.838853303294));
#584 = CARTESIAN_POINT('',(19.880333271117,-0.698337658721,
    -0.770800934837));
#585 = CARTESIAN_POINT('',(19.866018980752,-0.837149525447,
    -0.617428266683));
#586 = CARTESIAN_POINT('',(19.858823377941,-0.897637973285,
    -0.531913725557));
#587 = CARTESIAN_POINT('',(19.851628923887,-0.947550425761,
    -0.439396080109));
#588 = CARTESIAN_POINT('',(19.844434234053,-0.985923442779,
    -0.341527493274));
#589 = CARTESIAN_POINT('',(19.837238374361,-1.012118444589,
    -0.24011075368));
#590 = CARTESIAN_POINT('',(19.825070417027,-1.035402130776,
    -6.581574472915E-02));
#591 = CARTESIAN_POINT('',(19.82009746064,-1.03898289303,
    6.209148339936E-03));
#592 = CARTESIAN_POINT('',(19.815124606121,-1.036545811304,
    7.840669960351E-02));
#593 = CARTESIAN_POINT('',(19.81015174858,-1.028094934681,0.150149420365
    ));
#594 = CARTESIAN_POINT('',(19.805178775115,-1.013720605637,
    0.220816321725));
#595 = CARTESIAN_POINT('',(19.793671613198,-0.967157900062,
    0.380456978724));
#596 = CARTESIAN_POINT('',(19.78713682201,-0.930790226051,0.468221375436
    ));
#597 = CARTESIAN_POINT('',(19.780602713939,-0.884893659943,
    0.551722928865));
#598 = CARTESIAN_POINT('',(19.77406863977,-0.830117330008,0.629687895643
    ));
#599 = CARTESIAN_POINT('',(19.767533923448,-0.767319262403,
    0.700972902942));
#600 = CARTESIAN_POINT('',(19.751732989939,-0.598627693039,
    0.854870304267));
#601 = CARTESIAN_POINT('',(19.742463332842,-0.485651384517,
    0.929793285376));
#602 = CARTESIAN_POINT('',(19.733196849272,-0.361669877089,
    0.986581183882));
#603 = CARTESIAN_POINT('',(19.723930268907,-0.230360403254,
    1.023380232939));
#604 = CARTESIAN_POINT('',(19.714660519883,-9.572733999772E-02,
    1.03922794396));
#605 = CARTESIAN_POINT('',(19.696019895265,0.17347239746,1.029312147666)
  );
#606 = CARTESIAN_POINT('',(19.686643133633,0.308109044142,1.003061382027
    ));
#607 = CARTESIAN_POINT('',(19.67727024671,0.437726565724,0.955680387528)
  );
#608 = CARTESIAN_POINT('',(19.667897395384,0.558267095475,0.888482400133
    ));
#609 = CARTESIAN_POINT('',(19.65852064843,0.66608621863,0.803682296625)
  );
#610 = CARTESIAN_POINT('',(19.640183875092,0.846442215599,0.609538506461
    ));
#611 = CARTESIAN_POINT('',(19.631218408054,0.92037193821,0.50137775643)
  );
#612 = CARTESIAN_POINT('',(19.622255610204,0.977519813373,0.382675739445
    ));
#613 = CARTESIAN_POINT('',(19.613292815817,1.016148267933,0.256723585));
#614 = CARTESIAN_POINT('',(19.604327363498,1.035298397811,0.127117642022
    ));
#615 = CARTESIAN_POINT('',(19.590363320031,1.034829136918,
    -7.468023106022E-02));
#616 = CARTESIAN_POINT('',(19.585362055137,1.028604754238,
    -0.146941426645));
#617 = CARTESIAN_POINT('',(19.580360992028,1.016325548947,
    -0.218551883024));
#618 = CARTESIAN_POINT('',(19.575359945145,0.998082155826,
    -0.288879727437));
#619 = CARTESIAN_POINT('',(19.570358731246,0.974051736182,
    -0.357311722888));
#620 = CARTESIAN_POINT('',(19.561540999583,0.921939145883,
    -0.473598366692));
#621 = CARTESIAN_POINT('',(19.557724321823,0.896163938244,
    -0.522489445298));
#622 = CARTESIAN_POINT('',(19.553907670374,0.867285474084,
    -0.569680268283));
#623 = CARTESIAN_POINT('',(19.55009100498,0.835446319885,-0.614926414403
    ));
#624 = CARTESIAN_POINT('',(19.546274289586,0.800814150512,
    -0.657999941048));
#625 = CARTESIAN_POINT('',(19.535476387681,0.695473864639,
    -0.773123249811));
#626 = CARTESIAN_POINT('',(19.528494469885,0.618654243302,
    -0.839595654187));
#627 = CARTESIAN_POINT('',(19.521513387096,0.534298611119,
    -0.896816128355));
#628 = CARTESIAN_POINT('',(19.514532522184,0.44381916275,-0.943757525007
    ));
#629 = CARTESIAN_POINT('',(19.507550713133,0.348791877332,
    -0.979667051438));
#630 = CARTESIAN_POINT('',(19.497646629669,0.209934315008,
    -1.014365202954));
#631 = CARTESIAN_POINT('',(19.494723730563,0.168453016493,
    -1.022598422393));
#632 = CARTESIAN_POINT('',(19.491800810643,0.126593533502,
    -1.028793973366));
#633 = CARTESIAN_POINT('',(19.488877899993,8.448066121586E-02,
    -1.032931282465));
#634 = CARTESIAN_POINT('',(19.485955065693,4.224040891859E-02,-1.035));
#635 = CARTESIAN_POINT('',(19.483032411823,0.,-1.035));
#636 = ORIENTED_EDGE('',*,*,#637,.F.);
#637 = EDGE_CURVE('',#452,#571,#638,.T.);
#638 = LINE('',#639,#640);
#639 = CARTESIAN_POINT('',(20.,0.,-1.035));
#640 = VECTOR('',#641,1.);
#641 = DIRECTION('',(-1.,0.,6.661338147751E-17));
#642 = ORIENTED_EDGE('',*,*,#451,.F.);
#643 = CYLINDRICAL_SURFACE('',#644,1.035);
#644 = AXIS2_PLACEMENT_3D('',#645,#646,#647);
#645 = CARTESIAN_POINT('',(20.,0.,0.));
#646 = DIRECTION('',(-1.,-0.,-0.));
#647 = DIRECTION('',(0.,0.,-1.));
#648 = ADVANCED_FACE('',(#649),#652,.F.);
#649 = FACE_BOUND('',#650,.T.);
#650 = EDGE_LOOP('',(#651));
#651 = ORIENTED_EDGE('',*,*,#212,.T.);
#652 = PLANE('',#653);
#653 = AXIS2_PLACEMENT_3D('',#654,#655,#656);
#654 = CARTESIAN_POINT('',(-4.,6.409875621279E-17,1.910944170279E-18));
#655 = DIRECTION('',(1.,0.,0.));
#656 = DIRECTION('',(0.,0.,1.));
#657 = ADVANCED_FACE('',(#658),#693,.F.);
#658 = FACE_BOUND('',#659,.F.);
#659 = EDGE_LOOP('',(#660,#686,#687,#688));
#660 = ORIENTED_EDGE('',*,*,#661,.F.);
#661 = EDGE_CURVE('',#268,#662,#664,.T.);
#662 = VERTEX_POINT('',#663);
#663 = CARTESIAN_POINT('',(19.353124917582,4.722180400481E-09,
    -1.26000208598));
#664 = B_SPLINE_CURVE_WITH_KNOTS('',11,(#665,#666,#667,#668,#669,#670,
    #671,#672,#673,#674,#675,#676,#677,#678,#679,#680,#681,#682,#683,
    #684,#685),.UNSPECIFIED.,.F.,.F.,(12,9,12),(0.,3.149639566854,
    6.299279133707),.UNSPECIFIED.);
#665 = CARTESIAN_POINT('',(19.803124958793,2.360966755433E-09,
    -1.26000104299));
#666 = CARTESIAN_POINT('',(19.782670387522,-0.3598549871,-1.260001697078
    ));
#667 = CARTESIAN_POINT('',(19.762215617193,-0.719708856219,
    -1.146979879589));
#668 = CARTESIAN_POINT('',(19.74176172465,-1.040118266273,
    -0.920787510863));
#669 = CARTESIAN_POINT('',(19.721306670977,-1.281542078014,
    -0.597213617944));
#670 = CARTESIAN_POINT('',(19.700851896469,-1.411640839894,
    -0.206977621181));
#671 = CARTESIAN_POINT('',(19.680397876658,-1.411589092718,
    0.206970553863));
#672 = CARTESIAN_POINT('',(19.659943099324,-1.281579337981,0.59718795704
    ));
#673 = CARTESIAN_POINT('',(19.639488587674,-1.040102850995,
    0.920850305851));
#674 = CARTESIAN_POINT('',(19.619034022057,-0.719710782964,
    1.146950174224));
#675 = CARTESIAN_POINT('',(19.578124938188,3.224237771749E-08,
    1.37305044375));
#676 = CARTESIAN_POINT('',(19.537215854319,0.719710734097,1.146949813411
    ));
#677 = CARTESIAN_POINT('',(19.51676130375,1.040102677137,0.920849111557)
  );
#678 = CARTESIAN_POINT('',(19.496306717924,1.281576463531,0.597196105961
    ));
#679 = CARTESIAN_POINT('',(19.475852105339,1.411609712524,0.206960613558
    ));
#680 = CARTESIAN_POINT('',(19.455397874229,1.411601757247,
    -0.206979061018));
#681 = CARTESIAN_POINT('',(19.434943264643,1.281570365281,
    -0.597194256897));
#682 = CARTESIAN_POINT('',(19.414488136599,1.040112020705,
    -0.920812541156));
#683 = CARTESIAN_POINT('',(19.394034259205,0.719708452202,
    -1.146968322249));
#684 = CARTESIAN_POINT('',(19.373579488856,0.359854994183,
    -1.260001431218));
#685 = CARTESIAN_POINT('',(19.353124917582,4.722177306605E-09,
    -1.26000208598));
#686 = ORIENTED_EDGE('',*,*,#295,.T.);
#687 = ORIENTED_EDGE('',*,*,#570,.T.);
#688 = ORIENTED_EDGE('',*,*,#689,.F.);
#689 = EDGE_CURVE('',#662,#571,#690,.T.);
#690 = B_SPLINE_CURVE_WITH_KNOTS('',1,(#691,#692),.UNSPECIFIED.,.F.,.F.,
  (2,2),(0.,0.39175),.PIECEWISE_BEZIER_KNOTS.);
#691 = CARTESIAN_POINT('',(19.353124917582,4.722177315841E-09,
    -1.26000208598));
#692 = CARTESIAN_POINT('',(19.549002713432,-1.554681835492E-07,
    -0.920738248248));
#693 = B_SPLINE_SURFACE_WITH_KNOTS('',1,9,(
    (#694,#695,#696,#697,#698,#699,#700,#701,#702,#703,#704,#705,#706
      ,#707,#708,#709,#710,#711,#712,#713,#714,#715,#716,#717,#718,#719
      ,#720,#721,#722,#723,#724)
    ,(#725,#726,#727,#728,#729,#730,#731,#732,#733,#734,#735,#736,#737
      ,#738,#739,#740,#741,#742,#743,#744,#745,#746,#747,#748,#749,#750
      ,#751,#752,#753,#754,#755
    )),.UNSPECIFIED.,.F.,.F.,.F.,(2,2),(10,7,7,7,10),(0.,0.39175),(0.,
    1.574819783427,3.149639566854,4.72445935028,6.299279133707),
  .UNSPECIFIED.);
#694 = CARTESIAN_POINT('',(19.803124958793,2.360966866455E-09,
    -1.26000104299));
#695 = CARTESIAN_POINT('',(19.790624943017,-0.219911380087,
    -1.260001442711));
#696 = CARTESIAN_POINT('',(19.77812485121,-0.439822334627,
    -1.216833537315));
#697 = CARTESIAN_POINT('',(19.765624945249,-0.650047551896,
    -1.130461760512));
#698 = CARTESIAN_POINT('',(19.753124991528,-0.840889717633,
    -1.003454270922));
#699 = CARTESIAN_POINT('',(19.740624967771,-1.003458991874,
    -0.840886565021));
#700 = CARTESIAN_POINT('',(19.72812494407,-1.130463082266,
    -0.650044291051));
#701 = CARTESIAN_POINT('',(19.71562492767,-1.216821983438,
    -0.439824378622));
#702 = CARTESIAN_POINT('',(19.690624919703,-1.303181475883,
    -2.328240050546E-06));
#703 = CARTESIAN_POINT('',(19.665624939504,-1.216822197395,0.43982319036
    ));
#704 = CARTESIAN_POINT('',(19.653124951913,-1.130463010724,
    0.650046834697));
#705 = CARTESIAN_POINT('',(19.640624952734,-1.003460385283,
    0.840891869141));
#706 = CARTESIAN_POINT('',(19.628124943066,-0.840889495176,
    1.003462438782));
#707 = CARTESIAN_POINT('',(19.615624934451,-0.650045342496,
    1.130463754553));
#708 = CARTESIAN_POINT('',(19.603124933886,-0.439823248243,
    1.216821423663));
#709 = CARTESIAN_POINT('',(19.578124938188,1.472794057324E-08,
    1.303179124153));
#710 = CARTESIAN_POINT('',(19.553124942491,0.439823234406,1.216821203166
    ));
#711 = CARTESIAN_POINT('',(19.540624941926,0.6500452599,1.13046353668));
#712 = CARTESIAN_POINT('',(19.528124933311,0.840889527081,1.003462754728
    ));
#713 = CARTESIAN_POINT('',(19.515624923642,1.003460863544,0.840892449026
    ));
#714 = CARTESIAN_POINT('',(19.503124924463,1.130463660602,0.650047116027
    ));
#715 = CARTESIAN_POINT('',(19.490624936873,1.216822235186,0.439823244031
    ));
#716 = CARTESIAN_POINT('',(19.465624956673,1.303180560253,
    -2.33165095667E-06));
#717 = CARTESIAN_POINT('',(19.440624948706,1.216821439788,
    -0.439824324951));
#718 = CARTESIAN_POINT('',(19.428124932312,1.130462742005,
    -0.650044845342));
#719 = CARTESIAN_POINT('',(19.415624908588,1.00346178212,-0.840885637989
    ));
#720 = CARTESIAN_POINT('',(19.403124884875,0.840890884783,-1.00345803355
    ));
#721 = CARTESIAN_POINT('',(19.390624931104,0.650045973175,
    -1.130461964371));
#722 = CARTESIAN_POINT('',(19.378125025175,0.439822184693,
    -1.216829167789));
#723 = CARTESIAN_POINT('',(19.365624933361,0.21991138717,-1.260001685848
    ));
#724 = CARTESIAN_POINT('',(19.353124917582,4.722177315841E-09,
    -1.26000208598));
#725 = CARTESIAN_POINT('',(19.99900135672,-7.773431076608E-08,
    -0.920736398155));
#726 = CARTESIAN_POINT('',(19.986501876138,-0.160711446194,
    -0.920737092897));
#727 = CARTESIAN_POINT('',(19.974004898633,-0.321387212031,
    -0.889192347171));
#728 = CARTESIAN_POINT('',(19.961501802409,-0.475011253509,
    -0.826084780905));
#729 = CARTESIAN_POINT('',(19.949000279083,-0.614476212909,
    -0.733267140035));
#730 = CARTESIAN_POINT('',(19.936501061331,-0.733272544636,
    -0.614466376997));
#731 = CARTESIAN_POINT('',(19.924001841363,-0.826077183583,
    -0.475014742684));
#732 = CARTESIAN_POINT('',(19.911502381347,-0.889184436824,
    -0.321398385693));
#733 = CARTESIAN_POINT('',(19.886502643621,-0.952291223158,
    -2.286243693655E-06));
#734 = CARTESIAN_POINT('',(19.86150199177,-0.889184188596,0.321398433685
    ));
#735 = CARTESIAN_POINT('',(19.849001583242,-0.826077141033,
    0.475018856721));
#736 = CARTESIAN_POINT('',(19.836501556205,-0.733270394641,
    0.614476450576));
#737 = CARTESIAN_POINT('',(19.824001874511,-0.614474216072,
    0.733272399397));
#738 = CARTESIAN_POINT('',(19.81150215813,-0.475017992225,0.826077691802
    ));
#739 = CARTESIAN_POINT('',(19.799002176714,-0.321399322049,0.88918336962
    ));
#740 = CARTESIAN_POINT('',(19.774002035077,1.532193746086E-07,
    0.952288823835));
#741 = CARTESIAN_POINT('',(19.749001893439,0.321399534848,0.889182892707
    ));
#742 = CARTESIAN_POINT('',(19.736501912024,0.475018066213,0.826077178539
    ));
#743 = CARTESIAN_POINT('',(19.724002195643,0.614474468396,0.733272795816
    ));
#744 = CARTESIAN_POINT('',(19.711502513947,0.733271407015,0.614477283468
    ));
#745 = CARTESIAN_POINT('',(19.699002486912,0.826078420604,0.475019135255
    ));
#746 = CARTESIAN_POINT('',(19.686502078384,0.889184341419,0.321398291544
    ));
#747 = CARTESIAN_POINT('',(19.661501426532,0.952289598981,
    -2.546483185764E-06));
#748 = CARTESIAN_POINT('',(19.636501688806,0.889183386688,
    -0.321398527833));
#749 = CARTESIAN_POINT('',(19.624002228753,0.82607845627,-0.475014762315
    ));
#750 = CARTESIAN_POINT('',(19.611503008909,0.73327217936,-0.614467973124
    ));
#751 = CARTESIAN_POINT('',(19.599003791,0.61448323821,-0.733270933532));
#752 = CARTESIAN_POINT('',(19.586502267749,0.475006229575,
    -0.826086453406));
#753 = CARTESIAN_POINT('',(19.573999171536,0.321386708723,
    -0.889184682146));
#754 = CARTESIAN_POINT('',(19.561502194016,0.160711212992,
    -0.920737567067));
#755 = CARTESIAN_POINT('',(19.549002713432,-1.554681835492E-07,
    -0.920738248248));
#756 = ADVANCED_FACE('',(#757),#798,.F.);
#757 = FACE_BOUND('',#758,.F.);
#758 = EDGE_LOOP('',(#759,#791,#792,#793));
#759 = ORIENTED_EDGE('',*,*,#760,.F.);
#760 = EDGE_CURVE('',#367,#761,#763,.T.);
#761 = VERTEX_POINT('',#762);
#762 = CARTESIAN_POINT('',(19.296874917584,4.722072183226E-09,
    -1.260001622429));
#763 = B_SPLINE_CURVE_WITH_KNOTS('',8,(#764,#765,#766,#767,#768,#769,
    #770,#771,#772,#773,#774,#775,#776,#777,#778,#779,#780,#781,#782,
    #783,#784,#785,#786,#787,#788,#789,#790),.UNSPECIFIED.,.F.,.F.,(9,6,
    6,6,9),(0.,1.574819783427,3.149639566854,4.72445935028,
    6.299279133707),.UNSPECIFIED.);
#764 = CARTESIAN_POINT('',(19.746874958794,2.360939888035E-09,
    -1.260000811215));
#765 = CARTESIAN_POINT('',(19.732812441045,-0.247400234644,
    -1.260001161073));
#766 = CARTESIAN_POINT('',(19.718749825547,-0.494799899039,
    -1.204498874978));
#767 = CARTESIAN_POINT('',(19.704687505103,-0.727670826229,
    -1.09344286469));
#768 = CARTESIAN_POINT('',(19.690624980667,-0.931464703625,
    -0.931463358808));
#769 = CARTESIAN_POINT('',(19.676562451649,-1.093451852848,
    -0.727665185626));
#770 = CARTESIAN_POINT('',(19.662499928915,-1.204484528421,
    -0.494801961309));
#771 = CARTESIAN_POINT('',(19.634374917722,-1.315518055712,
    -2.578076737482E-06));
#772 = CARTESIAN_POINT('',(19.606249942228,-1.204484842421,
    0.494801280742));
#773 = CARTESIAN_POINT('',(19.592187456757,-1.093451735915,
    0.727669388462));
#774 = CARTESIAN_POINT('',(19.578124949517,-0.931466902993,
    0.931469550897));
#775 = CARTESIAN_POINT('',(19.564062435003,-0.727667222745,
    1.093453003465));
#776 = CARTESIAN_POINT('',(19.549999933349,-0.494801018504,
    1.204484247122));
#777 = CARTESIAN_POINT('',(19.521874938189,1.303867529253E-08,
    1.315515591277));
#778 = CARTESIAN_POINT('',(19.493749943029,0.494801001426,1.204484054806
    ));
#779 = CARTESIAN_POINT('',(19.479687441376,0.727667132803,1.093452846656
    ));
#780 = CARTESIAN_POINT('',(19.465624926861,0.931467017357,0.931470120559
    ));
#781 = CARTESIAN_POINT('',(19.451562419622,1.093452427553,0.727669694003
    ));
#782 = CARTESIAN_POINT('',(19.437499934151,1.204484973093,0.494801330334
    ));
#783 = CARTESIAN_POINT('',(19.409374958657,1.315517269922,
    -2.585428947459E-06));
#784 = CARTESIAN_POINT('',(19.381249947463,1.204484151568,
    -0.494801911717));
#785 = CARTESIAN_POINT('',(19.367187424724,1.093451777549,
    -0.727665192127));
#786 = CARTESIAN_POINT('',(19.353124895729,0.931468264696,
    -0.931464098873));
#787 = CARTESIAN_POINT('',(19.339062371256,0.727668929478,
    -1.093445965136));
#788 = CARTESIAN_POINT('',(19.32500005084,0.494799749035,-1.204494473022
    ));
#789 = CARTESIAN_POINT('',(19.310937435334,0.247400241727,
    -1.260001272107));
#790 = CARTESIAN_POINT('',(19.296874917584,4.722068847052E-09,
    -1.260001622429));
#791 = ORIENTED_EDGE('',*,*,#400,.T.);
#792 = ORIENTED_EDGE('',*,*,#661,.T.);
#793 = ORIENTED_EDGE('',*,*,#794,.F.);
#794 = EDGE_CURVE('',#761,#662,#795,.T.);
#795 = B_SPLINE_CURVE_WITH_KNOTS('',1,(#796,#797),.UNSPECIFIED.,.F.,.F.,
  (2,2),(0.,5.625E-02),.PIECEWISE_BEZIER_KNOTS.);
#796 = CARTESIAN_POINT('',(19.296874917584,4.722068726793E-09,
    -1.260001622429));
#797 = CARTESIAN_POINT('',(19.353124917582,4.722177306605E-09,
    -1.26000208598));
#798 = B_SPLINE_SURFACE_WITH_KNOTS('',1,11,(
    (#799,#800,#801,#802,#803,#804,#805,#806,#807,#808,#809,#810,#811
      ,#812,#813,#814,#815,#816,#817,#818,#819)
    ,(#820,#821,#822,#823,#824,#825,#826,#827,#828,#829,#830,#831,#832
      ,#833,#834,#835,#836,#837,#838,#839,#840
  )),.UNSPECIFIED.,.F.,.F.,.F.,(2,2),(12,9,12),(0.,5.625E-02),(0.,
    3.149639566854,6.299279133707),.UNSPECIFIED.);
#799 = CARTESIAN_POINT('',(19.746874958794,2.360939888035E-09,
    -1.260000811215));
#800 = CARTESIAN_POINT('',(19.726420387523,-0.359854887829,-1.2600013201
    ));
#801 = CARTESIAN_POINT('',(19.7059656172,-0.719708611975,-1.146978279406
    ));
#802 = CARTESIAN_POINT('',(19.685511724647,-1.040117074055,
    -0.920789985401));
#803 = CARTESIAN_POINT('',(19.665056670959,-1.281545694977,
    -0.597211511769));
#804 = CARTESIAN_POINT('',(19.644601896507,-1.411634629296,
    -0.206977351575));
#805 = CARTESIAN_POINT('',(19.624147876633,-1.411592472898,
    0.206969017982));
#806 = CARTESIAN_POINT('',(19.603693099334,-1.281577837421,
    0.597188906034));
#807 = CARTESIAN_POINT('',(19.583238587673,-1.040102756008,0.92084986518
    ));
#808 = CARTESIAN_POINT('',(19.562784022059,-0.719710579669,
    1.146949817214));
#809 = CARTESIAN_POINT('',(19.521874938189,2.421981156304E-08,
    1.373050064894));
#810 = CARTESIAN_POINT('',(19.48096585432,0.719710540229,1.14694953748)
  );
#811 = CARTESIAN_POINT('',(19.460511303752,1.040102867845,0.92084904226)
  );
#812 = CARTESIAN_POINT('',(19.440056717922,1.281574625884,0.597194834454
    ));
#813 = CARTESIAN_POINT('',(19.419602105349,1.411610251528,0.206962022736
    ));
#814 = CARTESIAN_POINT('',(19.399147874224,1.41160249068,-0.206979204025
    ));
#815 = CARTESIAN_POINT('',(19.378693264631,1.281568672035,
    -0.597196040346));
#816 = CARTESIAN_POINT('',(19.358238136623,1.040111969333,
    -0.920809556783));
#817 = CARTESIAN_POINT('',(19.337784259196,0.719708299172,
    -1.146969289465));
#818 = CARTESIAN_POINT('',(19.317329488857,0.359854894912,-1.26000111287
    ));
#819 = CARTESIAN_POINT('',(19.296874917584,4.722068726793E-09,
    -1.260001622429));
#820 = CARTESIAN_POINT('',(19.803124958793,2.360966755433E-09,
    -1.26000104299));
#821 = CARTESIAN_POINT('',(19.782670387522,-0.3598549871,-1.260001697078
    ));
#822 = CARTESIAN_POINT('',(19.762215617193,-0.719708856219,
    -1.146979879589));
#823 = CARTESIAN_POINT('',(19.74176172465,-1.040118266273,
    -0.920787510863));
#824 = CARTESIAN_POINT('',(19.721306670977,-1.281542078014,
    -0.597213617944));
#825 = CARTESIAN_POINT('',(19.700851896469,-1.411640839894,
    -0.206977621181));
#826 = CARTESIAN_POINT('',(19.680397876658,-1.411589092718,
    0.206970553863));
#827 = CARTESIAN_POINT('',(19.659943099324,-1.281579337981,0.59718795704
    ));
#828 = CARTESIAN_POINT('',(19.639488587674,-1.040102850995,
    0.920850305851));
#829 = CARTESIAN_POINT('',(19.619034022057,-0.719710782964,
    1.146950174224));
#830 = CARTESIAN_POINT('',(19.578124938188,3.224237771749E-08,
    1.37305044375));
#831 = CARTESIAN_POINT('',(19.537215854319,0.719710734097,1.146949813411
    ));
#832 = CARTESIAN_POINT('',(19.51676130375,1.040102677137,0.920849111557)
  );
#833 = CARTESIAN_POINT('',(19.496306717924,1.281576463531,0.597196105961
    ));
#834 = CARTESIAN_POINT('',(19.475852105339,1.411609712524,0.206960613558
    ));
#835 = CARTESIAN_POINT('',(19.455397874229,1.411601757247,
    -0.206979061018));
#836 = CARTESIAN_POINT('',(19.434943264643,1.281570365281,
    -0.597194256897));
#837 = CARTESIAN_POINT('',(19.414488136599,1.040112020705,
    -0.920812541156));
#838 = CARTESIAN_POINT('',(19.394034259205,0.719708452202,
    -1.146968322249));
#839 = CARTESIAN_POINT('',(19.373579488856,0.359854994183,
    -1.260001431218));
#840 = CARTESIAN_POINT('',(19.353124917582,4.722177306605E-09,
    -1.26000208598));
#841 = ADVANCED_FACE('',(#842),#954,.F.);
#842 = FACE_BOUND('',#843,.F.);
#843 = EDGE_LOOP('',(#844,#947,#948,#949));
#844 = ORIENTED_EDGE('',*,*,#845,.F.);
#845 = EDGE_CURVE('',#452,#846,#848,.T.);
#846 = VERTEX_POINT('',#847);
#847 = CARTESIAN_POINT('',(19.166972642586,-5.075826930233E-08,-1.035));
#848 = B_SPLINE_CURVE_WITH_KNOTS('',7,(#849,#850,#851,#852,#853,#854,
    #855,#856,#857,#858,#859,#860,#861,#862,#863,#864,#865,#866,#867,
    #868,#869,#870,#871,#872,#873,#874,#875,#876,#877,#878,#879,#880,
    #881,#882,#883,#884,#885,#886,#887,#888,#889,#890,#891,#892,#893,
    #894,#895,#896,#897,#898,#899,#900,#901,#902,#903,#904,#905,#906,
    #907,#908,#909,#910,#911,#912,#913,#914,#915,#916,#917,#918,#919,
    #920,#921,#922,#923,#924,#925,#926,#927,#928,#929,#930,#931,#932,
    #933,#934,#935,#936,#937,#938,#939,#940,#941,#942,#943,#944,#945,
    #946),.UNSPECIFIED.,.F.,.F.,(8,6,6,6,6,6,6,6,6,6,6,6,6,6,6,6,8),(0.,
    3.595706458484E-02,6.597973456047E-02,8.598088240666E-02,
    0.105982129657,0.126983444413,0.272715634377,0.375559797949,
    0.379541525312,0.502171519253,0.626852802428,0.736921229787,
    0.78477122658,0.868240559503,0.892415262746,0.95720349071,1.),
  .UNSPECIFIED.);
#849 = CARTESIAN_POINT('',(19.616971916009,-5.075823739098E-08,-1.035));
#850 = CARTESIAN_POINT('',(19.614660640788,-3.340328665944E-02,
    -1.034999998362));
#851 = CARTESIAN_POINT('',(19.612349188943,-6.680637947787E-02,
    -1.033742269905));
#852 = CARTESIAN_POINT('',(19.610037649479,-0.100152296112,
    -1.031226867233));
#853 = CARTESIAN_POINT('',(19.60772608818,-0.133384349219,
    -1.027457020087));
#854 = CARTESIAN_POINT('',(19.605414547605,-0.166446197213,
    -1.022439135345));
#855 = CARTESIAN_POINT('',(19.603103047094,-0.199281844266,
    -1.016182797024));
#856 = CARTESIAN_POINT('',(19.598861605117,-0.259016721031,
    -1.002453578343));
#857 = CARTESIAN_POINT('',(19.596931655659,-0.286001448256,
    -0.995351866464));
#858 = CARTESIAN_POINT('',(19.595001735389,-0.312757494178,
    -0.987403065908));
#859 = CARTESIAN_POINT('',(19.593071843265,-0.339253012058,
    -0.978616094126));
#860 = CARTESIAN_POINT('',(19.591141976192,-0.36545663623,
    -0.969001350747));
#861 = CARTESIAN_POINT('',(19.58921212903,-0.391337482093,
    -0.958570717579));
#862 = CARTESIAN_POINT('',(19.585996635987,-0.433871714245,
    -0.939854011227));
#863 = CARTESIAN_POINT('',(19.584710983059,-0.450721565993,
    -0.932014270468));
#864 = CARTESIAN_POINT('',(19.583425334039,-0.467405734214,
    -0.92382228177));
#865 = CARTESIAN_POINT('',(19.582139687298,-0.483915392704,
    -0.915282263729));
#866 = CARTESIAN_POINT('',(19.580854041345,-0.500241856198,
    -0.906398708099));
#867 = CARTESIAN_POINT('',(19.579568394825,-0.516376580374,
    -0.897176379797));
#868 = CARTESIAN_POINT('',(19.576997091829,-0.548245822521,
    -0.878064206505));
#869 = CARTESIAN_POINT('',(19.575711435234,-0.563980351553,
    -0.868174350402));
#870 = CARTESIAN_POINT('',(19.574425775589,-0.579506346159,
    -0.857955787875));
#871 = CARTESIAN_POINT('',(19.573140111985,-0.594815577925,
    -0.847413811413));
#872 = CARTESIAN_POINT('',(19.571854443748,-0.609899992812,
    -0.836553966714));
#873 = CARTESIAN_POINT('',(19.570568770441,-0.624751711156,
    -0.825382052679));
#874 = CARTESIAN_POINT('',(19.567933129021,-0.654704913755,
    -0.801852290637));
#875 = CARTESIAN_POINT('',(19.566583160156,-0.669781770797,
    -0.789463064484));
#876 = CARTESIAN_POINT('',(19.56523318508,-0.684584678527,
    -0.776743451445));
#877 = CARTESIAN_POINT('',(19.563883203802,-0.699104966523,
    -0.763700737803));
#878 = CARTESIAN_POINT('',(19.562533216528,-0.71333421421,-0.75034248763
    ));
#879 = CARTESIAN_POINT('',(19.561183223662,-0.727264250859,
    -0.736676542792));
#880 = CARTESIAN_POINT('',(19.55046532924,-0.835419129514,
    -0.625801576361));
#881 = CARTESIAN_POINT('',(19.54109247059,-0.915209828529,
    -0.514417849584));
#882 = CARTESIAN_POINT('',(19.531723428986,-0.977504054017,
    -0.391330918437));
#883 = CARTESIAN_POINT('',(19.522356247603,-1.020347728199,
    -0.259893933397));
#884 = CARTESIAN_POINT('',(19.512987525174,-1.042556089655,
    -0.123740087897));
#885 = CARTESIAN_POINT('',(19.503614908735,-1.043732062305,
    1.32691114282E-02));
#886 = CARTESIAN_POINT('',(19.487635769688,-1.010874435879,0.24183767679
    ));
#887 = CARTESIAN_POINT('',(19.481023798052,-0.987094321412,
    0.334951997577));
#888 = CARTESIAN_POINT('',(19.474412375583,-0.953316414667,
    0.425275648878));
#889 = CARTESIAN_POINT('',(19.467801311174,-0.909950077099,
    0.511529458623));
#890 = CARTESIAN_POINT('',(19.461189890751,-0.857598198058,
    0.592514380669));
#891 = CARTESIAN_POINT('',(19.454577951435,-0.797043341661,
    0.667139000635));
#892 = CARTESIAN_POINT('',(19.447710980078,-0.726623046535,0.73706012635
    ));
#893 = CARTESIAN_POINT('',(19.447455027223,-0.723987400806,
    0.739655356499));
#894 = CARTESIAN_POINT('',(19.447199074497,-0.721340943462,
    0.742239588637));
#895 = CARTESIAN_POINT('',(19.446943121887,-0.718683729441,
    0.744812768886));
#896 = CARTESIAN_POINT('',(19.446687169383,-0.716015814082,
    0.747374843651));
#897 = CARTESIAN_POINT('',(19.446431216986,-0.71333725312,0.749925759618
    ));
#898 = CARTESIAN_POINT('',(19.438292397611,-0.627827137979,0.83068375319
    ));
#899 = CARTESIAN_POINT('',(19.430407701957,-0.534940664312,
    0.898286915635));
#900 = CARTESIAN_POINT('',(19.422524637437,-0.433658976061,
    0.953680934165));
#901 = CARTESIAN_POINT('',(19.414642556163,-0.325924303446,
    0.995661009684));
#902 = CARTESIAN_POINT('',(19.406759454601,-0.213865313098,
    1.023397608662));
#903 = CARTESIAN_POINT('',(19.398874705277,-9.972749814225E-02,
    1.036463652941));
#904 = CARTESIAN_POINT('',(19.382976969634,0.129993975563,1.033315941979
    ));
#905 = CARTESIAN_POINT('',(19.374959873016,0.245632086927,1.016607877548
    ));
#906 = CARTESIAN_POINT('',(19.366944227893,0.358666025665,0.984798661948
    ));
#907 = CARTESIAN_POINT('',(19.358929564981,0.466749821584,0.938410496656
    ));
#908 = CARTESIAN_POINT('',(19.350913985668,0.56767595641,0.878390895513)
  );
#909 = CARTESIAN_POINT('',(19.34289697095,0.659449993747,0.806080586394)
  );
#910 = CARTESIAN_POINT('',(19.32780679224,0.811832908485,0.650082486892)
  );
#911 = CARTESIAN_POINT('',(19.320730314512,0.874863132643,0.568691515448
    ));
#912 = CARTESIAN_POINT('',(19.313654766569,0.928309440561,0.480237192161
    ));
#913 = CARTESIAN_POINT('',(19.306579740769,0.971248796141,0.3860854832)
  );
#914 = CARTESIAN_POINT('',(19.299504082168,1.002997491729,0.287735416565
    ));
#915 = CARTESIAN_POINT('',(19.292427479068,1.023129182183,0.186779639867
    ));
#916 = CARTESIAN_POINT('',(19.282276071426,1.035159254098,
    4.057337380172E-02));
#917 = CARTESIAN_POINT('',(19.279200123504,1.036584689784,
    -3.910674913624E-03));
#918 = CARTESIAN_POINT('',(19.276124187412,1.035779378063,
    -4.844369033339E-02));
#919 = CARTESIAN_POINT('',(19.273048266393,1.032742409753,
    -9.289144614603E-02));
#920 = CARTESIAN_POINT('',(19.269972351005,1.027482936565,
    -0.137120074154));
#921 = CARTESIAN_POINT('',(19.266896440509,1.02002012429,-0.180996726605
    ));
#922 = CARTESIAN_POINT('',(19.258455018691,0.993572331826,
    -0.300085697999));
#923 = CARTESIAN_POINT('',(19.253089237297,0.970144288972,
    -0.374315689277));
#924 = CARTESIAN_POINT('',(19.247723738118,0.940254633488,
    -0.446379331032));
#925 = CARTESIAN_POINT('',(19.242358429609,0.904149049352,
    -0.515604312271));
#926 = CARTESIAN_POINT('',(19.236992998436,0.862158239434,
    -0.581356523751));
#927 = CARTESIAN_POINT('',(19.231627297265,0.814692916482,
    -0.643049689389));
#928 = CARTESIAN_POINT('',(19.22470773745,0.747046833196,-0.716694052595
    ));
#929 = CARTESIAN_POINT('',(19.223153730152,0.731436174796,
    -0.732848555949));
#930 = CARTESIAN_POINT('',(19.221599709192,0.715418532223,-0.74860575735
    ));
#931 = CARTESIAN_POINT('',(19.22004567354,0.699006066375,-0.763953386045
    ));
#932 = CARTESIAN_POINT('',(19.218491622606,0.682211385714,
    -0.778879650915));
#933 = CARTESIAN_POINT('',(19.216937556234,0.665047546276,
    -0.793373240473));
#934 = CARTESIAN_POINT('',(19.211218534718,0.600575789252,
    -0.845077557194));
#935 = CARTESIAN_POINT('',(19.20705341066,0.551068016397,-0.879547105369
    ));
#936 = CARTESIAN_POINT('',(19.202888231285,0.499265669491,-0.91062268432
    ));
#937 = CARTESIAN_POINT('',(19.198723045846,0.445449169769,
    -0.938123061214));
#938 = CARTESIAN_POINT('',(19.194557892118,0.389915667663,
    -0.961896435371));
#939 = CARTESIAN_POINT('',(19.190392864437,0.332976287156,
    -0.981821820177));
#940 = CARTESIAN_POINT('',(19.183477159081,0.236625754369,
    -1.008371857178));
#941 = CARTESIAN_POINT('',(19.180726239256,0.197824719829,
    -1.017215715488));
#942 = CARTESIAN_POINT('',(19.177975449976,0.158642853269,
    -1.024316490069));
#943 = CARTESIAN_POINT('',(19.175224787756,0.119174145821,-1.02965497443
    ));
#944 = CARTESIAN_POINT('',(19.172474198339,7.951361417904E-02,
    -1.033218304887));
#945 = CARTESIAN_POINT('',(19.169723557126,3.975692178203E-02,-1.035));
#946 = CARTESIAN_POINT('',(19.16697264961,-1.7763568394E-15,-1.035));
#947 = ORIENTED_EDGE('',*,*,#505,.T.);
#948 = ORIENTED_EDGE('',*,*,#760,.T.);
#949 = ORIENTED_EDGE('',*,*,#950,.F.);
#950 = EDGE_CURVE('',#846,#761,#951,.T.);
#951 = B_SPLINE_CURVE_WITH_KNOTS('',1,(#952,#953),.UNSPECIFIED.,.F.,.F.,
  (2,2),(0.,0.39175),.PIECEWISE_BEZIER_KNOTS.);
#952 = CARTESIAN_POINT('',(19.101002713447,-1.554690456373E-07,
    -0.92073455632));
#953 = CARTESIAN_POINT('',(19.296874917584,4.722068847052E-09,
    -1.260001622429));
#954 = B_SPLINE_SURFACE_WITH_KNOTS('',1,8,(
    (#955,#956,#957,#958,#959,#960,#961,#962,#963,#964,#965,#966,#967
      ,#968,#969,#970,#971,#972,#973,#974,#975,#976,#977,#978,#979,#980
      ,#981)
    ,(#982,#983,#984,#985,#986,#987,#988,#989,#990,#991,#992,#993,#994
      ,#995,#996,#997,#998,#999,#1000,#1001,#1002,#1003,#1004,#1005
      ,#1006,#1007,#1008
    )),.UNSPECIFIED.,.F.,.F.,.F.,(2,2),(9,6,6,6,9),(0.,0.39175),(0.,
    1.574819783427,3.149639566854,4.72445935028,6.299279133707),
  .UNSPECIFIED.);
#955 = CARTESIAN_POINT('',(19.551001356724,-7.773452503912E-08,
    -0.920734552191));
#956 = CARTESIAN_POINT('',(19.536939441073,-0.180799823688,
    -0.920734538708));
#957 = CARTESIAN_POINT('',(19.522880743683,-0.361553616095,
    -0.880171885585));
#958 = CARTESIAN_POINT('',(19.5088123318,-0.531735675076,-0.799038531887
    ));
#959 = CARTESIAN_POINT('',(19.494750636898,-0.680667630652,
    -0.680649731077));
#960 = CARTESIAN_POINT('',(19.480689091856,-0.799028692386,
    -0.531734100877));
#961 = CARTESIAN_POINT('',(19.466627340412,-0.880166100534,
    -0.361571720783));
#962 = CARTESIAN_POINT('',(19.43850270893,-0.961302711077,
    -2.633057904891E-06));
#963 = CARTESIAN_POINT('',(19.410376902134,-0.880166405056,
    0.361572526295));
#964 = CARTESIAN_POINT('',(19.396313923803,-0.799029650107,
    0.531740244172));
#965 = CARTESIAN_POINT('',(19.382251662137,-0.680659790279,
    0.680663004158));
#966 = CARTESIAN_POINT('',(19.368189639995,-0.531738165264,
    0.799029801445));
#967 = CARTESIAN_POINT('',(19.354127194429,-0.36157315822,0.880165431548
    ));
#968 = CARTESIAN_POINT('',(19.326002035085,1.218243489177E-07,
    0.961301031844));
#969 = CARTESIAN_POINT('',(19.297876875742,0.361573381096,0.880165338977
    ));
#970 = CARTESIAN_POINT('',(19.283814430176,0.531738367216,0.799029665949
    ));
#971 = CARTESIAN_POINT('',(19.269752408034,0.680659963286,0.680662834633
    ));
#972 = CARTESIAN_POINT('',(19.255690146368,0.799029788325,0.531740043317
    ));
#973 = CARTESIAN_POINT('',(19.241627168037,0.880166497314,0.361572303584
    ));
#974 = CARTESIAN_POINT('',(19.213501361241,0.961302707078,
    -2.876611565296E-06));
#975 = CARTESIAN_POINT('',(19.185376729758,0.880166007023,
    -0.361571943493));
#976 = CARTESIAN_POINT('',(19.171314978315,0.799028557304,
    -0.531734303321));
#977 = CARTESIAN_POINT('',(19.157253433273,0.680667476347,
    -0.680649907263));
#978 = CARTESIAN_POINT('',(19.143191738371,0.531735463023,
    -0.799038682369));
#979 = CARTESIAN_POINT('',(19.129123326488,0.361553392364,
    -0.880171954784));
#980 = CARTESIAN_POINT('',(19.115064629098,0.180799590484,-0.92073458506
    ));
#981 = CARTESIAN_POINT('',(19.101002713447,-1.554690456373E-07,
    -0.92073455632));
#982 = CARTESIAN_POINT('',(19.746874958794,2.360939888035E-09,
    -1.260000811215));
#983 = CARTESIAN_POINT('',(19.732812441045,-0.247400234644,
    -1.260001161073));
#984 = CARTESIAN_POINT('',(19.718749825547,-0.494799899039,
    -1.204498874978));
#985 = CARTESIAN_POINT('',(19.704687505103,-0.727670826229,
    -1.09344286469));
#986 = CARTESIAN_POINT('',(19.690624980667,-0.931464703625,
    -0.931463358808));
#987 = CARTESIAN_POINT('',(19.676562451649,-1.093451852848,
    -0.727665185626));
#988 = CARTESIAN_POINT('',(19.662499928915,-1.204484528421,
    -0.494801961309));
#989 = CARTESIAN_POINT('',(19.634374917722,-1.315518055712,
    -2.578076737482E-06));
#990 = CARTESIAN_POINT('',(19.606249942228,-1.204484842421,
    0.494801280742));
#991 = CARTESIAN_POINT('',(19.592187456757,-1.093451735915,
    0.727669388462));
#992 = CARTESIAN_POINT('',(19.578124949517,-0.931466902993,
    0.931469550897));
#993 = CARTESIAN_POINT('',(19.564062435003,-0.727667222745,
    1.093453003465));
#994 = CARTESIAN_POINT('',(19.549999933349,-0.494801018504,
    1.204484247122));
#995 = CARTESIAN_POINT('',(19.521874938189,1.303867529253E-08,
    1.315515591277));
#996 = CARTESIAN_POINT('',(19.493749943029,0.494801001426,1.204484054806
    ));
#997 = CARTESIAN_POINT('',(19.479687441376,0.727667132803,1.093452846656
    ));
#998 = CARTESIAN_POINT('',(19.465624926861,0.931467017357,0.931470120559
    ));
#999 = CARTESIAN_POINT('',(19.451562419622,1.093452427553,0.727669694003
    ));
#1000 = CARTESIAN_POINT('',(19.437499934151,1.204484973093,
    0.494801330334));
#1001 = CARTESIAN_POINT('',(19.409374958657,1.315517269922,
    -2.585428947459E-06));
#1002 = CARTESIAN_POINT('',(19.381249947463,1.204484151568,
    -0.494801911717));
#1003 = CARTESIAN_POINT('',(19.367187424724,1.093451777549,
    -0.727665192127));
#1004 = CARTESIAN_POINT('',(19.353124895729,0.931468264696,
    -0.931464098873));
#1005 = CARTESIAN_POINT('',(19.339062371256,0.727668929478,
    -1.093445965136));
#1006 = CARTESIAN_POINT('',(19.32500005084,0.494799749035,
    -1.204494473022));
#1007 = CARTESIAN_POINT('',(19.310937435334,0.247400241727,
    -1.260001272107));
#1008 = CARTESIAN_POINT('',(19.296874917584,4.722068847052E-09,
    -1.260001622429));
#1009 = ADVANCED_FACE('',(#1010),#1082,.F.);
#1010 = FACE_BOUND('',#1011,.T.);
#1011 = EDGE_LOOP('',(#1012,#1013,#1014,#1076));
#1012 = ORIENTED_EDGE('',*,*,#845,.F.);
#1013 = ORIENTED_EDGE('',*,*,#637,.T.);
#1014 = ORIENTED_EDGE('',*,*,#1015,.T.);
#1015 = EDGE_CURVE('',#571,#1016,#1018,.T.);
#1016 = VERTEX_POINT('',#1017);
#1017 = CARTESIAN_POINT('',(19.033034201934,-7.613818161644E-08,-1.035)
  );
#1018 = B_SPLINE_CURVE_WITH_KNOTS('',6,(#1019,#1020,#1021,#1022,#1023,
    #1024,#1025,#1026,#1027,#1028,#1029,#1030,#1031,#1032,#1033,#1034,
    #1035,#1036,#1037,#1038,#1039,#1040,#1041,#1042,#1043,#1044,#1045,
    #1046,#1047,#1048,#1049,#1050,#1051,#1052,#1053,#1054,#1055,#1056,
    #1057,#1058,#1059,#1060,#1061,#1062,#1063,#1064,#1065,#1066,#1067,
    #1068,#1069,#1070,#1071,#1072,#1073,#1074,#1075),.UNSPECIFIED.,.F.,
  .F.,(7,5,5,5,5,5,5,5,5,5,5,7),(0.,3.800182913573E-02,0.132928431372,
    0.228870521117,0.295123591773,0.381424658027,0.504381604945,
    0.630928266749,0.750567184853,0.868420983125,0.961079836244,1.),
  .UNSPECIFIED.);
#1019 = CARTESIAN_POINT('',(19.483032404799,-1.015171577912E-07,-1.035)
  );
#1020 = CARTESIAN_POINT('',(19.480182651211,-4.118696311327E-02,
    -1.03499999596));
#1021 = CARTESIAN_POINT('',(19.477333290842,-8.23736698156E-02,
    -1.033033183115));
#1022 = CARTESIAN_POINT('',(19.474483992528,-0.123442299268,
    -1.029099675016));
#1023 = CARTESIAN_POINT('',(19.471634553906,-0.16427600615,
    -1.023208830654));
#1024 = CARTESIAN_POINT('',(19.468784901416,-0.204759022173,
    -1.01537925446));
#1025 = CARTESIAN_POINT('',(19.458816409621,-0.34473863432,
    -0.981307635995));
#1026 = CARTESIAN_POINT('',(19.451695826373,-0.441809402496,
    -0.945050107584));
#1027 = CARTESIAN_POINT('',(19.444575200611,-0.534185693695,
    -0.897300201452));
#1028 = CARTESIAN_POINT('',(19.43745534501,-0.620194122679,
    -0.83885327327));
#1029 = CARTESIAN_POINT('',(19.430335068296,-0.698337695867,
    -0.77080090116));
#1030 = CARTESIAN_POINT('',(19.416020696554,-0.837150344368,
    -0.617427354417));
#1031 = CARTESIAN_POINT('',(19.408825012321,-0.897639367539,
    -0.531911747532));
#1032 = CARTESIAN_POINT('',(19.401630476903,-0.947552140879,
    -0.439392894503));
#1033 = CARTESIAN_POINT('',(19.39443570569,-0.985925195535,
    -0.341523017224));
#1034 = CARTESIAN_POINT('',(19.387239764557,-1.01211993779,
    -0.240104968793));
#1035 = CARTESIAN_POINT('',(19.375075753814,-1.035394875472,
    -6.586633154811E-02));
#1036 = CARTESIAN_POINT('',(19.370106826068,-1.038977046104,
    6.099597257558E-03));
#1037 = CARTESIAN_POINT('',(19.365137999631,-1.03655118465,
    7.823836840134E-02));
#1038 = CARTESIAN_POINT('',(19.360169170103,-1.028121263473,
    0.149924022874));
#1039 = CARTESIAN_POINT('',(19.355200225118,-1.013777270242,
    0.22053706631));
#1040 = CARTESIAN_POINT('',(19.343759126618,-0.967534361705,
    0.379276506577));
#1041 = CARTESIAN_POINT('',(19.337286404494,-0.93163368878,
    0.466246059769));
#1042 = CARTESIAN_POINT('',(19.330814324561,-0.88638095765,
    0.549050681689));
#1043 = CARTESIAN_POINT('',(19.324342276291,-0.832399571504,
    0.626448402719));
#1044 = CARTESIAN_POINT('',(19.317869632146,-0.770523882792,
    0.697327973226));
#1045 = CARTESIAN_POINT('',(19.302176092204,-0.603826345876,
    0.851103400617));
#1046 = CARTESIAN_POINT('',(19.292951863288,-0.491886109027,
    0.926353968611));
#1047 = CARTESIAN_POINT('',(19.283730725566,-0.368934260805,
    0.983721216283));
#1048 = CARTESIAN_POINT('',(19.274509484579,-0.23858076567,
    1.021353530691));
#1049 = CARTESIAN_POINT('',(19.265285142829,-0.104763147157,
    1.038271653409));
#1050 = CARTESIAN_POINT('',(19.246573279506,0.165546088105,
    1.030839404574));
#1051 = CARTESIAN_POINT('',(19.237079758081,0.302093834867,1.00526718951
    ));
#1052 = CARTESIAN_POINT('',(19.227590352623,0.433643352618,
    0.957989295379));
#1053 = CARTESIAN_POINT('',(19.21810099378,0.55597388666,0.890345811199)
  );
#1054 = CARTESIAN_POINT('',(19.2086074984,0.665293846556,0.804623756183)
  );
#1055 = CARTESIAN_POINT('',(19.190144513537,0.846805192052,
    0.609063814064));
#1056 = CARTESIAN_POINT('',(19.181169381695,0.920751610039,
    0.500739670812));
#1057 = CARTESIAN_POINT('',(19.17219693468,0.977872524573,0.381861907318
    ));
#1058 = CARTESIAN_POINT('',(19.16322449186,1.016427147298,0.255733731125
    ));
#1059 = CARTESIAN_POINT('',(19.154249377358,1.035456828413,
    0.125964166943));
#1060 = CARTESIAN_POINT('',(19.136438250264,1.034536864826,
    -0.131427960301));
#1061 = CARTESIAN_POINT('',(19.12759754602,1.01516436499,-0.259122536493
    ));
#1062 = CARTESIAN_POINT('',(19.118759633648,0.976871999082,
    -0.383203111417));
#1063 = CARTESIAN_POINT('',(19.109921578924,0.920585738268,
    -0.500225019675));
#1064 = CARTESIAN_POINT('',(19.101080755183,0.8479685758,-0.607033090432
    ));
#1065 = CARTESIAN_POINT('',(19.085293128491,0.693440576327,
    -0.774887115648));
#1066 = CARTESIAN_POINT('',(19.078343393328,0.61681451428,
    -0.840857541925));
#1067 = CARTESIAN_POINT('',(19.071394476629,0.532744162398,
    -0.897644466979));
#1068 = CARTESIAN_POINT('',(19.064445774361,0.442624225221,
    -0.944237849742));
#1069 = CARTESIAN_POINT('',(19.057496147284,0.348009808571,
    -0.979897392812));
#1070 = CARTESIAN_POINT('',(19.047628263032,0.209648099199,
    -1.014421971078));
#1071 = CARTESIAN_POINT('',(19.044709397323,0.168221958678,
    -1.022632597023));
#1072 = CARTESIAN_POINT('',(19.041790510947,0.126419191452,
    -1.028811089454));
#1073 = CARTESIAN_POINT('',(19.038871633911,8.436408104953E-02,
    -1.03293698805));
#1074 = CARTESIAN_POINT('',(19.035952833138,4.218211803433E-02,-1.035));
#1075 = CARTESIAN_POINT('',(19.033034212471,-4.440892098501E-16,-1.035)
  );
#1076 = ORIENTED_EDGE('',*,*,#1077,.F.);
#1077 = EDGE_CURVE('',#846,#1016,#1078,.T.);
#1078 = LINE('',#1079,#1080);
#1079 = CARTESIAN_POINT('',(20.,0.,-1.035));
#1080 = VECTOR('',#1081,1.);
#1081 = DIRECTION('',(-1.,0.,6.661338147751E-17));
#1082 = CYLINDRICAL_SURFACE('',#1083,1.035);
#1083 = AXIS2_PLACEMENT_3D('',#1084,#1085,#1086);
#1084 = CARTESIAN_POINT('',(20.,0.,0.));
#1085 = DIRECTION('',(-1.,-0.,-0.));
#1086 = DIRECTION('',(0.,0.,-1.));
#1087 = ADVANCED_FACE('',(#1088),#1123,.F.);
#1088 = FACE_BOUND('',#1089,.F.);
#1089 = EDGE_LOOP('',(#1090,#1116,#1117,#1118));
#1090 = ORIENTED_EDGE('',*,*,#1091,.F.);
#1091 = EDGE_CURVE('',#662,#1092,#1094,.T.);
#1092 = VERTEX_POINT('',#1093);
#1093 = CARTESIAN_POINT('',(18.903124876367,7.083634590007E-09,
    -1.26000312897));
#1094 = B_SPLINE_CURVE_WITH_KNOTS('',11,(#1095,#1096,#1097,#1098,#1099,
    #1100,#1101,#1102,#1103,#1104,#1105,#1106,#1107,#1108,#1109,#1110,
    #1111,#1112,#1113,#1114,#1115),.UNSPECIFIED.,.F.,.F.,(12,9,12),(0.,
    3.149639566854,6.299279133707),.UNSPECIFIED.);
#1095 = CARTESIAN_POINT('',(19.353124917582,4.722180202421E-09,
    -1.26000208598));
#1096 = CARTESIAN_POINT('',(19.332670346309,-0.359855282552,
    -1.260002740743));
#1097 = CARTESIAN_POINT('',(19.312215575956,-0.719709449979,
    -1.146980830386));
#1098 = CARTESIAN_POINT('',(19.291761683481,-1.040119125415,
    -0.920788274862));
#1099 = CARTESIAN_POINT('',(19.271306629754,-1.281543137632,
    -0.597214115055));
#1100 = CARTESIAN_POINT('',(19.250851855223,-1.411642008267,
    -0.206977794755));
#1101 = CARTESIAN_POINT('',(19.230397835467,-1.411590261316,
    0.206970722304));
#1102 = CARTESIAN_POINT('',(19.209943058109,-1.281580400098,
    0.597188449031));
#1103 = CARTESIAN_POINT('',(19.189488546463,-1.040103713655,
    0.92085106615));
#1104 = CARTESIAN_POINT('',(19.169033980843,-0.719711380859,
    1.146951122287));
#1105 = CARTESIAN_POINT('',(19.128124896975,2.966916327399E-08,
    1.373051580319));
#1106 = CARTESIAN_POINT('',(19.087215813107,0.719711327694,
    1.146950764172));
#1107 = CARTESIAN_POINT('',(19.066761262537,1.040103536381,
    0.920849875803));
#1108 = CARTESIAN_POINT('',(19.046306676707,1.281577523274,
    0.597196602561));
#1109 = CARTESIAN_POINT('',(19.025852064115,1.411610880587,
    0.206960787636));
#1110 = CARTESIAN_POINT('',(19.005397833038,1.411602926159,
    -0.206979229646));
#1111 = CARTESIAN_POINT('',(18.984943223445,1.281571427268,
    -0.597194749014));
#1112 = CARTESIAN_POINT('',(18.96448809534,1.040112883265,
    -0.920813301302));
#1113 = CARTESIAN_POINT('',(18.944034218016,0.719709050261,
    -1.14696927035));
#1114 = CARTESIAN_POINT('',(18.923579447644,0.359855294357,
    -1.260002473534));
#1115 = CARTESIAN_POINT('',(18.903124876367,7.083574384483E-09,
    -1.26000312897));
#1116 = ORIENTED_EDGE('',*,*,#689,.T.);
#1117 = ORIENTED_EDGE('',*,*,#1015,.T.);
#1118 = ORIENTED_EDGE('',*,*,#1119,.F.);
#1119 = EDGE_CURVE('',#1092,#1016,#1120,.T.);
#1120 = B_SPLINE_CURVE_WITH_KNOTS('',1,(#1121,#1122),.UNSPECIFIED.,.F.,
  .F.,(2,2),(0.,0.39175),.PIECEWISE_BEZIER_KNOTS.);
#1121 = CARTESIAN_POINT('',(18.903124876367,7.083575059852E-09,
    -1.26000312897));
#1122 = CARTESIAN_POINT('',(19.099004070137,-2.332016861839E-07,
    -0.920740098346));
#1123 = B_SPLINE_SURFACE_WITH_KNOTS('',1,9,(
    (#1124,#1125,#1126,#1127,#1128,#1129,#1130,#1131,#1132,#1133,#1134
      ,#1135,#1136,#1137,#1138,#1139,#1140,#1141,#1142,#1143,#1144,#1145
      ,#1146,#1147,#1148,#1149,#1150,#1151,#1152,#1153,#1154)
    ,(#1155,#1156,#1157,#1158,#1159,#1160,#1161,#1162,#1163,#1164,#1165
      ,#1166,#1167,#1168,#1169,#1170,#1171,#1172,#1173,#1174,#1175,#1176
      ,#1177,#1178,#1179,#1180,#1181,#1182,#1183,#1184,#1185
  )),.UNSPECIFIED.,.F.,.F.,.F.,(2,2),(10,7,7,7,10),(0.,0.39175),(0.,
    1.574819783427,3.149639566854,4.72445935028,6.299279133707),
  .UNSPECIFIED.);
#1124 = CARTESIAN_POINT('',(19.353124917582,4.722179869354E-09,
    -1.26000208598));
#1125 = CARTESIAN_POINT('',(19.340624901804,-0.219911559723,
    -1.260002486113));
#1126 = CARTESIAN_POINT('',(19.328124809988,-0.439822696449,
    -1.216834545402));
#1127 = CARTESIAN_POINT('',(19.315624904036,-0.650048087889,
    -1.130462697467));
#1128 = CARTESIAN_POINT('',(19.30312495032,-0.840890411807,
    -1.003455103123));
#1129 = CARTESIAN_POINT('',(19.290624926561,-1.003459820922,
    -0.840887262977));
#1130 = CARTESIAN_POINT('',(19.278124902857,-1.130464016813,
    -0.650044831258));
#1131 = CARTESIAN_POINT('',(19.265624886456,-1.216822989861,
    -0.439824744976));
#1132 = CARTESIAN_POINT('',(19.240624878488,-1.303182554616,
    -2.330682035738E-06));
#1133 = CARTESIAN_POINT('',(19.215624898291,-1.216823205467,
    0.43982355215));
#1134 = CARTESIAN_POINT('',(19.203124910701,-1.130463947705,
    0.650047370661));
#1135 = CARTESIAN_POINT('',(19.190624911522,-1.003461217495,
    0.840892563323));
#1136 = CARTESIAN_POINT('',(19.178124901853,-0.840890193118,
    1.003463267843));
#1137 = CARTESIAN_POINT('',(19.165624893237,-0.650045882696,
    1.130464689101));
#1138 = CARTESIAN_POINT('',(19.153124892672,-0.439823614591,
    1.216822430088));
#1139 = CARTESIAN_POINT('',(19.128124896975,1.228568053029E-08,
    1.303180202885));
#1140 = CARTESIAN_POINT('',(19.103124901278,0.439823596192,
    1.216822211239));
#1141 = CARTESIAN_POINT('',(19.090624900714,0.650045795862,
    1.130464473664));
#1142 = CARTESIAN_POINT('',(19.078124892097,0.840890221262,
    1.003463586941));
#1143 = CARTESIAN_POINT('',(19.065624882428,1.003461692604,
    0.840893146969));
#1144 = CARTESIAN_POINT('',(19.053124883249,1.130464595148,
    0.650047656229));
#1145 = CARTESIAN_POINT('',(19.04062489566,1.21682324161,0.439823610382)
  );
#1146 = CARTESIAN_POINT('',(19.015624915462,1.303181638986,
    -2.329208429935E-06));
#1147 = CARTESIAN_POINT('',(18.990624907494,1.216822447859,
    -0.439824686743));
#1148 = CARTESIAN_POINT('',(18.978124891098,1.130463678982,
    -0.650045381314));
#1149 = CARTESIAN_POINT('',(18.965624867372,1.003462614334,
    -0.840886332178));
#1150 = CARTESIAN_POINT('',(18.953124843656,0.840891582704,
    -1.003458862606));
#1151 = CARTESIAN_POINT('',(18.94062488989,0.65004651341,-1.130462898887
    ));
#1152 = CARTESIAN_POINT('',(18.928124983971,0.439822551075,
    -1.216830174228));
#1153 = CARTESIAN_POINT('',(18.915624892147,0.219911571529,
    -1.260002728426));
#1154 = CARTESIAN_POINT('',(18.903124876367,7.083575059852E-09,
    -1.26000312897));
#1155 = CARTESIAN_POINT('',(19.549002713432,-1.554681812177E-07,
    -0.920738248248));
#1156 = CARTESIAN_POINT('',(19.536503232848,-0.160711846761,
    -0.920738929428));
#1157 = CARTESIAN_POINT('',(19.524006255326,-0.32138793296,
    -0.889194106768));
#1158 = CARTESIAN_POINT('',(19.511503159119,-0.475012277776,
    -0.826086400643));
#1159 = CARTESIAN_POINT('',(19.499001635801,-0.6144775095,
    -0.733268561547));
#1160 = CARTESIAN_POINT('',(19.486502418045,-0.7332740699,
    -0.614467549816));
#1161 = CARTESIAN_POINT('',(19.474003198073,-0.826078883583,
    -0.475015627423));
#1162 = CARTESIAN_POINT('',(19.461503738053,-0.889186250653,
    -0.32139895643));
#1163 = CARTESIAN_POINT('',(19.436504000326,-0.952293136658,
    -2.205845623877E-06));
#1164 = CARTESIAN_POINT('',(19.411503348479,-0.889185948157,
    0.321399154556));
#1165 = CARTESIAN_POINT('',(19.399002939953,-0.826078760822,
    0.475019880935));
#1166 = CARTESIAN_POINT('',(19.386502912917,-0.733271816177,
    0.614477747183));
#1167 = CARTESIAN_POINT('',(19.37400323122,-0.614475388866,0.73327392469
    ));
#1168 = CARTESIAN_POINT('',(19.361503514838,-0.475018876952,
    0.826079391802));
#1169 = CARTESIAN_POINT('',(19.349003533422,-0.321399892775,
    0.88918518345));
#1170 = CARTESIAN_POINT('',(19.324003391785,2.336169817103E-07,
    0.952290737331));
#1171 = CARTESIAN_POINT('',(19.299003250149,0.321400255713,
    0.889184652269));
#1172 = CARTESIAN_POINT('',(19.286503268733,0.475019090424,
    0.826078798332));
#1173 = CARTESIAN_POINT('',(19.27400355235,0.614475765003,0.733274217356
    ));
#1174 = CARTESIAN_POINT('',(19.261503870653,0.733272932308,
    0.614478456264));
#1175 = CARTESIAN_POINT('',(19.249003843618,0.826080120602,
    0.475020019987));
#1176 = CARTESIAN_POINT('',(19.236503435092,0.889186155248,
    0.321398862276));
#1177 = CARTESIAN_POINT('',(19.211502783244,0.952291512476,
    -2.626880313377E-06));
#1178 = CARTESIAN_POINT('',(19.186503045516,0.889185146246,
    -0.321399248709));
#1179 = CARTESIAN_POINT('',(19.174003585461,0.826080076053,
    -0.475015786543));
#1180 = CARTESIAN_POINT('',(19.161504365612,0.733273600902,
    -0.614469269746));
#1181 = CARTESIAN_POINT('',(19.149005147699,0.614484410974,
    -0.733272458822));
#1182 = CARTESIAN_POINT('',(19.136503624456,0.475007114362,
    -0.826088153354));
#1183 = CARTESIAN_POINT('',(19.12400052826,0.32138727951,-0.889186495992
    ));
#1184 = CARTESIAN_POINT('',(19.111503550724,0.160711458091,
    -0.920739430728));
#1185 = CARTESIAN_POINT('',(19.099004070137,-2.332016861839E-07,
    -0.920740098346));
#1186 = ADVANCED_FACE('',(#1187),#1228,.F.);
#1187 = FACE_BOUND('',#1188,.F.);
#1188 = EDGE_LOOP('',(#1189,#1221,#1222,#1223));
#1189 = ORIENTED_EDGE('',*,*,#1190,.F.);
#1190 = EDGE_CURVE('',#761,#1191,#1193,.T.);
#1191 = VERTEX_POINT('',#1192);
#1192 = CARTESIAN_POINT('',(18.846874876371,7.083391386979E-09,
    -1.260002433643));
#1193 = B_SPLINE_CURVE_WITH_KNOTS('',8,(#1194,#1195,#1196,#1197,#1198,
    #1199,#1200,#1201,#1202,#1203,#1204,#1205,#1206,#1207,#1208,#1209,
    #1210,#1211,#1212,#1213,#1214,#1215,#1216,#1217,#1218,#1219,#1220),
  .UNSPECIFIED.,.F.,.F.,(9,6,6,6,9),(0.,1.574819783427,3.149639566854,
    4.72445935028,6.299279133707),.UNSPECIFIED.);
#1194 = CARTESIAN_POINT('',(19.296874917584,4.722071511587E-09,
    -1.260001622429));
#1195 = CARTESIAN_POINT('',(19.282812399834,-0.247400391531,
    -1.260001972751));
#1196 = CARTESIAN_POINT('',(19.268749784327,-0.494800215385,
    -1.204499651392));
#1197 = CARTESIAN_POINT('',(19.254687463897,-0.727671292675,
    -1.093443570002));
#1198 = CARTESIAN_POINT('',(19.240624939459,-0.931465301561,
    -0.93146396027));
#1199 = CARTESIAN_POINT('',(19.226562410439,-1.093452555474,
    -0.727665656163));
#1200 = CARTESIAN_POINT('',(19.212499887703,-1.204485302965,
    -0.49480228213));
#1201 = CARTESIAN_POINT('',(19.184374876509,-1.315518902669,
    -2.580541585453E-06));
#1202 = CARTESIAN_POINT('',(19.156249901017,-1.20448561882,
    0.494801597046));
#1203 = CARTESIAN_POINT('',(19.142187415547,-1.093452441267,
    0.727669854896));
#1204 = CARTESIAN_POINT('',(19.128124908307,-0.931467504439,
    0.931470148851));
#1205 = CARTESIAN_POINT('',(19.114062393791,-0.727667693276,
    1.093453706091));
#1206 = CARTESIAN_POINT('',(19.099999892138,-0.494801339319,
    1.204485021668));
#1207 = CARTESIAN_POINT('',(19.071874896978,1.057341823216E-08,
    1.315516438233));
#1208 = CARTESIAN_POINT('',(19.043749901819,0.494801317727,
    1.204484831206));
#1209 = CARTESIAN_POINT('',(19.029687400165,0.727667599236,1.09345355201
    ));
#1210 = CARTESIAN_POINT('',(19.015624885649,0.931467615312,
    0.931470722004));
#1211 = CARTESIAN_POINT('',(19.001562378409,1.093453130177,
    0.727670164535));
#1212 = CARTESIAN_POINT('',(18.98749989294,1.204485747638,0.494801651152
    ));
#1213 = CARTESIAN_POINT('',(18.959374917447,1.315518116879,
    -2.582963275872E-06));
#1214 = CARTESIAN_POINT('',(18.931249906253,1.204484927967,
    -0.494802228024));
#1215 = CARTESIAN_POINT('',(18.917187383511,1.093452482903,
    -0.727665658565));
#1216 = CARTESIAN_POINT('',(18.903124854514,0.931468866121,
    -0.931464696844));
#1217 = CARTESIAN_POINT('',(18.889062330039,0.727669400023,
    -1.09344666772));
#1218 = CARTESIAN_POINT('',(18.875000009638,0.494800069895,
    -1.204495247582));
#1219 = CARTESIAN_POINT('',(18.860937394123,0.247400403336,
    -1.260002082858));
#1220 = CARTESIAN_POINT('',(18.846874876371,7.083331809987E-09,
    -1.260002433643));
#1221 = ORIENTED_EDGE('',*,*,#794,.T.);
#1222 = ORIENTED_EDGE('',*,*,#1091,.T.);
#1223 = ORIENTED_EDGE('',*,*,#1224,.F.);
#1224 = EDGE_CURVE('',#1191,#1092,#1225,.T.);
#1225 = B_SPLINE_CURVE_WITH_KNOTS('',1,(#1226,#1227),.UNSPECIFIED.,.F.,
  .F.,(2,2),(0.,5.625E-02),.PIECEWISE_BEZIER_KNOTS.);
#1226 = CARTESIAN_POINT('',(18.846874876371,7.083331689729E-09,
    -1.260002433643));
#1227 = CARTESIAN_POINT('',(18.903124876367,7.083574384483E-09,
    -1.26000312897));
#1228 = B_SPLINE_SURFACE_WITH_KNOTS('',1,11,(
    (#1229,#1230,#1231,#1232,#1233,#1234,#1235,#1236,#1237,#1238,#1239
      ,#1240,#1241,#1242,#1243,#1244,#1245,#1246,#1247,#1248,#1249)
    ,(#1250,#1251,#1252,#1253,#1254,#1255,#1256,#1257,#1258,#1259,#1260
      ,#1261,#1262,#1263,#1264,#1265,#1266,#1267,#1268,#1269,#1270
  )),.UNSPECIFIED.,.F.,.F.,.F.,(2,2),(12,9,12),(0.,5.625E-02),(0.,
    3.149639566854,6.299279133707),.UNSPECIFIED.);
#1229 = CARTESIAN_POINT('',(19.296874917584,4.722071622609E-09,
    -1.260001622429));
#1230 = CARTESIAN_POINT('',(19.276420346312,-0.3598551171,
    -1.260002131988));
#1231 = CARTESIAN_POINT('',(19.25596557597,-0.719709073311,
    -1.146979019215));
#1232 = CARTESIAN_POINT('',(19.23551168347,-1.040117741894,
    -0.920790580056));
#1233 = CARTESIAN_POINT('',(19.215056629741,-1.281546518875,
    -0.597211898944));
#1234 = CARTESIAN_POINT('',(19.19460185527,-1.411635537944,
    -0.206977487165));
#1235 = CARTESIAN_POINT('',(19.174147835439,-1.411593381893,
    0.206969148403));
#1236 = CARTESIAN_POINT('',(19.153693058121,-1.281578663761,
    0.59718928816));
#1237 = CARTESIAN_POINT('',(19.133238546463,-1.040103427349,
    0.92085045609));
#1238 = CARTESIAN_POINT('',(19.112783980847,-0.719711045176,
    1.146950554296));
#1239 = CARTESIAN_POINT('',(19.071874896978,2.164672930127E-08,
    1.373050948892));
#1240 = CARTESIAN_POINT('',(19.03096581311,0.719711001437,1.14695027726)
  );
#1241 = CARTESIAN_POINT('',(19.010511262541,1.040103535761,
    0.920849637107));
#1242 = CARTESIAN_POINT('',(18.990056676708,1.28157544988,0.597195221232
    ));
#1243 = CARTESIAN_POINT('',(18.969602064129,1.411611159935,
    0.206962158718));
#1244 = CARTESIAN_POINT('',(18.94914783303,1.411603399919,
    -0.206979334592));
#1245 = CARTESIAN_POINT('',(18.928693223432,1.281569498274,
    -0.597196422571));
#1246 = CARTESIAN_POINT('',(18.908238095376,1.040112640597,
    -0.920810147574));
#1247 = CARTESIAN_POINT('',(18.887784218003,0.719708764807,
    -1.146970026578));
#1248 = CARTESIAN_POINT('',(18.867329447646,0.359855128905,
    -1.26000192341));
#1249 = CARTESIAN_POINT('',(18.846874876371,7.083331689729E-09,
    -1.260002433643));
#1250 = CARTESIAN_POINT('',(19.353124917582,4.722180202421E-09,
    -1.26000208598));
#1251 = CARTESIAN_POINT('',(19.332670346309,-0.359855282552,
    -1.260002740743));
#1252 = CARTESIAN_POINT('',(19.312215575956,-0.719709449979,
    -1.146980830386));
#1253 = CARTESIAN_POINT('',(19.291761683481,-1.040119125415,
    -0.920788274862));
#1254 = CARTESIAN_POINT('',(19.271306629754,-1.281543137632,
    -0.597214115055));
#1255 = CARTESIAN_POINT('',(19.250851855223,-1.411642008267,
    -0.206977794755));
#1256 = CARTESIAN_POINT('',(19.230397835467,-1.411590261316,
    0.206970722304));
#1257 = CARTESIAN_POINT('',(19.209943058109,-1.281580400098,
    0.597188449031));
#1258 = CARTESIAN_POINT('',(19.189488546463,-1.040103713655,
    0.92085106615));
#1259 = CARTESIAN_POINT('',(19.169033980843,-0.719711380859,
    1.146951122287));
#1260 = CARTESIAN_POINT('',(19.128124896975,2.966916327399E-08,
    1.373051580319));
#1261 = CARTESIAN_POINT('',(19.087215813107,0.719711327694,
    1.146950764172));
#1262 = CARTESIAN_POINT('',(19.066761262537,1.040103536381,
    0.920849875803));
#1263 = CARTESIAN_POINT('',(19.046306676707,1.281577523274,
    0.597196602561));
#1264 = CARTESIAN_POINT('',(19.025852064115,1.411610880587,
    0.206960787636));
#1265 = CARTESIAN_POINT('',(19.005397833038,1.411602926159,
    -0.206979229646));
#1266 = CARTESIAN_POINT('',(18.984943223445,1.281571427268,
    -0.597194749014));
#1267 = CARTESIAN_POINT('',(18.96448809534,1.040112883265,
    -0.920813301302));
#1268 = CARTESIAN_POINT('',(18.944034218016,0.719709050261,
    -1.14696927035));
#1269 = CARTESIAN_POINT('',(18.923579447644,0.359855294357,
    -1.260002473534));
#1270 = CARTESIAN_POINT('',(18.903124876367,7.083574384483E-09,
    -1.26000312897));
#1271 = ADVANCED_FACE('',(#1272),#1372,.F.);
#1272 = FACE_BOUND('',#1273,.F.);
#1273 = EDGE_LOOP('',(#1274,#1365,#1366,#1367));
#1274 = ORIENTED_EDGE('',*,*,#1275,.F.);
#1275 = EDGE_CURVE('',#846,#1276,#1278,.T.);
#1276 = VERTEX_POINT('',#1277);
#1277 = CARTESIAN_POINT('',(18.716973369163,-7.613748130469E-08,-1.035)
  );
#1278 = B_SPLINE_CURVE_WITH_KNOTS('',7,(#1279,#1280,#1281,#1282,#1283,
    #1284,#1285,#1286,#1287,#1288,#1289,#1290,#1291,#1292,#1293,#1294,
    #1295,#1296,#1297,#1298,#1299,#1300,#1301,#1302,#1303,#1304,#1305,
    #1306,#1307,#1308,#1309,#1310,#1311,#1312,#1313,#1314,#1315,#1316,
    #1317,#1318,#1319,#1320,#1321,#1322,#1323,#1324,#1325,#1326,#1327,
    #1328,#1329,#1330,#1331,#1332,#1333,#1334,#1335,#1336,#1337,#1338,
    #1339,#1340,#1341,#1342,#1343,#1344,#1345,#1346,#1347,#1348,#1349,
    #1350,#1351,#1352,#1353,#1354,#1355,#1356,#1357,#1358,#1359,#1360,
    #1361,#1362,#1363,#1364),.UNSPECIFIED.,.F.,.F.,(8,6,6,6,6,6,6,6,6,6,
    6,6,6,6,8),(0.,3.595933599245E-02,0.105990873838,0.134718877877,
    0.160722027124,0.214728135081,0.375686035398,0.501535665193,
    0.626426127029,0.665203376782,0.690206440912,0.86716797617,
    0.892079195711,0.956548713369,1.),.UNSPECIFIED.);
#1279 = CARTESIAN_POINT('',(19.166972642586,-1.015165358442E-07,-1.035)
  );
#1280 = CARTESIAN_POINT('',(19.16466136706,-3.340334182255E-02,
    -1.034999996724));
#1281 = CARTESIAN_POINT('',(19.162349914911,-6.680643898419E-02,
    -1.033742266297));
#1282 = CARTESIAN_POINT('',(19.160038375145,-0.100152359878,
    -1.031226861326));
#1283 = CARTESIAN_POINT('',(19.157726813544,-0.133384417137,
    -1.027457011557));
#1284 = CARTESIAN_POINT('',(19.155415272666,-0.166446269155,
    -1.022439123874));
#1285 = CARTESIAN_POINT('',(19.153103771852,-0.199281920082,
    -1.0161827823));
#1286 = CARTESIAN_POINT('',(19.146290682848,-0.295234906602,
    -0.994129334096));
#1287 = CARTESIAN_POINT('',(19.141789102588,-0.357567161977,
    -0.974908541808));
#1288 = CARTESIAN_POINT('',(19.137287780322,-0.418420760432,
    -0.951132970462));
#1289 = CARTESIAN_POINT('',(19.13278660822,-0.477397552909,
    -0.922941763012));
#1290 = CARTESIAN_POINT('',(19.128285373578,-0.534117118244,
    -0.890516686244));
#1291 = CARTESIAN_POINT('',(19.123783975663,-0.588220914602,
    -0.854080210984));
#1292 = CARTESIAN_POINT('',(19.117436127126,-0.66036120326,
    -0.797408428919));
#1293 = CARTESIAN_POINT('',(19.115589600111,-0.680850129241,
    -0.78029200523));
#1294 = CARTESIAN_POINT('',(19.113743061195,-0.700820348331,
    -0.762562287264));
#1295 = CARTESIAN_POINT('',(19.11189651069,-0.720249897432,
    -0.744238192234));
#1296 = CARTESIAN_POINT('',(19.110049949539,-0.739117710876,
    -0.725339588537));
#1297 = CARTESIAN_POINT('',(19.108203379319,-0.757403620421,
    -0.705887295757));
#1298 = CARTESIAN_POINT('',(19.104685373226,-0.791095690761,
    -0.667814378507));
#1299 = CARTESIAN_POINT('',(19.103013937634,-0.80661053131,
    -0.649289823547));
#1300 = CARTESIAN_POINT('',(19.101342496914,-0.821618600811,
    -0.630345558642));
#1301 = CARTESIAN_POINT('',(19.099671052455,-0.836106325832,
    -0.610998248118));
#1302 = CARTESIAN_POINT('',(19.097999605591,-0.85006083559,
    -0.591265081765));
#1303 = CARTESIAN_POINT('',(19.09632815759,-0.863469961955,
    -0.571163774846));
#1304 = CARTESIAN_POINT('',(19.091185268719,-0.903015217251,
    -0.508237325209));
#1305 = CARTESIAN_POINT('',(19.087713793695,-0.927306504471,
    -0.464252263796));
#1306 = CARTESIAN_POINT('',(19.084242351042,-0.949093249593,
    -0.418921063164));
#1307 = CARTESIAN_POINT('',(19.080770935957,-0.968286986565,
    -0.372415310962));
#1308 = CARTESIAN_POINT('',(19.077299517714,-0.984814098528,
    -0.324913381036));
#1309 = CARTESIAN_POINT('',(19.073828084991,-0.998616281558,
    -0.276599311294));
#1310 = CARTESIAN_POINT('',(19.060010671525,-1.042538519254,
    -8.180969506563E-02));
#1311 = CARTESIAN_POINT('',(19.049656975836,-1.050869654965,
    6.969420999608E-02));
#1312 = CARTESIAN_POINT('',(19.03930978407,-1.033411785447,
    0.221692973142));
#1313 = CARTESIAN_POINT('',(19.028964423609,-0.990443608498,
    0.368929574247));
#1314 = CARTESIAN_POINT('',(19.018616722253,-0.923408163064,
    0.506459950072));
#1315 = CARTESIAN_POINT('',(19.008262721413,-0.834897660163,
    0.629702558347));
#1316 = CARTESIAN_POINT('',(18.989827367417,-0.645710902421,
    0.817281143565));
#1317 = CARTESIAN_POINT('',(18.98173593931,-0.551826803447,
    0.888673861932));
#1318 = CARTESIAN_POINT('',(18.973646366008,-0.448837082307,
    0.947381815146));
#1319 = CARTESIAN_POINT('',(18.965557922681,-0.338817461253,
    0.992063421603));
#1320 = CARTESIAN_POINT('',(18.95746833479,-0.224056997388,
    1.021788956207));
#1321 = CARTESIAN_POINT('',(18.949376885843,-0.106979222494,
    1.036072655896));
#1322 = CARTESIAN_POINT('',(18.933259789374,0.12592332206,1.033840848318
    ));
#1323 = CARTESIAN_POINT('',(18.925229752027,0.2418158856,1.017558638003)
  );
#1324 = CARTESIAN_POINT('',(18.917201176167,0.355154313896,
    0.986115840651));
#1325 = CARTESIAN_POINT('',(18.909173587502,0.463579207627,0.94002834519
    ));
#1326 = CARTESIAN_POINT('',(18.901145072261,0.564868935819,
    0.880240561996));
#1327 = CARTESIAN_POINT('',(18.893115108557,0.657014989345,
    0.808093325115));
#1328 = CARTESIAN_POINT('',(18.882594898338,0.763559699174,0.69964208137
    ));
#1329 = CARTESIAN_POINT('',(18.880102389047,0.787759843123,
    0.672921979748));
#1330 = CARTESIAN_POINT('',(18.877609888503,0.810866626736,
    0.645227933602));
#1331 = CARTESIAN_POINT('',(18.875117395755,0.832833272594,
    0.616613748228));
#1332 = CARTESIAN_POINT('',(18.872624909482,0.853616444333,
    0.587135871714));
#1333 = CARTESIAN_POINT('',(18.87013242799,0.873176246638,0.556853394939
    ));
#1334 = CARTESIAN_POINT('',(18.866032831464,0.903275812412,
    0.505823315434));
#1335 = CARTESIAN_POINT('',(18.864425713772,0.914551688379,0.48550964139
    ));
#1336 = CARTESIAN_POINT('',(18.862818595506,0.925294125272,
    0.464903525654));
#1337 = CARTESIAN_POINT('',(18.861211476105,0.935494069179,
    0.444021793803));
#1338 = CARTESIAN_POINT('',(18.859604355081,0.945143140144,
    0.422881600787));
#1339 = CARTESIAN_POINT('',(18.857997232024,0.954233632173,
    0.401500430925));
#1340 = CARTESIAN_POINT('',(18.845015525379,1.023094159757,
    0.226989401402));
#1341 = CARTESIAN_POINT('',(18.833628457526,1.055163362766,
    6.273615735154E-02));
#1342 = CARTESIAN_POINT('',(18.822251588707,1.056245847506,
    -0.106296312991));
#1343 = CARTESIAN_POINT('',(18.810878225366,1.025858698591,
    -0.273069841205));
#1344 = CARTESIAN_POINT('',(18.799502259157,0.965229254669,
    -0.43085694489));
#1345 = CARTESIAN_POINT('',(18.788115844642,0.877289722133,
    -0.573243908307));
#1346 = CARTESIAN_POINT('',(18.775139957643,0.751362283522,
    -0.712190412584));
#1347 = CARTESIAN_POINT('',(18.773538713066,0.73537550341,
    -0.728931186925));
#1348 = CARTESIAN_POINT('',(18.771937454315,0.718954185723,
    -0.745252619421));
#1349 = CARTESIAN_POINT('',(18.770336180084,0.70211155894,
    -0.761141213739));
#1350 = CARTESIAN_POINT('',(18.76873488963,0.684861359258,
    -0.776584011071));
#1351 = CARTESIAN_POINT('',(18.767133582771,0.667217830591,
    -0.791568590137));
#1352 = CARTESIAN_POINT('',(18.761388082462,0.602555034006,
    -0.843646115135));
#1353 = CARTESIAN_POINT('',(18.757243723561,0.553377745244,
    -0.878061372394));
#1354 = CARTESIAN_POINT('',(18.753099308465,0.501920469916,
    -0.909122151561));
#1355 = CARTESIAN_POINT('',(18.748954884053,0.448458983478,
    -0.936649211232));
#1356 = CARTESIAN_POINT('',(18.744810486475,0.393285542517,
    -0.960492112476));
#1357 = CARTESIAN_POINT('',(18.740666208816,0.336706202056,
    -0.98053057531));
#1358 = CARTESIAN_POINT('',(18.733729328266,0.240170899231,
    -1.007557447744));
#1359 = CARTESIAN_POINT('',(18.730936491843,0.200808457109,
    -1.016670774263));
#1360 = CARTESIAN_POINT('',(18.728143790359,0.161047591511,
    -1.023988720688));
#1361 = CARTESIAN_POINT('',(18.725351222298,0.12098660141,
    -1.029490886587));
#1362 = CARTESIAN_POINT('',(18.722558732904,8.072489100953E-02,
    -1.033163607951));
#1363 = CARTESIAN_POINT('',(18.719766193315,4.036256103252E-02,-1.035));
#1364 = CARTESIAN_POINT('',(18.716973379699,0.,-1.035));
#1365 = ORIENTED_EDGE('',*,*,#950,.T.);
#1366 = ORIENTED_EDGE('',*,*,#1190,.T.);
#1367 = ORIENTED_EDGE('',*,*,#1368,.F.);
#1368 = EDGE_CURVE('',#1276,#1191,#1369,.T.);
#1369 = B_SPLINE_CURVE_WITH_KNOTS('',1,(#1370,#1371),.UNSPECIFIED.,.F.,
  .F.,(2,2),(0.,0.39175),.PIECEWISE_BEZIER_KNOTS.);
#1370 = CARTESIAN_POINT('',(18.651004070171,-2.33203623079E-07,
    -0.920734560454));
#1371 = CARTESIAN_POINT('',(18.846874876371,7.083331809987E-09,
    -1.260002433643));
#1372 = B_SPLINE_SURFACE_WITH_KNOTS('',1,8,(
    (#1373,#1374,#1375,#1376,#1377,#1378,#1379,#1380,#1381,#1382,#1383
      ,#1384,#1385,#1386,#1387,#1388,#1389,#1390,#1391,#1392,#1393,#1394
      ,#1395,#1396,#1397,#1398,#1399)
    ,(#1400,#1401,#1402,#1403,#1404,#1405,#1406,#1407,#1408,#1409,#1410
      ,#1411,#1412,#1413,#1414,#1415,#1416,#1417,#1418,#1419,#1420,#1421
      ,#1422,#1423,#1424,#1425,#1426
    )),.UNSPECIFIED.,.F.,.F.,.F.,(2,2),(9,6,6,6,9),(0.,0.39175),(0.,
    1.574819783427,3.149639566854,4.72445935028,6.299279133707),
  .UNSPECIFIED.);
#1373 = CARTESIAN_POINT('',(19.101002713447,-1.554690429728E-07,
    -0.92073455632));
#1374 = CARTESIAN_POINT('',(19.086940797796,-0.180799902233,
    -0.920734527579));
#1375 = CARTESIAN_POINT('',(19.072882100407,-0.361553692029,
    -0.880171859019));
#1376 = CARTESIAN_POINT('',(19.058813688524,-0.531735744924,
    -0.799038490568));
#1377 = CARTESIAN_POINT('',(19.044751993621,-0.680667691162,
    -0.680649676665));
#1378 = CARTESIAN_POINT('',(19.03069044858,-0.799028740865,
    -0.531734035803));
#1379 = CARTESIAN_POINT('',(19.016628697136,-0.880166135011,
    -0.361571648096));
#1380 = CARTESIAN_POINT('',(18.988504065654,-0.961302715393,
    -2.551898286459E-06));
#1381 = CARTESIAN_POINT('',(18.960378258858,-0.880166378479,
    0.361572602226));
#1382 = CARTESIAN_POINT('',(18.946315280526,-0.799029608798,
    0.531740314016));
#1383 = CARTESIAN_POINT('',(18.93225301886,-0.680659735867,
    0.680663064677));
#1384 = CARTESIAN_POINT('',(18.918190996719,-0.53173810019,
    0.799029849923));
#1385 = CARTESIAN_POINT('',(18.904128551152,-0.361573085533,
    0.880165466024));
#1386 = CARTESIAN_POINT('',(18.876003391809,2.029839415048E-07,
    0.961301036158));
#1387 = CARTESIAN_POINT('',(18.847878232466,0.361573457028,0.8801653124)
  );
#1388 = CARTESIAN_POINT('',(18.8338157869,0.531738437062,0.799029624642)
  );
#1389 = CARTESIAN_POINT('',(18.819753764758,0.680660023807,
    0.680662780223));
#1390 = CARTESIAN_POINT('',(18.805691503092,0.799029836806,
    0.531739978245));
#1391 = CARTESIAN_POINT('',(18.79162852476,0.88016653179,0.361572230897)
  );
#1392 = CARTESIAN_POINT('',(18.763502717964,0.961302711389,
    -2.957771183145E-06));
#1393 = CARTESIAN_POINT('',(18.735378086482,0.880165980445,
    -0.361572019425));
#1394 = CARTESIAN_POINT('',(18.721316335038,0.799028515997,
    -0.531734373167));
#1395 = CARTESIAN_POINT('',(18.707254789997,0.680667421945,
    -0.680649967784));
#1396 = CARTESIAN_POINT('',(18.693193095095,0.531735397947,
    -0.799038730858));
#1397 = CARTESIAN_POINT('',(18.679124683212,0.361553319675,
    -0.880171989249));
#1398 = CARTESIAN_POINT('',(18.665065985822,0.180799513561,
    -0.920734604452));
#1399 = CARTESIAN_POINT('',(18.651004070171,-2.33203623079E-07,
    -0.920734560454));
#1400 = CARTESIAN_POINT('',(19.296874917584,4.722071511587E-09,
    -1.260001622429));
#1401 = CARTESIAN_POINT('',(19.282812399834,-0.247400391531,
    -1.260001972751));
#1402 = CARTESIAN_POINT('',(19.268749784327,-0.494800215385,
    -1.204499651392));
#1403 = CARTESIAN_POINT('',(19.254687463897,-0.727671292675,
    -1.093443570002));
#1404 = CARTESIAN_POINT('',(19.240624939459,-0.931465301561,
    -0.93146396027));
#1405 = CARTESIAN_POINT('',(19.226562410439,-1.093452555474,
    -0.727665656163));
#1406 = CARTESIAN_POINT('',(19.212499887703,-1.204485302965,
    -0.49480228213));
#1407 = CARTESIAN_POINT('',(19.184374876509,-1.315518902669,
    -2.580541585453E-06));
#1408 = CARTESIAN_POINT('',(19.156249901017,-1.20448561882,
    0.494801597046));
#1409 = CARTESIAN_POINT('',(19.142187415547,-1.093452441267,
    0.727669854896));
#1410 = CARTESIAN_POINT('',(19.128124908307,-0.931467504439,
    0.931470148851));
#1411 = CARTESIAN_POINT('',(19.114062393791,-0.727667693276,
    1.093453706091));
#1412 = CARTESIAN_POINT('',(19.099999892138,-0.494801339319,
    1.204485021668));
#1413 = CARTESIAN_POINT('',(19.071874896978,1.057341823216E-08,
    1.315516438233));
#1414 = CARTESIAN_POINT('',(19.043749901819,0.494801317727,
    1.204484831206));
#1415 = CARTESIAN_POINT('',(19.029687400165,0.727667599236,1.09345355201
    ));
#1416 = CARTESIAN_POINT('',(19.015624885649,0.931467615312,
    0.931470722004));
#1417 = CARTESIAN_POINT('',(19.001562378409,1.093453130177,
    0.727670164535));
#1418 = CARTESIAN_POINT('',(18.98749989294,1.204485747638,0.494801651152
    ));
#1419 = CARTESIAN_POINT('',(18.959374917447,1.315518116879,
    -2.582963275872E-06));
#1420 = CARTESIAN_POINT('',(18.931249906253,1.204484927967,
    -0.494802228024));
#1421 = CARTESIAN_POINT('',(18.917187383511,1.093452482903,
    -0.727665658565));
#1422 = CARTESIAN_POINT('',(18.903124854514,0.931468866121,
    -0.931464696844));
#1423 = CARTESIAN_POINT('',(18.889062330039,0.727669400023,
    -1.09344666772));
#1424 = CARTESIAN_POINT('',(18.875000009638,0.494800069895,
    -1.204495247582));
#1425 = CARTESIAN_POINT('',(18.860937394123,0.247400403336,
    -1.260002082858));
#1426 = CARTESIAN_POINT('',(18.846874876371,7.083331809987E-09,
    -1.260002433643));
#1427 = ADVANCED_FACE('',(#1428),#1523,.F.);
#1428 = FACE_BOUND('',#1429,.T.);
#1429 = EDGE_LOOP('',(#1430,#1431,#1432,#1517));
#1430 = ORIENTED_EDGE('',*,*,#1275,.F.);
#1431 = ORIENTED_EDGE('',*,*,#1077,.T.);
#1432 = ORIENTED_EDGE('',*,*,#1433,.T.);
#1433 = EDGE_CURVE('',#1016,#1434,#1436,.T.);
#1434 = VERTEX_POINT('',#1435);
#1435 = CARTESIAN_POINT('',(18.583035999083,-1.015179162923E-07,-1.035)
  );
#1436 = B_SPLINE_CURVE_WITH_KNOTS('',7,(#1437,#1438,#1439,#1440,#1441,
    #1442,#1443,#1444,#1445,#1446,#1447,#1448,#1449,#1450,#1451,#1452,
    #1453,#1454,#1455,#1456,#1457,#1458,#1459,#1460,#1461,#1462,#1463,
    #1464,#1465,#1466,#1467,#1468,#1469,#1470,#1471,#1472,#1473,#1474,
    #1475,#1476,#1477,#1478,#1479,#1480,#1481,#1482,#1483,#1484,#1485,
    #1486,#1487,#1488,#1489,#1490,#1491,#1492,#1493,#1494,#1495,#1496,
    #1497,#1498,#1499,#1500,#1501,#1502,#1503,#1504,#1505,#1506,#1507,
    #1508,#1509,#1510,#1511,#1512,#1513,#1514,#1515,#1516),
  .UNSPECIFIED.,.F.,.F.,(8,6,6,6,6,6,6,6,6,6,6,6,6,8),(0.,
    3.800160718358E-02,0.109061421084,0.135913864698,0.228915204256,
    0.29483626997,0.384742395453,0.501739649307,0.632032839541,
    0.750704994843,0.86963842655,0.895486940912,0.960202519147,1.),
  .UNSPECIFIED.);
#1437 = CARTESIAN_POINT('',(19.033034198422,-2.030358325911E-07,-1.035)
  );
#1438 = CARTESIAN_POINT('',(19.030591548956,-3.530322055957E-02,-1.035)
  );
#1439 = CARTESIAN_POINT('',(19.028149180376,-7.060612767371E-02,
    -1.033595137102));
#1440 = CARTESIAN_POINT('',(19.025706903451,-0.105841540214,
    -1.03078547617));
#1441 = CARTESIAN_POINT('',(19.023264584153,-0.140942535598,
    -1.026575044402));
#1442 = CARTESIAN_POINT('',(19.020822143651,-0.175842652829,
    -1.02097183132));
#1443 = CARTESIAN_POINT('',(19.018379558319,-0.210475892494,
    -1.013987788777));
#1444 = CARTESIAN_POINT('',(19.011369218514,-0.308916377418,
    -0.990026981013));
#1445 = CARTESIAN_POINT('',(19.006800991846,-0.371896063991,
    -0.969641963361));
#1446 = CARTESIAN_POINT('',(19.002232480018,-0.433286716271,
    -0.94458818665));
#1447 = CARTESIAN_POINT('',(18.997663846748,-0.492674369836,
    -0.9150170902));
#1448 = CARTESIAN_POINT('',(18.993095193717,-0.549664575094,
    -0.881125007081));
#1449 = CARTESIAN_POINT('',(18.988526635116,-0.603886816322,
    -0.843151027189));
#1450 = CARTESIAN_POINT('',(18.982232093768,-0.674313436249,
    -0.785588270069));
#1451 = CARTESIAN_POINT('',(18.9805058407,-0.693184067922,
    -0.769258559638));
#1452 = CARTESIAN_POINT('',(18.978779614052,-0.711592447035,
    -0.752400755675));
#1453 = CARTESIAN_POINT('',(18.97705341391,-0.729520889871,
    -0.735030601813));
#1454 = CARTESIAN_POINT('',(18.975327239363,-0.746952407687,
    -0.717164558671));
#1455 = CARTESIAN_POINT('',(18.973601088508,-0.763870706712,
    -0.698819803849));
#1456 = CARTESIAN_POINT('',(18.965896641915,-0.837023876039,
    -0.614882603523));
#1457 = CARTESIAN_POINT('',(18.959918075122,-0.887449322123,
    -0.544217507891));
#1458 = CARTESIAN_POINT('',(18.953940008709,-0.930879977687,
    -0.468768701502));
#1459 = CARTESIAN_POINT('',(18.947962124349,-0.966783642918,
    -0.389372578958));
#1460 = CARTESIAN_POINT('',(18.941983856381,-0.994752165965,
    -0.30693176939));
#1461 = CARTESIAN_POINT('',(18.936005085867,-1.014509051132,
    -0.222398285803));
#1462 = CARTESIAN_POINT('',(18.925789121836,-1.034016794565,
    -7.605839124483E-02));
#1463 = CARTESIAN_POINT('',(18.921551394202,-1.037918504521,
    -1.479667231491E-02));
#1464 = CARTESIAN_POINT('',(18.917313694551,-1.037583529018,
    4.667564374075E-02));
#1465 = CARTESIAN_POINT('',(18.913076022207,-1.033001788826,
    0.108006989685));
#1466 = CARTESIAN_POINT('',(18.908838317064,-1.024199459395,
    0.16884683218));
#1467 = CARTESIAN_POINT('',(18.904600571231,-1.011238727704,
    0.228848987281));
#1468 = CARTESIAN_POINT('',(18.894583468795,-0.971003297321,
    0.36790442041));
#1469 = CARTESIAN_POINT('',(18.888803627498,-0.940234065671,
    0.445954323354));
#1470 = CARTESIAN_POINT('',(18.883024165288,-0.902157985453,
    0.520960003036));
#1471 = CARTESIAN_POINT('',(18.877244944028,-0.857145453677,
    0.59210639106));
#1472 = CARTESIAN_POINT('',(18.871465522451,-0.805674805637,
    0.658637489959));
#1473 = CARTESIAN_POINT('',(18.865685744243,-0.748323930702,
    0.719869589872));
#1474 = CARTESIAN_POINT('',(18.852385424703,-0.604361900463,
    0.847221828276));
#1475 = CARTESIAN_POINT('',(18.844862863782,-0.514115884312,
    0.909277326808));
#1476 = CARTESIAN_POINT('',(18.837341340437,-0.416522111451,
    0.960042321068));
#1477 = CARTESIAN_POINT('',(18.829820466093,-0.313288562063,
    0.998509999048));
#1478 = CARTESIAN_POINT('',(18.822298868049,-0.206272072192,
    1.023988391355));
#1479 = CARTESIAN_POINT('',(18.814776233784,-9.742311540295E-02,
    1.036120998472));
#1480 = CARTESIAN_POINT('',(18.79887966913,0.132289637522,1.033622188196
    ));
#1481 = CARTESIAN_POINT('',(18.790501529701,0.253180638565,
    1.015791996436));
#1482 = CARTESIAN_POINT('',(18.782125742398,0.371156845024,
    0.981459250733));
#1483 = CARTESIAN_POINT('',(18.773751081323,0.483530998676,
    0.931245016646));
#1484 = CARTESIAN_POINT('',(18.765375337874,0.587811342324,0.86626290385
    ));
#1485 = CARTESIAN_POINT('',(18.756997224765,0.681742650574,
    0.788100258684));
#1486 = CARTESIAN_POINT('',(18.740993049915,0.837900447049,
    0.617495759634));
#1487 = CARTESIAN_POINT('',(18.733362644238,0.902246058695,
    0.526906886113));
#1488 = CARTESIAN_POINT('',(18.725733344646,0.955084991947,
    0.428583980174));
#1489 = CARTESIAN_POINT('',(18.718104783977,0.995341261314,
    0.324295192684));
#1490 = CARTESIAN_POINT('',(18.710475493822,1.02226983185,0.215970493989
    ));
#1491 = CARTESIAN_POINT('',(18.702845098434,1.035479493172,
    0.105642545127));
#1492 = CARTESIAN_POINT('',(18.68757109856,1.03449858202,-0.115084261871
    ));
#1493 = CARTESIAN_POINT('',(18.679924141656,1.020247393936,
    -0.225532902768));
#1494 = CARTESIAN_POINT('',(18.67227853762,0.992235306529,
    -0.333842115829));
#1495 = CARTESIAN_POINT('',(18.664633702043,0.95087537675,
    -0.437969752159));
#1496 = CARTESIAN_POINT('',(18.656987974482,0.896936269145,
    -0.535980621707));
#1497 = CARTESIAN_POINT('',(18.649340927412,0.831518665422,
    -0.626105847237));
#1498 = CARTESIAN_POINT('',(18.6400339511,0.739667711786,-0.724356942505
    ));
#1499 = CARTESIAN_POINT('',(18.638372337572,0.722794361295,
    -0.741454279251));
#1500 = CARTESIAN_POINT('',(18.636710724238,0.705460648176,
    -0.758092316224));
#1501 = CARTESIAN_POINT('',(18.63504911203,0.687681609279,
    -0.774256222734));
#1502 = CARTESIAN_POINT('',(18.633387501729,0.669472857737,
    -0.789931803101));
#1503 = CARTESIAN_POINT('',(18.631725893965,0.650850582966,
    -0.805105496656));
#1504 = CARTESIAN_POINT('',(18.625904216001,0.584214590724,
    -0.85646505433));
#1505 = CARTESIAN_POINT('',(18.621744076769,0.534109570153,
    -0.889939516543));
#1506 = CARTESIAN_POINT('',(18.617584027661,0.481780525165,
    -0.919984235838));
#1507 = CARTESIAN_POINT('',(18.6134240343,0.427510358537,-0.946423975433
    ));
#1508 = CARTESIAN_POINT('',(18.609263995513,0.371598066303,
    -0.969113113664));
#1509 = CARTESIAN_POINT('',(18.60510386706,0.314355964447,
    -0.987936967337));
#1510 = CARTESIAN_POINT('',(18.598385502228,0.220286090537,
    -1.011961348345));
#1511 = CARTESIAN_POINT('',(18.595827208443,0.184083808628,
    -1.019616823429));
#1512 = CARTESIAN_POINT('',(18.593268899043,0.147575185799,
    -1.025760411325));
#1513 = CARTESIAN_POINT('',(18.590710586012,0.110835914925,
    -1.030377745571));
#1514 = CARTESIAN_POINT('',(18.588152298274,7.394226582672E-02,
    -1.033459222251));
#1515 = CARTESIAN_POINT('',(18.585594081695,3.697108526995E-02,-1.035));
#1516 = CARTESIAN_POINT('',(18.583035999083,-2.030358328131E-07,-1.035)
  );
#1517 = ORIENTED_EDGE('',*,*,#1518,.F.);
#1518 = EDGE_CURVE('',#1276,#1434,#1519,.T.);
#1519 = LINE('',#1520,#1521);
#1520 = CARTESIAN_POINT('',(20.,0.,-1.035));
#1521 = VECTOR('',#1522,1.);
#1522 = DIRECTION('',(-1.,0.,6.661338147751E-17));
#1523 = CYLINDRICAL_SURFACE('',#1524,1.035);
#1524 = AXIS2_PLACEMENT_3D('',#1525,#1526,#1527);
#1525 = CARTESIAN_POINT('',(20.,0.,0.));
#1526 = DIRECTION('',(-1.,-0.,-0.));
#1527 = DIRECTION('',(0.,0.,-1.));
#1528 = ADVANCED_FACE('',(#1529),#1564,.F.);
#1529 = FACE_BOUND('',#1530,.F.);
#1530 = EDGE_LOOP('',(#1531,#1557,#1558,#1559));
#1531 = ORIENTED_EDGE('',*,*,#1532,.F.);
#1532 = EDGE_CURVE('',#1092,#1533,#1535,.T.);
#1533 = VERTEX_POINT('',#1534);
#1534 = CARTESIAN_POINT('',(18.453124835147,9.445334838072E-09,
    -1.26000417196));
#1535 = B_SPLINE_CURVE_WITH_KNOTS('',11,(#1536,#1537,#1538,#1539,#1540,
    #1541,#1542,#1543,#1544,#1545,#1546,#1547,#1548,#1549,#1550,#1551,
    #1552,#1553,#1554,#1555,#1556),.UNSPECIFIED.,.F.,.F.,(12,9,12),(0.,
    3.149639566854,6.299279133707),.UNSPECIFIED.);
#1536 = CARTESIAN_POINT('',(18.903124876367,7.083634345761E-09,
    -1.26000312897));
#1537 = CARTESIAN_POINT('',(18.882670305091,-0.359855578003,
    -1.260003784407));
#1538 = CARTESIAN_POINT('',(18.862215534714,-0.719710043739,
    -1.146981781184));
#1539 = CARTESIAN_POINT('',(18.841761642308,-1.040119984558,
    -0.92078903886));
#1540 = CARTESIAN_POINT('',(18.821306588528,-1.28154419725,
    -0.597214612167));
#1541 = CARTESIAN_POINT('',(18.800851813974,-1.41164317664,
    -0.20697796833));
#1542 = CARTESIAN_POINT('',(18.780397794271,-1.411591429913,
    0.206970890744));
#1543 = CARTESIAN_POINT('',(18.759943016889,-1.281581462216,
    0.597188941022));
#1544 = CARTESIAN_POINT('',(18.739488505246,-1.040104576315,
    0.920851826448));
#1545 = CARTESIAN_POINT('',(18.719033939625,-0.719711978755,
    1.14695207035));
#1546 = CARTESIAN_POINT('',(18.678124855758,2.709567111258E-08,
    1.373052716887));
#1547 = CARTESIAN_POINT('',(18.63721577189,0.71971192129,1.146951714933)
  );
#1548 = CARTESIAN_POINT('',(18.616761221319,1.040104395623,0.92085064005
    ));
#1549 = CARTESIAN_POINT('',(18.596306635486,1.281578583019,
    0.597197099161));
#1550 = CARTESIAN_POINT('',(18.575852022886,1.411612048648,
    0.206960961714));
#1551 = CARTESIAN_POINT('',(18.555397791843,1.411604095071,
    -0.206979398273));
#1552 = CARTESIAN_POINT('',(18.534943182242,1.281572489257,
    -0.597195241133));
#1553 = CARTESIAN_POINT('',(18.514488054078,1.040113745825,
    -0.920814061447));
#1554 = CARTESIAN_POINT('',(18.494034176822,0.719709648321,
    -1.146970218451));
#1555 = CARTESIAN_POINT('',(18.473579406427,0.359855594532,
    -1.260003515849));
#1556 = CARTESIAN_POINT('',(18.453124835147,9.445337613914E-09,
    -1.26000417196));
#1557 = ORIENTED_EDGE('',*,*,#1119,.T.);
#1558 = ORIENTED_EDGE('',*,*,#1433,.T.);
#1559 = ORIENTED_EDGE('',*,*,#1560,.F.);
#1560 = EDGE_CURVE('',#1533,#1434,#1561,.T.);
#1561 = B_SPLINE_CURVE_WITH_KNOTS('',1,(#1562,#1563),.UNSPECIFIED.,.F.,
  .F.,(2,2),(0.,0.39175),.PIECEWISE_BEZIER_KNOTS.);
#1562 = CARTESIAN_POINT('',(18.453124835147,9.445337623148E-09,
    -1.26000417196));
#1563 = CARTESIAN_POINT('',(18.649005426834,-3.109346519148E-07,
    -0.920741948451));
#1564 = B_SPLINE_SURFACE_WITH_KNOTS('',1,9,(
    (#1565,#1566,#1567,#1568,#1569,#1570,#1571,#1572,#1573,#1574,#1575
      ,#1576,#1577,#1578,#1579,#1580,#1581,#1582,#1583,#1584,#1585,#1586
      ,#1587,#1588,#1589,#1590,#1591,#1592,#1593,#1594,#1595)
    ,(#1596,#1597,#1598,#1599,#1600,#1601,#1602,#1603,#1604,#1605,#1606
      ,#1607,#1608,#1609,#1610,#1611,#1612,#1613,#1614,#1615,#1616,#1617
      ,#1618,#1619,#1620,#1621,#1622,#1623,#1624,#1625,#1626
  )),.UNSPECIFIED.,.F.,.F.,.F.,(2,2),(10,7,7,7,10),(0.,0.39175),(0.,
    1.574819783427,3.149639566854,4.72445935028,6.299279133707),
  .UNSPECIFIED.);
#1565 = CARTESIAN_POINT('',(18.903124876367,7.083634123717E-09,
    -1.26000312897));
#1566 = CARTESIAN_POINT('',(18.890624860587,-0.219911739358,
    -1.260003529515));
#1567 = CARTESIAN_POINT('',(18.878124768762,-0.43982305827,
    -1.216835553488));
#1568 = CARTESIAN_POINT('',(18.86562486282,-0.650048623881,
    -1.130463634421));
#1569 = CARTESIAN_POINT('',(18.853124909108,-0.840891105982,
    -1.003455935325));
#1570 = CARTESIAN_POINT('',(18.840624885347,-1.00346064997,
    -0.840887960934));
#1571 = CARTESIAN_POINT('',(18.82812486164,-1.130464951359,
    -0.650045371464));
#1572 = CARTESIAN_POINT('',(18.815624845237,-1.216823996284,
    -0.43982511133));
#1573 = CARTESIAN_POINT('',(18.790624837269,-1.303183633348,
    -2.333124257811E-06));
#1574 = CARTESIAN_POINT('',(18.765624857074,-1.216824213539,
    0.439823913939));
#1575 = CARTESIAN_POINT('',(18.753124869485,-1.130464884687,
    0.650047906626));
#1576 = CARTESIAN_POINT('',(18.740624870306,-1.003462049708,
    0.840893257504));
#1577 = CARTESIAN_POINT('',(18.728124860636,-0.84089089106,
    1.003464096904));
#1578 = CARTESIAN_POINT('',(18.715624852019,-0.650046422896,
    1.130465623648));
#1579 = CARTESIAN_POINT('',(18.703124851455,-0.439823980938,
    1.216823436511));
#1580 = CARTESIAN_POINT('',(18.678124855758,9.843186672871E-09,
    1.303181281616));
#1581 = CARTESIAN_POINT('',(18.653124860061,0.439823957978,
    1.216823219312));
#1582 = CARTESIAN_POINT('',(18.640624859497,0.650046331825,
    1.130465410648));
#1583 = CARTESIAN_POINT('',(18.628124850879,0.840890915443,
    1.003464419154));
#1584 = CARTESIAN_POINT('',(18.615624841209,1.003462521664,
    0.840893844911));
#1585 = CARTESIAN_POINT('',(18.60312484203,1.130465529693,0.650048196431
    ));
#1586 = CARTESIAN_POINT('',(18.590624854442,1.216824248033,
    0.439823976732));
#1587 = CARTESIAN_POINT('',(18.565624874246,1.303182717718,
    -2.326765668445E-06));
#1588 = CARTESIAN_POINT('',(18.540624866278,1.216823455931,
    -0.439825048536));
#1589 = CARTESIAN_POINT('',(18.52812484988,1.130464615961,
    -0.650045917286));
#1590 = CARTESIAN_POINT('',(18.515624826152,1.003463446546,
    -0.840887026366));
#1591 = CARTESIAN_POINT('',(18.503124802433,0.840892280626,
    -1.003459691662));
#1592 = CARTESIAN_POINT('',(18.490624848672,0.650047053646,
    -1.130463833401));
#1593 = CARTESIAN_POINT('',(18.478124942762,0.439822917458,
    -1.216831180666));
#1594 = CARTESIAN_POINT('',(18.465624850929,0.219911755887,
    -1.260003771003));
#1595 = CARTESIAN_POINT('',(18.453124835147,9.445337623148E-09,
    -1.26000417196));
#1596 = CARTESIAN_POINT('',(19.099004070137,-2.33201627009E-07,
    -0.920740098346));
#1597 = CARTESIAN_POINT('',(19.08650458955,-0.160712247329,
    -0.920740765965));
#1598 = CARTESIAN_POINT('',(19.074007612011,-0.321388653892,
    -0.88919586637));
#1599 = CARTESIAN_POINT('',(19.061504515821,-0.475013302046,
    -0.826088020385));
#1600 = CARTESIAN_POINT('',(19.049002992512,-0.614478806095,
    -0.733269983065));
#1601 = CARTESIAN_POINT('',(19.036503774751,-0.733275595167,
    -0.614468722639));
#1602 = CARTESIAN_POINT('',(19.024004554775,-0.826080583588,
    -0.475016512165));
#1603 = CARTESIAN_POINT('',(19.011505094753,-0.889188064488,
    -0.32139952717));
#1604 = CARTESIAN_POINT('',(18.986505357023,-0.952295050164,
    -2.125448030575E-06));
#1605 = CARTESIAN_POINT('',(18.96150470518,-0.889187707723,
    0.321399875428));
#1606 = CARTESIAN_POINT('',(18.949004296656,-0.826080380616,
    0.475020905152));
#1607 = CARTESIAN_POINT('',(18.93650426962,-0.733273237718,
    0.614479043793));
#1608 = CARTESIAN_POINT('',(18.924004587922,-0.614476561663,
    0.733275449987));
#1609 = CARTESIAN_POINT('',(18.911504871538,-0.475019761682,
    0.826081091808));
#1610 = CARTESIAN_POINT('',(18.899004890122,-0.321400463503,
    0.889186997286));
#1611 = CARTESIAN_POINT('',(18.874004748486,3.140141085119E-07,
    0.952292650833));
#1612 = CARTESIAN_POINT('',(18.849004606851,0.321400976581,
    0.889186411836));
#1613 = CARTESIAN_POINT('',(18.836504625435,0.475020114638,
    0.826080418131));
#1614 = CARTESIAN_POINT('',(18.82400490905,0.614477061615,0.7332756389)
  );
#1615 = CARTESIAN_POINT('',(18.811505227352,0.733274457605,
    0.614479629064));
#1616 = CARTESIAN_POINT('',(18.799005200316,0.826081820605,
    0.475020904722));
#1617 = CARTESIAN_POINT('',(18.786504791793,0.889187969082,0.32139943301
    ));
#1618 = CARTESIAN_POINT('',(18.761504139948,0.952293425977,
    -2.707276961635E-06));
#1619 = CARTESIAN_POINT('',(18.736504402219,0.88918690581,
    -0.321399969588));
#1620 = CARTESIAN_POINT('',(18.724004942161,0.826081695842,
    -0.475016810773));
#1621 = CARTESIAN_POINT('',(18.711505722308,0.733275022448,
    -0.614470566371));
#1622 = CARTESIAN_POINT('',(18.69900650439,0.614485583744,
    -0.733273984117));
#1623 = CARTESIAN_POINT('',(18.686504981156,0.475007999151,
    -0.826089853305));
#1624 = CARTESIAN_POINT('',(18.674001884977,0.3213878503,-0.889188309844
    ));
#1625 = CARTESIAN_POINT('',(18.661504907424,0.160711703192,
    -0.920741294394));
#1626 = CARTESIAN_POINT('',(18.649005426834,-3.109346519148E-07,
    -0.920741948451));
#1627 = ADVANCED_FACE('',(#1628),#1669,.F.);
#1628 = FACE_BOUND('',#1629,.F.);
#1629 = EDGE_LOOP('',(#1630,#1662,#1663,#1664));
#1630 = ORIENTED_EDGE('',*,*,#1631,.F.);
#1631 = EDGE_CURVE('',#1191,#1632,#1634,.T.);
#1632 = VERTEX_POINT('',#1633);
#1633 = CARTESIAN_POINT('',(18.396874835155,9.444902139056E-09,
    -1.260003244858));
#1634 = B_SPLINE_CURVE_WITH_KNOTS('',8,(#1635,#1636,#1637,#1638,#1639,
    #1640,#1641,#1642,#1643,#1644,#1645,#1646,#1647,#1648,#1649,#1650,
    #1651,#1652,#1653,#1654,#1655,#1656,#1657,#1658,#1659,#1660,#1661),
  .UNSPECIFIED.,.F.,.F.,(9,6,6,6,9),(0.,1.574819783427,3.149639566854,
    4.72445935028,6.299279133707),.UNSPECIFIED.);
#1635 = CARTESIAN_POINT('',(18.846874876371,7.083390651808E-09,
    -1.260002433643));
#1636 = CARTESIAN_POINT('',(18.83281235862,-0.247400548416,
    -1.260002784429));
#1637 = CARTESIAN_POINT('',(18.818749743103,-0.49480053173,
    -1.204500427806));
#1638 = CARTESIAN_POINT('',(18.804687422688,-0.72767175912,
    -1.093444275315));
#1639 = CARTESIAN_POINT('',(18.790624898248,-0.931465899496,
    -0.931464561732));
#1640 = CARTESIAN_POINT('',(18.776562369226,-1.0934532581,
    -0.727666126699));
#1641 = CARTESIAN_POINT('',(18.762499846488,-1.204486077509,
    -0.494802602952));
#1642 = CARTESIAN_POINT('',(18.734374835292,-1.315519749626,
    -2.583006625157E-06));
#1643 = CARTESIAN_POINT('',(18.706249859803,-1.204486395219,
    0.49480191335));
#1644 = CARTESIAN_POINT('',(18.692187374334,-1.093453146619,
    0.72767032133));
#1645 = CARTESIAN_POINT('',(18.678124867093,-0.931468105885,
    0.931470746805));
#1646 = CARTESIAN_POINT('',(18.664062352577,-0.727668163807,
    1.093454408717));
#1647 = CARTESIAN_POINT('',(18.649999850923,-0.494801660135,
    1.204485796213));
#1648 = CARTESIAN_POINT('',(18.621874855764,8.10796443393E-09,
    1.315517285189));
#1649 = CARTESIAN_POINT('',(18.593749860604,0.494801634028,
    1.204485607606));
#1650 = CARTESIAN_POINT('',(18.579687358951,0.727668065669,
    1.093454257363));
#1651 = CARTESIAN_POINT('',(18.565624844434,0.931468213266,0.93147132345
    ));
#1652 = CARTESIAN_POINT('',(18.551562337193,1.093453832801,
    0.727670635068));
#1653 = CARTESIAN_POINT('',(18.537499851725,1.204486522183,
    0.494801971971));
#1654 = CARTESIAN_POINT('',(18.509374876234,1.315518963836,
    -2.58049740064E-06));
#1655 = CARTESIAN_POINT('',(18.481249865039,1.204485704366,
    -0.494802544331));
#1656 = CARTESIAN_POINT('',(18.467187342296,1.093453188257,
    -0.727666125002));
#1657 = CARTESIAN_POINT('',(18.453124813296,0.931469467548,
    -0.931465294816));
#1658 = CARTESIAN_POINT('',(18.439062288819,0.727669870567,
    -1.093447370304));
#1659 = CARTESIAN_POINT('',(18.424999968432,0.494800390756,
    -1.204496022142));
#1660 = CARTESIAN_POINT('',(18.410937352908,0.247400564945,
    -1.260002893609));
#1661 = CARTESIAN_POINT('',(18.396874835155,9.444904747191E-09,
    -1.260003244858));
#1662 = ORIENTED_EDGE('',*,*,#1224,.T.);
#1663 = ORIENTED_EDGE('',*,*,#1532,.T.);
#1664 = ORIENTED_EDGE('',*,*,#1665,.F.);
#1665 = EDGE_CURVE('',#1632,#1533,#1666,.T.);
#1666 = B_SPLINE_CURVE_WITH_KNOTS('',1,(#1667,#1668),.UNSPECIFIED.,.F.,
  .F.,(2,2),(0.,5.625E-02),.PIECEWISE_BEZIER_KNOTS.);
#1667 = CARTESIAN_POINT('',(18.396874835155,9.444904848978E-09,
    -1.260003244858));
#1668 = CARTESIAN_POINT('',(18.453124835147,9.445337613914E-09,
    -1.26000417196));
#1669 = B_SPLINE_SURFACE_WITH_KNOTS('',1,11,(
    (#1670,#1671,#1672,#1673,#1674,#1675,#1676,#1677,#1678,#1679,#1680
      ,#1681,#1682,#1683,#1684,#1685,#1686,#1687,#1688,#1689,#1690)
    ,(#1691,#1692,#1693,#1694,#1695,#1696,#1697,#1698,#1699,#1700,#1701
      ,#1702,#1703,#1704,#1705,#1706,#1707,#1708,#1709,#1710,#1711
  )),.UNSPECIFIED.,.F.,.F.,.F.,(2,2),(12,9,12),(0.,5.625E-02),(0.,
    3.149639566854,6.299279133707),.UNSPECIFIED.);
#1670 = CARTESIAN_POINT('',(18.846874876371,7.083390540785E-09,
    -1.260002433643));
#1671 = CARTESIAN_POINT('',(18.826420305097,-0.359855346371,
    -1.260002943877));
#1672 = CARTESIAN_POINT('',(18.805965534736,-0.719709534647,
    -1.146979759024));
#1673 = CARTESIAN_POINT('',(18.785511642291,-1.040118409732,
    -0.92079117471));
#1674 = CARTESIAN_POINT('',(18.765056588518,-1.281547342774,
    -0.59721228612));
#1675 = CARTESIAN_POINT('',(18.744601814031,-1.411636446592,
    -0.206977622756));
#1676 = CARTESIAN_POINT('',(18.72414779424,-1.411594290889,
    0.206969278824));
#1677 = CARTESIAN_POINT('',(18.703693016906,-1.281579490101,
    0.597189670286));
#1678 = CARTESIAN_POINT('',(18.683238505249,-1.04010409869,0.920851047)
  );
#1679 = CARTESIAN_POINT('',(18.662783939632,-0.719711510683,
    1.146951291379));
#1680 = CARTESIAN_POINT('',(18.621874855763,1.90734967793E-08,
    1.373051832889));
#1681 = CARTESIAN_POINT('',(18.580965771896,0.719711462645,
    1.146951017041));
#1682 = CARTESIAN_POINT('',(18.560511221326,1.040104203678,
    0.920850231954));
#1683 = CARTESIAN_POINT('',(18.54005663549,1.281576273876,0.59719560801)
  );
#1684 = CARTESIAN_POINT('',(18.519602022905,1.411612068342,0.2069622947)
  );
#1685 = CARTESIAN_POINT('',(18.499147791833,1.411604309158,
    -0.206979465159));
#1686 = CARTESIAN_POINT('',(18.478693182228,1.281570324515,
    -0.597196804797));
#1687 = CARTESIAN_POINT('',(18.458238054126,1.040113311859,
    -0.920810738365));
#1688 = CARTESIAN_POINT('',(18.437784176807,0.719709230442,
    -1.14697076369));
#1689 = CARTESIAN_POINT('',(18.417329406432,0.359855362899,
    -1.26000273395));
#1690 = CARTESIAN_POINT('',(18.396874835155,9.444904848978E-09,
    -1.260003244858));
#1691 = CARTESIAN_POINT('',(18.903124876367,7.083634345761E-09,
    -1.26000312897));
#1692 = CARTESIAN_POINT('',(18.882670305091,-0.359855578003,
    -1.260003784407));
#1693 = CARTESIAN_POINT('',(18.862215534714,-0.719710043739,
    -1.146981781184));
#1694 = CARTESIAN_POINT('',(18.841761642308,-1.040119984558,
    -0.92078903886));
#1695 = CARTESIAN_POINT('',(18.821306588528,-1.28154419725,
    -0.597214612167));
#1696 = CARTESIAN_POINT('',(18.800851813974,-1.41164317664,
    -0.20697796833));
#1697 = CARTESIAN_POINT('',(18.780397794271,-1.411591429913,
    0.206970890744));
#1698 = CARTESIAN_POINT('',(18.759943016889,-1.281581462216,
    0.597188941022));
#1699 = CARTESIAN_POINT('',(18.739488505246,-1.040104576315,
    0.920851826448));
#1700 = CARTESIAN_POINT('',(18.719033939625,-0.719711978755,
    1.14695207035));
#1701 = CARTESIAN_POINT('',(18.678124855758,2.709567111258E-08,
    1.373052716887));
#1702 = CARTESIAN_POINT('',(18.63721577189,0.71971192129,1.146951714933)
  );
#1703 = CARTESIAN_POINT('',(18.616761221319,1.040104395623,0.92085064005
    ));
#1704 = CARTESIAN_POINT('',(18.596306635486,1.281578583019,
    0.597197099161));
#1705 = CARTESIAN_POINT('',(18.575852022886,1.411612048648,
    0.206960961714));
#1706 = CARTESIAN_POINT('',(18.555397791843,1.411604095071,
    -0.206979398273));
#1707 = CARTESIAN_POINT('',(18.534943182242,1.281572489257,
    -0.597195241133));
#1708 = CARTESIAN_POINT('',(18.514488054078,1.040113745825,
    -0.920814061447));
#1709 = CARTESIAN_POINT('',(18.494034176822,0.719709648321,
    -1.146970218451));
#1710 = CARTESIAN_POINT('',(18.473579406427,0.359855594532,
    -1.260003515849));
#1711 = CARTESIAN_POINT('',(18.453124835147,9.445337613914E-09,
    -1.26000417196));
#1712 = ADVANCED_FACE('',(#1713),#1801,.F.);
#1713 = FACE_BOUND('',#1714,.F.);
#1714 = EDGE_LOOP('',(#1715,#1794,#1795,#1796));
#1715 = ORIENTED_EDGE('',*,*,#1716,.F.);
#1716 = EDGE_CURVE('',#1276,#1717,#1719,.T.);
#1717 = VERTEX_POINT('',#1718);
#1718 = CARTESIAN_POINT('',(18.266974095739,-1.015166722781E-07,-1.035)
  );
#1719 = B_SPLINE_CURVE_WITH_KNOTS('',7,(#1720,#1721,#1722,#1723,#1724,
    #1725,#1726,#1727,#1728,#1729,#1730,#1731,#1732,#1733,#1734,#1735,
    #1736,#1737,#1738,#1739,#1740,#1741,#1742,#1743,#1744,#1745,#1746,
    #1747,#1748,#1749,#1750,#1751,#1752,#1753,#1754,#1755,#1756,#1757,
    #1758,#1759,#1760,#1761,#1762,#1763,#1764,#1765,#1766,#1767,#1768,
    #1769,#1770,#1771,#1772,#1773,#1774,#1775,#1776,#1777,#1778,#1779,
    #1780,#1781,#1782,#1783,#1784,#1785,#1786,#1787,#1788,#1789,#1790,
    #1791,#1792,#1793),.UNSPECIFIED.,.F.,.F.,(8,6,6,6,6,6,6,6,6,6,6,6,8)
  ,(0.,3.59048693639E-02,0.105996493533,0.136578034779,0.222581777991,
    0.378822273495,0.500415419442,0.628000318061,0.737513867829,
    0.784289554688,0.869201138341,0.956905768602,1.),.UNSPECIFIED.);
#1720 = CARTESIAN_POINT('',(18.716973365651,-2.030333445813E-07,-1.035)
  );
#1721 = CARTESIAN_POINT('',(18.71466547084,-3.335463881573E-02,-1.035));
#1722 = CARTESIAN_POINT('',(18.712357399891,-6.670893192145E-02,
    -1.033745945449));
#1723 = CARTESIAN_POINT('',(18.710049241465,-0.100006299376,
    -1.031237888634));
#1724 = CARTESIAN_POINT('',(18.707741061104,-0.133190301561,
    -1.0274790405));
#1725 = CARTESIAN_POINT('',(18.70543290124,-0.166204842213,
    -1.022475770649));
#1726 = CARTESIAN_POINT('',(18.703124781184,-0.198994168424,
    -1.016237607342));
#1727 = CARTESIAN_POINT('',(18.696310975137,-0.294964673407,
    -0.994213490333));
#1728 = CARTESIAN_POINT('',(18.691805291014,-0.357359227178,
    -0.974991501147));
#1729 = CARTESIAN_POINT('',(18.687299864605,-0.418273558016,
    -0.951206006713));
#1730 = CARTESIAN_POINT('',(18.682794590681,-0.477308354928,
    -0.922996455825));
#1731 = CARTESIAN_POINT('',(18.678289256423,-0.534082129178,
    -0.890545072331));
#1732 = CARTESIAN_POINT('',(18.673783758898,-0.588235373601,
    -0.854074918161));
#1733 = CARTESIAN_POINT('',(18.667312564291,-0.661773410745,
    -0.796296608302));
#1734 = CARTESIAN_POINT('',(18.66534679274,-0.68355009994,-0.7780298682)
  );
#1735 = CARTESIAN_POINT('',(18.663381007536,-0.704737198243,
    -0.759069424723));
#1736 = CARTESIAN_POINT('',(18.661415209147,-0.725308274024,
    -0.739438181761));
#1737 = CARTESIAN_POINT('',(18.659449398856,-0.745238055269,
    -0.719160258418));
#1738 = CARTESIAN_POINT('',(18.657483578759,-0.764502429586,
    -0.698260989018));
#1739 = CARTESIAN_POINT('',(18.649989303123,-0.83531932959,
    -0.616319671252));
#1740 = CARTESIAN_POINT('',(18.644460457726,-0.882119214052,
    -0.551164022639));
#1741 = CARTESIAN_POINT('',(18.63893184949,-0.92296425733,
    -0.481894568063));
#1742 = CARTESIAN_POINT('',(18.63340342292,-0.957427285773,
    -0.409167913929));
#1743 = CARTESIAN_POINT('',(18.627874878712,-0.985173193035,
    -0.333691270026));
#1744 = CARTESIAN_POINT('',(18.62234611937,-1.005964340771,
    -0.256211037296));
#1745 = CARTESIAN_POINT('',(18.606774366945,-1.044557290709,
    -3.451188191126E-02));
#1746 = CARTESIAN_POINT('',(18.596724417051,-1.046071599691,
    0.11264512672));
#1747 = CARTESIAN_POINT('',(18.586679915155,-1.023322889192,
    0.259212461998));
#1748 = CARTESIAN_POINT('',(18.576637114872,-0.976757881714,
    0.400405656854));
#1749 = CARTESIAN_POINT('',(18.566592227491,-0.90785244799,
    0.531750452275));
#1750 = CARTESIAN_POINT('',(18.55654199915,-0.81909332607,0.649135604335
    ));
#1751 = CARTESIAN_POINT('',(18.538682520902,-0.632252168521,
    0.827188666929));
#1752 = CARTESIAN_POINT('',(18.53086461729,-0.540539554152,
    0.894721012808));
#1753 = CARTESIAN_POINT('',(18.523048281344,-0.440505580926,
    0.950300948977));
#1754 = CARTESIAN_POINT('',(18.515232893592,-0.334035677972,
    0.992742286051));
#1755 = CARTESIAN_POINT('',(18.507416532154,-0.223198083548,
    1.021220506001));
#1756 = CARTESIAN_POINT('',(18.499598591383,-0.110177364869,1.0352993257
    ));
#1757 = CARTESIAN_POINT('',(18.483581015742,0.121296701759,
    1.034678290691));
#1758 = CARTESIAN_POINT('',(18.475377051008,0.239809334139,
    1.018526180154));
#1759 = CARTESIAN_POINT('',(18.467174861156,0.355712799734,
    0.986530025186));
#1760 = CARTESIAN_POINT('',(18.458973507056,0.466479006986,
    0.939239198869));
#1761 = CARTESIAN_POINT('',(18.45077138598,0.569751823,0.877659775294));
#1762 = CARTESIAN_POINT('',(18.442567503394,0.663386147281,
    0.803237565819));
#1763 = CARTESIAN_POINT('',(18.427326488243,0.816149865611,
    0.644572436239));
#1764 = CARTESIAN_POINT('',(18.420285774287,0.878317459005,
    0.563182962381));
#1765 = CARTESIAN_POINT('',(18.413245965178,0.930953351329,
    0.474864084986));
#1766 = CARTESIAN_POINT('',(18.40620666257,0.973156952343,0.380966689883
    ));
#1767 = CARTESIAN_POINT('',(18.399166741405,1.004263031626,
    0.282970703405));
#1768 = CARTESIAN_POINT('',(18.392125899973,1.023859093093,
    0.182446550236));
#1769 = CARTESIAN_POINT('',(18.382079317543,1.035225047386,
    3.770669960119E-02));
#1770 = CARTESIAN_POINT('',(18.379072461068,1.036504984015,
    -5.77921011482E-03));
#1771 = CARTESIAN_POINT('',(18.376065615721,1.035653327733,
    -4.930683505212E-02));
#1772 = CARTESIAN_POINT('',(18.373058784614,1.032669484267,
    -9.275080544922E-02));
#1773 = CARTESIAN_POINT('',(18.370051959501,1.02756204546,-0.13598608738
    ));
#1774 = CARTESIAN_POINT('',(18.367045139906,1.020348747939,
    -0.17888857376));
#1775 = CARTESIAN_POINT('',(18.358580151208,0.994188153991,
    -0.298389607838));
#1776 = CARTESIAN_POINT('',(18.353121691415,0.970467474279,
    -0.373947927503));
#1777 = CARTESIAN_POINT('',(18.347663536786,0.940056075105,
    -0.44727207276));
#1778 = CARTESIAN_POINT('',(18.342205587771,0.903212143008,
    -0.517653939219));
#1779 = CARTESIAN_POINT('',(18.336747504015,0.860284892614,
    -0.584426372562));
#1780 = CARTESIAN_POINT('',(18.33128912704,0.811709090629,
    -0.646973661417));
#1781 = CARTESIAN_POINT('',(18.320193138208,0.702523370549,
    -0.764410607936));
#1782 = CARTESIAN_POINT('',(18.314554840653,0.64156352402,
    -0.818988392628));
#1783 = CARTESIAN_POINT('',(18.30891660971,0.575686972676,-0.86786308648
    ));
#1784 = CARTESIAN_POINT('',(18.30327826239,0.505539395514,-0.91051178302
    ));
#1785 = CARTESIAN_POINT('',(18.297639648787,0.431830318916,
    -0.946503175283));
#1786 = CARTESIAN_POINT('',(18.292001078101,0.355321161133,
    -0.975504779713));
#1787 = CARTESIAN_POINT('',(18.283593223854,0.238242315392,
    -1.008002026394));
#1788 = CARTESIAN_POINT('',(18.280823196235,0.199185138598,
    -1.016968260061));
#1789 = CARTESIAN_POINT('',(18.278053301275,0.15973917473,-1.02416765425
    ));
#1790 = CARTESIAN_POINT('',(18.275283536293,0.12000036248,
    -1.029580464962));
#1791 = CARTESIAN_POINT('',(18.272513846756,8.006570238404E-02,
    -1.033193467964));
#1792 = CARTESIAN_POINT('',(18.269744106133,4.00328646479E-02,-1.035));
#1793 = CARTESIAN_POINT('',(18.266974095739,-2.030333443592E-07,-1.035)
  );
#1794 = ORIENTED_EDGE('',*,*,#1368,.T.);
#1795 = ORIENTED_EDGE('',*,*,#1631,.T.);
#1796 = ORIENTED_EDGE('',*,*,#1797,.F.);
#1797 = EDGE_CURVE('',#1717,#1632,#1798,.T.);
#1798 = B_SPLINE_CURVE_WITH_KNOTS('',1,(#1799,#1800),.UNSPECIFIED.,.F.,
  .F.,(2,2),(0.,0.39175),.PIECEWISE_BEZIER_KNOTS.);
#1799 = CARTESIAN_POINT('',(18.201005426895,-3.109380980471E-07,
    -0.920734564594));
#1800 = CARTESIAN_POINT('',(18.396874835155,9.444904747191E-09,
    -1.260003244858));
#1801 = B_SPLINE_SURFACE_WITH_KNOTS('',1,8,(
    (#1802,#1803,#1804,#1805,#1806,#1807,#1808,#1809,#1810,#1811,#1812
      ,#1813,#1814,#1815,#1816,#1817,#1818,#1819,#1820,#1821,#1822,#1823
      ,#1824,#1825,#1826,#1827,#1828)
    ,(#1829,#1830,#1831,#1832,#1833,#1834,#1835,#1836,#1837,#1838,#1839
      ,#1840,#1841,#1842,#1843,#1844,#1845,#1846,#1847,#1848,#1849,#1850
      ,#1851,#1852,#1853,#1854,#1855
    )),.UNSPECIFIED.,.F.,.F.,.F.,(2,2),(9,6,6,6,9),(0.,0.39175),(0.,
    1.574819783427,3.149639566854,4.72445935028,6.299279133707),
  .UNSPECIFIED.);
#1802 = CARTESIAN_POINT('',(18.651004070171,-2.332035639041E-07,
    -0.920734560454));
#1803 = CARTESIAN_POINT('',(18.63694215452,-0.18079998078,
    -0.920734516456));
#1804 = CARTESIAN_POINT('',(18.62288345713,-0.361553767965,
    -0.88017183246));
#1805 = CARTESIAN_POINT('',(18.608815045248,-0.531735814776,
    -0.799038449254));
#1806 = CARTESIAN_POINT('',(18.594753350345,-0.680667751676,
    -0.680649622256));
#1807 = CARTESIAN_POINT('',(18.580691805304,-0.799028789348,
    -0.531733970733));
#1808 = CARTESIAN_POINT('',(18.56663005386,-0.880166169494,
    -0.361571575411));
#1809 = CARTESIAN_POINT('',(18.538505422378,-0.961302719716,
    -2.470738692831E-06));
#1810 = CARTESIAN_POINT('',(18.510379615582,-0.880166351908,
    0.36157267816));
#1811 = CARTESIAN_POINT('',(18.49631663725,-0.799029567494,
    0.531740383864));
#1812 = CARTESIAN_POINT('',(18.482254375584,-0.680659681459,0.6806631252
    ));
#1813 = CARTESIAN_POINT('',(18.468192353442,-0.53173803512,
    0.799029898407));
#1814 = CARTESIAN_POINT('',(18.454129907876,-0.361573012848,
    0.880165500505));
#1815 = CARTESIAN_POINT('',(18.426004748533,2.841435032327E-07,
    0.961301040477));
#1816 = CARTESIAN_POINT('',(18.39787958919,0.361573532962,0.880165285829
    ));
#1817 = CARTESIAN_POINT('',(18.383817143623,0.531738506911,0.79902958334
    ));
#1818 = CARTESIAN_POINT('',(18.369755121482,0.680660084332,
    0.680662725817));
#1819 = CARTESIAN_POINT('',(18.355692859816,0.799029885291,
    0.531739913175));
#1820 = CARTESIAN_POINT('',(18.341629881484,0.880166566271,
    0.361572158212));
#1821 = CARTESIAN_POINT('',(18.313504074688,0.961302715706,
    -3.03893076422E-06));
#1822 = CARTESIAN_POINT('',(18.285379443206,0.880165953872,
    -0.361572095359));
#1823 = CARTESIAN_POINT('',(18.271317691762,0.799028474694,
    -0.531734443015));
#1824 = CARTESIAN_POINT('',(18.257256146721,0.680667367548,
    -0.68065002831));
#1825 = CARTESIAN_POINT('',(18.243194451819,0.531735332874,
    -0.799038779352));
#1826 = CARTESIAN_POINT('',(18.229126039935,0.361553246989,
    -0.880172023719));
#1827 = CARTESIAN_POINT('',(18.215067342545,0.180799436639,
    -0.920734623849));
#1828 = CARTESIAN_POINT('',(18.201005426895,-3.109380980471E-07,
    -0.920734564594));
#1829 = CARTESIAN_POINT('',(18.846874876371,7.083390651808E-09,
    -1.260002433643));
#1830 = CARTESIAN_POINT('',(18.83281235862,-0.247400548416,
    -1.260002784429));
#1831 = CARTESIAN_POINT('',(18.818749743103,-0.49480053173,
    -1.204500427806));
#1832 = CARTESIAN_POINT('',(18.804687422688,-0.72767175912,
    -1.093444275315));
#1833 = CARTESIAN_POINT('',(18.790624898248,-0.931465899496,
    -0.931464561732));
#1834 = CARTESIAN_POINT('',(18.776562369226,-1.0934532581,
    -0.727666126699));
#1835 = CARTESIAN_POINT('',(18.762499846488,-1.204486077509,
    -0.494802602952));
#1836 = CARTESIAN_POINT('',(18.734374835292,-1.315519749626,
    -2.583006625157E-06));
#1837 = CARTESIAN_POINT('',(18.706249859803,-1.204486395219,
    0.49480191335));
#1838 = CARTESIAN_POINT('',(18.692187374334,-1.093453146619,
    0.72767032133));
#1839 = CARTESIAN_POINT('',(18.678124867093,-0.931468105885,
    0.931470746805));
#1840 = CARTESIAN_POINT('',(18.664062352577,-0.727668163807,
    1.093454408717));
#1841 = CARTESIAN_POINT('',(18.649999850923,-0.494801660135,
    1.204485796213));
#1842 = CARTESIAN_POINT('',(18.621874855764,8.10796443393E-09,
    1.315517285189));
#1843 = CARTESIAN_POINT('',(18.593749860604,0.494801634028,
    1.204485607606));
#1844 = CARTESIAN_POINT('',(18.579687358951,0.727668065669,
    1.093454257363));
#1845 = CARTESIAN_POINT('',(18.565624844434,0.931468213266,0.93147132345
    ));
#1846 = CARTESIAN_POINT('',(18.551562337193,1.093453832801,
    0.727670635068));
#1847 = CARTESIAN_POINT('',(18.537499851725,1.204486522183,
    0.494801971971));
#1848 = CARTESIAN_POINT('',(18.509374876234,1.315518963836,
    -2.58049740064E-06));
#1849 = CARTESIAN_POINT('',(18.481249865039,1.204485704366,
    -0.494802544331));
#1850 = CARTESIAN_POINT('',(18.467187342296,1.093453188257,
    -0.727666125002));
#1851 = CARTESIAN_POINT('',(18.453124813296,0.931469467548,
    -0.931465294816));
#1852 = CARTESIAN_POINT('',(18.439062288819,0.727669870567,
    -1.093447370304));
#1853 = CARTESIAN_POINT('',(18.424999968432,0.494800390756,
    -1.204496022142));
#1854 = CARTESIAN_POINT('',(18.410937352908,0.247400564945,
    -1.260002893609));
#1855 = CARTESIAN_POINT('',(18.396874835155,9.444904747191E-09,
    -1.260003244858));
#1856 = ADVANCED_FACE('',(#1857),#1952,.F.);
#1857 = FACE_BOUND('',#1858,.T.);
#1858 = EDGE_LOOP('',(#1859,#1860,#1861,#1946));
#1859 = ORIENTED_EDGE('',*,*,#1716,.F.);
#1860 = ORIENTED_EDGE('',*,*,#1518,.T.);
#1861 = ORIENTED_EDGE('',*,*,#1862,.T.);
#1862 = EDGE_CURVE('',#1434,#1863,#1865,.T.);
#1863 = VERTEX_POINT('',#1864);
#1864 = CARTESIAN_POINT('',(18.133037796245,-1.268978931601E-07,-1.035)
  );
#1865 = B_SPLINE_CURVE_WITH_KNOTS('',7,(#1866,#1867,#1868,#1869,#1870,
    #1871,#1872,#1873,#1874,#1875,#1876,#1877,#1878,#1879,#1880,#1881,
    #1882,#1883,#1884,#1885,#1886,#1887,#1888,#1889,#1890,#1891,#1892,
    #1893,#1894,#1895,#1896,#1897,#1898,#1899,#1900,#1901,#1902,#1903,
    #1904,#1905,#1906,#1907,#1908,#1909,#1910,#1911,#1912,#1913,#1914,
    #1915,#1916,#1917,#1918,#1919,#1920,#1921,#1922,#1923,#1924,#1925,
    #1926,#1927,#1928,#1929,#1930,#1931,#1932,#1933,#1934,#1935,#1936,
    #1937,#1938,#1939,#1940,#1941,#1942,#1943,#1944,#1945),
  .UNSPECIFIED.,.F.,.F.,(8,6,6,6,6,6,6,6,6,6,6,6,6,8),(0.,
    3.800211882348E-02,0.109062839214,0.13591562017,0.228918192763,
    0.294839802215,0.384746685136,0.501745490166,0.631928585126,
    0.750327477388,0.774974076903,0.814976201546,0.959576303121,1.),
  .UNSPECIFIED.);
#1866 = CARTESIAN_POINT('',(18.583035999083,-2.030358363658E-07,-1.035)
  );
#1867 = CARTESIAN_POINT('',(18.580593349116,-3.53032278114E-02,-1.035));
#1868 = CARTESIAN_POINT('',(18.578150980038,-7.06061421774E-02,
    -1.033595136524));
#1869 = CARTESIAN_POINT('',(18.575708702617,-0.105841561927,
    -1.030785474439));
#1870 = CARTESIAN_POINT('',(18.573266382821,-0.140942564439,
    -1.026575040942));
#1871 = CARTESIAN_POINT('',(18.570823941822,-0.175842688674,
    -1.020971825565));
#1872 = CARTESIAN_POINT('',(18.56838135599,-0.210475935179,
    -1.01398778017));
#1873 = CARTESIAN_POINT('',(18.561371017978,-0.308916393806,
    -0.990026973692));
#1874 = CARTESIAN_POINT('',(18.5568027936,-0.371896048373,-0.96964196557
    ));
#1875 = CARTESIAN_POINT('',(18.55223428406,-0.433286670226,
    -0.944588203097));
#1876 = CARTESIAN_POINT('',(18.547665653074,-0.49267429557,
    -0.915017125362));
#1877 = CARTESIAN_POINT('',(18.543097002329,-0.549664475394,
    -0.881125065114));
#1878 = CARTESIAN_POINT('',(18.538528446014,-0.603886694507,
    -0.843151111844));
#1879 = CARTESIAN_POINT('',(18.532233908154,-0.674313285435,
    -0.78558839897));
#1880 = CARTESIAN_POINT('',(18.530507656284,-0.69318390715,
    -0.769258703572));
#1881 = CARTESIAN_POINT('',(18.528781430836,-0.711592277053,
    -0.752400915286));
#1882 = CARTESIAN_POINT('',(18.527055231894,-0.72952071146,
    -0.735030777708));
#1883 = CARTESIAN_POINT('',(18.525329058546,-0.74695222166,
    -0.717164751417));
#1884 = CARTESIAN_POINT('',(18.523602908892,-0.763870513913,
    -0.698820013975));
#1885 = CARTESIAN_POINT('',(18.515898463499,-0.83702369637,
    -0.614882848102));
#1886 = CARTESIAN_POINT('',(18.509919896708,-0.887449163103,
    -0.544217767204));
#1887 = CARTESIAN_POINT('',(18.503941830299,-0.930879840714,
    -0.468768973503));
#1888 = CARTESIAN_POINT('',(18.497963945942,-0.966783529144,
    -0.38937286145));
#1889 = CARTESIAN_POINT('',(18.491985677977,-0.99475207628,
    -0.306932060054));
#1890 = CARTESIAN_POINT('',(18.486006907464,-1.014508986147,
    -0.22239858224));
#1891 = CARTESIAN_POINT('',(18.475790964664,-1.034016731802,
    -7.60589974902E-02));
#1892 = CARTESIAN_POINT('',(18.471553258262,-1.037918461102,
    -1.479758943762E-02));
#1893 = CARTESIAN_POINT('',(18.467315579842,-1.03758354769,
    4.667441662118E-02));
#1894 = CARTESIAN_POINT('',(18.463077928726,-1.033001912202,
    0.108005458757));
#1895 = CARTESIAN_POINT('',(18.458840244814,-1.024199729227,
    0.16884500888));
#1896 = CARTESIAN_POINT('',(18.454602520211,-1.011239184169,
    0.228846888148));
#1897 = CARTESIAN_POINT('',(18.444585466938,-0.971004280439,
    0.367901734029));
#1898 = CARTESIAN_POINT('',(18.438805653584,-0.940235418814,
    0.44595134301));
#1899 = CARTESIAN_POINT('',(18.433026219309,-0.902159770869,
    0.520956779666));
#1900 = CARTESIAN_POINT('',(18.42724702598,-0.857147725688,
    0.592102986326));
#1901 = CARTESIAN_POINT('',(18.421467632342,-0.805677608775,
    0.658633974752));
#1902 = CARTESIAN_POINT('',(18.41568788208,-0.748327298096,
    0.719866042522));
#1903 = CARTESIAN_POINT('',(18.402387590482,-0.604366219438,
    0.847218747339));
#1904 = CARTESIAN_POINT('',(18.394865029566,-0.51412051964,
    0.909274705925));
#1905 = CARTESIAN_POINT('',(18.387343506223,-0.416527005577,
    0.960040197696));
#1906 = CARTESIAN_POINT('',(18.379822631878,-0.313293652301,
    0.99850840194));
#1907 = CARTESIAN_POINT('',(18.37230103383,-0.206277292325,
    1.023987339799));
#1908 = CARTESIAN_POINT('',(18.364778399558,-9.742839739356E-02,
    1.036120501811));
#1909 = CARTESIAN_POINT('',(18.348889023094,0.132180495386,
    1.033623991974));
#1910 = CARTESIAN_POINT('',(18.340518083162,0.252967854578,1.01582387969
    ));
#1911 = CARTESIAN_POINT('',(18.332149485476,0.370847906477,
    0.981549552448));
#1912 = CARTESIAN_POINT('',(18.323782010116,0.483140279153,
    0.931419888172));
#1913 = CARTESIAN_POINT('',(18.315413456931,0.587359248695,
    0.866544736868));
#1914 = CARTESIAN_POINT('',(18.307042544263,0.681254682875,
    0.788506170121));
#1915 = CARTESIAN_POINT('',(18.291063226682,0.837290521688,0.61827706336
    ));
#1916 = CARTESIAN_POINT('',(18.283450508968,0.901574267764,
    0.527965022512));
#1917 = CARTESIAN_POINT('',(18.275838882998,0.954413382106,
    0.429943092886));
#1918 = CARTESIAN_POINT('',(18.268227986204,0.994737301198,
    0.325965792471));
#1919 = CARTESIAN_POINT('',(18.260616367496,1.021803187408,
    0.217948431285));
#1920 = CARTESIAN_POINT('',(18.253003656053,1.035218629862,0.10790870672
    ));
#1921 = CARTESIAN_POINT('',(18.243808382073,1.034951720999,
    -2.497454952557E-02));
#1922 = CARTESIAN_POINT('',(18.242224050083,1.034314832173,
    -4.786903792208E-02));
#1923 = CARTESIAN_POINT('',(18.240639723104,1.033087082319,
    -7.074401051196E-02));
#1924 = CARTESIAN_POINT('',(18.239055401047,1.031269217208,
    -9.358117669343E-02));
#1925 = CARTESIAN_POINT('',(18.237471083524,1.028862688719,
    -0.116362303278));
#1926 = CARTESIAN_POINT('',(18.23588676985,1.025869654841,
    -0.139069214491));
#1927 = CARTESIAN_POINT('',(18.231731078006,1.016487935219,
    -0.198387887659));
#1928 = CARTESIAN_POINT('',(18.229159702066,1.00914538677,-0.23484904236
    ));
#1929 = CARTESIAN_POINT('',(18.226588328781,1.000277678638,
    -0.270989484559));
#1930 = CARTESIAN_POINT('',(18.224016956258,0.989901873571,
    -0.306732813729));
#1931 = CARTESIAN_POINT('',(18.221445583158,0.97803975275,-0.34200400033
    ));
#1932 = CARTESIAN_POINT('',(18.218874208691,0.964717815791,
    -0.376729385806));
#1933 = CARTESIAN_POINT('',(18.207007795283,0.896646891266,
    -0.53412809831));
#1934 = CARTESIAN_POINT('',(18.197708154935,0.824632203236,
    -0.649406240537));
#1935 = CARTESIAN_POINT('',(18.18841219703,0.735404515714,
    -0.753155473909));
#1936 = CARTESIAN_POINT('',(18.179117395586,0.631260923085,
    -0.84236187051));
#1937 = CARTESIAN_POINT('',(18.169821767663,0.515036404892,
    -0.914595161375));
#1938 = CARTESIAN_POINT('',(18.160522263745,0.390065005864,
    -0.968048482703));
#1939 = CARTESIAN_POINT('',(18.148628627602,0.223699898295,
    -1.01123360378));
#1940 = CARTESIAN_POINT('',(18.146030114124,0.186953112957,
    -1.019130114798));
#1941 = CARTESIAN_POINT('',(18.143431583521,0.149885372644,
    -1.025467764717));
#1942 = CARTESIAN_POINT('',(18.140833047866,0.11257595569,
    -1.030231264513));
#1943 = CARTESIAN_POINT('',(18.138234537129,7.510476500368E-02,
    -1.033410393635));
#1944 = CARTESIAN_POINT('',(18.135636099174,3.755232807331E-02,-1.035));
#1945 = CARTESIAN_POINT('',(18.133037799757,-2.030358325911E-07,-1.035)
  );
#1946 = ORIENTED_EDGE('',*,*,#1947,.F.);
#1947 = EDGE_CURVE('',#1717,#1863,#1948,.T.);
#1948 = LINE('',#1949,#1950);
#1949 = CARTESIAN_POINT('',(20.,0.,-1.035));
#1950 = VECTOR('',#1951,1.);
#1951 = DIRECTION('',(-1.,0.,6.661338147751E-17));
#1952 = CYLINDRICAL_SURFACE('',#1953,1.035);
#1953 = AXIS2_PLACEMENT_3D('',#1954,#1955,#1956);
#1954 = CARTESIAN_POINT('',(20.,0.,0.));
#1955 = DIRECTION('',(-1.,-0.,-0.));
#1956 = DIRECTION('',(0.,0.,-1.));
#1957 = ADVANCED_FACE('',(#1958),#1993,.F.);
#1958 = FACE_BOUND('',#1959,.F.);
#1959 = EDGE_LOOP('',(#1960,#1986,#1987,#1988));
#1960 = ORIENTED_EDGE('',*,*,#1961,.F.);
#1961 = EDGE_CURVE('',#1533,#1962,#1964,.T.);
#1962 = VERTEX_POINT('',#1963);
#1963 = CARTESIAN_POINT('',(18.003124793923,1.18072756525E-08,
    -1.26000521495));
#1964 = B_SPLINE_CURVE_WITH_KNOTS('',11,(#1965,#1966,#1967,#1968,#1969,
    #1970,#1971,#1972,#1973,#1974,#1975,#1976,#1977,#1978,#1979,#1980,
    #1981,#1982,#1983,#1984,#1985),.UNSPECIFIED.,.F.,.F.,(12,9,12),(0.,
    3.149639566854,6.299279133707),.UNSPECIFIED.);
#1965 = CARTESIAN_POINT('',(18.453124835147,9.445333404301E-09,
    -1.26000417196));
#1966 = CARTESIAN_POINT('',(18.432670263868,-0.359855873455,
    -1.260004828072));
#1967 = CARTESIAN_POINT('',(18.412215493468,-0.719710637499,
    -1.146982731982));
#1968 = CARTESIAN_POINT('',(18.39176160113,-1.0401208437,-0.920789802859
    ));
#1969 = CARTESIAN_POINT('',(18.371306547297,-1.281545256867,
    -0.597215109279));
#1970 = CARTESIAN_POINT('',(18.350851772719,-1.411644345014,
    -0.206978141905));
#1971 = CARTESIAN_POINT('',(18.330397753072,-1.411592598511,
    0.206971059184));
#1972 = CARTESIAN_POINT('',(18.309942975665,-1.281582524334,
    0.597189433012));
#1973 = CARTESIAN_POINT('',(18.289488464026,-1.040105438975,
    0.920852586746));
#1974 = CARTESIAN_POINT('',(18.269033898403,-0.71971257665,
    1.146953018413));
#1975 = CARTESIAN_POINT('',(18.228124814536,2.452196010184E-08,
    1.373053853455));
#1976 = CARTESIAN_POINT('',(18.187215730669,0.719712514886,
    1.146952665694));
#1977 = CARTESIAN_POINT('',(18.166761180097,1.040105254866,
    0.920851404296));
#1978 = CARTESIAN_POINT('',(18.146306594261,1.281579642762,
    0.597197595762));
#1979 = CARTESIAN_POINT('',(18.125851981653,1.41161321671,0.206961135792
    ));
#1980 = CARTESIAN_POINT('',(18.105397750643,1.411605263982,
    -0.206979566901));
#1981 = CARTESIAN_POINT('',(18.084943141035,1.281573551246,
    -0.59719573325));
#1982 = CARTESIAN_POINT('',(18.06448801281,1.040114608386,
    -0.920814821592));
#1983 = CARTESIAN_POINT('',(18.044034135624,0.71971024638,
    -1.146971166552));
#1984 = CARTESIAN_POINT('',(18.023579365205,0.359855894707,
    -1.260004558165));
#1985 = CARTESIAN_POINT('',(18.003124793923,1.180727181769E-08,
    -1.26000521495));
#1986 = ORIENTED_EDGE('',*,*,#1560,.T.);
#1987 = ORIENTED_EDGE('',*,*,#1862,.T.);
#1988 = ORIENTED_EDGE('',*,*,#1989,.F.);
#1989 = EDGE_CURVE('',#1962,#1863,#1990,.T.);
#1990 = B_SPLINE_CURVE_WITH_KNOTS('',1,(#1991,#1992),.UNSPECIFIED.,.F.,
  .F.,(2,2),(0.,0.39175),.PIECEWISE_BEZIER_KNOTS.);
#1991 = CARTESIAN_POINT('',(18.003124793923,1.18072717159E-08,
    -1.26000521495));
#1992 = CARTESIAN_POINT('',(18.199006783524,-3.886673114462E-07,
    -0.920743798562));
#1993 = B_SPLINE_SURFACE_WITH_KNOTS('',1,9,(
    (#1994,#1995,#1996,#1997,#1998,#1999,#2000,#2001,#2002,#2003,#2004
      ,#2005,#2006,#2007,#2008,#2009,#2010,#2011,#2012,#2013,#2014,#2015
      ,#2016,#2017,#2018,#2019,#2020,#2021,#2022,#2023,#2024)
    ,(#2025,#2026,#2027,#2028,#2029,#2030,#2031,#2032,#2033,#2034,#2035
      ,#2036,#2037,#2038,#2039,#2040,#2041,#2042,#2043,#2044,#2045,#2046
      ,#2047,#2048,#2049,#2050,#2051,#2052,#2053,#2054,#2055
  )),.UNSPECIFIED.,.F.,.F.,.F.,(2,2),(10,7,7,7,10),(0.,0.39175),(0.,
    1.574819783427,3.149639566854,4.72445935028,6.299279133707),
  .UNSPECIFIED.);
#1994 = CARTESIAN_POINT('',(18.453124835147,9.445333737368E-09,
    -1.26000417196));
#1995 = CARTESIAN_POINT('',(18.440624819366,-0.219911918993,
    -1.260004572917));
#1996 = CARTESIAN_POINT('',(18.428124727531,-0.439823420092,
    -1.216836561575));
#1997 = CARTESIAN_POINT('',(18.415624821599,-0.650049159874,
    -1.130464571376));
#1998 = CARTESIAN_POINT('',(18.403124867892,-0.840891800156,
    -1.003456767527));
#1999 = CARTESIAN_POINT('',(18.390624844128,-1.003461479017,
    -0.840888658891));
#2000 = CARTESIAN_POINT('',(18.378124820419,-1.130465885906,
    -0.650045911671));
#2001 = CARTESIAN_POINT('',(18.365624804014,-1.216825002707,
    -0.439825477684));
#2002 = CARTESIAN_POINT('',(18.340624796045,-1.303184712081,
    -2.335566741995E-06));
#2003 = CARTESIAN_POINT('',(18.315624815852,-1.216825221612,
    0.439824275728));
#2004 = CARTESIAN_POINT('',(18.303124828265,-1.130465821669,
    0.65004844259));
#2005 = CARTESIAN_POINT('',(18.290624829086,-1.00346288192,
    0.840893951685));
#2006 = CARTESIAN_POINT('',(18.278124819415,-0.840891589002,
    1.003464925965));
#2007 = CARTESIAN_POINT('',(18.265624810797,-0.650046963096,
    1.130466558195));
#2008 = CARTESIAN_POINT('',(18.253124810232,-0.439824347286,
    1.216824442936));
#2009 = CARTESIAN_POINT('',(18.228124814536,7.400454891451E-09,
    1.303182360348));
#2010 = CARTESIAN_POINT('',(18.20312481884,0.439824319764,1.216824227385
    ));
#2011 = CARTESIAN_POINT('',(18.190624818275,0.650046867787,
    1.130466347632));
#2012 = CARTESIAN_POINT('',(18.178124809657,0.840891609623,
    1.003465251367));
#2013 = CARTESIAN_POINT('',(18.165624799985,1.003463350724,
    0.840894542854));
#2014 = CARTESIAN_POINT('',(18.153124800807,1.130466464238,
    0.650048736634));
#2015 = CARTESIAN_POINT('',(18.14062481322,1.216825254456,0.439824343083
    ));
#2016 = CARTESIAN_POINT('',(18.115624833026,1.303183796451,
    -2.324322662868E-06));
#2017 = CARTESIAN_POINT('',(18.090624825057,1.216824464003,
    -0.439825410328));
#2018 = CARTESIAN_POINT('',(18.078124808658,1.130465552939,
    -0.650046453257));
#2019 = CARTESIAN_POINT('',(18.065624784927,1.00346427876,
    -0.840887720555));
#2020 = CARTESIAN_POINT('',(18.053124761206,0.840892978548,
    -1.003460520717));
#2021 = CARTESIAN_POINT('',(18.04062480745,0.650047593881,
    -1.130464767916));
#2022 = CARTESIAN_POINT('',(18.02812490155,0.439823283841,
    -1.216832187105));
#2023 = CARTESIAN_POINT('',(18.015624809707,0.219911940246,
    -1.260004813581));
#2024 = CARTESIAN_POINT('',(18.003124793923,1.18072717159E-08,
    -1.26000521495));
#2025 = CARTESIAN_POINT('',(18.649005426834,-3.109346558006E-07,
    -0.920741948451));
#2026 = CARTESIAN_POINT('',(18.636505946244,-0.160712647897,
    -0.920742602508));
#2027 = CARTESIAN_POINT('',(18.624008968688,-0.321389374825,
    -0.889197625979));
#2028 = CARTESIAN_POINT('',(18.611505872517,-0.475014326318,
    -0.826089640134));
#2029 = CARTESIAN_POINT('',(18.599004349216,-0.614480102694,
    -0.733271404587));
#2030 = CARTESIAN_POINT('',(18.586505131451,-0.73327712044,
    -0.614469895467));
#2031 = CARTESIAN_POINT('',(18.57400591147,-0.826082283599,
    -0.47501739691));
#2032 = CARTESIAN_POINT('',(18.561506451444,-0.889189878329,
    -0.321400097913));
#2033 = CARTESIAN_POINT('',(18.536506713714,-0.952296963676,
    -2.045050799784E-06));
#2034 = CARTESIAN_POINT('',(18.511506061874,-0.889189467296,
    0.321400596303));
#2035 = CARTESIAN_POINT('',(18.499005653353,-0.826082000415,
    0.475021929372));
#2036 = CARTESIAN_POINT('',(18.486505626317,-0.733274659264,
    0.614480340407));
#2037 = CARTESIAN_POINT('',(18.474005944617,-0.614477734465,
    0.733276975288));
#2038 = CARTESIAN_POINT('',(18.461506228231,-0.475020646416,
    0.826082791819));
#2039 = CARTESIAN_POINT('',(18.449006246815,-0.321401034234,
    0.889188811128));
#2040 = CARTESIAN_POINT('',(18.42400610518,3.9441086032E-07,
    0.952294564341));
#2041 = CARTESIAN_POINT('',(18.399005963545,0.32140169745,0.889188171409
    ));
#2042 = CARTESIAN_POINT('',(18.386505982129,0.475021138855,
    0.826082037936));
#2043 = CARTESIAN_POINT('',(18.374006265743,0.61447835823,0.73327706045)
  );
#2044 = CARTESIAN_POINT('',(18.361506584043,0.733275982908,
    0.614480801868));
#2045 = CARTESIAN_POINT('',(18.349006557007,0.826083520614,0.47502178946
    ));
#2046 = CARTESIAN_POINT('',(18.336506148487,0.889189782922,
    0.321400003747));
#2047 = CARTESIAN_POINT('',(18.311505496645,0.952295339484,
    -2.78767325532E-06));
#2048 = CARTESIAN_POINT('',(18.286505758915,0.88918866538,
    -0.321400690468));
#2049 = CARTESIAN_POINT('',(18.274006298854,0.826083315637,
    -0.475017835007));
#2050 = CARTESIAN_POINT('',(18.261507078996,0.733276444,-0.614471863));
#2051 = CARTESIAN_POINT('',(18.249007861074,0.614486756518,
    -0.733275509415));
#2052 = CARTESIAN_POINT('',(18.236506337848,0.475008883944,
    -0.826091553263));
#2053 = CARTESIAN_POINT('',(18.224003241687,0.321388421092,
    -0.889190123701));
#2054 = CARTESIAN_POINT('',(18.211506264117,0.160711948295,
    -0.920743158067));
#2055 = CARTESIAN_POINT('',(18.199006783524,-3.886673114462E-07,
    -0.920743798562));
#2056 = ADVANCED_FACE('',(#2057),#2098,.F.);
#2057 = FACE_BOUND('',#2058,.F.);
#2058 = EDGE_LOOP('',(#2059,#2091,#2092,#2093));
#2059 = ORIENTED_EDGE('',*,*,#2060,.F.);
#2060 = EDGE_CURVE('',#1632,#2061,#2063,.T.);
#2061 = VERTEX_POINT('',#2062);
#2062 = CARTESIAN_POINT('',(17.946874793935,1.180660038103E-08,
    -1.260004056072));
#2063 = B_SPLINE_CURVE_WITH_KNOTS('',8,(#2064,#2065,#2066,#2067,#2068,
    #2069,#2070,#2071,#2072,#2073,#2074,#2075,#2076,#2077,#2078,#2079,
    #2080,#2081,#2082,#2083,#2084,#2085,#2086,#2087,#2088,#2089,#2090),
  .UNSPECIFIED.,.F.,.F.,(9,6,6,6,9),(0.,1.574819783427,3.149639566854,
    4.72445935028,6.299279133707),.UNSPECIFIED.);
#2064 = CARTESIAN_POINT('',(18.396874835155,9.444900861411E-09,
    -1.260003244858));
#2065 = CARTESIAN_POINT('',(18.382812317402,-0.247400705302,
    -1.260003596107));
#2066 = CARTESIAN_POINT('',(18.368749701876,-0.494800848076,
    -1.20450120422));
#2067 = CARTESIAN_POINT('',(18.354687381475,-0.727672225566,
    -1.093444980627));
#2068 = CARTESIAN_POINT('',(18.340624857033,-0.931466497431,
    -0.931465163195));
#2069 = CARTESIAN_POINT('',(18.326562328009,-1.093453960726,
    -0.727666597235));
#2070 = CARTESIAN_POINT('',(18.312499805269,-1.204486852054,
    -0.494802923773));
#2071 = CARTESIAN_POINT('',(18.284374794073,-1.315520596583,
    -2.585471854134E-06));
#2072 = CARTESIAN_POINT('',(18.256249818585,-1.204487171619,
    0.494802229654));
#2073 = CARTESIAN_POINT('',(18.242187333117,-1.093453851971,
    0.727670787764));
#2074 = CARTESIAN_POINT('',(18.228124825876,-0.931468707331,
    0.931471344759));
#2075 = CARTESIAN_POINT('',(18.214062311358,-0.727668634339,
    1.093455111343));
#2076 = CARTESIAN_POINT('',(18.199999809705,-0.494801980951,
    1.204486570758));
#2077 = CARTESIAN_POINT('',(18.171874814546,5.642315635237E-09,
    1.315518132145));
#2078 = CARTESIAN_POINT('',(18.143749819387,0.494801950329,
    1.204486384006));
#2079 = CARTESIAN_POINT('',(18.129687317733,0.727668532102,
    1.093454962717));
#2080 = CARTESIAN_POINT('',(18.115624803215,0.931468811221,
    0.931471924895));
#2081 = CARTESIAN_POINT('',(18.101562295974,1.093454535425,
    0.727671105601));
#2082 = CARTESIAN_POINT('',(18.087499810507,1.204487296727,
    0.494802292789));
#2083 = CARTESIAN_POINT('',(18.059374835018,1.315519810793,
    -2.57803134493E-06));
#2084 = CARTESIAN_POINT('',(18.031249823822,1.204486480765,
    -0.494802860637));
#2085 = CARTESIAN_POINT('',(18.017187301077,1.09345389361,-0.72766659144
    ));
#2086 = CARTESIAN_POINT('',(18.003124772075,0.931470068974,
    -0.931465892786));
#2087 = CARTESIAN_POINT('',(17.989062247596,0.727670341111,
    -1.093448072888));
#2088 = CARTESIAN_POINT('',(17.974999927223,0.494800711616,
    -1.204496796702));
#2089 = CARTESIAN_POINT('',(17.96093731169,0.247400726554,
    -1.260003704359));
#2090 = CARTESIAN_POINT('',(17.946874793935,1.180659658928E-08,
    -1.260004056072));
#2091 = ORIENTED_EDGE('',*,*,#1665,.T.);
#2092 = ORIENTED_EDGE('',*,*,#1961,.T.);
#2093 = ORIENTED_EDGE('',*,*,#2094,.F.);
#2094 = EDGE_CURVE('',#2061,#1962,#2095,.T.);
#2095 = B_SPLINE_CURVE_WITH_KNOTS('',1,(#2096,#2097),.UNSPECIFIED.,.F.,
  .F.,(2,2),(0.,5.625E-02),.PIECEWISE_BEZIER_KNOTS.);
#2096 = CARTESIAN_POINT('',(17.946874793935,1.1806596358E-08,
    -1.260004056072));
#2097 = CARTESIAN_POINT('',(18.003124793923,1.180727181769E-08,
    -1.26000521495));
#2098 = B_SPLINE_SURFACE_WITH_KNOTS('',1,11,(
    (#2099,#2100,#2101,#2102,#2103,#2104,#2105,#2106,#2107,#2108,#2109
      ,#2110,#2111,#2112,#2113,#2114,#2115,#2116,#2117,#2118,#2119)
    ,(#2120,#2121,#2122,#2123,#2124,#2125,#2126,#2127,#2128,#2129,#2130
      ,#2131,#2132,#2133,#2134,#2135,#2136,#2137,#2138,#2139,#2140
  )),.UNSPECIFIED.,.F.,.F.,.F.,(2,2),(12,9,12),(0.,5.625E-02),(0.,
    3.149639566854,6.299279133707),.UNSPECIFIED.);
#2099 = CARTESIAN_POINT('',(18.396874835155,9.444901083455E-09,
    -1.260003244858));
#2100 = CARTESIAN_POINT('',(18.376420263878,-0.359855575642,
    -1.260003755766));
#2101 = CARTESIAN_POINT('',(18.355965493499,-0.719709995982,
    -1.146980498833));
#2102 = CARTESIAN_POINT('',(18.335511601107,-1.04011907757,
    -0.920791769365));
#2103 = CARTESIAN_POINT('',(18.315056547294,-1.281548166672,
    -0.597212673296));
#2104 = CARTESIAN_POINT('',(18.294601772788,-1.411637355239,
    -0.206977758346));
#2105 = CARTESIAN_POINT('',(18.274147753039,-1.411595199885,
    0.206969409245));
#2106 = CARTESIAN_POINT('',(18.253692975686,-1.281580316441,
    0.597190052412));
#2107 = CARTESIAN_POINT('',(18.233238464032,-1.040104770032,
    0.92085163791));
#2108 = CARTESIAN_POINT('',(18.212783898413,-0.719711976191,
    1.146952028461));
#2109 = CARTESIAN_POINT('',(18.171874814545,1.649998772044E-08,
    1.373052716886));
#2110 = CARTESIAN_POINT('',(18.130965730678,0.719711923853,
    1.146951756821));
#2111 = CARTESIAN_POINT('',(18.110511180108,1.040104871594,
    0.920850826801));
#2112 = CARTESIAN_POINT('',(18.09005659427,1.281577097872,0.597195994788
    ));
#2113 = CARTESIAN_POINT('',(18.069601981678,1.411612976748,
    0.206962430682));
#2114 = CARTESIAN_POINT('',(18.049147750632,1.411605218398,
    -0.206979595726));
#2115 = CARTESIAN_POINT('',(18.028693141022,1.281571150755,
    -0.597197187021));
#2116 = CARTESIAN_POINT('',(18.008238012873,1.040113983123,
    -0.920811329155));
#2117 = CARTESIAN_POINT('',(17.987784135608,0.719709696077,
    -1.146971500802));
#2118 = CARTESIAN_POINT('',(17.967329365214,0.359855596893,
    -1.26000354449));
#2119 = CARTESIAN_POINT('',(17.946874793935,1.1806596358E-08,
    -1.260004056072));
#2120 = CARTESIAN_POINT('',(18.453124835147,9.445333404301E-09,
    -1.26000417196));
#2121 = CARTESIAN_POINT('',(18.432670263868,-0.359855873455,
    -1.260004828072));
#2122 = CARTESIAN_POINT('',(18.412215493468,-0.719710637499,
    -1.146982731982));
#2123 = CARTESIAN_POINT('',(18.39176160113,-1.0401208437,-0.920789802859
    ));
#2124 = CARTESIAN_POINT('',(18.371306547297,-1.281545256867,
    -0.597215109279));
#2125 = CARTESIAN_POINT('',(18.350851772719,-1.411644345014,
    -0.206978141905));
#2126 = CARTESIAN_POINT('',(18.330397753072,-1.411592598511,
    0.206971059184));
#2127 = CARTESIAN_POINT('',(18.309942975665,-1.281582524334,
    0.597189433012));
#2128 = CARTESIAN_POINT('',(18.289488464026,-1.040105438975,
    0.920852586746));
#2129 = CARTESIAN_POINT('',(18.269033898403,-0.71971257665,
    1.146953018413));
#2130 = CARTESIAN_POINT('',(18.228124814536,2.452196010184E-08,
    1.373053853455));
#2131 = CARTESIAN_POINT('',(18.187215730669,0.719712514886,
    1.146952665694));
#2132 = CARTESIAN_POINT('',(18.166761180097,1.040105254866,
    0.920851404296));
#2133 = CARTESIAN_POINT('',(18.146306594261,1.281579642762,
    0.597197595762));
#2134 = CARTESIAN_POINT('',(18.125851981653,1.41161321671,0.206961135792
    ));
#2135 = CARTESIAN_POINT('',(18.105397750643,1.411605263982,
    -0.206979566901));
#2136 = CARTESIAN_POINT('',(18.084943141035,1.281573551246,
    -0.59719573325));
#2137 = CARTESIAN_POINT('',(18.06448801281,1.040114608386,
    -0.920814821592));
#2138 = CARTESIAN_POINT('',(18.044034135624,0.71971024638,
    -1.146971166552));
#2139 = CARTESIAN_POINT('',(18.023579365205,0.359855894707,
    -1.260004558165));
#2140 = CARTESIAN_POINT('',(18.003124793923,1.180727181769E-08,
    -1.26000521495));
#2141 = ADVANCED_FACE('',(#2142),#2242,.F.);
#2142 = FACE_BOUND('',#2143,.F.);
#2143 = EDGE_LOOP('',(#2144,#2235,#2236,#2237));
#2144 = ORIENTED_EDGE('',*,*,#2145,.F.);
#2145 = EDGE_CURVE('',#1717,#2146,#2148,.T.);
#2146 = VERTEX_POINT('',#2147);
#2147 = CARTESIAN_POINT('',(17.816974822316,-1.268959470358E-07,-1.035)
  );
#2148 = B_SPLINE_CURVE_WITH_KNOTS('',7,(#2149,#2150,#2151,#2152,#2153,
    #2154,#2155,#2156,#2157,#2158,#2159,#2160,#2161,#2162,#2163,#2164,
    #2165,#2166,#2167,#2168,#2169,#2170,#2171,#2172,#2173,#2174,#2175,
    #2176,#2177,#2178,#2179,#2180,#2181,#2182,#2183,#2184,#2185,#2186,
    #2187,#2188,#2189,#2190,#2191,#2192,#2193,#2194,#2195,#2196,#2197,
    #2198,#2199,#2200,#2201,#2202,#2203,#2204,#2205,#2206,#2207,#2208,
    #2209,#2210,#2211,#2212,#2213,#2214,#2215,#2216,#2217,#2218,#2219,
    #2220,#2221,#2222,#2223,#2224,#2225,#2226,#2227,#2228,#2229,#2230,
    #2231,#2232,#2233,#2234),.UNSPECIFIED.,.F.,.F.,(8,6,6,6,6,6,6,6,6,6,
    6,6,6,6,8),(0.,3.590642081647E-02,0.106001083159,0.136584637472,
    0.222592064456,0.37884495725,0.500450310593,0.628058182503,
    0.659889140692,0.679891339804,0.69489301152,0.866812880055,
    0.892544443065,0.955550982688,1.),.UNSPECIFIED.);
#2149 = CARTESIAN_POINT('',(18.266974095739,-2.030333488001E-07,-1.035)
  );
#2150 = CARTESIAN_POINT('',(18.264666200058,-3.335465139948E-02,-1.035)
  );
#2151 = CARTESIAN_POINT('',(18.26235812824,-6.670895708886E-02,
    -1.033745944503));
#2152 = CARTESIAN_POINT('',(18.260049968945,-0.100006337063,
    -1.031237885796));
#2153 = CARTESIAN_POINT('',(18.257741787717,-0.133190351639,
    -1.027479034828));
#2154 = CARTESIAN_POINT('',(18.255433626983,-0.16620490449,
    -1.022475761212));
#2155 = CARTESIAN_POINT('',(18.253125506058,-0.198994242646,
    -1.016237593221));
#2156 = CARTESIAN_POINT('',(18.246311696832,-0.294964790569,
    -0.99421345776));
#2157 = CARTESIAN_POINT('',(18.241806010397,-0.357359374161,
    -0.974991451015));
#2158 = CARTESIAN_POINT('',(18.237300581675,-0.418273732701,
    -0.951205934515));
#2159 = CARTESIAN_POINT('',(18.232795305437,-0.477308554599,
    -0.922996357327));
#2160 = CARTESIAN_POINT('',(18.228289968864,-0.534082350568,
    -0.890544943655));
#2161 = CARTESIAN_POINT('',(18.223784469025,-0.588235612941,
    -0.854074755863));
#2162 = CARTESIAN_POINT('',(18.217313226906,-0.661774171999,
    -0.796295998954));
#2163 = CARTESIAN_POINT('',(18.215347410156,-0.683551343294,
    -0.77802881563));
#2164 = CARTESIAN_POINT('',(18.213381579752,-0.704738895734,
    -0.759067897715));
#2165 = CARTESIAN_POINT('',(18.211415736164,-0.725310395895,
    -0.739436150714));
#2166 = CARTESIAN_POINT('',(18.209449880672,-0.745240570084,
    -0.719157695462));
#2167 = CARTESIAN_POINT('',(18.207484015374,-0.764505304337,
    -0.698257868114));
#2168 = CARTESIAN_POINT('',(18.199989694536,-0.835322243963,
    -0.616315721281));
#2169 = CARTESIAN_POINT('',(18.194460849139,-0.882121820317,
    -0.551159851377));
#2170 = CARTESIAN_POINT('',(18.188932240906,-0.922966536037,
    -0.481890203667));
#2171 = CARTESIAN_POINT('',(18.183403814339,-0.957429220578,
    -0.409163386577));
#2172 = CARTESIAN_POINT('',(18.177875270133,-0.985174770936,
    -0.333686611477));
#2173 = CARTESIAN_POINT('',(18.172346510793,-1.005965552293,
    -0.256206280435));
#2174 = CARTESIAN_POINT('',(18.156774391656,-1.04455836273,
    -3.450172154913E-02));
#2175 = CARTESIAN_POINT('',(18.146724073836,-1.046071179336,
    0.112660829988));
#2176 = CARTESIAN_POINT('',(18.13667920504,-1.023319168356,
    0.259233374634));
#2177 = CARTESIAN_POINT('',(18.126636038152,-0.976749178613,
    0.400430915792));
#2178 = CARTESIAN_POINT('',(18.116590783888,-0.907837344139,
    0.53177873762));
#2179 = CARTESIAN_POINT('',(18.106540187677,-0.819070802813,
    0.649165208553));
#2180 = CARTESIAN_POINT('',(18.088679892902,-0.632213871626,
    0.827218825126));
#2181 = CARTESIAN_POINT('',(18.080861538905,-0.540492659959,
    0.894750738911));
#2182 = CARTESIAN_POINT('',(18.073044752982,-0.440449709973,
    0.95032843672));
#2183 = CARTESIAN_POINT('',(18.065228915473,-0.333970842097,
    0.992765622649));
#2184 = CARTESIAN_POINT('',(18.057412103956,-0.223124706694,
    1.021237764452));
#2185 = CARTESIAN_POINT('',(18.049593712647,-0.1100962829,1.035308660658
    ));
#2186 = CARTESIAN_POINT('',(18.033574561454,0.121400496016,1.03466798061
    ));
#2187 = CARTESIAN_POINT('',(18.025369469475,0.239928037361,
    1.018501453287));
#2188 = CARTESIAN_POINT('',(18.017166153776,0.355843994338,
    0.986486745461));
#2189 = CARTESIAN_POINT('',(18.008963674429,0.466619283805,
    0.939173754633));
#2190 = CARTESIAN_POINT('',(18.000760427764,0.569896940393,
    0.877569299451));
#2191 = CARTESIAN_POINT('',(17.992555418295,0.663531203002,
    0.803120143951));
#2192 = CARTESIAN_POINT('',(17.982306909669,0.766233271509,
    0.696409030797));
#2193 = CARTESIAN_POINT('',(17.98026086603,0.78602708775,0.674421377427)
  );
#2194 = CARTESIAN_POINT('',(17.97821482869,0.805083459654,0.651778796632
    ));
#2195 = CARTESIAN_POINT('',(17.976168797101,0.823376497306,
    0.628511029619));
#2196 = CARTESIAN_POINT('',(17.974122770422,0.840881860349,
    0.604649034458));
#2197 = CARTESIAN_POINT('',(17.972076747519,0.857576757984,
    0.580224986091));
#2198 = CARTESIAN_POINT('',(17.968745031755,0.883408191304,0.53959228749
    ));
#2199 = CARTESIAN_POINT('',(17.967459337161,0.893048037577,0.52370351473
    ));
#2200 = CARTESIAN_POINT('',(17.966173642845,0.902354232491,
    0.507614225329));
#2201 = CARTESIAN_POINT('',(17.964887948481,0.911321789843,
    0.491332834861));
#2202 = CARTESIAN_POINT('',(17.963602253765,0.919945992531,0.4748679072)
  );
#2203 = CARTESIAN_POINT('',(17.962316558408,0.928222392552,0.45822815451
    ));
#2204 = CARTESIAN_POINT('',(17.960066588502,0.94209013371,0.428818130504
    ));
#2205 = CARTESIAN_POINT('',(17.959102314293,0.947835468886,
    0.416120463004));
#2206 = CARTESIAN_POINT('',(17.958138039398,0.953381055147,
    0.403333170292));
#2207 = CARTESIAN_POINT('',(17.957173763714,0.9587252209,0.390460025201)
  );
#2208 = CARTESIAN_POINT('',(17.956209487154,0.963866384342,
    0.377504837858));
#2209 = CARTESIAN_POINT('',(17.955245209642,0.968803053464,
    0.364471455682));
#2210 = CARTESIAN_POINT('',(17.943230253541,1.027748703966,
    0.201148988741));
#2211 = CARTESIAN_POINT('',(17.93216874442,1.054975450545,
    4.102868521393E-02));
#2212 = CARTESIAN_POINT('',(17.921115965193,1.052912966968,
    -0.122918401685));
#2213 = CARTESIAN_POINT('',(17.910066467261,1.021242540264,
    -0.284248994584));
#2214 = CARTESIAN_POINT('',(17.899014570486,0.961173781387,
    -0.43680803214));
#2215 = CARTESIAN_POINT('',(17.887953731831,0.875435853761,
    -0.574752492327));
#2216 = CARTESIAN_POINT('',(17.875249049983,0.752445330856,
    -0.711071054197));
#2217 = CARTESIAN_POINT('',(17.873595058042,0.735955434872,
    -0.728386520789));
#2218 = CARTESIAN_POINT('',(17.87194105105,0.719001345044,
    -0.745255106881));
#2219 = CARTESIAN_POINT('',(17.870287027543,0.701597626563,
    -0.761661924017));
#2220 = CARTESIAN_POINT('',(17.868632986719,0.683759422663,
    -0.777592695636));
#2221 = CARTESIAN_POINT('',(17.866978928437,0.665502454619,
    -0.793033757071));
#2222 = CARTESIAN_POINT('',(17.861274669586,0.601153364432,
    -0.844550109305));
#2223 = CARTESIAN_POINT('',(17.85722431762,0.553049702549,
    -0.878114452386));
#2224 = CARTESIAN_POINT('',(17.853173911052,0.502772079641,
    -0.90847289467));
#2225 = CARTESIAN_POINT('',(17.849123493712,0.450577979854,
    -0.935458301031));
#2226 = CARTESIAN_POINT('',(17.845073100675,0.396739939391,
    -0.958929803917));
#2227 = CARTESIAN_POINT('',(17.841022819399,0.341543157966,
    -0.978774015929));
#2228 = CARTESIAN_POINT('',(17.834115732822,0.245593518502,
    -1.006286991412));
#2229 = CARTESIAN_POINT('',(17.831258720763,0.205374095786,
    -1.015820559481));
#2230 = CARTESIAN_POINT('',(17.828401850433,0.164728285922,
    -1.023477287525));
#2231 = CARTESIAN_POINT('',(17.825545123485,0.123761228835,
    -1.02923484077));
#2232 = CARTESIAN_POINT('',(17.822688484512,8.25793025506E-02,
    -1.033078257867));
#2233 = CARTESIAN_POINT('',(17.819831798095,4.12896651909E-02,-1.035));
#2234 = CARTESIAN_POINT('',(17.816974825828,-2.030333443592E-07,-1.035)
  );
#2235 = ORIENTED_EDGE('',*,*,#1797,.T.);
#2236 = ORIENTED_EDGE('',*,*,#2060,.T.);
#2237 = ORIENTED_EDGE('',*,*,#2238,.F.);
#2238 = EDGE_CURVE('',#2146,#2061,#2239,.T.);
#2239 = B_SPLINE_CURVE_WITH_KNOTS('',1,(#2240,#2241),.UNSPECIFIED.,.F.,
  .F.,(2,2),(0.,0.39175),.PIECEWISE_BEZIER_KNOTS.);
#2240 = CARTESIAN_POINT('',(17.751006783619,-3.886726895885E-07,
    -0.92073456874));
#2241 = CARTESIAN_POINT('',(17.946874793935,1.180659658928E-08,
    -1.260004056072));
#2242 = B_SPLINE_SURFACE_WITH_KNOTS('',1,8,(
    (#2243,#2244,#2245,#2246,#2247,#2248,#2249,#2250,#2251,#2252,#2253
      ,#2254,#2255,#2256,#2257,#2258,#2259,#2260,#2261,#2262,#2263,#2264
      ,#2265,#2266,#2267,#2268,#2269)
    ,(#2270,#2271,#2272,#2273,#2274,#2275,#2276,#2277,#2278,#2279,#2280
      ,#2281,#2282,#2283,#2284,#2285,#2286,#2287,#2288,#2289,#2290,#2291
      ,#2292,#2293,#2294,#2295,#2296
    )),.UNSPECIFIED.,.F.,.F.,.F.,(2,2),(9,6,6,6,9),(0.,0.39175),(0.,
    1.574819783427,3.149639566854,4.72445935028,6.299279133707),
  .UNSPECIFIED.);
#2243 = CARTESIAN_POINT('',(18.201005426895,-3.109381022659E-07,
    -0.920734564594));
#2244 = CARTESIAN_POINT('',(18.186943511244,-0.180800059328,
    -0.920734505339));
#2245 = CARTESIAN_POINT('',(18.172884813855,-0.361553843904,
    -0.880171805905));
#2246 = CARTESIAN_POINT('',(18.158816401972,-0.531735884631,
    -0.799038407945));
#2247 = CARTESIAN_POINT('',(18.144754707069,-0.680667812194,
    -0.680649567852));
#2248 = CARTESIAN_POINT('',(18.130693162028,-0.799028837837,
    -0.531733905665));
#2249 = CARTESIAN_POINT('',(18.116631410584,-0.880166203982,
    -0.361571502729));
#2250 = CARTESIAN_POINT('',(18.088506779102,-0.961302724044,
    -2.389579057722E-06));
#2251 = CARTESIAN_POINT('',(18.060380972306,-0.880166325342,
    0.361572754097));
#2252 = CARTESIAN_POINT('',(18.046317993975,-0.799029526194,
    0.531740453715));
#2253 = CARTESIAN_POINT('',(18.032255732308,-0.680659627055,
    0.680663185727));
#2254 = CARTESIAN_POINT('',(18.018193710167,-0.531737970053,
    0.799029946895));
#2255 = CARTESIAN_POINT('',(18.004131264601,-0.361572940165,
    0.880165534992));
#2256 = CARTESIAN_POINT('',(17.976006105257,3.653031135659E-07,
    0.961301044803));
#2257 = CARTESIAN_POINT('',(17.947880945914,0.361573608899,
    0.880165259263));
#2258 = CARTESIAN_POINT('',(17.933818500347,0.531738576763,
    0.799029542042));
#2259 = CARTESIAN_POINT('',(17.919756478206,0.680660144861,
    0.680662671415));
#2260 = CARTESIAN_POINT('',(17.90569421654,0.799029933781,0.531739848109
    ));
#2261 = CARTESIAN_POINT('',(17.891631238209,0.880166600758,0.36157208553
    ));
#2262 = CARTESIAN_POINT('',(17.863505431412,0.961302720028,
    -3.120090402959E-06));
#2263 = CARTESIAN_POINT('',(17.83538079993,0.880165927305,
    -0.361572171295));
#2264 = CARTESIAN_POINT('',(17.821319048486,0.799028433397,
    -0.531734512868));
#2265 = CARTESIAN_POINT('',(17.807257503445,0.680667313155,
    -0.68065008884));
#2266 = CARTESIAN_POINT('',(17.793195808543,0.531735267804,
    -0.799038827851));
#2267 = CARTESIAN_POINT('',(17.77912739666,0.361553174304,
    -0.880172058194));
#2268 = CARTESIAN_POINT('',(17.76506869927,0.180799359717,
    -0.920734643252));
#2269 = CARTESIAN_POINT('',(17.751006783619,-3.886726895885E-07,
    -0.92073456874));
#2270 = CARTESIAN_POINT('',(18.396874835155,9.444900861411E-09,
    -1.260003244858));
#2271 = CARTESIAN_POINT('',(18.382812317402,-0.247400705302,
    -1.260003596107));
#2272 = CARTESIAN_POINT('',(18.368749701876,-0.494800848076,
    -1.20450120422));
#2273 = CARTESIAN_POINT('',(18.354687381475,-0.727672225566,
    -1.093444980627));
#2274 = CARTESIAN_POINT('',(18.340624857033,-0.931466497431,
    -0.931465163195));
#2275 = CARTESIAN_POINT('',(18.326562328009,-1.093453960726,
    -0.727666597235));
#2276 = CARTESIAN_POINT('',(18.312499805269,-1.204486852054,
    -0.494802923773));
#2277 = CARTESIAN_POINT('',(18.284374794073,-1.315520596583,
    -2.585471854134E-06));
#2278 = CARTESIAN_POINT('',(18.256249818585,-1.204487171619,
    0.494802229654));
#2279 = CARTESIAN_POINT('',(18.242187333117,-1.093453851971,
    0.727670787764));
#2280 = CARTESIAN_POINT('',(18.228124825876,-0.931468707331,
    0.931471344759));
#2281 = CARTESIAN_POINT('',(18.214062311358,-0.727668634339,
    1.093455111343));
#2282 = CARTESIAN_POINT('',(18.199999809705,-0.494801980951,
    1.204486570758));
#2283 = CARTESIAN_POINT('',(18.171874814546,5.642315635237E-09,
    1.315518132145));
#2284 = CARTESIAN_POINT('',(18.143749819387,0.494801950329,
    1.204486384006));
#2285 = CARTESIAN_POINT('',(18.129687317733,0.727668532102,
    1.093454962717));
#2286 = CARTESIAN_POINT('',(18.115624803215,0.931468811221,
    0.931471924895));
#2287 = CARTESIAN_POINT('',(18.101562295974,1.093454535425,
    0.727671105601));
#2288 = CARTESIAN_POINT('',(18.087499810507,1.204487296727,
    0.494802292789));
#2289 = CARTESIAN_POINT('',(18.059374835018,1.315519810793,
    -2.57803134493E-06));
#2290 = CARTESIAN_POINT('',(18.031249823822,1.204486480765,
    -0.494802860637));
#2291 = CARTESIAN_POINT('',(18.017187301077,1.09345389361,-0.72766659144
    ));
#2292 = CARTESIAN_POINT('',(18.003124772075,0.931470068974,
    -0.931465892786));
#2293 = CARTESIAN_POINT('',(17.989062247596,0.727670341111,
    -1.093448072888));
#2294 = CARTESIAN_POINT('',(17.974999927223,0.494800711616,
    -1.204496796702));
#2295 = CARTESIAN_POINT('',(17.96093731169,0.247400726554,
    -1.260003704359));
#2296 = CARTESIAN_POINT('',(17.946874793935,1.180659658928E-08,
    -1.260004056072));
#2297 = ADVANCED_FACE('',(#2298),#2381,.F.);
#2298 = FACE_BOUND('',#2299,.T.);
#2299 = EDGE_LOOP('',(#2300,#2301,#2302,#2375));
#2300 = ORIENTED_EDGE('',*,*,#2145,.F.);
#2301 = ORIENTED_EDGE('',*,*,#1947,.T.);
#2302 = ORIENTED_EDGE('',*,*,#2303,.T.);
#2303 = EDGE_CURVE('',#1863,#2304,#2306,.T.);
#2304 = VERTEX_POINT('',#2305);
#2305 = CARTESIAN_POINT('',(17.68303959342,-1.522780275786E-07,-1.035));
#2306 = B_SPLINE_CURVE_WITH_KNOTS('',7,(#2307,#2308,#2309,#2310,#2311,
    #2312,#2313,#2314,#2315,#2316,#2317,#2318,#2319,#2320,#2321,#2322,
    #2323,#2324,#2325,#2326,#2327,#2328,#2329,#2330,#2331,#2332,#2333,
    #2334,#2335,#2336,#2337,#2338,#2339,#2340,#2341,#2342,#2343,#2344,
    #2345,#2346,#2347,#2348,#2349,#2350,#2351,#2352,#2353,#2354,#2355,
    #2356,#2357,#2358,#2359,#2360,#2361,#2362,#2363,#2364,#2365,#2366,
    #2367,#2368,#2369,#2370,#2371,#2372,#2373,#2374),.UNSPECIFIED.,.F.,
  .F.,(8,6,6,6,6,6,6,6,6,6,6,8),(0.,3.800175649021E-02,0.13363093555,
    0.22874382861,0.293854188754,0.384538053192,0.501351538161,
    0.631848124734,0.750001526991,0.870054888675,0.960024979124,1.),
  .UNSPECIFIED.);
#2307 = CARTESIAN_POINT('',(18.133037796245,-2.537957830562E-07,-1.035)
  );
#2308 = CARTESIAN_POINT('',(18.13059514527,-3.530327870894E-02,-1.035));
#2309 = CARTESIAN_POINT('',(18.12815277519,-7.060619323538E-02,
    -1.033595136514));
#2310 = CARTESIAN_POINT('',(18.125710496773,-0.105841613168,
    -1.030785474403));
#2311 = CARTESIAN_POINT('',(18.123268175988,-0.140942615883,
    -1.026575040864));
#2312 = CARTESIAN_POINT('',(18.120825734007,-0.17584274034,
    -1.020971825423));
#2313 = CARTESIAN_POINT('',(18.118383147204,-0.210475987084,
    -1.013987779942));
#2314 = CARTESIAN_POINT('',(18.109793536532,-0.331092836966,
    -0.984629149803));
#2315 = CARTESIAN_POINT('',(18.103645246242,-0.415313028689,
    -0.954974042002));
#2316 = CARTESIAN_POINT('',(18.097496668212,-0.496383826444,
    -0.916927055228));
#2317 = CARTESIAN_POINT('',(18.091348425809,-0.573309090214,
    -0.87090126451));
#2318 = CARTESIAN_POINT('',(18.085200394999,-0.645163829029,
    -0.817449918152));
#2319 = CARTESIAN_POINT('',(18.079052277526,-0.711112803174,
    -0.757255503305));
#2320 = CARTESIAN_POINT('',(18.066790962673,-0.829434944578,
    -0.62535595002));
#2321 = CARTESIAN_POINT('',(18.060676615634,-0.88189060493,
    -0.553702318201));
#2322 = CARTESIAN_POINT('',(18.054562839002,-0.927086690767,
    -0.476958558536));
#2323 = CARTESIAN_POINT('',(18.04844927814,-0.964444143475,
    -0.396013487812));
#2324 = CARTESIAN_POINT('',(18.042335298536,-0.993518802269,
    -0.311829565457));
#2325 = CARTESIAN_POINT('',(18.036220766186,-1.014010065473,
    -0.225424094285));
#2326 = CARTESIAN_POINT('',(18.025921228309,-1.03383477446,
    -7.790807361906E-02));
#2327 = CARTESIAN_POINT('',(18.021735641313,-1.037803933645,
    -1.741108056283E-02));
#2328 = CARTESIAN_POINT('',(18.017550078828,-1.037640800806,
    4.329996644095E-02));
#2329 = CARTESIAN_POINT('',(18.01336454067,-1.033334867739,
    0.103886378248));
#2330 = CARTESIAN_POINT('',(18.009178971035,-1.024910131775,
    0.164010344059));
#2331 = CARTESIAN_POINT('',(18.00499336329,-1.012424879334,
    0.223338047212));
#2332 = CARTESIAN_POINT('',(17.994978421038,-0.973055626513,
    0.362608684718));
#2333 = CARTESIAN_POINT('',(17.989148590808,-0.942440037073,
    0.441504708271));
#2334 = CARTESIAN_POINT('',(17.983319155406,-0.904373858146,
    0.517341838881));
#2335 = CARTESIAN_POINT('',(17.977489971884,-0.859233162974,
    0.589281745461));
#2336 = CARTESIAN_POINT('',(17.971660580418,-0.807505969822,
    0.656546729985));
#2337 = CARTESIAN_POINT('',(17.96583081814,-0.74978354429,0.71843356482)
  );
#2338 = CARTESIAN_POINT('',(17.952492385234,-0.605572238235,
    0.846335199033));
#2339 = CARTESIAN_POINT('',(17.944981689017,-0.515561650939,
    0.908423605779));
#2340 = CARTESIAN_POINT('',(17.937472021546,-0.418209723652,
    0.959268572348));
#2341 = CARTESIAN_POINT('',(17.929962996962,-0.315214705941,
    0.997865350954));
#2342 = CARTESIAN_POINT('',(17.922453253127,-0.20842331568,
    1.023521834883));
#2343 = CARTESIAN_POINT('',(17.91494248022,-9.977599631851E-02,
    1.035879123352));
#2344 = CARTESIAN_POINT('',(17.899044728558,0.129959322269,1.03393983259
    ));
#2345 = CARTESIAN_POINT('',(17.890653531693,0.251081667888,
    1.016351188671));
#2346 = CARTESIAN_POINT('',(17.882264705712,0.369316098574,
    0.982201416773));
#2347 = CARTESIAN_POINT('',(17.873877015219,0.481961315666,
    0.932108965507));
#2348 = CARTESIAN_POINT('',(17.865488237457,0.586511861117,
    0.867188164374));
#2349 = CARTESIAN_POINT('',(17.8570970724,0.680699364878,0.789030422061)
  );
#2350 = CARTESIAN_POINT('',(17.841113249515,0.83685645535,0.618824069836
    ));
#2351 = CARTESIAN_POINT('',(17.833516267179,0.901068896114,
    0.528746762621));
#2352 = CARTESIAN_POINT('',(17.825920363471,0.953890381192,
    0.430983079776));
#2353 = CARTESIAN_POINT('',(17.818325179856,0.994255474539,
    0.327275658642));
#2354 = CARTESIAN_POINT('',(17.810729280393,1.021423639488,
    0.219526959404));
#2355 = CARTESIAN_POINT('',(17.803132298455,1.035001783666,
    0.109741498662));
#2356 = CARTESIAN_POINT('',(17.787819716238,1.03499767562,
    -0.111544928173));
#2357 = CARTESIAN_POINT('',(17.78010071996,1.020975143332,
    -0.223096624353));
#2358 = CARTESIAN_POINT('',(17.77238314297,0.992921571306,
    -0.332510089213));
#2359 = CARTESIAN_POINT('',(17.764666371771,0.95125676274,
    -0.437683453662));
#2360 = CARTESIAN_POINT('',(17.75694866616,0.896769680997,
    -0.536625158449));
#2361 = CARTESIAN_POINT('',(17.749229579849,0.830593772248,
    -0.627516204691));
#2362 = CARTESIAN_POINT('',(17.735728761512,0.696982114413,
    -0.769692213176));
#2363 = CARTESIAN_POINT('',(17.729944847801,0.634003052116,
    -0.825209916388));
#2364 = CARTESIAN_POINT('',(17.724161257602,0.565897501353,
    -0.874681566724));
#2365 = CARTESIAN_POINT('',(17.71837795089,0.493367892774,
    -0.917548861102));
#2366 = CARTESIAN_POINT('',(17.712594495968,0.417186245921,
    -0.953355587683));
#2367 = CARTESIAN_POINT('',(17.706810657219,0.338180466638,
    -0.981755680547));
#2368 = CARTESIAN_POINT('',(17.698457498748,0.22125375801,
    -1.011756240961));
#2369 = CARTESIAN_POINT('',(17.695887805518,0.184897046599,
    -1.01947965449));
#2370 = CARTESIAN_POINT('',(17.693318096258,0.148229898524,
    -1.025677936674));
#2371 = CARTESIAN_POINT('',(17.690748382907,0.11132901071,
    -1.030336464163));
#2372 = CARTESIAN_POINT('',(17.688178694685,7.427167129155E-02,
    -1.033445461275));
#2373 = CARTESIAN_POINT('',(17.685609078098,3.713575960764E-02,-1.035));
#2374 = CARTESIAN_POINT('',(17.683039596932,-2.537957861648E-07,-1.035)
  );
#2375 = ORIENTED_EDGE('',*,*,#2376,.F.);
#2376 = EDGE_CURVE('',#2146,#2304,#2377,.T.);
#2377 = LINE('',#2378,#2379);
#2378 = CARTESIAN_POINT('',(20.,0.,-1.035));
#2379 = VECTOR('',#2380,1.);
#2380 = DIRECTION('',(-1.,0.,6.661338147751E-17));
#2381 = CYLINDRICAL_SURFACE('',#2382,1.035);
#2382 = AXIS2_PLACEMENT_3D('',#2383,#2384,#2385);
#2383 = CARTESIAN_POINT('',(20.,0.,0.));
#2384 = DIRECTION('',(-1.,-0.,-0.));
#2385 = DIRECTION('',(0.,0.,-1.));
#2386 = ADVANCED_FACE('',(#2387),#2422,.F.);
#2387 = FACE_BOUND('',#2388,.F.);
#2388 = EDGE_LOOP('',(#2389,#2415,#2416,#2417));
#2389 = ORIENTED_EDGE('',*,*,#2390,.F.);
#2390 = EDGE_CURVE('',#1962,#2391,#2393,.T.);
#2391 = VERTEX_POINT('',#2392);
#2392 = CARTESIAN_POINT('',(17.553124752695,1.416945665768E-08,
    -1.26000625794));
#2393 = B_SPLINE_CURVE_WITH_KNOTS('',11,(#2394,#2395,#2396,#2397,#2398,
    #2399,#2400,#2401,#2402,#2403,#2404,#2405,#2406,#2407,#2408,#2409,
    #2410,#2411,#2412,#2413,#2414),.UNSPECIFIED.,.F.,.F.,(12,9,12),(0.,
    3.149639566854,6.299279133707),.UNSPECIFIED.);
#2394 = CARTESIAN_POINT('',(18.003124793923,1.180727449146E-08,
    -1.26000521495));
#2395 = CARTESIAN_POINT('',(17.982670222642,-0.359856168906,
    -1.260005871736));
#2396 = CARTESIAN_POINT('',(17.962215452218,-0.719711231258,
    -1.14698368278));
#2397 = CARTESIAN_POINT('',(17.941761559949,-1.040121702842,
    -0.920790566858));
#2398 = CARTESIAN_POINT('',(17.921306506061,-1.281546316484,
    -0.597215606391));
#2399 = CARTESIAN_POINT('',(17.900851731461,-1.411645513386,
    -0.206978315481));
#2400 = CARTESIAN_POINT('',(17.880397711866,-1.411593767109,
    0.206971227624));
#2401 = CARTESIAN_POINT('',(17.859942934438,-1.281583586452,
    0.597189925002));
#2402 = CARTESIAN_POINT('',(17.839488422801,-1.040106301635,
    0.920853347044));
#2403 = CARTESIAN_POINT('',(17.819033857176,-0.719713174546,
    1.146953966476));
#2404 = CARTESIAN_POINT('',(17.77812477331,2.194797200912E-08,
    1.373054990023));
#2405 = CARTESIAN_POINT('',(17.737215689444,0.719713108481,
    1.146953616455));
#2406 = CARTESIAN_POINT('',(17.716761138871,1.040106114108,
    0.920852168543));
#2407 = CARTESIAN_POINT('',(17.696306553031,1.281580702506,
    0.597198092363));
#2408 = CARTESIAN_POINT('',(17.675851940415,1.411614384772,0.20696130987
    ));
#2409 = CARTESIAN_POINT('',(17.65539770944,1.411606432893,
    -0.206979735528));
#2410 = CARTESIAN_POINT('',(17.634943099823,1.281574613235,
    -0.597196225367));
#2411 = CARTESIAN_POINT('',(17.614487971539,1.040115470946,
    -0.920815581737));
#2412 = CARTESIAN_POINT('',(17.594034094422,0.71971084444,
    -1.146972114653));
#2413 = CARTESIAN_POINT('',(17.57357932398,0.359856194882,-1.26000560048
    ));
#2414 = CARTESIAN_POINT('',(17.553124752695,1.416948535358E-08,
    -1.26000625794));
#2415 = ORIENTED_EDGE('',*,*,#1989,.T.);
#2416 = ORIENTED_EDGE('',*,*,#2303,.T.);
#2417 = ORIENTED_EDGE('',*,*,#2418,.F.);
#2418 = EDGE_CURVE('',#2391,#2304,#2419,.T.);
#2419 = B_SPLINE_CURVE_WITH_KNOTS('',1,(#2420,#2421),.UNSPECIFIED.,.F.,
  .F.,(2,2),(0.,0.39175),.PIECEWISE_BEZIER_KNOTS.);
#2420 = CARTESIAN_POINT('',(17.553124752695,1.416948536281E-08,
    -1.26000625794));
#2421 = CARTESIAN_POINT('',(17.749008140206,-4.663994643828E-07,
    -0.920745648678));
#2422 = B_SPLINE_SURFACE_WITH_KNOTS('',1,9,(
    (#2423,#2424,#2425,#2426,#2427,#2428,#2429,#2430,#2431,#2432,#2433
      ,#2434,#2435,#2436,#2437,#2438,#2439,#2440,#2441,#2442,#2443,#2444
      ,#2445,#2446,#2447,#2448,#2449,#2450,#2451,#2452,#2453)
    ,(#2454,#2455,#2456,#2457,#2458,#2459,#2460,#2461,#2462,#2463,#2464
      ,#2465,#2466,#2467,#2468,#2469,#2470,#2471,#2472,#2473,#2474,#2475
      ,#2476,#2477,#2478,#2479,#2480,#2481,#2482,#2483,#2484
  )),.UNSPECIFIED.,.F.,.F.,.F.,(2,2),(10,7,7,7,10),(0.,0.39175),(0.,
    1.574819783427,3.149639566854,4.72445935028,6.299279133707),
  .UNSPECIFIED.);
#2423 = CARTESIAN_POINT('',(18.003124793923,1.180727493555E-08,
    -1.26000521495));
#2424 = CARTESIAN_POINT('',(17.99062477814,-0.219912098628,
    -1.260005616319));
#2425 = CARTESIAN_POINT('',(17.978124686296,-0.439823781913,
    -1.216837569662));
#2426 = CARTESIAN_POINT('',(17.965624780373,-0.650049695865,
    -1.13046550833));
#2427 = CARTESIAN_POINT('',(17.953124826671,-0.84089249433,
    -1.003457599729));
#2428 = CARTESIAN_POINT('',(17.940624802905,-1.003462308064,
    -0.840889356848));
#2429 = CARTESIAN_POINT('',(17.928124779194,-1.130466820452,
    -0.650046451878));
#2430 = CARTESIAN_POINT('',(17.915624762787,-1.216826009129,
    -0.439825844038));
#2431 = CARTESIAN_POINT('',(17.890624754817,-1.303185790813,
    -2.33800949367E-06));
#2432 = CARTESIAN_POINT('',(17.865624774626,-1.216826229684,
    0.439824637517));
#2433 = CARTESIAN_POINT('',(17.85312478704,-1.130466758651,
    0.650048978555));
#2434 = CARTESIAN_POINT('',(17.840624787861,-1.003463714133,
    0.840894645866));
#2435 = CARTESIAN_POINT('',(17.82812477819,-0.840892286945,
    1.003465755026));
#2436 = CARTESIAN_POINT('',(17.81562476957,-0.650047503297,
    1.130467492742));
#2437 = CARTESIAN_POINT('',(17.803124769006,-0.439824713634,
    1.216825449359));
#2438 = CARTESIAN_POINT('',(17.77812477331,4.957427481545E-09,
    1.30318343908));
#2439 = CARTESIAN_POINT('',(17.753124777614,0.43982468155,1.216825235458
    ));
#2440 = CARTESIAN_POINT('',(17.74062477705,0.650047403749,1.130467284616
    ));
#2441 = CARTESIAN_POINT('',(17.72812476843,0.840892303804,1.003466083581
    ));
#2442 = CARTESIAN_POINT('',(17.715624758758,1.003464179784,
    0.840895240797));
#2443 = CARTESIAN_POINT('',(17.703124759579,1.130467398783,
    0.650049276836));
#2444 = CARTESIAN_POINT('',(17.690624771994,1.216826260879,
    0.439824709434));
#2445 = CARTESIAN_POINT('',(17.665624791802,1.303184875184,
    -2.321879374078E-06));
#2446 = CARTESIAN_POINT('',(17.640624783832,1.216825472074,
    -0.43982577212));
#2447 = CARTESIAN_POINT('',(17.628124767431,1.130466489917,
    -0.650046989228));
#2448 = CARTESIAN_POINT('',(17.615624743698,1.003465110973,
    -0.840888414743));
#2449 = CARTESIAN_POINT('',(17.603124719974,0.840893676471,
    -1.003461349772));
#2450 = CARTESIAN_POINT('',(17.590624766223,0.650048134117,
    -1.130465702431));
#2451 = CARTESIAN_POINT('',(17.578124860333,0.439823650225,
    -1.216833193543));
#2452 = CARTESIAN_POINT('',(17.56562476848,0.219912124605,
    -1.260005856159));
#2453 = CARTESIAN_POINT('',(17.553124752695,1.416948536281E-08,
    -1.26000625794));
#2454 = CARTESIAN_POINT('',(18.199006783524,-3.886673082265E-07,
    -0.920743798562));
#2455 = CARTESIAN_POINT('',(18.186507302931,-0.160713048466,
    -0.920744439057));
#2456 = CARTESIAN_POINT('',(18.174010325358,-0.32139009576,
    -0.889199385593));
#2457 = CARTESIAN_POINT('',(18.161507229205,-0.475015350593,
    -0.826091259887));
#2458 = CARTESIAN_POINT('',(18.149005705912,-0.614481399296,
    -0.733272826114));
#2459 = CARTESIAN_POINT('',(18.136506488142,-0.733278645717,
    -0.614471068298));
#2460 = CARTESIAN_POINT('',(18.124007268157,-0.826083983614,
    -0.475018281659));
#2461 = CARTESIAN_POINT('',(18.111507808129,-0.889191692175,
    -0.321400668657));
#2462 = CARTESIAN_POINT('',(18.086508070397,-0.952298877194,
    -1.964654059115E-06));
#2463 = CARTESIAN_POINT('',(18.061507418561,-0.889191226874,
    0.321401317179));
#2464 = CARTESIAN_POINT('',(18.049007010042,-0.82608362022,
    0.475022953594));
#2465 = CARTESIAN_POINT('',(18.036506983006,-0.733276080815,
    0.614481637025));
#2466 = CARTESIAN_POINT('',(18.024007301304,-0.614478907271,
    0.733278500594));
#2467 = CARTESIAN_POINT('',(18.011507584917,-0.475021531153,
    0.826084491834));
#2468 = CARTESIAN_POINT('',(17.999007603501,-0.321401604968,
    0.889190624974));
#2469 = CARTESIAN_POINT('',(17.974007461866,4.748071336689E-07,
    0.952296477855));
#2470 = CARTESIAN_POINT('',(17.949007320232,0.32140241832,0.889189930988
    ));
#2471 = CARTESIAN_POINT('',(17.936507338816,0.475022163074,
    0.826083657745));
#2472 = CARTESIAN_POINT('',(17.924007622428,0.614479654848,
    0.733278482005));
#2473 = CARTESIAN_POINT('',(17.911507940726,0.733277508214,
    0.614481974677));
#2474 = CARTESIAN_POINT('',(17.899007913691,0.826085220627,
    0.475022674202));
#2475 = CARTESIAN_POINT('',(17.886507505173,0.889191596767,
    0.321400574486));
#2476 = CARTESIAN_POINT('',(17.861506853335,0.952297252998,
    -2.868069057835E-06));
#2477 = CARTESIAN_POINT('',(17.836507115603,0.889190424956,
    -0.32140141135));
#2478 = CARTESIAN_POINT('',(17.824007655539,0.826084935437,
    -0.475018859242));
#2479 = CARTESIAN_POINT('',(17.811508435677,0.733277865556,
    -0.614473159633));
#2480 = CARTESIAN_POINT('',(17.799009217751,0.614487929297,
    -0.733277034718));
#2481 = CARTESIAN_POINT('',(17.786507694533,0.47500976874,
    -0.826093253226));
#2482 = CARTESIAN_POINT('',(17.774004598389,0.321388991886,
    -0.889191937564));
#2483 = CARTESIAN_POINT('',(17.761507620802,0.160712193399,
    -0.920745021745));
#2484 = CARTESIAN_POINT('',(17.749008140206,-4.663994643828E-07,
    -0.920745648678));
#2485 = ADVANCED_FACE('',(#2486),#2527,.F.);
#2486 = FACE_BOUND('',#2487,.F.);
#2487 = EDGE_LOOP('',(#2488,#2520,#2521,#2522));
#2488 = ORIENTED_EDGE('',*,*,#2489,.F.);
#2489 = EDGE_CURVE('',#2061,#2490,#2492,.T.);
#2490 = VERTEX_POINT('',#2491);
#2491 = CARTESIAN_POINT('',(17.496874752712,1.416848497227E-08,
    -1.260004867286));
#2492 = B_SPLINE_CURVE_WITH_KNOTS('',8,(#2493,#2494,#2495,#2496,#2497,
    #2498,#2499,#2500,#2501,#2502,#2503,#2504,#2505,#2506,#2507,#2508,
    #2509,#2510,#2511,#2512,#2513,#2514,#2515,#2516,#2517,#2518,#2519),
  .UNSPECIFIED.,.F.,.F.,(9,6,6,6,9),(0.,1.574819783427,3.149639566854,
    4.72445935028,6.299279133707),.UNSPECIFIED.);
#2493 = CARTESIAN_POINT('',(17.946874793935,1.180659958688E-08,
    -1.260004056072));
#2494 = CARTESIAN_POINT('',(17.932812276181,-0.247400862188,
    -1.260004407785));
#2495 = CARTESIAN_POINT('',(17.918749660646,-0.494801164421,
    -1.204501980634));
#2496 = CARTESIAN_POINT('',(17.904687340259,-0.727672692011,
    -1.09344568594));
#2497 = CARTESIAN_POINT('',(17.890624815816,-0.931467095366,
    -0.931465764657));
#2498 = CARTESIAN_POINT('',(17.876562286789,-1.093454663352,
    -0.727667067772));
#2499 = CARTESIAN_POINT('',(17.862499764047,-1.204487626597,
    -0.494803244595));
#2500 = CARTESIAN_POINT('',(17.83437475285,-1.31552144354,
    -2.587937302818E-06));
#2501 = CARTESIAN_POINT('',(17.806249777364,-1.204487948018,
    0.494802545957));
#2502 = CARTESIAN_POINT('',(17.792187291897,-1.093454557322,
    0.727671254197));
#2503 = CARTESIAN_POINT('',(17.778124784656,-0.931469308777,
    0.931471942713));
#2504 = CARTESIAN_POINT('',(17.764062270137,-0.72766910487,
    1.093455813969));
#2505 = CARTESIAN_POINT('',(17.749999768483,-0.494802301767,
    1.204487345304));
#2506 = CARTESIAN_POINT('',(17.721874773324,3.176454834549E-09,
    1.315518979101));
#2507 = CARTESIAN_POINT('',(17.693749778166,0.49480226663,1.204487160406
    ));
#2508 = CARTESIAN_POINT('',(17.679687276512,0.727668998534,
    1.093455668071));
#2509 = CARTESIAN_POINT('',(17.665624761993,0.931469409175,
    0.931472526341));
#2510 = CARTESIAN_POINT('',(17.651562254751,1.093455238049,
    0.727671576133));
#2511 = CARTESIAN_POINT('',(17.637499769285,1.204488071272,
    0.494802613608));
#2512 = CARTESIAN_POINT('',(17.609374793798,1.31552065775,
    -2.575565070477E-06));
#2513 = CARTESIAN_POINT('',(17.581249782601,1.204487257164,
    -0.494803176944));
#2514 = CARTESIAN_POINT('',(17.567187259854,1.093454598964,
    -0.727667057877));
#2515 = CARTESIAN_POINT('',(17.55312473085,0.9314706704,-0.931466490757)
  );
#2516 = CARTESIAN_POINT('',(17.539062206369,0.727670811656,
    -1.093448775472));
#2517 = CARTESIAN_POINT('',(17.524999886011,0.494801032477,
    -1.204497571262));
#2518 = CARTESIAN_POINT('',(17.510937270468,0.247400888163,
    -1.26000451511));
#2519 = CARTESIAN_POINT('',(17.496874752712,1.416851369562E-08,
    -1.260004867286));
#2520 = ORIENTED_EDGE('',*,*,#2094,.T.);
#2521 = ORIENTED_EDGE('',*,*,#2390,.T.);
#2522 = ORIENTED_EDGE('',*,*,#2523,.F.);
#2523 = EDGE_CURVE('',#2490,#2391,#2524,.T.);
#2524 = B_SPLINE_CURVE_WITH_KNOTS('',1,(#2525,#2526),.UNSPECIFIED.,.F.,
  .F.,(2,2),(0.,5.625E-02),.PIECEWISE_BEZIER_KNOTS.);
#2525 = CARTESIAN_POINT('',(17.496874752712,1.416851346434E-08,
    -1.260004867286));
#2526 = CARTESIAN_POINT('',(17.553124752695,1.416948535358E-08,
    -1.26000625794));
#2527 = B_SPLINE_SURFACE_WITH_KNOTS('',1,11,(
    (#2528,#2529,#2530,#2531,#2532,#2533,#2534,#2535,#2536,#2537,#2538
      ,#2539,#2540,#2541,#2542,#2543,#2544,#2545,#2546,#2547,#2548)
    ,(#2549,#2550,#2551,#2552,#2553,#2554,#2555,#2556,#2557,#2558,#2559
      ,#2560,#2561,#2562,#2563,#2564,#2565,#2566,#2567,#2568,#2569
  )),.UNSPECIFIED.,.F.,.F.,.F.,(2,2),(12,9,12),(0.,5.625E-02),(0.,
    3.149639566854,6.299279133707),.UNSPECIFIED.);
#2528 = CARTESIAN_POINT('',(17.946874793935,1.180659947586E-08,
    -1.260004056072));
#2529 = CARTESIAN_POINT('',(17.926420222657,-0.359855804912,
    -1.260004567654));
#2530 = CARTESIAN_POINT('',(17.905965452259,-0.719710457317,
    -1.146981238641));
#2531 = CARTESIAN_POINT('',(17.88551155992,-1.040119745409,
    -0.92079236402));
#2532 = CARTESIAN_POINT('',(17.865056506065,-1.28154899057,
    -0.597213060471));
#2533 = CARTESIAN_POINT('',(17.844601731541,-1.411638263887,
    -0.206977893938));
#2534 = CARTESIAN_POINT('',(17.824147711835,-1.411596108881,
    0.206969539666));
#2535 = CARTESIAN_POINT('',(17.803692934463,-1.281581142781,
    0.597190434537));
#2536 = CARTESIAN_POINT('',(17.783238422812,-1.040105441373,
    0.920852228819));
#2537 = CARTESIAN_POINT('',(17.762783857191,-0.719712441698,
    1.146952765543));
#2538 = CARTESIAN_POINT('',(17.721874773324,1.392628524927E-08,
    1.373053600884));
#2539 = CARTESIAN_POINT('',(17.680965689458,0.719712385061,
    1.146952496601));
#2540 = CARTESIAN_POINT('',(17.660511138887,1.04010553951,0.920851421648
    ));
#2541 = CARTESIAN_POINT('',(17.640056553046,1.281577921868,
    0.597196381567));
#2542 = CARTESIAN_POINT('',(17.619601940447,1.411613885154,
    0.206962566664));
#2543 = CARTESIAN_POINT('',(17.599147709429,1.411606127637,
    -0.206979726293));
#2544 = CARTESIAN_POINT('',(17.578693099812,1.281571976994,
    -0.597197569245));
#2545 = CARTESIAN_POINT('',(17.558237971617,1.040114654386,
    -0.920811919946));
#2546 = CARTESIAN_POINT('',(17.537784094405,0.719710161712,
    -1.146972237914));
#2547 = CARTESIAN_POINT('',(17.517329323994,0.359855830887,
    -1.26000435503));
#2548 = CARTESIAN_POINT('',(17.496874752712,1.416851346434E-08,
    -1.260004867286));
#2549 = CARTESIAN_POINT('',(18.003124793923,1.180727449146E-08,
    -1.26000521495));
#2550 = CARTESIAN_POINT('',(17.982670222642,-0.359856168906,
    -1.260005871736));
#2551 = CARTESIAN_POINT('',(17.962215452218,-0.719711231258,
    -1.14698368278));
#2552 = CARTESIAN_POINT('',(17.941761559949,-1.040121702842,
    -0.920790566858));
#2553 = CARTESIAN_POINT('',(17.921306506061,-1.281546316484,
    -0.597215606391));
#2554 = CARTESIAN_POINT('',(17.900851731461,-1.411645513386,
    -0.206978315481));
#2555 = CARTESIAN_POINT('',(17.880397711866,-1.411593767109,
    0.206971227624));
#2556 = CARTESIAN_POINT('',(17.859942934438,-1.281583586452,
    0.597189925002));
#2557 = CARTESIAN_POINT('',(17.839488422801,-1.040106301635,
    0.920853347044));
#2558 = CARTESIAN_POINT('',(17.819033857176,-0.719713174546,
    1.146953966476));
#2559 = CARTESIAN_POINT('',(17.77812477331,2.194797200912E-08,
    1.373054990023));
#2560 = CARTESIAN_POINT('',(17.737215689444,0.719713108481,
    1.146953616455));
#2561 = CARTESIAN_POINT('',(17.716761138871,1.040106114108,
    0.920852168543));
#2562 = CARTESIAN_POINT('',(17.696306553031,1.281580702506,
    0.597198092363));
#2563 = CARTESIAN_POINT('',(17.675851940415,1.411614384772,0.20696130987
    ));
#2564 = CARTESIAN_POINT('',(17.65539770944,1.411606432893,
    -0.206979735528));
#2565 = CARTESIAN_POINT('',(17.634943099823,1.281574613235,
    -0.597196225367));
#2566 = CARTESIAN_POINT('',(17.614487971539,1.040115470946,
    -0.920815581737));
#2567 = CARTESIAN_POINT('',(17.594034094422,0.71971084444,
    -1.146972114653));
#2568 = CARTESIAN_POINT('',(17.57357932398,0.359856194882,-1.26000560048
    ));
#2569 = CARTESIAN_POINT('',(17.553124752695,1.416948535358E-08,
    -1.26000625794));
#2570 = ADVANCED_FACE('',(#2571),#2653,.F.);
#2571 = FACE_BOUND('',#2572,.F.);
#2572 = EDGE_LOOP('',(#2573,#2646,#2647,#2648));
#2573 = ORIENTED_EDGE('',*,*,#2574,.F.);
#2574 = EDGE_CURVE('',#2146,#2575,#2577,.T.);
#2575 = VERTEX_POINT('',#2576);
#2576 = CARTESIAN_POINT('',(17.366975548892,-1.522752232783E-07,-1.035)
  );
#2577 = B_SPLINE_CURVE_WITH_KNOTS('',7,(#2578,#2579,#2580,#2581,#2582,
    #2583,#2584,#2585,#2586,#2587,#2588,#2589,#2590,#2591,#2592,#2593,
    #2594,#2595,#2596,#2597,#2598,#2599,#2600,#2601,#2602,#2603,#2604,
    #2605,#2606,#2607,#2608,#2609,#2610,#2611,#2612,#2613,#2614,#2615,
    #2616,#2617,#2618,#2619,#2620,#2621,#2622,#2623,#2624,#2625,#2626,
    #2627,#2628,#2629,#2630,#2631,#2632,#2633,#2634,#2635,#2636,#2637,
    #2638,#2639,#2640,#2641,#2642,#2643,#2644,#2645),.UNSPECIFIED.,.F.,
  .F.,(8,6,6,6,6,6,6,6,6,6,6,8),(0.,3.588973509511E-02,0.133684863993,
    0.222744436339,0.272623183264,0.377489681357,0.499206248345,
    0.628652728253,0.737074254233,0.869979765882,0.956155164645,1.),
  .UNSPECIFIED.);
#2578 = CARTESIAN_POINT('',(17.816974822316,-2.537918910583E-07,-1.035)
  );
#2579 = CARTESIAN_POINT('',(17.814667875602,-3.334100101412E-02,-1.035)
  );
#2580 = CARTESIAN_POINT('',(17.81236075289,-6.668160563928E-02,
    -1.033746974567));
#2581 = CARTESIAN_POINT('',(17.81005354274,-9.996535473305E-02,
    -1.031240975899));
#2582 = CARTESIAN_POINT('',(17.807746310629,-0.133135878041,
    -1.027485209685));
#2583 = CARTESIAN_POINT('',(17.805439098948,-0.166137147987,
    -1.022486035103));
#2584 = CARTESIAN_POINT('',(17.803131927005,-0.198913479677,
    -1.016252964817));
#2585 = CARTESIAN_POINT('',(17.794538128263,-0.319957287209,
    -0.988486611658));
#2586 = CARTESIAN_POINT('',(17.788251123847,-0.40643415041,
    -0.959104720922));
#2587 = CARTESIAN_POINT('',(17.781964978776,-0.489708943146,
    -0.920909135389));
#2588 = CARTESIAN_POINT('',(17.775679111188,-0.568711613241,
    -0.87433161026));
#2589 = CARTESIAN_POINT('',(17.76939270171,-0.642448696706,
    -0.819957701595));
#2590 = CARTESIAN_POINT('',(17.763105689814,-0.710024206449,
    -0.758514595235));
#2591 = CARTESIAN_POINT('',(17.751094291797,-0.825890859357,
    -0.629265042709));
#2592 = CARTESIAN_POINT('',(17.74536888387,-0.875374584183,
    -0.562507031502));
#2593 = CARTESIAN_POINT('',(17.739643746421,-0.918532284684,
    -0.491244209734));
#2594 = CARTESIAN_POINT('',(17.73391883293,-0.954881855554,
    -0.416200752829));
#2595 = CARTESIAN_POINT('',(17.728193779949,-0.984044347319,
    -0.33815905266));
#2596 = CARTESIAN_POINT('',(17.722468448555,-1.005750436754,
    -0.25794633442));
#2597 = CARTESIAN_POINT('',(17.713537227295,-1.02775119959,
    -0.130766846604));
#2598 = CARTESIAN_POINT('',(17.710330906045,-1.03326481715,
    -8.469664512849E-02));
#2599 = CARTESIAN_POINT('',(17.70712460321,-1.036367841545,
    -3.836358297162E-02));
#2600 = CARTESIAN_POINT('',(17.703918306814,-1.037046176499,
    8.080931151593E-03));
#2601 = CARTESIAN_POINT('',(17.700711988546,-1.035297596935,
    5.448490304474E-02));
#2602 = CARTESIAN_POINT('',(17.697505637679,-1.031131762212,
    0.100696571188));
#2603 = CARTESIAN_POINT('',(17.687558188811,-1.01077507584,
    0.243000788806));
#2604 = CARTESIAN_POINT('',(17.680816114231,-0.986388355254,
    0.337934794517));
#2605 = CARTESIAN_POINT('',(17.674074647283,-0.951608328618,
    0.429946810289));
#2606 = CARTESIAN_POINT('',(17.667333577251,-0.906872957466,
    0.517681410197));
#2607 = CARTESIAN_POINT('',(17.660592115636,-0.852828853177,
    0.59987056584));
#2608 = CARTESIAN_POINT('',(17.653850079601,-0.790315813357,
    0.675363893644));
#2609 = CARTESIAN_POINT('',(17.639284863822,-0.639178612998,
    0.821864263641));
#2610 = CARTESIAN_POINT('',(17.631458917513,-0.547939555253,
    0.890233449555));
#2611 = CARTESIAN_POINT('',(17.623634549374,-0.448262179607,
    0.946695341838));
#2612 = CARTESIAN_POINT('',(17.615811140335,-0.342027856414,
    0.990044449568));
#2613 = CARTESIAN_POINT('',(17.607986758729,-0.231304475446,
    1.019436889242));
#2614 = CARTESIAN_POINT('',(17.60016079256,-0.118279845481,
    1.034417633427));
#2615 = CARTESIAN_POINT('',(17.584015449084,0.115038693776,
    1.035592284979));
#2616 = CARTESIAN_POINT('',(17.575691545746,0.235408068846,
    1.019898189042));
#2617 = CARTESIAN_POINT('',(17.567369557102,0.353177969417,
    0.987872476605));
#2618 = CARTESIAN_POINT('',(17.559048458453,0.465703807641,
    0.940077923331));
#2619 = CARTESIAN_POINT('',(17.550726538604,0.570522439886,
    0.877560886272));
#2620 = CARTESIAN_POINT('',(17.542402713975,0.665392871181,
    0.801833684828));
#2621 = CARTESIAN_POINT('',(17.527112062132,0.818017274755,
    0.642041070107));
#2622 = CARTESIAN_POINT('',(17.520141519308,0.879326152644,
    0.561297073775));
#2623 = CARTESIAN_POINT('',(17.51317183762,0.931276513373,0.473786897024
    ));
#2624 = CARTESIAN_POINT('',(17.506202637174,0.972997337528,
    0.380823017278));
#2625 = CARTESIAN_POINT('',(17.499232847176,1.003844032964,
    0.283841631703));
#2626 = CARTESIAN_POINT('',(17.492262180404,1.023414928233,
    0.184365997995));
#2627 = CARTESIAN_POINT('',(17.47674902509,1.041604902337,
    -3.90789503226E-02));
#2628 = CARTESIAN_POINT('',(17.468202453075,1.034500117684,
    -0.163573174384));
#2629 = CARTESIAN_POINT('',(17.45965845953,1.010012222258,
    -0.286568453832));
#2630 = CARTESIAN_POINT('',(17.451115579651,0.96854976065,
    -0.405163431892));
#2631 = CARTESIAN_POINT('',(17.442572046736,0.911068961644,
    -0.516623748543));
#2632 = CARTESIAN_POINT('',(17.434026005456,0.83905755451,
    -0.618425818593));
#2633 = CARTESIAN_POINT('',(17.419943031152,0.699753466178,
    -0.766797471693));
#2634 = CARTESIAN_POINT('',(17.414403032377,0.639688182208,
    -0.820218096744));
#2635 = CARTESIAN_POINT('',(17.408863001337,0.57489392641,
    -0.868120901993));
#2636 = CARTESIAN_POINT('',(17.403322902158,0.50598330813,-0.91000977128
    ));
#2637 = CARTESIAN_POINT('',(17.397782609871,0.433629369327,
    -0.945475659975));
#2638 = CARTESIAN_POINT('',(17.392242290721,0.358554506019,
    -0.97420327518));
#2639 = CARTESIAN_POINT('',(17.383884358316,0.242325002019,
    -1.007056306624));
#2640 = CARTESIAN_POINT('',(17.381066039306,0.20262184308,
    -1.016335418082));
#2641 = CARTESIAN_POINT('',(17.378247858045,0.162509306268,
    -1.023786999406));
#2642 = CARTESIAN_POINT('',(17.375429814136,0.122088370093,
    -1.02938989786));
#2643 = CARTESIAN_POINT('',(17.372611852511,8.146117052995E-02,
    -1.033129944532));
#2644 = CARTESIAN_POINT('',(17.369793841753,4.073057330646E-02,-1.035));
#2645 = CARTESIAN_POINT('',(17.366975552404,-2.53791894167E-07,-1.035));
#2646 = ORIENTED_EDGE('',*,*,#2238,.T.);
#2647 = ORIENTED_EDGE('',*,*,#2489,.T.);
#2648 = ORIENTED_EDGE('',*,*,#2649,.F.);
#2649 = EDGE_CURVE('',#2575,#2490,#2650,.T.);
#2650 = B_SPLINE_CURVE_WITH_KNOTS('',1,(#2651,#2652),.UNSPECIFIED.,.F.,
  .F.,(2,2),(0.,0.39175),.PIECEWISE_BEZIER_KNOTS.);
#2651 = CARTESIAN_POINT('',(17.301008140343,-4.664072035254E-07,
    -0.920734572891));
#2652 = CARTESIAN_POINT('',(17.496874752712,1.416851369562E-08,
    -1.260004867286));
#2653 = B_SPLINE_SURFACE_WITH_KNOTS('',1,8,(
    (#2654,#2655,#2656,#2657,#2658,#2659,#2660,#2661,#2662,#2663,#2664
      ,#2665,#2666,#2667,#2668,#2669,#2670,#2671,#2672,#2673,#2674,#2675
      ,#2676,#2677,#2678,#2679,#2680)
    ,(#2681,#2682,#2683,#2684,#2685,#2686,#2687,#2688,#2689,#2690,#2691
      ,#2692,#2693,#2694,#2695,#2696,#2697,#2698,#2699,#2700,#2701,#2702
      ,#2703,#2704,#2705,#2706,#2707
    )),.UNSPECIFIED.,.F.,.F.,.F.,(2,2),(9,6,6,6,9),(0.,0.39175),(0.,
    1.574819783427,3.149639566854,4.72445935028,6.299279133707),
  .UNSPECIFIED.);
#2654 = CARTESIAN_POINT('',(17.751006783619,-3.886726864799E-07,
    -0.92073456874));
#2655 = CARTESIAN_POINT('',(17.736944867969,-0.180800137877,
    -0.920734494227));
#2656 = CARTESIAN_POINT('',(17.722886170579,-0.361553919845,
    -0.880171779356));
#2657 = CARTESIAN_POINT('',(17.708817758697,-0.531735954489,
    -0.799038366641));
#2658 = CARTESIAN_POINT('',(17.694756063793,-0.680667872716,
    -0.680649513452));
#2659 = CARTESIAN_POINT('',(17.680694518752,-0.79902888633,
    -0.531733840601));
#2660 = CARTESIAN_POINT('',(17.666632767308,-0.880166238475,
    -0.361571430049));
#2661 = CARTESIAN_POINT('',(17.638508135826,-0.961302728378,
    -2.308419388344E-06));
#2662 = CARTESIAN_POINT('',(17.61038232903,-0.880166298781,
    0.361572830035));
#2663 = CARTESIAN_POINT('',(17.596319350699,-0.799029484899,
    0.53174052357));
#2664 = CARTESIAN_POINT('',(17.582257089033,-0.680659572655,
    0.680663246258));
#2665 = CARTESIAN_POINT('',(17.568195066891,-0.531737904989,
    0.799029995388));
#2666 = CARTESIAN_POINT('',(17.554132621325,-0.361572867485,
    0.880165569484));
#2667 = CARTESIAN_POINT('',(17.526007461981,4.464627519455E-07,
    0.961301049134));
#2668 = CARTESIAN_POINT('',(17.497882302638,0.361573684838,
    0.880165232702));
#2669 = CARTESIAN_POINT('',(17.483819857072,0.531738646618,0.79902950075
    ));
#2670 = CARTESIAN_POINT('',(17.46975783493,0.680660205395,0.680662617018
    ));
#2671 = CARTESIAN_POINT('',(17.455695573264,0.799029982276,
    0.531739783047));
#2672 = CARTESIAN_POINT('',(17.441632594933,0.880166635251,0.36157201285
    ));
#2673 = CARTESIAN_POINT('',(17.413506788137,0.961302724357,
    -3.201250069951E-06));
#2674 = CARTESIAN_POINT('',(17.385382156654,0.880165900743,
    -0.361572247234));
#2675 = CARTESIAN_POINT('',(17.37132040521,0.799028392104,
    -0.531734582724));
#2676 = CARTESIAN_POINT('',(17.357258860169,0.680667258766,
    -0.680650149374));
#2677 = CARTESIAN_POINT('',(17.343197165268,0.531735202738,
    -0.799038876356));
#2678 = CARTESIAN_POINT('',(17.329128753384,0.361553101622,
    -0.880172092675));
#2679 = CARTESIAN_POINT('',(17.315070055994,0.180799282797,
    -0.920734662661));
#2680 = CARTESIAN_POINT('',(17.301008140343,-4.664072035254E-07,
    -0.920734572891));
#2681 = CARTESIAN_POINT('',(17.946874793935,1.180659958688E-08,
    -1.260004056072));
#2682 = CARTESIAN_POINT('',(17.932812276181,-0.247400862188,
    -1.260004407785));
#2683 = CARTESIAN_POINT('',(17.918749660646,-0.494801164421,
    -1.204501980634));
#2684 = CARTESIAN_POINT('',(17.904687340259,-0.727672692011,
    -1.09344568594));
#2685 = CARTESIAN_POINT('',(17.890624815816,-0.931467095366,
    -0.931465764657));
#2686 = CARTESIAN_POINT('',(17.876562286789,-1.093454663352,
    -0.727667067772));
#2687 = CARTESIAN_POINT('',(17.862499764047,-1.204487626597,
    -0.494803244595));
#2688 = CARTESIAN_POINT('',(17.83437475285,-1.31552144354,
    -2.587937302818E-06));
#2689 = CARTESIAN_POINT('',(17.806249777364,-1.204487948018,
    0.494802545957));
#2690 = CARTESIAN_POINT('',(17.792187291897,-1.093454557322,
    0.727671254197));
#2691 = CARTESIAN_POINT('',(17.778124784656,-0.931469308777,
    0.931471942713));
#2692 = CARTESIAN_POINT('',(17.764062270137,-0.72766910487,
    1.093455813969));
#2693 = CARTESIAN_POINT('',(17.749999768483,-0.494802301767,
    1.204487345304));
#2694 = CARTESIAN_POINT('',(17.721874773324,3.176454834549E-09,
    1.315518979101));
#2695 = CARTESIAN_POINT('',(17.693749778166,0.49480226663,1.204487160406
    ));
#2696 = CARTESIAN_POINT('',(17.679687276512,0.727668998534,
    1.093455668071));
#2697 = CARTESIAN_POINT('',(17.665624761993,0.931469409175,
    0.931472526341));
#2698 = CARTESIAN_POINT('',(17.651562254751,1.093455238049,
    0.727671576133));
#2699 = CARTESIAN_POINT('',(17.637499769285,1.204488071272,
    0.494802613608));
#2700 = CARTESIAN_POINT('',(17.609374793798,1.31552065775,
    -2.575565070477E-06));
#2701 = CARTESIAN_POINT('',(17.581249782601,1.204487257164,
    -0.494803176944));
#2702 = CARTESIAN_POINT('',(17.567187259854,1.093454598964,
    -0.727667057877));
#2703 = CARTESIAN_POINT('',(17.55312473085,0.9314706704,-0.931466490757)
  );
#2704 = CARTESIAN_POINT('',(17.539062206369,0.727670811656,
    -1.093448775472));
#2705 = CARTESIAN_POINT('',(17.524999886011,0.494801032477,
    -1.204497571262));
#2706 = CARTESIAN_POINT('',(17.510937270468,0.247400888163,
    -1.26000451511));
#2707 = CARTESIAN_POINT('',(17.496874752712,1.416851369562E-08,
    -1.260004867286));
#2708 = ADVANCED_FACE('',(#2709),#2798,.F.);
#2709 = FACE_BOUND('',#2710,.T.);
#2710 = EDGE_LOOP('',(#2711,#2712,#2713,#2792));
#2711 = ORIENTED_EDGE('',*,*,#2574,.F.);
#2712 = ORIENTED_EDGE('',*,*,#2376,.T.);
#2713 = ORIENTED_EDGE('',*,*,#2714,.T.);
#2714 = EDGE_CURVE('',#2304,#2715,#2717,.T.);
#2715 = VERTEX_POINT('',#2716);
#2716 = CARTESIAN_POINT('',(17.233041390608,-1.776583972569E-07,-1.035)
  );
#2717 = B_SPLINE_CURVE_WITH_KNOTS('',7,(#2718,#2719,#2720,#2721,#2722,
    #2723,#2724,#2725,#2726,#2727,#2728,#2729,#2730,#2731,#2732,#2733,
    #2734,#2735,#2736,#2737,#2738,#2739,#2740,#2741,#2742,#2743,#2744,
    #2745,#2746,#2747,#2748,#2749,#2750,#2751,#2752,#2753,#2754,#2755,
    #2756,#2757,#2758,#2759,#2760,#2761,#2762,#2763,#2764,#2765,#2766,
    #2767,#2768,#2769,#2770,#2771,#2772,#2773,#2774,#2775,#2776,#2777,
    #2778,#2779,#2780,#2781,#2782,#2783,#2784,#2785,#2786,#2787,#2788,
    #2789,#2790,#2791),.UNSPECIFIED.,.F.,.F.,(8,6,6,6,6,6,6,6,6,6,6,6,8)
  ,(0.,3.800393108473E-02,0.109408894297,0.12741090428,0.294209238749,
    0.384650716404,0.501107161377,0.63178094181,0.789165273165,
    0.81585749266,0.870677245124,0.960033912475,1.),.UNSPECIFIED.);
#2718 = CARTESIAN_POINT('',(17.68303959342,-3.045560839077E-07,-1.035));
#2719 = CARTESIAN_POINT('',(17.680596941437,-3.530332960685E-02,-1.035)
  );
#2720 = CARTESIAN_POINT('',(17.678154570355,-7.060624429375E-02,
    -1.033595136503));
#2721 = CARTESIAN_POINT('',(17.675712290941,-0.105841664409,
    -1.030785474367));
#2722 = CARTESIAN_POINT('',(17.673269969167,-0.140942667327,
    -1.026575040785));
#2723 = CARTESIAN_POINT('',(17.670827526205,-0.175842792007,
    -1.020971825281));
#2724 = CARTESIAN_POINT('',(17.66838493843,-0.21047603899,
    -1.013987779713));
#2725 = CARTESIAN_POINT('',(17.661352686525,-0.309224140337,
    -0.98995209146));
#2726 = CARTESIAN_POINT('',(17.656762539641,-0.372500344783,
    -0.969446283959));
#2727 = CARTESIAN_POINT('',(17.652172107296,-0.434170154272,
    -0.944227324148));
#2728 = CARTESIAN_POINT('',(17.647581556561,-0.493813665778,
    -0.914449083586));
#2729 = CARTESIAN_POINT('',(17.642990988795,-0.551030922464,
    -0.880311176385));
#2730 = CARTESIAN_POINT('',(17.63840051739,-0.605446433423,
    -0.84205675858));
#2731 = CARTESIAN_POINT('',(17.632653110553,-0.669638757521,
    -0.789359855646));
#2732 = CARTESIAN_POINT('',(17.631495887071,-0.682363820169,
    -0.778505746601));
#2733 = CARTESIAN_POINT('',(17.630338675425,-0.694883362664,
    -0.767412531262));
#2734 = CARTESIAN_POINT('',(17.629181475735,-0.707192002957,
    -0.756084888844));
#2735 = CARTESIAN_POINT('',(17.628024287888,-0.719284495651,
    -0.74452764688));
#2736 = CARTESIAN_POINT('',(17.626867111533,-0.731155732001,
    -0.732745781219));
#2737 = CARTESIAN_POINT('',(17.614988183918,-0.850698020615,
    -0.609545292875));
#2738 = CARTESIAN_POINT('',(17.604258132495,-0.939266833084,
    -0.479406003828));
#2739 = CARTESIAN_POINT('',(17.593536341854,-1.004324925264,
    -0.334516318782));
#2740 = CARTESIAN_POINT('',(17.58281600551,-1.043140780731,
    -0.180076845627));
#2741 = CARTESIAN_POINT('',(17.572092549239,-1.054316856407,
    -2.164409920269E-02));
#2742 = CARTESIAN_POINT('',(17.561361429587,-1.037802005721,
    0.134906135679));
#2743 = CARTESIAN_POINT('',(17.544826174243,-0.972255654421,
    0.364695321167));
#2744 = CARTESIAN_POINT('',(17.539012256861,-0.94155795274,0.4433093333)
  );
#2745 = CARTESIAN_POINT('',(17.533198729567,-0.903456829886,
    0.518865973844));
#2746 = CARTESIAN_POINT('',(17.527385450967,-0.858326901135,
    0.590534516475));
#2747 = CARTESIAN_POINT('',(17.521571967198,-0.806653415389,
    0.657544417674));
#2748 = CARTESIAN_POINT('',(17.51575811744,-0.7490236488,0.719198948602)
  );
#2749 = CARTESIAN_POINT('',(17.502458960023,-0.60513268561,
    0.846606356329));
#2750 = CARTESIAN_POINT('',(17.494971657668,-0.515379123081,
    0.908458779852));
#2751 = CARTESIAN_POINT('',(17.487485367273,-0.418334393407,
    0.959135876807));
#2752 = CARTESIAN_POINT('',(17.479999709353,-0.315680994616,
    0.997642619476));
#2753 = CARTESIAN_POINT('',(17.472513343172,-0.209248091358,
    1.023292803141));
#2754 = CARTESIAN_POINT('',(17.46502596411,-0.100957632561,
    1.035729307471));
#2755 = CARTESIAN_POINT('',(17.449140659575,0.128600451535,
    1.034128238052));
#2756 = CARTESIAN_POINT('',(17.440738518287,0.249906347241,
    1.016672996831));
#2757 = CARTESIAN_POINT('',(17.43233876435,0.368337464991,0.98260912979)
  );
#2758 = CARTESIAN_POINT('',(17.423940153711,0.481181063445,
    0.932554442942));
#2759 = CARTESIAN_POINT('',(17.415540451934,0.585920796381,
    0.867625290889));
#2760 = CARTESIAN_POINT('',(17.407138349045,0.680278174554,
    0.789417811796));
#2761 = CARTESIAN_POINT('',(17.388622302615,0.86125289582,0.592318671272
    ));
#2762 = CARTESIAN_POINT('',(17.378498621274,0.942452087702,
    0.468262707656));
#2763 = CARTESIAN_POINT('',(17.368380452533,1.002582351197,
    0.331442846336));
#2764 = CARTESIAN_POINT('',(17.358264405243,1.03939637475,0.186228202322
    ));
#2765 = CARTESIAN_POINT('',(17.348146628472,1.051710787616,
    3.728625441349E-02));
#2766 = CARTESIAN_POINT('',(17.338023362924,1.039420039681,
    -0.110470717593));
#2767 = CARTESIAN_POINT('',(17.326191316105,0.997744658854,
    -0.276305572292));
#2768 = CARTESIAN_POINT('',(17.324475598027,0.991029375019,
    -0.300183758405));
#2769 = CARTESIAN_POINT('',(17.322759879875,0.983647675418,
    -0.32387046513));
#2770 = CARTESIAN_POINT('',(17.321044161065,0.975606166105,
    -0.347343404669));
#2771 = CARTESIAN_POINT('',(17.319328441181,0.966912374835,
    -0.370580604329));
#2772 = CARTESIAN_POINT('',(17.317612719975,0.957574751056,
    -0.393560406518));
#2773 = CARTESIAN_POINT('',(17.31237329307,0.927122269392,
    -0.462884291263));
#2774 = CARTESIAN_POINT('',(17.30884954541,0.903965444897,
    -0.508331985561));
#2775 = CARTESIAN_POINT('',(17.305325812579,0.878213517817,
    -0.552419412579));
#2776 = CARTESIAN_POINT('',(17.301802084249,0.849963332388,
    -0.594969370919));
#2777 = CARTESIAN_POINT('',(17.298278328852,0.81932653013,
    -0.635813689638));
#2778 = CARTESIAN_POINT('',(17.294754540849,0.786428828287,
    -0.674794321044));
#2779 = CARTESIAN_POINT('',(17.285487040595,0.694327163563,
    -0.772026034309));
#2780 = CARTESIAN_POINT('',(17.27974288843,0.631602477965,
    -0.826951191434));
#2781 = CARTESIAN_POINT('',(17.273999050327,0.563840968335,
    -0.875897652488));
#2782 = CARTESIAN_POINT('',(17.268255487909,0.491732214292,
    -0.918320603029));
#2783 = CARTESIAN_POINT('',(17.262511782749,0.41603325472,
    -0.953774748136));
#2784 = CARTESIAN_POINT('',(17.256767705284,0.337555327264,
    -0.981922055435));
#2785 = CARTESIAN_POINT('',(17.248455007623,0.221192945354,
    -1.011769147065));
#2786 = CARTESIAN_POINT('',(17.245886029095,0.184845928603,
    -1.019488285759));
#2787 = CARTESIAN_POINT('',(17.243317034574,0.14818873365,
    -1.025683126331));
#2788 = CARTESIAN_POINT('',(17.240748035988,0.11129799391,
    -1.030339061726));
#2789 = CARTESIAN_POINT('',(17.238179062533,7.425093315265E-02,
    -1.033446327137));
#2790 = CARTESIAN_POINT('',(17.235610160669,3.712536550395E-02,-1.035));
#2791 = CARTESIAN_POINT('',(17.233041394121,-3.045560550419E-07,-1.035)
  );
#2792 = ORIENTED_EDGE('',*,*,#2793,.F.);
#2793 = EDGE_CURVE('',#2575,#2715,#2794,.T.);
#2794 = LINE('',#2795,#2796);
#2795 = CARTESIAN_POINT('',(20.,0.,-1.035));
#2796 = VECTOR('',#2797,1.);
#2797 = DIRECTION('',(-1.,0.,6.661338147751E-17));
#2798 = CYLINDRICAL_SURFACE('',#2799,1.035);
#2799 = AXIS2_PLACEMENT_3D('',#2800,#2801,#2802);
#2800 = CARTESIAN_POINT('',(20.,0.,0.));
#2801 = DIRECTION('',(-1.,-0.,-0.));
#2802 = DIRECTION('',(0.,0.,-1.));
#2803 = ADVANCED_FACE('',(#2804),#2839,.F.);
#2804 = FACE_BOUND('',#2805,.F.);
#2805 = EDGE_LOOP('',(#2806,#2832,#2833,#2834));
#2806 = ORIENTED_EDGE('',*,*,#2807,.F.);
#2807 = EDGE_CURVE('',#2391,#2808,#2810,.T.);
#2808 = VERTEX_POINT('',#2809);
#2809 = CARTESIAN_POINT('',(17.103124711463,1.653188059016E-08,
    -1.26000730093));
#2810 = B_SPLINE_CURVE_WITH_KNOTS('',11,(#2811,#2812,#2813,#2814,#2815,
    #2816,#2817,#2818,#2819,#2820,#2821,#2822,#2823,#2824,#2825,#2826,
    #2827,#2828,#2829,#2830,#2831),.UNSPECIFIED.,.F.,.F.,(12,9,12),(0.,
    3.149639566854,6.299279133707),.UNSPECIFIED.);
#2811 = CARTESIAN_POINT('',(17.553124752695,1.416945649702E-08,
    -1.26000625794));
#2812 = CARTESIAN_POINT('',(17.532670181411,-0.359856464356,
    -1.260006915401));
#2813 = CARTESIAN_POINT('',(17.512215410963,-0.719711825018,
    -1.146984633578));
#2814 = CARTESIAN_POINT('',(17.491761518763,-1.040122561984,
    -0.920791330857));
#2815 = CARTESIAN_POINT('',(17.471306464821,-1.281547376101,
    -0.597216103503));
#2816 = CARTESIAN_POINT('',(17.450851690199,-1.411646681759,
    -0.206978489057));
#2817 = CARTESIAN_POINT('',(17.430397670657,-1.411594935707,
    0.206971396063));
#2818 = CARTESIAN_POINT('',(17.409942893206,-1.28158464857,
    0.597190416992));
#2819 = CARTESIAN_POINT('',(17.389488381572,-1.040107164296,
    0.920854107342));
#2820 = CARTESIAN_POINT('',(17.369033815945,-0.719713772442,
    1.146954914538));
#2821 = CARTESIAN_POINT('',(17.328124732079,1.937375280277E-08,
    1.373056126591));
#2822 = CARTESIAN_POINT('',(17.287215648215,0.719713702077,
    1.146954567216));
#2823 = CARTESIAN_POINT('',(17.266761097641,1.04010697335,0.920852932791
    ));
#2824 = CARTESIAN_POINT('',(17.246306511798,1.281581762249,
    0.597198588964));
#2825 = CARTESIAN_POINT('',(17.225851899172,1.411615552833,
    0.206961483949));
#2826 = CARTESIAN_POINT('',(17.205397668233,1.411607601804,
    -0.206979904156));
#2827 = CARTESIAN_POINT('',(17.184943058607,1.281575675225,
    -0.597196717484));
#2828 = CARTESIAN_POINT('',(17.164487930264,1.040116333506,
    -0.920816341882));
#2829 = CARTESIAN_POINT('',(17.144034053216,0.7197114425,-1.146973062753
    ));
#2830 = CARTESIAN_POINT('',(17.12357928275,0.359856495058,
    -1.260006642796));
#2831 = CARTESIAN_POINT('',(17.103124711463,1.653187696924E-08,
    -1.26000730093));
#2832 = ORIENTED_EDGE('',*,*,#2418,.T.);
#2833 = ORIENTED_EDGE('',*,*,#2714,.T.);
#2834 = ORIENTED_EDGE('',*,*,#2835,.F.);
#2835 = EDGE_CURVE('',#2808,#2715,#2836,.T.);
#2836 = B_SPLINE_CURVE_WITH_KNOTS('',1,(#2837,#2838),.UNSPECIFIED.,.F.,
  .F.,(2,2),(0.,0.39175),.PIECEWISE_BEZIER_KNOTS.);
#2837 = CARTESIAN_POINT('',(17.103124711463,1.653187697848E-08,
    -1.26000730093));
#2838 = CARTESIAN_POINT('',(17.299009496882,-5.441312934673E-07,
    -0.920747498801));
#2839 = B_SPLINE_SURFACE_WITH_KNOTS('',1,9,(
    (#2840,#2841,#2842,#2843,#2844,#2845,#2846,#2847,#2848,#2849,#2850
      ,#2851,#2852,#2853,#2854,#2855,#2856,#2857,#2858,#2859,#2860,#2861
      ,#2862,#2863,#2864,#2865,#2866,#2867,#2868,#2869,#2870)
    ,(#2871,#2872,#2873,#2874,#2875,#2876,#2877,#2878,#2879,#2880,#2881
      ,#2882,#2883,#2884,#2885,#2886,#2887,#2888,#2889,#2890,#2891,#2892
      ,#2893,#2894,#2895,#2896,#2897,#2898,#2899,#2900,#2901
  )),.UNSPECIFIED.,.F.,.F.,.F.,(2,2),(10,7,7,7,10),(0.,0.39175),(0.,
    1.574819783427,3.149639566854,4.72445935028,6.299279133707),
  .UNSPECIFIED.);
#2840 = CARTESIAN_POINT('',(17.553124752695,1.416945627497E-08,
    -1.26000625794));
#2841 = CARTESIAN_POINT('',(17.54062473691,-0.219912278263,
    -1.260006659721));
#2842 = CARTESIAN_POINT('',(17.528124645056,-0.439824143733,
    -1.216838577749));
#2843 = CARTESIAN_POINT('',(17.515624739144,-0.650050231857,
    -1.130466445285));
#2844 = CARTESIAN_POINT('',(17.503124785446,-0.840893188503,
    -1.00345843193));
#2845 = CARTESIAN_POINT('',(17.490624761678,-1.003463137111,
    -0.840890054805));
#2846 = CARTESIAN_POINT('',(17.478124737964,-1.130467754998,
    -0.650046992086));
#2847 = CARTESIAN_POINT('',(17.465624721556,-1.216827015552,
    -0.439826210393));
#2848 = CARTESIAN_POINT('',(17.440624713585,-1.303186869546,
    -2.340452457428E-06));
#2849 = CARTESIAN_POINT('',(17.415624733396,-1.216827237756,
    0.439824999306));
#2850 = CARTESIAN_POINT('',(17.403124745812,-1.130467695634,
    0.650049514518));
#2851 = CARTESIAN_POINT('',(17.390624746633,-1.003464546346,
    0.840895340046));
#2852 = CARTESIAN_POINT('',(17.37812473696,-0.840892984888,
    1.003466584086));
#2853 = CARTESIAN_POINT('',(17.36562472834,-0.650048043497,
    1.130468427288));
#2854 = CARTESIAN_POINT('',(17.353124727775,-0.439825079982,
    1.216826455783));
#2855 = CARTESIAN_POINT('',(17.32812473208,2.514197977506E-09,
    1.303184517811));
#2856 = CARTESIAN_POINT('',(17.303124736384,0.439825043335,1.21682624353
    ));
#2857 = CARTESIAN_POINT('',(17.29062473582,0.650047939711,1.1304682216)
  );
#2858 = CARTESIAN_POINT('',(17.278124727199,0.840892997984,
    1.003466915794));
#2859 = CARTESIAN_POINT('',(17.265624717526,1.003465008844,0.84089593874
    ));
#2860 = CARTESIAN_POINT('',(17.253124718347,1.130468333327,
    0.650049817039));
#2861 = CARTESIAN_POINT('',(17.240624730764,1.216827267302,
    0.439825075786));
#2862 = CARTESIAN_POINT('',(17.215624750574,1.303185953917,
    -2.319435883495E-06));
#2863 = CARTESIAN_POINT('',(17.190624742603,1.216826480146,
    -0.439826133912));
#2864 = CARTESIAN_POINT('',(17.1781247262,1.130467426896,-0.650047525199
    ));
#2865 = CARTESIAN_POINT('',(17.165624702464,1.003465943186,
    -0.840889108931));
#2866 = CARTESIAN_POINT('',(17.153124678738,0.840894374393,
    -1.003462178828));
#2867 = CARTESIAN_POINT('',(17.140624724992,0.650048674353,
    -1.130466636945));
#2868 = CARTESIAN_POINT('',(17.128124819111,0.439824016608,
    -1.216834199982));
#2869 = CARTESIAN_POINT('',(17.115624727249,0.219912308964,
    -1.260006898737));
#2870 = CARTESIAN_POINT('',(17.103124711463,1.653187697848E-08,
    -1.26000730093));
#2871 = CARTESIAN_POINT('',(17.749008140206,-4.663994933596E-07,
    -0.920745648678));
#2872 = CARTESIAN_POINT('',(17.736508659611,-0.160713449035,
    -0.920746275612));
#2873 = CARTESIAN_POINT('',(17.724011682021,-0.321390816696,
    -0.889201145213));
#2874 = CARTESIAN_POINT('',(17.711508585885,-0.475016374871,
    -0.826092879647));
#2875 = CARTESIAN_POINT('',(17.6990070626,-0.614482695902,
    -0.733274247646));
#2876 = CARTESIAN_POINT('',(17.686507844827,-0.733280170998,
    -0.614472241134));
#2877 = CARTESIAN_POINT('',(17.674008624837,-0.826085683635,
    -0.475019166412));
#2878 = CARTESIAN_POINT('',(17.661509164805,-0.889193506027,
    -0.321401239405));
#2879 = CARTESIAN_POINT('',(17.636509427072,-0.952300790718,
    -1.884257677298E-06));
#2880 = CARTESIAN_POINT('',(17.61150877524,-0.889192986457,
    0.321402038057));
#2881 = CARTESIAN_POINT('',(17.599008366723,-0.826085240031,
    0.475023977819));
#2882 = CARTESIAN_POINT('',(17.586508339687,-0.733277502371,
    0.614482933646));
#2883 = CARTESIAN_POINT('',(17.574008657984,-0.614480080082,
    0.733280025904));
#2884 = CARTESIAN_POINT('',(17.561508941595,-0.475022415894,
    0.826086191855));
#2885 = CARTESIAN_POINT('',(17.549008960178,-0.321402175703,
    0.889192438827));
#2886 = CARTESIAN_POINT('',(17.524008818545,5.552030500033E-07,
    0.952298391375));
#2887 = CARTESIAN_POINT('',(17.499008676912,0.321403139192,
    0.889191690573));
#2888 = CARTESIAN_POINT('',(17.486508695496,0.475023187296,
    0.826085277561));
#2889 = CARTESIAN_POINT('',(17.474008979106,0.614480951471,
    0.733279903564));
#2890 = CARTESIAN_POINT('',(17.461509297403,0.733279033525,
    0.614483147489));
#2891 = CARTESIAN_POINT('',(17.449009270367,0.826086920646,
    0.475023558947));
#2892 = CARTESIAN_POINT('',(17.436508861851,0.889193410618,
    0.321401145227));
#2893 = CARTESIAN_POINT('',(17.411508210017,0.952299166517,
    -2.948464486557E-06));
#2894 = CARTESIAN_POINT('',(17.386508472284,0.889192184537,
    -0.321402132233));
#2895 = CARTESIAN_POINT('',(17.374009012216,0.826086555243,
    -0.475019883481));
#2896 = CARTESIAN_POINT('',(17.36150979235,0.733279287117,-0.61447445627
    ));
#2897 = CARTESIAN_POINT('',(17.349010574419,0.614489102079,
    -0.733278560026));
#2898 = CARTESIAN_POINT('',(17.336509051211,0.47501065354,
    -0.826094953193));
#2899 = CARTESIAN_POINT('',(17.324005955084,0.321389562683,
    -0.889193751432));
#2900 = CARTESIAN_POINT('',(17.31150897748,0.160712438504,
    -0.920746885429));
#2901 = CARTESIAN_POINT('',(17.299009496882,-5.441312934673E-07,
    -0.920747498801));
#2902 = ADVANCED_FACE('',(#2903),#2944,.F.);
#2903 = FACE_BOUND('',#2904,.F.);
#2904 = EDGE_LOOP('',(#2905,#2937,#2938,#2939));
#2905 = ORIENTED_EDGE('',*,*,#2906,.F.);
#2906 = EDGE_CURVE('',#2490,#2907,#2909,.T.);
#2907 = VERTEX_POINT('',#2908);
#2908 = CARTESIAN_POINT('',(17.046874711486,1.653055896506E-08,
    -1.2600056785));
#2909 = B_SPLINE_CURVE_WITH_KNOTS('',8,(#2910,#2911,#2912,#2913,#2914,
    #2915,#2916,#2917,#2918,#2919,#2920,#2921,#2922,#2923,#2924,#2925,
    #2926,#2927,#2928,#2929,#2930,#2931,#2932,#2933,#2934,#2935,#2936),
  .UNSPECIFIED.,.F.,.F.,(9,6,6,6,9),(0.,1.574819783427,3.149639566854,
    4.72445935028,6.299279133707),.UNSPECIFIED.);
#2910 = CARTESIAN_POINT('',(17.496874752712,1.416848460778E-08,
    -1.260004867286));
#2911 = CARTESIAN_POINT('',(17.482812234957,-0.247401019073,
    -1.260005219463));
#2912 = CARTESIAN_POINT('',(17.468749619412,-0.494801480765,
    -1.204502757048));
#2913 = CARTESIAN_POINT('',(17.45468729904,-0.727673158456,
    -1.093446391253));
#2914 = CARTESIAN_POINT('',(17.440624774594,-0.931467693301,
    -0.93146636612));
#2915 = CARTESIAN_POINT('',(17.426562245565,-1.093455365978,
    -0.727667538309));
#2916 = CARTESIAN_POINT('',(17.412499722822,-1.204488401141,
    -0.494803565417));
#2917 = CARTESIAN_POINT('',(17.384374711624,-1.315522290496,
    -2.590402922347E-06));
#2918 = CARTESIAN_POINT('',(17.35624973614,-1.204488724417,
    0.494802862261));
#2919 = CARTESIAN_POINT('',(17.342187250674,-1.093455262674,
    0.727671720631));
#2920 = CARTESIAN_POINT('',(17.328124743432,-0.931469910223,
    0.931472540667));
#2921 = CARTESIAN_POINT('',(17.314062228912,-0.727669575402,
    1.093456516595));
#2922 = CARTESIAN_POINT('',(17.299999727258,-0.494802622584,
    1.204488119849));
#2923 = CARTESIAN_POINT('',(17.2718747321,7.104287343556E-10,
    1.315519826057));
#2924 = CARTESIAN_POINT('',(17.243749736942,0.49480258293,1.204487936806
    ));
#2925 = CARTESIAN_POINT('',(17.229687235288,0.727669464966,
    1.093456373425));
#2926 = CARTESIAN_POINT('',(17.215624720767,0.931470007129,
    0.931473127787));
#2927 = CARTESIAN_POINT('',(17.201562213525,1.093455940673,
    0.727672046666));
#2928 = CARTESIAN_POINT('',(17.18749972806,1.204488845816,0.494802934427
    ));
#2929 = CARTESIAN_POINT('',(17.159374752575,1.315521504707,
    -2.573098622163E-06));
#2930 = CARTESIAN_POINT('',(17.131249741378,1.204488033563,
    -0.49480349325));
#2931 = CARTESIAN_POINT('',(17.117187218628,1.093455304318,
    -0.727667524314));
#2932 = CARTESIAN_POINT('',(17.103124689622,0.931471271827,
    -0.931467088727));
#2933 = CARTESIAN_POINT('',(17.089062165139,0.7276712822,-1.093449478056
    ));
#2934 = CARTESIAN_POINT('',(17.074999844796,0.494801353338,
    -1.204498345821));
#2935 = CARTESIAN_POINT('',(17.060937229243,0.247401049772,
    -1.26000532586));
#2936 = CARTESIAN_POINT('',(17.046874711486,1.653055570205E-08,
    -1.2600056785));
#2937 = ORIENTED_EDGE('',*,*,#2523,.T.);
#2938 = ORIENTED_EDGE('',*,*,#2807,.T.);
#2939 = ORIENTED_EDGE('',*,*,#2940,.F.);
#2940 = EDGE_CURVE('',#2907,#2808,#2941,.T.);
#2941 = B_SPLINE_CURVE_WITH_KNOTS('',1,(#2942,#2943),.UNSPECIFIED.,.F.,
  .F.,(2,2),(0.,5.625E-02),.PIECEWISE_BEZIER_KNOTS.);
#2942 = CARTESIAN_POINT('',(17.046874711486,1.653055535975E-08,
    -1.2600056785));
#2943 = CARTESIAN_POINT('',(17.103124711463,1.653187696924E-08,
    -1.26000730093));
#2944 = B_SPLINE_SURFACE_WITH_KNOTS('',1,11,(
    (#2945,#2946,#2947,#2948,#2949,#2950,#2951,#2952,#2953,#2954,#2955
      ,#2956,#2957,#2958,#2959,#2960,#2961,#2962,#2963,#2964,#2965)
    ,(#2966,#2967,#2968,#2969,#2970,#2971,#2972,#2973,#2974,#2975,#2976
      ,#2977,#2978,#2979,#2980,#2981,#2982,#2983,#2984,#2985,#2986
  )),.UNSPECIFIED.,.F.,.F.,.F.,(2,2),(12,9,12),(0.,5.625E-02),(0.,
    3.149639566854,6.299279133707),.UNSPECIFIED.);
#2945 = CARTESIAN_POINT('',(17.496874752712,1.416848416369E-08,
    -1.260004867286));
#2946 = CARTESIAN_POINT('',(17.476420181432,-0.359856034183,
    -1.260005379543));
#2947 = CARTESIAN_POINT('',(17.455965411016,-0.719710918653,
    -1.14698197845));
#2948 = CARTESIAN_POINT('',(17.43551151873,-1.040120413247,
    -0.920792958675));
#2949 = CARTESIAN_POINT('',(17.415056464834,-1.281549814468,
    -0.597213447647));
#2950 = CARTESIAN_POINT('',(17.39460169029,-1.411639172535,
    -0.206978029529));
#2951 = CARTESIAN_POINT('',(17.374147670628,-1.411597017876,
    0.206969670086));
#2952 = CARTESIAN_POINT('',(17.353692893237,-1.281581969121,
    0.597190816662));
#2953 = CARTESIAN_POINT('',(17.333238381589,-1.040106112714,
    0.920852819729));
#2954 = CARTESIAN_POINT('',(17.312783815966,-0.719712907206,
    1.146953502626));
#2955 = CARTESIAN_POINT('',(17.2718747321,1.135242025362E-08,
    1.373054484881));
#2956 = CARTESIAN_POINT('',(17.230965648234,0.719712846269,
    1.146953236382));
#2957 = CARTESIAN_POINT('',(17.210511097663,1.040106207426,
    0.920852016496));
#2958 = CARTESIAN_POINT('',(17.190056511818,1.281578745864,
    0.597196768345));
#2959 = CARTESIAN_POINT('',(17.169601899215,1.41161479356,0.206962702647
    ));
#2960 = CARTESIAN_POINT('',(17.149147668221,1.411607036877,
    -0.206979856859));
#2961 = CARTESIAN_POINT('',(17.128693058599,1.281572803234,
    -0.59719795147));
#2962 = CARTESIAN_POINT('',(17.108237930356,1.04011532565,
    -0.920812510736));
#2963 = CARTESIAN_POINT('',(17.087784053199,0.719710627348,
    -1.146972975026));
#2964 = CARTESIAN_POINT('',(17.067329282769,0.359856064882,
    -1.260005165569));
#2965 = CARTESIAN_POINT('',(17.046874711486,1.653055535975E-08,
    -1.2600056785));
#2966 = CARTESIAN_POINT('',(17.553124752695,1.416945649702E-08,
    -1.26000625794));
#2967 = CARTESIAN_POINT('',(17.532670181411,-0.359856464356,
    -1.260006915401));
#2968 = CARTESIAN_POINT('',(17.512215410963,-0.719711825018,
    -1.146984633578));
#2969 = CARTESIAN_POINT('',(17.491761518763,-1.040122561984,
    -0.920791330857));
#2970 = CARTESIAN_POINT('',(17.471306464821,-1.281547376101,
    -0.597216103503));
#2971 = CARTESIAN_POINT('',(17.450851690199,-1.411646681759,
    -0.206978489057));
#2972 = CARTESIAN_POINT('',(17.430397670657,-1.411594935707,
    0.206971396063));
#2973 = CARTESIAN_POINT('',(17.409942893206,-1.28158464857,
    0.597190416992));
#2974 = CARTESIAN_POINT('',(17.389488381572,-1.040107164296,
    0.920854107342));
#2975 = CARTESIAN_POINT('',(17.369033815945,-0.719713772442,
    1.146954914538));
#2976 = CARTESIAN_POINT('',(17.328124732079,1.937375280277E-08,
    1.373056126591));
#2977 = CARTESIAN_POINT('',(17.287215648215,0.719713702077,
    1.146954567216));
#2978 = CARTESIAN_POINT('',(17.266761097641,1.04010697335,0.920852932791
    ));
#2979 = CARTESIAN_POINT('',(17.246306511798,1.281581762249,
    0.597198588964));
#2980 = CARTESIAN_POINT('',(17.225851899172,1.411615552833,
    0.206961483949));
#2981 = CARTESIAN_POINT('',(17.205397668233,1.411607601804,
    -0.206979904156));
#2982 = CARTESIAN_POINT('',(17.184943058607,1.281575675225,
    -0.597196717484));
#2983 = CARTESIAN_POINT('',(17.164487930264,1.040116333506,
    -0.920816341882));
#2984 = CARTESIAN_POINT('',(17.144034053216,0.7197114425,-1.146973062753
    ));
#2985 = CARTESIAN_POINT('',(17.12357928275,0.359856495058,
    -1.260006642796));
#2986 = CARTESIAN_POINT('',(17.103124711463,1.653187696924E-08,
    -1.26000730093));
#2987 = ADVANCED_FACE('',(#2988),#3088,.F.);
#2988 = FACE_BOUND('',#2989,.F.);
#2989 = EDGE_LOOP('',(#2990,#3081,#3082,#3083));
#2990 = ORIENTED_EDGE('',*,*,#2991,.F.);
#2991 = EDGE_CURVE('',#2575,#2992,#2994,.T.);
#2992 = VERTEX_POINT('',#2993);
#2993 = CARTESIAN_POINT('',(16.916976275468,-1.776545774381E-07,-1.035)
  );
#2994 = B_SPLINE_CURVE_WITH_KNOTS('',7,(#2995,#2996,#2997,#2998,#2999,
    #3000,#3001,#3002,#3003,#3004,#3005,#3006,#3007,#3008,#3009,#3010,
    #3011,#3012,#3013,#3014,#3015,#3016,#3017,#3018,#3019,#3020,#3021,
    #3022,#3023,#3024,#3025,#3026,#3027,#3028,#3029,#3030,#3031,#3032,
    #3033,#3034,#3035,#3036,#3037,#3038,#3039,#3040,#3041,#3042,#3043,
    #3044,#3045,#3046,#3047,#3048,#3049,#3050,#3051,#3052,#3053,#3054,
    #3055,#3056,#3057,#3058,#3059,#3060,#3061,#3062,#3063,#3064,#3065,
    #3066,#3067,#3068,#3069,#3070,#3071,#3072,#3073,#3074,#3075,#3076,
    #3077,#3078,#3079,#3080),.UNSPECIFIED.,.F.,.F.,(8,6,6,6,6,6,6,6,6,6,
    6,6,6,6,8),(0.,3.587542397087E-02,0.133844366244,0.153845522226,
    0.180847797289,0.204849772642,0.377797150152,0.381704878113,
    0.498707018888,0.628888857773,0.737280529188,0.784190551024,
    0.870196104496,0.956685772846,1.),.UNSPECIFIED.);
#2995 = CARTESIAN_POINT('',(17.366975548892,-3.04550475505E-07,-1.035));
#2996 = CARTESIAN_POINT('',(17.364669599109,-3.33266574431E-02,-1.035));
#2997 = CARTESIAN_POINT('',(17.362363473471,-6.665286781461E-02,
    -1.033748056289));
#2998 = CARTESIAN_POINT('',(17.360057260438,-9.992229632442E-02,
    -1.031244220974));
#2999 = CARTESIAN_POINT('',(17.357751025416,-0.1330786456,
    -1.027491694224));
#3000 = CARTESIAN_POINT('',(17.355444810756,-0.166065960237,
    -1.022496824265));
#3001 = CARTESIAN_POINT('',(17.353138635759,-0.198828626799,
    -1.016269107388));
#3002 = CARTESIAN_POINT('',(17.344534870548,-0.32001556224,
    -0.988482340066));
#3003 = CARTESIAN_POINT('',(17.338236897125,-0.406642576067,
    -0.959041769447));
#3004 = CARTESIAN_POINT('',(17.331939788577,-0.490055203001,
    -0.92075684672));
#3005 = CARTESIAN_POINT('',(17.32564295932,-0.569177825624,
    -0.874061816917));
#3006 = CARTESIAN_POINT('',(17.319345584049,-0.643012000696,
    -0.819545766323));
#3007 = CARTESIAN_POINT('',(17.313047602106,-0.71065752306,
    -0.757940328948));
#3008 = CARTESIAN_POINT('',(17.305464495876,-0.783727585698,
    -0.676270475763));
#3009 = CARTESIAN_POINT('',(17.304178819177,-0.795826205993,
    -0.662164353774));
#3010 = CARTESIAN_POINT('',(17.302893139031,-0.807628301301,
    -0.647806071181));
#3011 = CARTESIAN_POINT('',(17.301607456225,-0.819127580632,
    -0.633203120903));
#3012 = CARTESIAN_POINT('',(17.300321771406,-0.830317995752,
    -0.61836318427));
#3013 = CARTESIAN_POINT('',(17.299036085084,-0.841193741185,
    -0.603294131029));
#3014 = CARTESIAN_POINT('',(17.296014673645,-0.865999573861,
    -0.56736182235));
#3015 = CARTESIAN_POINT('',(17.294278947391,-0.879666261786,
    -0.546316688857));
#3016 = CARTESIAN_POINT('',(17.292543220355,-0.892735611795,
    -0.524888481859));
#3017 = CARTESIAN_POINT('',(17.29080749377,-0.905194803464,
    -0.503097570445));
#3018 = CARTESIAN_POINT('',(17.289071768619,-0.917031902132,
    -0.480964829796));
#3019 = CARTESIAN_POINT('',(17.287336045633,-0.928235858903,
    -0.458511641177));
#3020 = CARTESIAN_POINT('',(17.284057465785,-0.948183738281,
    -0.415536154387));
#3021 = CARTESIAN_POINT('',(17.282514607912,-0.957062697124,
    -0.395076477123));
#3022 = CARTESIAN_POINT('',(17.28097175194,-0.965426257801,-0.3743962247
    ));
#3023 = CARTESIAN_POINT('',(17.279428898023,-0.973267887137,
    -0.353510985613));
#3024 = CARTESIAN_POINT('',(17.277886046203,-0.980581648152,
    -0.332436572307));
#3025 = CARTESIAN_POINT('',(17.276343196408,-0.987362200058,
    -0.31118902117));
#3026 = CARTESIAN_POINT('',(17.263683283982,-1.038586137197,
    -0.13555396176));
#3027 = CARTESIAN_POINT('',(17.252555220094,-1.055682137209,
    2.697628801249E-02));
#3028 = CARTESIAN_POINT('',(17.24143676471,-1.042938923103,
    0.191480339358));
#3029 = CARTESIAN_POINT('',(17.23032071441,-1.000456258822,
    0.351387903596));
#3030 = CARTESIAN_POINT('',(17.219201536705,-0.929874355264,
    0.500525891074));
#3031 = CARTESIAN_POINT('',(17.208073144734,-0.834367095418,
    0.633140991202));
#3032 = CARTESIAN_POINT('',(17.196704912786,-0.716158545602,
    0.747231925688));
#3033 = CARTESIAN_POINT('',(17.196453724488,-0.713536336184,
    0.749742151303));
#3034 = CARTESIAN_POINT('',(17.196202536315,-0.710903864025,
    0.752241639047));
#3035 = CARTESIAN_POINT('',(17.195951348255,-0.708261181774,
    0.754730338724));
#3036 = CARTESIAN_POINT('',(17.195700160297,-0.705608342419,
    0.757208200423));
#3037 = CARTESIAN_POINT('',(17.195448972437,-0.702945399295,
    0.759675174522));
#3038 = CARTESIAN_POINT('',(17.187676916661,-0.620239729365,
    0.835667959495));
#3039 = CARTESIAN_POINT('',(17.180154615933,-0.531180652117,
    0.899415155968));
#3040 = CARTESIAN_POINT('',(17.172633614794,-0.43456209495,
    0.952012502519));
#3041 = CARTESIAN_POINT('',(17.165113394576,-0.332072737315,
    0.99242113525));
#3042 = CARTESIAN_POINT('',(17.157592363662,-0.225556033958,
    1.019914170978));
#3043 = CARTESIAN_POINT('',(17.150070018675,-0.116955391665,
    1.034098374891));
#3044 = CARTESIAN_POINT('',(17.134180964351,0.112655067814,
    1.035933365313));
#3045 = CARTESIAN_POINT('',(17.125809980933,0.233752127928,
    1.020416051719));
#3046 = CARTESIAN_POINT('',(17.117440969641,0.352253424017,
    0.988373843156));
#3047 = CARTESIAN_POINT('',(17.109072870272,0.465467698619,
    0.940374906953));
#3048 = CARTESIAN_POINT('',(17.100703927922,0.570889003052,
    0.877481838679));
#3049 = CARTESIAN_POINT('',(17.092333022124,0.666238028109,
    0.801233786389));
#3050 = CARTESIAN_POINT('',(17.076997505102,0.819047309355,
    0.640721614799));
#3051 = CARTESIAN_POINT('',(17.070029103777,0.880207476667,
    0.559904490534));
#3052 = CARTESIAN_POINT('',(17.063061561734,0.932004147019,
    0.472340332007));
#3053 = CARTESIAN_POINT('',(17.056094499603,0.973569183267,
    0.379341774222));
#3054 = CARTESIAN_POINT('',(17.049126848622,1.004260794055,
    0.282344668656));
#3055 = CARTESIAN_POINT('',(17.04215832263,1.023679945855,0.182871455385
    ));
#3056 = CARTESIAN_POINT('',(17.032175425836,1.035179770338,
    3.906544822701E-02));
#3057 = CARTESIAN_POINT('',(17.029159995538,1.036519731724,
    -4.543057145842E-03));
#3058 = CARTESIAN_POINT('',(17.026144576452,1.035715960725,
    -4.819622637973E-02));
#3059 = CARTESIAN_POINT('',(17.023129171723,1.032767703592,
    -9.176761325582E-02));
#3060 = CARTESIAN_POINT('',(17.020113773042,1.027683498319,
    -0.135131101299));
#3061 = CARTESIAN_POINT('',(17.017098379942,1.020481133164,
    -0.178161503299));
#3062 = CARTESIAN_POINT('',(17.008554610306,0.99414870843,
    -0.298790357468));
#3063 = CARTESIAN_POINT('',(17.003025924035,0.970079028521,
    -0.375315557488));
#3064 = CARTESIAN_POINT('',(16.997497561267,0.939146153517,
    -0.449543032707));
#3065 = CARTESIAN_POINT('',(16.99196941544,0.901619259353,
    -0.520737171565));
#3066 = CARTESIAN_POINT('',(16.986441123754,0.857863237921,
    -0.588205655039));
#3067 = CARTESIAN_POINT('',(16.980912518464,0.808332825171,
    -0.651310632571));
#3068 = CARTESIAN_POINT('',(16.969824518975,0.698492361498,
    -0.767976591159));
#3069 = CARTESIAN_POINT('',(16.964264486945,0.638116612256,
    -0.821488868252));
#3070 = CARTESIAN_POINT('',(16.958704423041,0.572987316548,
    -0.869434659326));
#3071 = CARTESIAN_POINT('',(16.953144293705,0.503724730623,
    -0.911313588781));
#3072 = CARTESIAN_POINT('',(16.947583974702,0.431010232218,
    -0.94671375036));
#3073 = CARTESIAN_POINT('',(16.942023634944,0.355575020858,
    -0.975318482163));
#3074 = CARTESIAN_POINT('',(16.93367990246,0.239433627785,
    -1.007727797377));
#3075 = CARTESIAN_POINT('',(16.930895788838,0.200187817173,
    -1.016784764081));
#3076 = CARTESIAN_POINT('',(16.928111809401,0.160547285366,
    -1.024057284609));
#3077 = CARTESIAN_POINT('',(16.925327962065,0.120609423285,
    -1.029525211537));
#3078 = CARTESIAN_POINT('',(16.922544192126,8.047271147182E-02,
    -1.033175049914));
#3079 = CARTESIAN_POINT('',(16.919760371669,4.023631784579E-02,-1.035));
#3080 = CARTESIAN_POINT('',(16.916976278981,-3.045504466392E-07,-1.035)
  );
#3081 = ORIENTED_EDGE('',*,*,#2649,.T.);
#3082 = ORIENTED_EDGE('',*,*,#2906,.T.);
#3083 = ORIENTED_EDGE('',*,*,#3084,.F.);
#3084 = EDGE_CURVE('',#2992,#2907,#3085,.T.);
#3085 = B_SPLINE_CURVE_WITH_KNOTS('',1,(#3086,#3087),.UNSPECIFIED.,.F.,
  .F.,(2,2),(0.,0.39175),.PIECEWISE_BEZIER_KNOTS.);
#3086 = CARTESIAN_POINT('',(16.851009497068,-5.441418193808E-07,
    -0.920734577048));
#3087 = CARTESIAN_POINT('',(17.046874711486,1.653055570205E-08,
    -1.2600056785));
#3088 = B_SPLINE_SURFACE_WITH_KNOTS('',1,8,(
    (#3089,#3090,#3091,#3092,#3093,#3094,#3095,#3096,#3097,#3098,#3099
      ,#3100,#3101,#3102,#3103,#3104,#3105,#3106,#3107,#3108,#3109,#3110
      ,#3111,#3112,#3113,#3114,#3115)
    ,(#3116,#3117,#3118,#3119,#3120,#3121,#3122,#3123,#3124,#3125,#3126
      ,#3127,#3128,#3129,#3130,#3131,#3132,#3133,#3134,#3135,#3136,#3137
      ,#3138,#3139,#3140,#3141,#3142
    )),.UNSPECIFIED.,.F.,.F.,.F.,(2,2),(9,6,6,6,9),(0.,0.39175),(0.,
    1.574819783427,3.149639566854,4.72445935028,6.299279133707),
  .UNSPECIFIED.);
#3089 = CARTESIAN_POINT('',(17.301008140343,-4.664072325022E-07,
    -0.920734572891));
#3090 = CARTESIAN_POINT('',(17.286946224693,-0.180800216427,
    -0.920734483121));
#3091 = CARTESIAN_POINT('',(17.272887527303,-0.361553995788,
    -0.880171752812));
#3092 = CARTESIAN_POINT('',(17.258819115421,-0.53173602435,
    -0.799038325341));
#3093 = CARTESIAN_POINT('',(17.244757420518,-0.680667933242,
    -0.680649459056));
#3094 = CARTESIAN_POINT('',(17.230695875476,-0.799028934828,
    -0.531733775541));
#3095 = CARTESIAN_POINT('',(17.216634124032,-0.880166272974,
    -0.361571357371));
#3096 = CARTESIAN_POINT('',(17.188509492551,-0.961302732718,
    -2.227259730306E-06));
#3097 = CARTESIAN_POINT('',(17.160383685755,-0.880166272225,
    0.361572905976));
#3098 = CARTESIAN_POINT('',(17.146320707423,-0.79902944361,
    0.531740593427));
#3099 = CARTESIAN_POINT('',(17.132258445757,-0.680659518259,
    0.680663306793));
#3100 = CARTESIAN_POINT('',(17.118196423615,-0.531737839929,
    0.799030043885));
#3101 = CARTESIAN_POINT('',(17.104133978049,-0.361572794806,
    0.880165603982));
#3102 = CARTESIAN_POINT('',(17.076008818706,5.276223830446E-07,
    0.961301053471));
#3103 = CARTESIAN_POINT('',(17.047883659362,0.361573760778,
    0.880165206146));
#3104 = CARTESIAN_POINT('',(17.033821213796,0.531738716477,
    0.799029459462));
#3105 = CARTESIAN_POINT('',(17.019759191655,0.680660265933,
    0.680662562624));
#3106 = CARTESIAN_POINT('',(17.005696929989,0.799030030775,
    0.531739717987));
#3107 = CARTESIAN_POINT('',(16.991633951657,0.880166669748,
    0.361571940172));
#3108 = CARTESIAN_POINT('',(16.963508144861,0.961302728692,
    -3.282409717956E-06));
#3109 = CARTESIAN_POINT('',(16.935383513379,0.880165874186,
    -0.361572323175));
#3110 = CARTESIAN_POINT('',(16.921321761935,0.799028350816,
    -0.531734652582));
#3111 = CARTESIAN_POINT('',(16.907260216893,0.680667204382,
    -0.680650209912));
#3112 = CARTESIAN_POINT('',(16.893198521992,0.531735137675,
    -0.799038924864));
#3113 = CARTESIAN_POINT('',(16.879130110108,0.361553028942,
    -0.880172127161));
#3114 = CARTESIAN_POINT('',(16.865071412718,0.180799205878,
    -0.920734682075));
#3115 = CARTESIAN_POINT('',(16.851009497068,-5.441418193808E-07,
    -0.920734577048));
#3116 = CARTESIAN_POINT('',(17.496874752712,1.416848460778E-08,
    -1.260004867286));
#3117 = CARTESIAN_POINT('',(17.482812234957,-0.247401019073,
    -1.260005219463));
#3118 = CARTESIAN_POINT('',(17.468749619412,-0.494801480765,
    -1.204502757048));
#3119 = CARTESIAN_POINT('',(17.45468729904,-0.727673158456,
    -1.093446391253));
#3120 = CARTESIAN_POINT('',(17.440624774594,-0.931467693301,
    -0.93146636612));
#3121 = CARTESIAN_POINT('',(17.426562245565,-1.093455365978,
    -0.727667538309));
#3122 = CARTESIAN_POINT('',(17.412499722822,-1.204488401141,
    -0.494803565417));
#3123 = CARTESIAN_POINT('',(17.384374711624,-1.315522290496,
    -2.590402922347E-06));
#3124 = CARTESIAN_POINT('',(17.35624973614,-1.204488724417,
    0.494802862261));
#3125 = CARTESIAN_POINT('',(17.342187250674,-1.093455262674,
    0.727671720631));
#3126 = CARTESIAN_POINT('',(17.328124743432,-0.931469910223,
    0.931472540667));
#3127 = CARTESIAN_POINT('',(17.314062228912,-0.727669575402,
    1.093456516595));
#3128 = CARTESIAN_POINT('',(17.299999727258,-0.494802622584,
    1.204488119849));
#3129 = CARTESIAN_POINT('',(17.2718747321,7.104287343556E-10,
    1.315519826057));
#3130 = CARTESIAN_POINT('',(17.243749736942,0.49480258293,1.204487936806
    ));
#3131 = CARTESIAN_POINT('',(17.229687235288,0.727669464966,
    1.093456373425));
#3132 = CARTESIAN_POINT('',(17.215624720767,0.931470007129,
    0.931473127787));
#3133 = CARTESIAN_POINT('',(17.201562213525,1.093455940673,
    0.727672046666));
#3134 = CARTESIAN_POINT('',(17.18749972806,1.204488845816,0.494802934427
    ));
#3135 = CARTESIAN_POINT('',(17.159374752575,1.315521504707,
    -2.573098622163E-06));
#3136 = CARTESIAN_POINT('',(17.131249741378,1.204488033563,
    -0.49480349325));
#3137 = CARTESIAN_POINT('',(17.117187218628,1.093455304318,
    -0.727667524314));
#3138 = CARTESIAN_POINT('',(17.103124689622,0.931471271827,
    -0.931467088727));
#3139 = CARTESIAN_POINT('',(17.089062165139,0.7276712822,-1.093449478056
    ));
#3140 = CARTESIAN_POINT('',(17.074999844796,0.494801353338,
    -1.204498345821));
#3141 = CARTESIAN_POINT('',(17.060937229243,0.247401049772,
    -1.26000532586));
#3142 = CARTESIAN_POINT('',(17.046874711486,1.653055570205E-08,
    -1.2600056785));
#3143 = ADVANCED_FACE('',(#3144),#3227,.F.);
#3144 = FACE_BOUND('',#3145,.T.);
#3145 = EDGE_LOOP('',(#3146,#3147,#3148,#3221));
#3146 = ORIENTED_EDGE('',*,*,#2991,.F.);
#3147 = ORIENTED_EDGE('',*,*,#2793,.T.);
#3148 = ORIENTED_EDGE('',*,*,#3149,.T.);
#3149 = EDGE_CURVE('',#2715,#3150,#3152,.T.);
#3150 = VERTEX_POINT('',#3151);
#3151 = CARTESIAN_POINT('',(16.783043187809,-2.030389441495E-07,-1.035)
  );
#3152 = B_SPLINE_CURVE_WITH_KNOTS('',7,(#3153,#3154,#3155,#3156,#3157,
    #3158,#3159,#3160,#3161,#3162,#3163,#3164,#3165,#3166,#3167,#3168,
    #3169,#3170,#3171,#3172,#3173,#3174,#3175,#3176,#3177,#3178,#3179,
    #3180,#3181,#3182,#3183,#3184,#3185,#3186,#3187,#3188,#3189,#3190,
    #3191,#3192,#3193,#3194,#3195,#3196,#3197,#3198,#3199,#3200,#3201,
    #3202,#3203,#3204,#3205,#3206,#3207,#3208,#3209,#3210,#3211,#3212,
    #3213,#3214,#3215,#3216,#3217,#3218,#3219,#3220),.UNSPECIFIED.,.F.,
  .F.,(8,6,6,6,6,6,6,6,6,6,6,8),(0.,3.800181174626E-02,0.133894281951,
    0.228373269021,0.293375299474,0.384252127568,0.501224313133,
    0.632117639573,0.749380943337,0.871367706849,0.959595975732,1.),
  .UNSPECIFIED.);
#3153 = CARTESIAN_POINT('',(17.233041390608,-3.553167915449E-07,
    -1.035000000001));
#3154 = CARTESIAN_POINT('',(17.230598737618,-3.530338050516E-02,
    -1.035000000001));
#3155 = CARTESIAN_POINT('',(17.228156365533,-7.060629535249E-02,
    -1.033595136492));
#3156 = CARTESIAN_POINT('',(17.225714085124,-0.10584171565,
    -1.030785474331));
#3157 = CARTESIAN_POINT('',(17.22327176236,-0.140942718771,
    -1.026575040706));
#3158 = CARTESIAN_POINT('',(17.220829318416,-0.175842843673,
    -1.02097182514));
#3159 = CARTESIAN_POINT('',(17.218386729669,-0.210476090897,
    -1.013987779485));
#3160 = CARTESIAN_POINT('',(17.209780197203,-0.331330466394,
    -0.984571334293));
#3161 = CARTESIAN_POINT('',(17.20361496828,-0.415776791298,
    -0.954810725641));
#3162 = CARTESIAN_POINT('',(17.197449454157,-0.49705342492,
    -0.916612639085));
#3163 = CARTESIAN_POINT('',(17.191284285887,-0.574156078955,
    -0.870394064791));
#3164 = CARTESIAN_POINT('',(17.185119334177,-0.646152527658,-0.816713655
    ));
#3165 = CARTESIAN_POINT('',(17.178954292363,-0.712201442605,
    -0.756260587045));
#3166 = CARTESIAN_POINT('',(17.166716810394,-0.830075723733,
    -0.624422236188));
#3167 = CARTESIAN_POINT('',(17.160643229993,-0.882107249687,
    -0.55319910329));
#3168 = CARTESIAN_POINT('',(17.154570203005,-0.92697211142,
    -0.476960109944));
#3169 = CARTESIAN_POINT('',(17.148497384856,-0.964103313908,
    -0.39657664997));
#3170 = CARTESIAN_POINT('',(17.14242416052,-0.993065247367,
    -0.312991816824));
#3171 = CARTESIAN_POINT('',(17.136350399351,-1.013562067506,
    -0.227202229021));
#3172 = CARTESIAN_POINT('',(17.126098582924,-1.033636936276,
    -8.041601454215E-02));
#3173 = CARTESIAN_POINT('',(17.121919964202,-1.03774696571,
    -2.003003859417E-02));
#3174 = CARTESIAN_POINT('',(17.117741369129,-1.037739032109,
    4.057943194756E-02));
#3175 = CARTESIAN_POINT('',(17.113562797452,-1.033601836442,
    0.101075430263));
#3176 = CARTESIAN_POINT('',(17.109384194079,-1.025358357643,
    0.161121771602));
#3177 = CARTESIAN_POINT('',(17.105205552853,-1.013065647477,
    0.220386143169));
#3178 = CARTESIAN_POINT('',(17.095185175377,-0.974094699165,
    0.359850320476));
#3179 = CARTESIAN_POINT('',(17.089342940172,-0.943635696986,
    0.43900164478));
#3180 = CARTESIAN_POINT('',(17.083501104289,-0.905685676306,
    0.515101673394));
#3181 = CARTESIAN_POINT('',(17.077659523823,-0.86062085988,
    0.587305675908));
#3182 = CARTESIAN_POINT('',(17.071817734279,-0.808930516952,
    0.65482977628));
#3183 = CARTESIAN_POINT('',(17.065975570909,-0.75120820895,
    0.716964961668));
#3184 = CARTESIAN_POINT('',(17.052614551567,-0.606983200444,
    0.845342846202));
#3185 = CARTESIAN_POINT('',(17.045093655962,-0.516950244074,
    0.907664136955));
#3186 = CARTESIAN_POINT('',(17.037573796271,-0.419537750101,
    0.958722833333));
#3187 = CARTESIAN_POINT('',(17.030054583344,-0.316449413643,
    0.99750746934));
#3188 = CARTESIAN_POINT('',(17.022534645124,-0.209538641364,
    1.023320675587));
#3189 = CARTESIAN_POINT('',(17.015013669286,-0.100753464267,
    1.035799965744));
#3190 = CARTESIAN_POINT('',(16.999080235179,0.129499137335,
    1.034040822804));
#3191 = CARTESIAN_POINT('',(16.990663499374,0.251003926073,
    1.016445567632));
#3192 = CARTESIAN_POINT('',(16.982249171503,0.369607928198,
    0.982185814634));
#3193 = CARTESIAN_POINT('',(16.973835994411,0.482584719235,
    0.931885607887));
#3194 = CARTESIAN_POINT('',(16.965421716127,0.58740633635,0.866670622545
    ));
#3195 = CARTESIAN_POINT('',(16.957005015788,0.681784925949,
    0.788149288451));
#3196 = CARTESIAN_POINT('',(16.94105291114,0.837344466011,0.618017150295
    ));
#3197 = CARTESIAN_POINT('',(16.933513212637,0.900996209174,
    0.528579787605));
#3198 = CARTESIAN_POINT('',(16.925974549092,0.953425831633,
    0.431579200887));
#3199 = CARTESIAN_POINT('',(16.918436576585,0.993592189283,
    0.328718747447));
#3200 = CARTESIAN_POINT('',(16.910897913405,1.02076943573,0.221857043487
    ));
#3201 = CARTESIAN_POINT('',(16.903358207597,1.034568797999,
    0.112952390945));
#3202 = CARTESIAN_POINT('',(16.887978554395,1.035431922532,
    -0.10930150026));
#3203 = CARTESIAN_POINT('',(16.880135130031,1.021396529445,
    -0.222707039109));
#3204 = CARTESIAN_POINT('',(16.872293240589,0.992865192153,
    -0.333925030302));
#3205 = CARTESIAN_POINT('',(16.864452222913,0.950277477903,
    -0.440749335822));
#3206 = CARTESIAN_POINT('',(16.856610193804,0.894465977314,
    -0.541091512949));
#3207 = CARTESIAN_POINT('',(16.848766671914,0.82662942067,
    -0.633048238198));
#3208 = CARTESIAN_POINT('',(16.835253535223,0.691726522012,
    -0.774245817887));
#3209 = CARTESIAN_POINT('',(16.829581626406,0.629628114136,
    -0.828280307732));
#3210 = CARTESIAN_POINT('',(16.823910014376,0.562636378951,
    -0.876472391314));
#3211 = CARTESIAN_POINT('',(16.818238662764,0.491416349798,
    -0.918299238872));
#3212 = CARTESIAN_POINT('',(16.812567178078,0.416697063671,
    -0.953332778251));
#3213 = CARTESIAN_POINT('',(16.806895343823,0.339259109664,
    -0.981246949021));
#3214 = CARTESIAN_POINT('',(16.798626571695,0.223594155501,
    -1.011256288718));
#3215 = CARTESIAN_POINT('',(16.796029299451,0.18686420051,
    -1.019145287094));
#3216 = CARTESIAN_POINT('',(16.793432010185,0.149813750421,
    -1.025476887519));
#3217 = CARTESIAN_POINT('',(16.790834715841,0.112521969137,
    -1.030235830639));
#3218 = CARTESIAN_POINT('',(16.788237446333,7.506864506413E-02,
    -1.033411915589));
#3219 = CARTESIAN_POINT('',(16.785640249544,3.753419110953E-02,
    -1.035000000001));
#3220 = CARTESIAN_POINT('',(16.783043191322,-3.553167942094E-07,
    -1.035000000001));
#3221 = ORIENTED_EDGE('',*,*,#3222,.F.);
#3222 = EDGE_CURVE('',#2992,#3150,#3223,.T.);
#3223 = LINE('',#3224,#3225);
#3224 = CARTESIAN_POINT('',(20.,0.,-1.035));
#3225 = VECTOR('',#3226,1.);
#3226 = DIRECTION('',(-1.,0.,6.661338147751E-17));
#3227 = CYLINDRICAL_SURFACE('',#3228,1.035);
#3228 = AXIS2_PLACEMENT_3D('',#3229,#3230,#3231);
#3229 = CARTESIAN_POINT('',(20.,0.,0.));
#3230 = DIRECTION('',(-1.,-0.,-0.));
#3231 = DIRECTION('',(0.,0.,-1.));
#3232 = ADVANCED_FACE('',(#3233),#3268,.F.);
#3233 = FACE_BOUND('',#3234,.F.);
#3234 = EDGE_LOOP('',(#3235,#3261,#3262,#3263));
#3235 = ORIENTED_EDGE('',*,*,#3236,.F.);
#3236 = EDGE_CURVE('',#2808,#3237,#3239,.T.);
#3237 = VERTEX_POINT('',#3238);
#3238 = CARTESIAN_POINT('',(16.653124670226,1.889454735252E-08,
    -1.26000834392));
#3239 = B_SPLINE_CURVE_WITH_KNOTS('',11,(#3240,#3241,#3242,#3243,#3244,
    #3245,#3246,#3247,#3248,#3249,#3250,#3251,#3252,#3253,#3254,#3255,
    #3256,#3257,#3258,#3259,#3260),.UNSPECIFIED.,.F.,.F.,(12,9,12),(0.,
    3.149639566854,6.299279133707),.UNSPECIFIED.);
#3240 = CARTESIAN_POINT('',(17.103124711463,1.65318800871E-08,
    -1.26000730093));
#3241 = CARTESIAN_POINT('',(17.082670140176,-0.359856759807,
    -1.260007959065));
#3242 = CARTESIAN_POINT('',(17.062215369705,-0.719712418777,
    -1.146985584376));
#3243 = CARTESIAN_POINT('',(17.041761477572,-1.040123421126,
    -0.920792094857));
#3244 = CARTESIAN_POINT('',(17.021306423579,-1.281548435718,
    -0.597216600616));
#3245 = CARTESIAN_POINT('',(17.00085164893,-1.411647850132,
    -0.206978662633));
#3246 = CARTESIAN_POINT('',(16.980397629446,-1.411596104305,
    0.206971564502));
#3247 = CARTESIAN_POINT('',(16.959942851968,-1.281585710689,
    0.597190908982));
#3248 = CARTESIAN_POINT('',(16.939488340339,-1.040108026957,
    0.920854867639));
#3249 = CARTESIAN_POINT('',(16.91903377471,-0.719714370338,
    1.146955862601));
#3250 = CARTESIAN_POINT('',(16.878124690845,1.679920745731E-08,
    1.373057263159));
#3251 = CARTESIAN_POINT('',(16.837215606981,0.719714295672,
    1.146955517977));
#3252 = CARTESIAN_POINT('',(16.816761056406,1.040107832592,
    0.920853697038));
#3253 = CARTESIAN_POINT('',(16.796306470559,1.281582821992,
    0.597199085566));
#3254 = CARTESIAN_POINT('',(16.775851857927,1.411616720895,
    0.206961658028));
#3255 = CARTESIAN_POINT('',(16.755397627018,1.411608770716,
    -0.206980072782));
#3256 = CARTESIAN_POINT('',(16.734943017389,1.281576737213,
    -0.597197209601));
#3257 = CARTESIAN_POINT('',(16.714487888982,1.040117196067,
    -0.920817102027));
#3258 = CARTESIAN_POINT('',(16.694034012005,0.719712040561,
    -1.146974010854));
#3259 = CARTESIAN_POINT('',(16.673579241516,0.359856795233,
    -1.260007685111));
#3260 = CARTESIAN_POINT('',(16.653124670226,1.889452660074E-08,
    -1.26000834392));
#3261 = ORIENTED_EDGE('',*,*,#2835,.T.);
#3262 = ORIENTED_EDGE('',*,*,#3149,.T.);
#3263 = ORIENTED_EDGE('',*,*,#3264,.F.);
#3264 = EDGE_CURVE('',#3237,#3150,#3265,.T.);
#3265 = B_SPLINE_CURVE_WITH_KNOTS('',1,(#3266,#3267),.UNSPECIFIED.,.F.,
  .F.,(2,2),(0.,0.39175),.PIECEWISE_BEZIER_KNOTS.);
#3266 = CARTESIAN_POINT('',(16.653124670226,1.889452738713E-08,
    -1.26000834392));
#3267 = CARTESIAN_POINT('',(16.849010853549,-6.218626646959E-07,
    -0.920749348928));
#3268 = B_SPLINE_SURFACE_WITH_KNOTS('',1,9,(
    (#3269,#3270,#3271,#3272,#3273,#3274,#3275,#3276,#3277,#3278,#3279
      ,#3280,#3281,#3282,#3283,#3284,#3285,#3286,#3287,#3288,#3289,#3290
      ,#3291,#3292,#3293,#3294,#3295,#3296,#3297,#3298,#3299)
    ,(#3300,#3301,#3302,#3303,#3304,#3305,#3306,#3307,#3308,#3309,#3310
      ,#3311,#3312,#3313,#3314,#3315,#3316,#3317,#3318,#3319,#3320,#3321
      ,#3322,#3323,#3324,#3325,#3326,#3327,#3328,#3329,#3330
  )),.UNSPECIFIED.,.F.,.F.,.F.,(2,2),(10,7,7,7,10),(0.,0.39175),(0.,
    1.574819783427,3.149639566854,4.72445935028,6.299279133707),
  .UNSPECIFIED.);
#3269 = CARTESIAN_POINT('',(17.103124711463,1.653187997608E-08,
    -1.26000730093));
#3270 = CARTESIAN_POINT('',(17.090624695676,-0.219912457897,
    -1.260007703124));
#3271 = CARTESIAN_POINT('',(17.078124603812,-0.439824505554,
    -1.216839585836));
#3272 = CARTESIAN_POINT('',(17.06562469791,-0.650050767849,
    -1.13046738224));
#3273 = CARTESIAN_POINT('',(17.053124744217,-0.840893882677,
    -1.003459264133));
#3274 = CARTESIAN_POINT('',(17.040624720447,-1.003463966158,
    -0.840890752763));
#3275 = CARTESIAN_POINT('',(17.02812469673,-1.130468689544,
    -0.650047532293));
#3276 = CARTESIAN_POINT('',(17.01562468032,-1.216828021974,
    -0.439826576747));
#3277 = CARTESIAN_POINT('',(16.990624672348,-1.303187948278,
    -2.342895714424E-06));
#3278 = CARTESIAN_POINT('',(16.965624692161,-1.216828245828,
    0.439825361094));
#3279 = CARTESIAN_POINT('',(16.953124704578,-1.130468632616,
    0.650050050482));
#3280 = CARTESIAN_POINT('',(16.9406247054,-1.003465378559,0.840896034226
    ));
#3281 = CARTESIAN_POINT('',(16.928124695725,-0.840893682831,
    1.003467413147));
#3282 = CARTESIAN_POINT('',(16.915624687105,-0.650048583698,
    1.130469361835));
#3283 = CARTESIAN_POINT('',(16.90312468654,-0.43982544633,1.216827462207
    ));
#3284 = CARTESIAN_POINT('',(16.878124690845,7.067631238591E-11,
    1.303185596543));
#3285 = CARTESIAN_POINT('',(16.85312469515,0.43982540512,1.216827251603)
  );
#3286 = CARTESIAN_POINT('',(16.840624694586,0.650048475672,
    1.130469158584));
#3287 = CARTESIAN_POINT('',(16.828124685964,0.840893692164,
    1.003467748008));
#3288 = CARTESIAN_POINT('',(16.81562467629,1.003465837903,0.840896636683
    ));
#3289 = CARTESIAN_POINT('',(16.803124677111,1.130469267872,
    0.650050357242));
#3290 = CARTESIAN_POINT('',(16.790624689529,1.216828273725,
    0.439825442137));
#3291 = CARTESIAN_POINT('',(16.765624709341,1.303187032649,
    -2.316992094888E-06));
#3292 = CARTESIAN_POINT('',(16.740624701369,1.216827488218,
    -0.439826495704));
#3293 = CARTESIAN_POINT('',(16.728124684965,1.130468363874,
    -0.65004806117));
#3294 = CARTESIAN_POINT('',(16.715624661226,1.0034667754,-0.840889803119
    ));
#3295 = CARTESIAN_POINT('',(16.703124637498,0.840895072315,
    -1.003463007882));
#3296 = CARTESIAN_POINT('',(16.690624683756,0.65004921459,-1.13046757146
    ));
#3297 = CARTESIAN_POINT('',(16.678124777886,0.439824382992,
    -1.21683520642));
#3298 = CARTESIAN_POINT('',(16.665624686014,0.219912493324,
    -1.260007941315));
#3299 = CARTESIAN_POINT('',(16.653124670226,1.889452738713E-08,
    -1.26000834392));
#3300 = CARTESIAN_POINT('',(17.299009496882,-5.441312906918E-07,
    -0.920747498801));
#3301 = CARTESIAN_POINT('',(17.286510016283,-0.160713849605,
    -0.920748112173));
#3302 = CARTESIAN_POINT('',(17.274013038676,-0.321391537634,
    -0.889202904839));
#3303 = CARTESIAN_POINT('',(17.261509942558,-0.475017399152,
    -0.826094499411));
#3304 = CARTESIAN_POINT('',(17.249008419281,-0.614483992511,
    -0.733275669183));
#3305 = CARTESIAN_POINT('',(17.236509201504,-0.733281696283,
    -0.614473413974));
#3306 = CARTESIAN_POINT('',(17.224009981509,-0.82608738366,
    -0.475020051167));
#3307 = CARTESIAN_POINT('',(17.211510521475,-0.889195319884,
    -0.321401810154));
#3308 = CARTESIAN_POINT('',(17.18651078374,-0.952302704248,
    -1.803861824137E-06));
#3309 = CARTESIAN_POINT('',(17.161510131912,-0.889194746047,
    0.321402758936));
#3310 = CARTESIAN_POINT('',(17.149009723397,-0.826086859846,
    0.475025002047));
#3311 = CARTESIAN_POINT('',(17.136509696361,-0.733278923932,
    0.61448423027));
#3312 = CARTESIAN_POINT('',(17.124010014656,-0.614481252897,
    0.733281551218));
#3313 = CARTESIAN_POINT('',(17.111510298265,-0.475023300638,
    0.826087891881));
#3314 = CARTESIAN_POINT('',(17.099010316849,-0.321402746441,
    0.889194252685));
#3315 = CARTESIAN_POINT('',(17.074010175217,6.35598424609E-07,
    0.952300304901));
#3316 = CARTESIAN_POINT('',(17.049010033584,0.321403860066,
    0.889193450164));
#3317 = CARTESIAN_POINT('',(17.036510052168,0.47502421152,0.826086897381
    ));
#3318 = CARTESIAN_POINT('',(17.024010335776,0.614482248096,
    0.733281325129));
#3319 = CARTESIAN_POINT('',(17.011510654071,0.73328055884,0.614484320307
    ));
#3320 = CARTESIAN_POINT('',(16.999010627036,0.826088620669,
    0.475024443696));
#3321 = CARTESIAN_POINT('',(16.986510218522,0.889195224475,
    0.321401715971));
#3322 = CARTESIAN_POINT('',(16.961509566692,0.952301080042,
    -3.028859401592E-06));
#3323 = CARTESIAN_POINT('',(16.936509828957,0.889193944124,
    -0.321402853118));
#3324 = CARTESIAN_POINT('',(16.924010368887,0.826088175054,
    -0.475020907722));
#3325 = CARTESIAN_POINT('',(16.911511149016,0.733280708684,
    -0.61447575291));
#3326 = CARTESIAN_POINT('',(16.899011931081,0.614490274866,
    -0.733280085338));
#3327 = CARTESIAN_POINT('',(16.886510407881,0.475011538343,
    -0.826096653166));
#3328 = CARTESIAN_POINT('',(16.874007311772,0.321390133482,
    -0.889195565306));
#3329 = CARTESIAN_POINT('',(16.86151033415,0.160712683611,
    -0.920748749118));
#3330 = CARTESIAN_POINT('',(16.849010853549,-6.218626646959E-07,
    -0.920749348928));
#3331 = ADVANCED_FACE('',(#3332),#3373,.F.);
#3332 = FACE_BOUND('',#3333,.F.);
#3333 = EDGE_LOOP('',(#3334,#3366,#3367,#3368));
#3334 = ORIENTED_EDGE('',*,*,#3335,.F.);
#3335 = EDGE_CURVE('',#2907,#3336,#3338,.T.);
#3336 = VERTEX_POINT('',#3337);
#3337 = CARTESIAN_POINT('',(16.596874670256,1.889282188726E-08,
    -1.260006489714));
#3338 = B_SPLINE_CURVE_WITH_KNOTS('',8,(#3339,#3340,#3341,#3342,#3343,
    #3344,#3345,#3346,#3347,#3348,#3349,#3350,#3351,#3352,#3353,#3354,
    #3355,#3356,#3357,#3358,#3359,#3360,#3361,#3362,#3363,#3364,#3365),
  .UNSPECIFIED.,.F.,.F.,(9,6,6,6,9),(0.,1.574819783427,3.149639566854,
    4.72445935028,6.299279133707),.UNSPECIFIED.);
#3339 = CARTESIAN_POINT('',(17.046874711486,1.653055814455E-08,
    -1.2600056785));
#3340 = CARTESIAN_POINT('',(17.032812193729,-0.247401175958,
    -1.26000603114));
#3341 = CARTESIAN_POINT('',(17.018749578175,-0.49480179711,
    -1.204503533462));
#3342 = CARTESIAN_POINT('',(17.004687257817,-0.727673624901,
    -1.093447096565));
#3343 = CARTESIAN_POINT('',(16.99062473337,-0.931468291236,
    -0.931466967583));
#3344 = CARTESIAN_POINT('',(16.976562204338,-1.093456068603,
    -0.727668008846));
#3345 = CARTESIAN_POINT('',(16.962499681593,-1.204489175685,
    -0.494803886239));
#3346 = CARTESIAN_POINT('',(16.934374670394,-1.315523137453,
    -2.592868766211E-06));
#3347 = CARTESIAN_POINT('',(16.906249694912,-1.204489500817,
    0.494803178564));
#3348 = CARTESIAN_POINT('',(16.892187209448,-1.093455968026,
    0.727672187064));
#3349 = CARTESIAN_POINT('',(16.878124702205,-0.93147051167,0.93147313862
    ));
#3350 = CARTESIAN_POINT('',(16.864062187684,-0.727670045934,
    1.09345721922));
#3351 = CARTESIAN_POINT('',(16.849999686029,-0.4948029434,1.204488894393
    ));
#3352 = CARTESIAN_POINT('',(16.821874690872,-1.755832450196E-09,
    1.315520673013));
#3353 = CARTESIAN_POINT('',(16.793749695714,0.494802899231,
    1.204488713206));
#3354 = CARTESIAN_POINT('',(16.77968719406,0.727669931398,1.093457078779
    ));
#3355 = CARTESIAN_POINT('',(16.765624679538,0.931470605083,
    0.931473729233));
#3356 = CARTESIAN_POINT('',(16.751562172295,1.093456643296,
    0.727672517199));
#3357 = CARTESIAN_POINT('',(16.737499686832,1.20448962036,0.494803255246
    ));
#3358 = CARTESIAN_POINT('',(16.709374711349,1.315522351664,
    -2.570631952833E-06));
#3359 = CARTESIAN_POINT('',(16.68124970015,1.204488809962,
    -0.494803809556));
#3360 = CARTESIAN_POINT('',(16.667187177399,1.093456009672,
    -0.727667990751));
#3361 = CARTESIAN_POINT('',(16.65312464839,0.931471873253,
    -0.931467686697));
#3362 = CARTESIAN_POINT('',(16.639062123906,0.727671752745,
    -1.09345018064));
#3363 = CARTESIAN_POINT('',(16.624999803577,0.494801674198,
    -1.204499120381));
#3364 = CARTESIAN_POINT('',(16.610937188015,0.247401211381,
    -1.260006136611));
#3365 = CARTESIAN_POINT('',(16.596874670256,1.889280165646E-08,
    -1.260006489714));
#3366 = ORIENTED_EDGE('',*,*,#2940,.T.);
#3367 = ORIENTED_EDGE('',*,*,#3236,.T.);
#3368 = ORIENTED_EDGE('',*,*,#3369,.F.);
#3369 = EDGE_CURVE('',#3336,#3237,#3370,.T.);
#3370 = B_SPLINE_CURVE_WITH_KNOTS('',1,(#3371,#3372),.UNSPECIFIED.,.F.,
  .F.,(2,2),(0.,5.625E-02),.PIECEWISE_BEZIER_KNOTS.);
#3371 = CARTESIAN_POINT('',(16.596874670256,1.889280131416E-08,
    -1.260006489714));
#3372 = CARTESIAN_POINT('',(16.653124670226,1.889452660074E-08,
    -1.26000834392));
#3373 = B_SPLINE_SURFACE_WITH_KNOTS('',1,11,(
    (#3374,#3375,#3376,#3377,#3378,#3379,#3380,#3381,#3382,#3383,#3384
      ,#3385,#3386,#3387,#3388,#3389,#3390,#3391,#3392,#3393,#3394)
    ,(#3395,#3396,#3397,#3398,#3399,#3400,#3401,#3402,#3403,#3404,#3405
      ,#3406,#3407,#3408,#3409,#3410,#3411,#3412,#3413,#3414,#3415
  )),.UNSPECIFIED.,.F.,.F.,.F.,(2,2),(12,9,12),(0.,5.625E-02),(0.,
    3.149639566854,6.299279133707),.UNSPECIFIED.);
#3374 = CARTESIAN_POINT('',(17.046874711486,1.653055803352E-08,
    -1.2600056785));
#3375 = CARTESIAN_POINT('',(17.026420140203,-0.359856263453,
    -1.260006191431));
#3376 = CARTESIAN_POINT('',(17.005965369769,-0.719711379987,
    -1.146982718259));
#3377 = CARTESIAN_POINT('',(16.985511477536,-1.040121081084,
    -0.92079355333));
#3378 = CARTESIAN_POINT('',(16.965056423599,-1.281550638366,
    -0.597213834824));
#3379 = CARTESIAN_POINT('',(16.944601649037,-1.411640081182,
    -0.20697816512));
#3380 = CARTESIAN_POINT('',(16.924147629417,-1.411597926872,
    0.206969800507));
#3381 = CARTESIAN_POINT('',(16.903692852007,-1.281582795461,
    0.597191198787));
#3382 = CARTESIAN_POINT('',(16.883238340362,-1.040106784056,
    0.920853410638));
#3383 = CARTESIAN_POINT('',(16.862783774738,-0.719713372714,
    1.146954239707));
#3384 = CARTESIAN_POINT('',(16.821874690871,8.778290440284E-09,
    1.373055368878));
#3385 = CARTESIAN_POINT('',(16.780965607006,0.719713307476,
    1.146953976162));
#3386 = CARTESIAN_POINT('',(16.760511056434,1.040106875342,
    0.920852611343));
#3387 = CARTESIAN_POINT('',(16.740056470588,1.281579569859,
    0.597197155125));
#3388 = CARTESIAN_POINT('',(16.719601857977,1.411615701967,
    0.206962838629));
#3389 = CARTESIAN_POINT('',(16.699147627011,1.411607946116,
    -0.206979987425));
#3390 = CARTESIAN_POINT('',(16.678693017381,1.281573629474,
    -0.597198333694));
#3391 = CARTESIAN_POINT('',(16.658237889093,1.040115996913,
    -0.920813101526));
#3392 = CARTESIAN_POINT('',(16.637784011989,0.719711092983,
    -1.146973712137));
#3393 = CARTESIAN_POINT('',(16.617329241542,0.359856298876,
    -1.260005976109));
#3394 = CARTESIAN_POINT('',(16.596874670256,1.889280131416E-08,
    -1.260006489714));
#3395 = CARTESIAN_POINT('',(17.103124711463,1.65318800871E-08,
    -1.26000730093));
#3396 = CARTESIAN_POINT('',(17.082670140176,-0.359856759807,
    -1.260007959065));
#3397 = CARTESIAN_POINT('',(17.062215369705,-0.719712418777,
    -1.146985584376));
#3398 = CARTESIAN_POINT('',(17.041761477572,-1.040123421126,
    -0.920792094857));
#3399 = CARTESIAN_POINT('',(17.021306423579,-1.281548435718,
    -0.597216600616));
#3400 = CARTESIAN_POINT('',(17.00085164893,-1.411647850132,
    -0.206978662633));
#3401 = CARTESIAN_POINT('',(16.980397629446,-1.411596104305,
    0.206971564502));
#3402 = CARTESIAN_POINT('',(16.959942851968,-1.281585710689,
    0.597190908982));
#3403 = CARTESIAN_POINT('',(16.939488340339,-1.040108026957,
    0.920854867639));
#3404 = CARTESIAN_POINT('',(16.91903377471,-0.719714370338,
    1.146955862601));
#3405 = CARTESIAN_POINT('',(16.878124690845,1.679920745731E-08,
    1.373057263159));
#3406 = CARTESIAN_POINT('',(16.837215606981,0.719714295672,
    1.146955517977));
#3407 = CARTESIAN_POINT('',(16.816761056406,1.040107832592,
    0.920853697038));
#3408 = CARTESIAN_POINT('',(16.796306470559,1.281582821992,
    0.597199085566));
#3409 = CARTESIAN_POINT('',(16.775851857927,1.411616720895,
    0.206961658028));
#3410 = CARTESIAN_POINT('',(16.755397627018,1.411608770716,
    -0.206980072782));
#3411 = CARTESIAN_POINT('',(16.734943017389,1.281576737213,
    -0.597197209601));
#3412 = CARTESIAN_POINT('',(16.714487888982,1.040117196067,
    -0.920817102027));
#3413 = CARTESIAN_POINT('',(16.694034012005,0.719712040561,
    -1.146974010854));
#3414 = CARTESIAN_POINT('',(16.673579241516,0.359856795233,
    -1.260007685111));
#3415 = CARTESIAN_POINT('',(16.653124670226,1.889452660074E-08,
    -1.26000834392));
#3416 = ADVANCED_FACE('',(#3417),#3517,.F.);
#3417 = FACE_BOUND('',#3418,.F.);
#3418 = EDGE_LOOP('',(#3419,#3510,#3511,#3512));
#3419 = ORIENTED_EDGE('',*,*,#3420,.F.);
#3420 = EDGE_CURVE('',#2992,#3421,#3423,.T.);
#3421 = VERTEX_POINT('',#3422);
#3422 = CARTESIAN_POINT('',(16.466977002044,-2.030339530572E-07,-1.035)
  );
#3423 = B_SPLINE_CURVE_WITH_KNOTS('',7,(#3424,#3425,#3426,#3427,#3428,
    #3429,#3430,#3431,#3432,#3433,#3434,#3435,#3436,#3437,#3438,#3439,
    #3440,#3441,#3442,#3443,#3444,#3445,#3446,#3447,#3448,#3449,#3450,
    #3451,#3452,#3453,#3454,#3455,#3456,#3457,#3458,#3459,#3460,#3461,
    #3462,#3463,#3464,#3465,#3466,#3467,#3468,#3469,#3470,#3471,#3472,
    #3473,#3474,#3475,#3476,#3477,#3478,#3479,#3480,#3481,#3482,#3483,
    #3484,#3485,#3486,#3487,#3488,#3489,#3490,#3491,#3492,#3493,#3494,
    #3495,#3496,#3497,#3498,#3499,#3500,#3501,#3502,#3503,#3504,#3505,
    #3506,#3507,#3508,#3509),.UNSPECIFIED.,.F.,.F.,(8,6,6,6,6,6,6,6,6,6,
    6,6,6,6,8),(0.,3.585888224743E-02,0.133527748811,0.222064503211,
    0.272206880465,0.379706594576,0.499399771927,0.629220539215,
    0.662545037802,0.682546677784,0.701548263597,0.870493236543,
    0.892285532975,0.95559786089,1.),.UNSPECIFIED.);
#3424 = CARTESIAN_POINT('',(16.916976275468,-3.553091523223E-07,
    -1.035000000001));
#3425 = CARTESIAN_POINT('',(16.914671374355,-3.331156609529E-02,
    -1.035000000001));
#3426 = CARTESIAN_POINT('',(16.912366297541,-6.662263443193E-02,
    -1.033749193703));
#3427 = CARTESIAN_POINT('',(16.910061133375,-9.987699833175E-02,
    -1.031247633119));
#3428 = CARTESIAN_POINT('',(16.907755947189,-0.133018437026,
    -1.027498512616));
#3429 = CARTESIAN_POINT('',(16.905450781295,-0.165991070965,
    -1.022508168922));
#3430 = CARTESIAN_POINT('',(16.903145654985,-0.198739361818,
    -1.016286081119));
#3431 = CARTESIAN_POINT('',(16.894562187806,-0.319643274875,
    -0.988577239667));
#3432 = CARTESIAN_POINT('',(16.888283470722,-0.406014792511,
    -0.959263241301));
#3433 = CARTESIAN_POINT('',(16.882005609062,-0.489195925005,
    -0.921157780067));
#3434 = CARTESIAN_POINT('',(16.8757280248,-0.568120676494,
    -0.874690456502));
#3435 = CARTESIAN_POINT('',(16.869449902696,-0.641799175565,
    -0.820443911165));
#3436 = CARTESIAN_POINT('',(16.863171181034,-0.709338429207,
    -0.759141736779));
#3437 = CARTESIAN_POINT('',(16.851201826936,-0.824929519955,
    -0.630461086077));
#3438 = CARTESIAN_POINT('',(16.845510190789,-0.874221978917,
    -0.564176695004));
#3439 = CARTESIAN_POINT('',(16.839818815345,-0.917270741275,
    -0.493430371897));
#3440 = CARTESIAN_POINT('',(16.834127656661,-0.953600871815,
    -0.418932599395));
#3441 = CARTESIAN_POINT('',(16.828436362834,-0.982838073382,
    -0.341450955042));
#3442 = CARTESIAN_POINT('',(16.822744799234,-1.004715002352,
    -0.261797137387));
#3443 = CARTESIAN_POINT('',(16.813830471795,-1.027220894764,
    -0.134953994519));
#3444 = CARTESIAN_POINT('',(16.810607287267,-1.032950409939,
    -8.866356295E-02));
#3445 = CARTESIAN_POINT('',(16.80738412172,-1.036244934203,
    -4.209780135146E-02));
#3446 = CARTESIAN_POINT('',(16.804160963085,-1.037089548282,
    4.589532018984E-03));
#3447 = CARTESIAN_POINT('',(16.800937782386,-1.035481453832,
    5.12440371801E-02));
#3448 = CARTESIAN_POINT('',(16.797714568523,-1.031429989642,
    9.771151224284E-02));
#3449 = CARTESIAN_POINT('',(16.787581166826,-1.011078518522,
    0.242730584762));
#3450 = CARTESIAN_POINT('',(16.780669880084,-0.986066487643,
    0.340075237908));
#3451 = CARTESIAN_POINT('',(16.773759284965,-0.950129861416,
    0.434340703953));
#3452 = CARTESIAN_POINT('',(16.766849141955,-0.903743400431,
    0.52406715765));
#3453 = CARTESIAN_POINT('',(16.759938556227,-0.847611608725,
    0.607891966733));
#3454 = CARTESIAN_POINT('',(16.753027316617,-0.782651025312,
    0.68458386024));
#3455 = CARTESIAN_POINT('',(16.738423298886,-0.629088284652,
    0.829358816148));
#3456 = CARTESIAN_POINT('',(16.730727776755,-0.538607649208,
    0.89550933958));
#3457 = CARTESIAN_POINT('',(16.723033706808,-0.440101550325,
    0.95005943204));
#3458 = CARTESIAN_POINT('',(16.715340513899,-0.335369872189,
    0.991881713369));
#3459 = CARTESIAN_POINT('',(16.707646419037,-0.226383998076,
    1.020188888383));
#3460 = CARTESIAN_POINT('',(16.699950860153,-0.115225428943,
    1.034558316894));
#3461 = CARTESIAN_POINT('',(16.683911923857,0.116556348691,
    1.035462633682));
#3462 = CARTESIAN_POINT('',(16.675564128794,0.237253358508,
    1.019539976644));
#3463 = CARTESIAN_POINT('',(16.66721827985,0.355309443401,0.987194697329
    ));
#3464 = CARTESIAN_POINT('',(16.658873334134,0.468057915657,
    0.938999342794));
#3465 = CARTESIAN_POINT('',(16.650527559452,0.573016763344,
    0.876015023152));
#3466 = CARTESIAN_POINT('',(16.642179851407,0.667929640949,0.79977358104
    ));
#3467 = CARTESIAN_POINT('',(16.631692801617,0.772226305739,
    0.689818296524));
#3468 = CARTESIAN_POINT('',(16.629550695231,0.792746574048,
    0.666615057523));
#3469 = CARTESIAN_POINT('',(16.627408595527,0.812451928276,
    0.642701321492));
#3470 = CARTESIAN_POINT('',(16.625266501796,0.831312986883,
    0.618111503095));
#3471 = CARTESIAN_POINT('',(16.623124413043,0.849302246939,0.59288145709
    ));
#3472 = CARTESIAN_POINT('',(16.620982327993,0.866394084126,
    0.567048478325));
#3473 = CARTESIAN_POINT('',(16.617554549187,0.892270521921,
    0.524807497779));
#3474 = CARTESIAN_POINT('',(16.616268853697,0.901644463857,
    0.508760407024));
#3475 = CARTESIAN_POINT('',(16.614983158275,0.910681461608,0.49251838315
    ));
#3476 = CARTESIAN_POINT('',(16.613697462604,0.919376669779,0.47608992363
    ));
#3477 = CARTESIAN_POINT('',(16.61241176639,0.927725514513,0.459483669728
    ));
#3478 = CARTESIAN_POINT('',(16.61112606936,0.935723693489,0.442708406505
    ));
#3479 = CARTESIAN_POINT('',(16.608618956285,0.95062849487,0.40968446274)
  );
#3480 = CARTESIAN_POINT('',(16.607397540221,0.957569704514,
    0.393451378115));
#3481 = CARTESIAN_POINT('',(16.606176122862,0.964187350416,
    0.377081463562));
#3482 = CARTESIAN_POINT('',(16.604954704034,0.970478211988,
    0.360582462907));
#3483 = CARTESIAN_POINT('',(16.603733283605,0.976439302497,
    0.343962209178));
#3484 = CARTESIAN_POINT('',(16.602511861479,0.982067869061,
    0.327228624605));
#3485 = CARTESIAN_POINT('',(16.590430637488,1.03442663281,0.160673365002
    ));
#3486 = CARTESIAN_POINT('',(16.57956088164,1.055049038702,
    2.495199972752E-03));
#3487 = CARTESIAN_POINT('',(16.56869912305,1.047295261849,
    -0.158297545528));
#3488 = CARTESIAN_POINT('',(16.557840552295,1.011081674598,
    -0.315592476389));
#3489 = CARTESIAN_POINT('',(16.546979731922,0.947745213344,
    -0.463587722296));
#3490 = CARTESIAN_POINT('',(16.536110677796,0.86003221871,
    -0.596824176424));
#3491 = CARTESIAN_POINT('',(16.523850004339,0.738333908708,
    -0.725601353455));
#3492 = CARTESIAN_POINT('',(16.52244917593,0.724093762894,
    -0.739997255194));
#3493 = CARTESIAN_POINT('',(16.521048336223,0.709526569225,
    -0.754066673484));
#3494 = CARTESIAN_POINT('',(16.519647484494,0.694641327849,
    -0.767800714458));
#3495 = CARTESIAN_POINT('',(16.51824662034,0.679447332494,
    -0.781190802712));
#3496 = CARTESIAN_POINT('',(16.516845743684,0.663954170471,
    -0.794228681303));
#3497 = CARTESIAN_POINT('',(16.511374905624,0.602319578858,
    -0.84373853863));
#3498 = CARTESIAN_POINT('',(16.507304785648,0.554024786729,
    -0.877531483601));
#3499 = CARTESIAN_POINT('',(16.503234610566,0.50353061351,
    -0.908089817288));
#3500 = CARTESIAN_POINT('',(16.499164424205,0.451098145989,
    -0.935243635625));
#3501 = CARTESIAN_POINT('',(16.495094261352,0.397003843907,
    -0.958849804587));
#3502 = CARTESIAN_POINT('',(16.491024210609,0.341537093335,
    -0.978793204933));
#3503 = CARTESIAN_POINT('',(16.484100295892,0.245345650842,
    -1.00634567839));
#3504 = CARTESIAN_POINT('',(16.481246220555,0.205165327515,
    -1.015859837251));
#3505 = CARTESIAN_POINT('',(16.478392286739,0.164559923279,
    -1.023500915621));
#3506 = CARTESIAN_POINT('',(16.475538495914,0.123634258548,
    -1.029246670197));
#3507 = CARTESIAN_POINT('',(16.472684792662,8.249438528476E-02,
    -1.033082200983));
#3508 = CARTESIAN_POINT('',(16.469831041809,4.124713132127E-02,
    -1.035000000001));
#3509 = CARTESIAN_POINT('',(16.466977005557,-3.553091547648E-07,
    -1.035000000001));
#3510 = ORIENTED_EDGE('',*,*,#3084,.T.);
#3511 = ORIENTED_EDGE('',*,*,#3335,.T.);
#3512 = ORIENTED_EDGE('',*,*,#3513,.F.);
#3513 = EDGE_CURVE('',#3421,#3336,#3514,.T.);
#3514 = B_SPLINE_CURVE_WITH_KNOTS('',1,(#3515,#3516),.UNSPECIFIED.,.F.,
  .F.,(2,2),(0.,0.39175),.PIECEWISE_BEZIER_KNOTS.);
#3515 = CARTESIAN_POINT('',(16.401010853792,-6.218764070365E-07,
    -0.920734581211));
#3516 = CARTESIAN_POINT('',(16.596874670256,1.889280165646E-08,
    -1.260006489714));
#3517 = B_SPLINE_SURFACE_WITH_KNOTS('',1,8,(
    (#3518,#3519,#3520,#3521,#3522,#3523,#3524,#3525,#3526,#3527,#3528
      ,#3529,#3530,#3531,#3532,#3533,#3534,#3535,#3536,#3537,#3538,#3539
      ,#3540,#3541,#3542,#3543,#3544)
    ,(#3545,#3546,#3547,#3548,#3549,#3550,#3551,#3552,#3553,#3554,#3555
      ,#3556,#3557,#3558,#3559,#3560,#3561,#3562,#3563,#3564,#3565,#3566
      ,#3567,#3568,#3569,#3570,#3571
    )),.UNSPECIFIED.,.F.,.F.,.F.,(2,2),(9,6,6,6,9),(0.,0.39175),(0.,
    1.574819783427,3.149639566854,4.72445935028,6.299279133707),
  .UNSPECIFIED.);
#3518 = CARTESIAN_POINT('',(16.851009497068,-5.441418166052E-07,
    -0.920734577048));
#3519 = CARTESIAN_POINT('',(16.836947581418,-0.180800294978,
    -0.920734472021));
#3520 = CARTESIAN_POINT('',(16.822888884028,-0.361554071733,
    -0.880171726274));
#3521 = CARTESIAN_POINT('',(16.808820472146,-0.531736094215,
    -0.799038284047));
#3522 = CARTESIAN_POINT('',(16.794758777242,-0.680667993773,
    -0.680649404664));
#3523 = CARTESIAN_POINT('',(16.780697232201,-0.799028983331,
    -0.531733710483));
#3524 = CARTESIAN_POINT('',(16.766635480757,-0.880166307478,
    -0.361571284695));
#3525 = CARTESIAN_POINT('',(16.738510849275,-0.961302737063,
    -2.146100078729E-06));
#3526 = CARTESIAN_POINT('',(16.710385042479,-0.880166245675,
    0.361572981919));
#3527 = CARTESIAN_POINT('',(16.696322064148,-0.799029402325,
    0.531740663288));
#3528 = CARTESIAN_POINT('',(16.682259802482,-0.680659463868,
    0.680663367333));
#3529 = CARTESIAN_POINT('',(16.66819778034,-0.531737774872,
    0.799030092388));
#3530 = CARTESIAN_POINT('',(16.654135334774,-0.36157272213,
    0.880165638485));
#3531 = CARTESIAN_POINT('',(16.62601017543,6.087820065323E-07,
    0.961301057814));
#3532 = CARTESIAN_POINT('',(16.597885016087,0.361573836721,
    0.880165179596));
#3533 = CARTESIAN_POINT('',(16.583822570521,0.531738786338,
    0.799029418179));
#3534 = CARTESIAN_POINT('',(16.569760548379,0.680660326474,
    0.680662508235));
#3535 = CARTESIAN_POINT('',(16.555698286713,0.79903007928,0.531739652931
    ));
#3536 = CARTESIAN_POINT('',(16.541635308382,0.880166704251,
    0.361571867496));
#3537 = CARTESIAN_POINT('',(16.513509501586,0.961302733032,
    -3.36356936898E-06));
#3538 = CARTESIAN_POINT('',(16.485384870103,0.880165847635,
    -0.361572399117));
#3539 = CARTESIAN_POINT('',(16.471323118659,0.799028309533,
    -0.531734722444));
#3540 = CARTESIAN_POINT('',(16.457261573618,0.680667150001,
    -0.680650270454));
#3541 = CARTESIAN_POINT('',(16.443199878717,0.531735072615,
    -0.799038973378));
#3542 = CARTESIAN_POINT('',(16.429131466833,0.361552956264,
    -0.880172161653));
#3543 = CARTESIAN_POINT('',(16.415072769443,0.18079912896,
    -0.920734701495));
#3544 = CARTESIAN_POINT('',(16.401010853792,-6.218764070365E-07,
    -0.920734581211));
#3545 = CARTESIAN_POINT('',(17.046874711486,1.653055814455E-08,
    -1.2600056785));
#3546 = CARTESIAN_POINT('',(17.032812193729,-0.247401175958,
    -1.26000603114));
#3547 = CARTESIAN_POINT('',(17.018749578175,-0.49480179711,
    -1.204503533462));
#3548 = CARTESIAN_POINT('',(17.004687257817,-0.727673624901,
    -1.093447096565));
#3549 = CARTESIAN_POINT('',(16.99062473337,-0.931468291236,
    -0.931466967583));
#3550 = CARTESIAN_POINT('',(16.976562204338,-1.093456068603,
    -0.727668008846));
#3551 = CARTESIAN_POINT('',(16.962499681593,-1.204489175685,
    -0.494803886239));
#3552 = CARTESIAN_POINT('',(16.934374670394,-1.315523137453,
    -2.592868766211E-06));
#3553 = CARTESIAN_POINT('',(16.906249694912,-1.204489500817,
    0.494803178564));
#3554 = CARTESIAN_POINT('',(16.892187209448,-1.093455968026,
    0.727672187064));
#3555 = CARTESIAN_POINT('',(16.878124702205,-0.93147051167,0.93147313862
    ));
#3556 = CARTESIAN_POINT('',(16.864062187684,-0.727670045934,
    1.09345721922));
#3557 = CARTESIAN_POINT('',(16.849999686029,-0.4948029434,1.204488894393
    ));
#3558 = CARTESIAN_POINT('',(16.821874690872,-1.755832450196E-09,
    1.315520673013));
#3559 = CARTESIAN_POINT('',(16.793749695714,0.494802899231,
    1.204488713206));
#3560 = CARTESIAN_POINT('',(16.77968719406,0.727669931398,1.093457078779
    ));
#3561 = CARTESIAN_POINT('',(16.765624679538,0.931470605083,
    0.931473729233));
#3562 = CARTESIAN_POINT('',(16.751562172295,1.093456643296,
    0.727672517199));
#3563 = CARTESIAN_POINT('',(16.737499686832,1.20448962036,0.494803255246
    ));
#3564 = CARTESIAN_POINT('',(16.709374711349,1.315522351664,
    -2.570631952833E-06));
#3565 = CARTESIAN_POINT('',(16.68124970015,1.204488809962,
    -0.494803809556));
#3566 = CARTESIAN_POINT('',(16.667187177399,1.093456009672,
    -0.727667990751));
#3567 = CARTESIAN_POINT('',(16.65312464839,0.931471873253,
    -0.931467686697));
#3568 = CARTESIAN_POINT('',(16.639062123906,0.727671752745,
    -1.09345018064));
#3569 = CARTESIAN_POINT('',(16.624999803577,0.494801674198,
    -1.204499120381));
#3570 = CARTESIAN_POINT('',(16.610937188015,0.247401211381,
    -1.260006136611));
#3571 = CARTESIAN_POINT('',(16.596874670256,1.889280165646E-08,
    -1.260006489714));
#3572 = ADVANCED_FACE('',(#3573),#3674,.F.);
#3573 = FACE_BOUND('',#3574,.T.);
#3574 = EDGE_LOOP('',(#3575,#3576,#3577,#3668));
#3575 = ORIENTED_EDGE('',*,*,#3420,.F.);
#3576 = ORIENTED_EDGE('',*,*,#3222,.T.);
#3577 = ORIENTED_EDGE('',*,*,#3578,.T.);
#3578 = EDGE_CURVE('',#3150,#3579,#3581,.T.);
#3579 = VERTEX_POINT('',#3580);
#3580 = CARTESIAN_POINT('',(16.333044985024,-2.284196644623E-07,-1.035)
  );
#3581 = B_SPLINE_CURVE_WITH_KNOTS('',7,(#3582,#3583,#3584,#3585,#3586,
    #3587,#3588,#3589,#3590,#3591,#3592,#3593,#3594,#3595,#3596,#3597,
    #3598,#3599,#3600,#3601,#3602,#3603,#3604,#3605,#3606,#3607,#3608,
    #3609,#3610,#3611,#3612,#3613,#3614,#3615,#3616,#3617,#3618,#3619,
    #3620,#3621,#3622,#3623,#3624,#3625,#3626,#3627,#3628,#3629,#3630,
    #3631,#3632,#3633,#3634,#3635,#3636,#3637,#3638,#3639,#3640,#3641,
    #3642,#3643,#3644,#3645,#3646,#3647,#3648,#3649,#3650,#3651,#3652,
    #3653,#3654,#3655,#3656,#3657,#3658,#3659,#3660,#3661,#3662,#3663,
    #3664,#3665,#3666,#3667),.UNSPECIFIED.,.F.,.F.,(8,6,6,6,6,6,6,6,6,6,
    6,6,6,6,8),(0.,3.800405657872E-02,0.109186084557,0.137175896007,
    0.163178719841,0.219184337632,0.385740240475,0.500490547368,
    0.551031953118,0.633039301316,0.750394510352,0.775141014666,
    0.94302413299,0.964863228403,1.),.UNSPECIFIED.);
#3582 = CARTESIAN_POINT('',(16.783043187809,-4.060778679982E-07,
    -1.035000000001));
#3583 = CARTESIAN_POINT('',(16.780600533811,-3.530343140385E-02,
    -1.035000000001));
#3584 = CARTESIAN_POINT('',(16.778158160724,-7.060634641164E-02,
    -1.033595136481));
#3585 = CARTESIAN_POINT('',(16.775715879319,-0.105841766891,
    -1.030785474295));
#3586 = CARTESIAN_POINT('',(16.773273555566,-0.140942770216,
    -1.026575040628));
#3587 = CARTESIAN_POINT('',(16.77083111064,-0.175842895341,
    -1.020971824998));
#3588 = CARTESIAN_POINT('',(16.768388520921,-0.210476142803,
    -1.013987779257));
#3589 = CARTESIAN_POINT('',(16.761370607757,-0.309022821019,
    -0.99000111792));
#3590 = CARTESIAN_POINT('',(16.756794805633,-0.372104907984,
    -0.96957441499));
#3591 = CARTESIAN_POINT('',(16.752218718477,-0.433591981242,
    -0.944463643786));
#3592 = CARTESIAN_POINT('',(16.747642512324,-0.493068016442,
    -0.914821087887));
#3593 = CARTESIAN_POINT('',(16.74306628855,-0.55013666846,
    -0.880844213929));
#3594 = CARTESIAN_POINT('',(16.738490160043,-0.60442572059,
    -0.842773506067));
#3595 = CARTESIAN_POINT('',(16.732115043234,-0.67571067762,-0.7844212132
    ));
#3596 = CARTESIAN_POINT('',(16.730315786747,-0.695347177692,
    -0.76736245126));
#3597 = CARTESIAN_POINT('',(16.728516559009,-0.714480231895,
    -0.749731048842));
#3598 = CARTESIAN_POINT('',(16.726717360022,-0.733089861571,
    -0.731544883316));
#3599 = CARTESIAN_POINT('',(16.724918188696,-0.751156911468,
    -0.712822675197));
#3600 = CARTESIAN_POINT('',(16.723119042844,-0.768663049738,
    -0.693583988141));
#3601 = CARTESIAN_POINT('',(16.719648514726,-0.801316792921,
    -0.6555154339));
#3602 = CARTESIAN_POINT('',(16.717977128807,-0.816543650343,
    -0.63675344854));
#3603 = CARTESIAN_POINT('',(16.716305758719,-0.831257314993,
    -0.617579630283));
#3604 = CARTESIAN_POINT('',(16.714634401693,-0.845444472341,
    -0.598010851125));
#3605 = CARTESIAN_POINT('',(16.712963054902,-0.859092518539,
    -0.578064497644));
#3606 = CARTESIAN_POINT('',(16.711291715456,-0.872189560421,
    -0.557758471005));
#3607 = CARTESIAN_POINT('',(16.706020611692,-0.911722341074,
    -0.492640482304));
#3608 = CARTESIAN_POINT('',(16.70242082372,-0.936112635419,
    -0.446586086024));
#3609 = CARTESIAN_POINT('',(16.698821054767,-0.957783387341,
    -0.399132355084));
#3610 = CARTESIAN_POINT('',(16.6952212732,-0.976639489226,
    -0.350472503861));
#3611 = CARTESIAN_POINT('',(16.691621429877,-0.992603164298,
    -0.300807245136));
#3612 = CARTESIAN_POINT('',(16.688021510545,-1.005614493867,
    -0.250343431087));
#3613 = CARTESIAN_POINT('',(16.673715728106,-1.045422983666,
    -4.747218240381E-02));
#3614 = CARTESIAN_POINT('',(16.663000327411,-1.048762455947,
    0.109674106281));
#3615 = CARTESIAN_POINT('',(16.652292343755,-1.024433907797,
    0.266380614703));
#3616 = CARTESIAN_POINT('',(16.64158763515,-0.972975828782,
    0.416822839806));
#3617 = CARTESIAN_POINT('',(16.630880538107,-0.896235206224,
    0.555601843095));
#3618 = CARTESIAN_POINT('',(16.620165579353,-0.797353017859,
    0.677783729189));
#3619 = CARTESIAN_POINT('',(16.602083610482,-0.600536921495,
    0.849672258952));
#3620 = CARTESIAN_POINT('',(16.594706113345,-0.511811154068,
    0.910156150872));
#3621 = CARTESIAN_POINT('',(16.58732955256,-0.416059496313,
    0.959760819478));
#3622 = CARTESIAN_POINT('',(16.579953578208,-0.314894630363,
    0.997540814327));
#3623 = CARTESIAN_POINT('',(16.572576947139,-0.21006679603,
    1.022842452648));
#3624 = CARTESIAN_POINT('',(16.565199378425,-0.103413746779,
    1.03532255463));
#3625 = CARTESIAN_POINT('',(16.554574620579,5.01273688167E-02,
    1.034850897761));
#3626 = CARTESIAN_POINT('',(16.551325881066,9.706849473292E-02,
    1.032222096056));
#3627 = CARTESIAN_POINT('',(16.548077187302,0.143843949875,
    1.027109197066));
#3628 = CARTESIAN_POINT('',(16.54482853237,0.190296077395,1.01952525581)
  );
#3629 = CARTESIAN_POINT('',(16.54157989131,0.236268808565,1.00949575503)
  );
#3630 = CARTESIAN_POINT('',(16.538331252844,0.281608525473,
    0.997058463354));
#3631 = CARTESIAN_POINT('',(16.529811542983,0.398461133317,
    0.958256983519));
#3632 = CARTESIAN_POINT('',(16.524540210476,0.468699367369,0.92804125574
    ));
#3633 = CARTESIAN_POINT('',(16.519269076213,0.536233714515,
    0.891830577919));
#3634 = CARTESIAN_POINT('',(16.513998032203,0.600453151301,
    0.849920189213));
#3635 = CARTESIAN_POINT('',(16.50872679998,0.66078987686,0.802680653993)
  );
#3636 = CARTESIAN_POINT('',(16.503455290754,0.716727647612,
    0.750552415697));
#3637 = CARTESIAN_POINT('',(16.490640526049,0.84091079639,0.613169729374
    ));
#3638 = CARTESIAN_POINT('',(16.483095346013,0.904089751147,
    0.523298833707));
#3639 = CARTESIAN_POINT('',(16.475551208569,0.955986230064,
    0.425919072065));
#3640 = CARTESIAN_POINT('',(16.468007768863,0.995566814933,
    0.322743638722));
#3641 = CARTESIAN_POINT('',(16.460463640274,1.022115220506,
    0.215639557505));
#3642 = CARTESIAN_POINT('',(16.452918468953,1.035253794974,
    0.106571762542));
#3643 = CARTESIAN_POINT('',(16.443784316825,1.034942506091,
    -2.542808433436E-02));
#3644 = CARTESIAN_POINT('',(16.442193641781,1.034292655257,
    -4.841399883611E-02));
#3645 = CARTESIAN_POINT('',(16.440602971729,1.033047210088,
    -7.137995836391E-02));
#3646 = CARTESIAN_POINT('',(16.439012306552,1.03120693469,
    -9.430745245595E-02));
#3647 = CARTESIAN_POINT('',(16.437421645849,1.028773310622,
    -0.117178029207));
#3648 = CARTESIAN_POINT('',(16.435830988936,1.025748536894,
    -0.139973295271));
#3649 = CARTESIAN_POINT('',(16.423449155389,0.997624477338,
    -0.316685308848));
#3650 = CARTESIAN_POINT('',(16.412648537754,0.946018709528,
    -0.466523132602));
#3651 = CARTESIAN_POINT('',(16.401855956922,0.868180794071,-0.6062110785
    ));
#3652 = CARTESIAN_POINT('',(16.39106572477,0.766700064831,
    -0.730344021101));
#3653 = CARTESIAN_POINT('',(16.380272791786,0.645271644699,
    -0.834398300082));
#3654 = CARTESIAN_POINT('',(16.369472247471,0.508682187198,
    -0.914760619861));
#3655 = CARTESIAN_POINT('',(16.357277291694,0.343617361304,
    -0.976505696795));
#3656 = CARTESIAN_POINT('',(16.355873517041,0.324454071573,
    -0.983178730069));
#3657 = CARTESIAN_POINT('',(16.354469739205,0.30514020076,
    -0.989412798809));
#3658 = CARTESIAN_POINT('',(16.353065957675,0.285687818989,
    -0.995203855378));
#3659 = CARTESIAN_POINT('',(16.351662172331,0.266109119076,
    -1.000548270722));
#3660 = CARTESIAN_POINT('',(16.350258383445,0.246416416535,
    -1.005442834374));
#3661 = CARTESIAN_POINT('',(16.346596040695,0.194775288521,
    -1.017031329354));
#3662 = CARTESIAN_POINT('',(16.344337483166,0.162665374628,
    -1.023006241797));
#3663 = CARTESIAN_POINT('',(16.34207891913,0.130344371988,
    -1.027797855567));
#3664 = CARTESIAN_POINT('',(16.339820359765,9.786455435364E-02,
    -1.031397431605));
#3665 = CARTESIAN_POINT('',(16.337561827384,6.527850513838E-02,
    -1.033799128001));
#3666 = CARTESIAN_POINT('',(16.335303355443,3.26391174164E-02,
    -1.035000000001));
#3667 = CARTESIAN_POINT('',(16.333044988537,-4.060778886483E-07,
    -1.035000000001));
#3668 = ORIENTED_EDGE('',*,*,#3669,.F.);
#3669 = EDGE_CURVE('',#3421,#3579,#3670,.T.);
#3670 = LINE('',#3671,#3672);
#3671 = CARTESIAN_POINT('',(20.,0.,-1.035));
#3672 = VECTOR('',#3673,1.);
#3673 = DIRECTION('',(-1.,0.,6.661338147751E-17));
#3674 = CYLINDRICAL_SURFACE('',#3675,1.035);
#3675 = AXIS2_PLACEMENT_3D('',#3676,#3677,#3678);
#3676 = CARTESIAN_POINT('',(20.,0.,0.));
#3677 = DIRECTION('',(-1.,-0.,-0.));
#3678 = DIRECTION('',(0.,0.,-1.));
#3679 = ADVANCED_FACE('',(#3680),#3715,.F.);
#3680 = FACE_BOUND('',#3681,.F.);
#3681 = EDGE_LOOP('',(#3682,#3708,#3709,#3710));
#3682 = ORIENTED_EDGE('',*,*,#3683,.F.);
#3683 = EDGE_CURVE('',#3237,#3684,#3686,.T.);
#3684 = VERTEX_POINT('',#3685);
#3685 = CARTESIAN_POINT('',(16.203124628985,2.125745516664E-08,
    -1.26000938691));
#3686 = B_SPLINE_CURVE_WITH_KNOTS('',11,(#3687,#3688,#3689,#3690,#3691,
    #3692,#3693,#3694,#3695,#3696,#3697,#3698,#3699,#3700,#3701,#3702,
    #3703,#3704,#3705,#3706,#3707),.UNSPECIFIED.,.F.,.F.,(12,9,12),(0.,
    3.149639566854,6.299279133707),.UNSPECIFIED.);
#3687 = CARTESIAN_POINT('',(16.653124670226,1.889454748216E-08,
    -1.26000834392));
#3688 = CARTESIAN_POINT('',(16.632670098936,-0.359857055257,
    -1.26000900273));
#3689 = CARTESIAN_POINT('',(16.612215328442,-0.719713012536,
    -1.146986535175));
#3690 = CARTESIAN_POINT('',(16.591761436378,-1.040124280267,
    -0.920792858856));
#3691 = CARTESIAN_POINT('',(16.57130638233,-1.281549495335,
    -0.597217097729));
#3692 = CARTESIAN_POINT('',(16.550851607659,-1.411649018504,
    -0.206978836209));
#3693 = CARTESIAN_POINT('',(16.530397588228,-1.411597272903,
    0.206971732941));
#3694 = CARTESIAN_POINT('',(16.509942810728,-1.281586772806,
    0.597191400972));
#3695 = CARTESIAN_POINT('',(16.489488299101,-1.040108889618,
    0.920855627936));
#3696 = CARTESIAN_POINT('',(16.46903373347,-0.719714968235,
    1.146956810663));
#3697 = CARTESIAN_POINT('',(16.428124649606,1.422438621088E-08,
    1.373058399727));
#3698 = CARTESIAN_POINT('',(16.387215565742,0.719714889267,
    1.146956468738));
#3699 = CARTESIAN_POINT('',(16.366761015167,1.040108691834,
    0.920854461285));
#3700 = CARTESIAN_POINT('',(16.346306429316,1.281583881736,
    0.597199582168));
#3701 = CARTESIAN_POINT('',(16.325851816677,1.411617888956,
    0.206961832107));
#3702 = CARTESIAN_POINT('',(16.305397585802,1.411609939628,
    -0.206980241409));
#3703 = CARTESIAN_POINT('',(16.284942976164,1.281577799202,
    -0.597197701717));
#3704 = CARTESIAN_POINT('',(16.264487847698,1.040118058627,
    -0.920817862171));
#3705 = CARTESIAN_POINT('',(16.24403397079,0.719712638621,
    -1.146974958954));
#3706 = CARTESIAN_POINT('',(16.223579200278,0.359857095409,
    -1.260008727426));
#3707 = CARTESIAN_POINT('',(16.203124628985,2.125746688862E-08,
    -1.26000938691));
#3708 = ORIENTED_EDGE('',*,*,#3264,.T.);
#3709 = ORIENTED_EDGE('',*,*,#3578,.T.);
#3710 = ORIENTED_EDGE('',*,*,#3711,.F.);
#3711 = EDGE_CURVE('',#3684,#3579,#3712,.T.);
#3712 = B_SPLINE_CURVE_WITH_KNOTS('',1,(#3713,#3714),.UNSPECIFIED.,.F.,
  .F.,(2,2),(0.,0.39175),.PIECEWISE_BEZIER_KNOTS.);
#3713 = CARTESIAN_POINT('',(16.203124628985,2.125746745296E-08,
    -1.26000938691));
#3714 = CARTESIAN_POINT('',(16.399012210209,-6.995935822873E-07,
    -0.920751199062));
#3715 = B_SPLINE_SURFACE_WITH_KNOTS('',1,9,(
    (#3716,#3717,#3718,#3719,#3720,#3721,#3722,#3723,#3724,#3725,#3726
      ,#3727,#3728,#3729,#3730,#3731,#3732,#3733,#3734,#3735,#3736,#3737
      ,#3738,#3739,#3740,#3741,#3742,#3743,#3744,#3745,#3746)
    ,(#3747,#3748,#3749,#3750,#3751,#3752,#3753,#3754,#3755,#3756,#3757
      ,#3758,#3759,#3760,#3761,#3762,#3763,#3764,#3765,#3766,#3767,#3768
      ,#3769,#3770,#3771,#3772,#3773,#3774,#3775,#3776,#3777
  )),.UNSPECIFIED.,.F.,.F.,.F.,(2,2),(10,7,7,7,10),(0.,0.39175),(0.,
    1.574819783427,3.149639566854,4.72445935028,6.299279133707),
  .UNSPECIFIED.);
#3716 = CARTESIAN_POINT('',(16.653124670226,1.889454748216E-08,
    -1.26000834392));
#3717 = CARTESIAN_POINT('',(16.640624654438,-0.219912637532,
    -1.260008746526));
#3718 = CARTESIAN_POINT('',(16.628124562564,-0.439824867374,
    -1.216840593923));
#3719 = CARTESIAN_POINT('',(16.615624656672,-0.65005130384,
    -1.130468319195));
#3720 = CARTESIAN_POINT('',(16.603124702984,-0.84089457685,
    -1.003460096335));
#3721 = CARTESIAN_POINT('',(16.590624679211,-1.003464795205,
    -0.84089145072));
#3722 = CARTESIAN_POINT('',(16.578124655491,-1.13046962409,
    -0.650048072501));
#3723 = CARTESIAN_POINT('',(16.56562463908,-1.216829028396,
    -0.439826943102));
#3724 = CARTESIAN_POINT('',(16.540624631107,-1.30318902701,
    -2.345339187076E-06));
#3725 = CARTESIAN_POINT('',(16.515624650922,-1.2168292539,0.439825722883
    ));
#3726 = CARTESIAN_POINT('',(16.503124663341,-1.130469569598,
    0.650050586446));
#3727 = CARTESIAN_POINT('',(16.490624664162,-1.003466210772,
    0.840896728406));
#3728 = CARTESIAN_POINT('',(16.478124654487,-0.840894380774,
    1.003468242207));
#3729 = CARTESIAN_POINT('',(16.465624645865,-0.650049123899,
    1.130470296381));
#3730 = CARTESIAN_POINT('',(16.4531246453,-0.439825812679,1.21682846863)
  );
#3731 = CARTESIAN_POINT('',(16.428124649606,-2.373056051172E-09,
    1.303186675274));
#3732 = CARTESIAN_POINT('',(16.403124653911,0.439825766905,
    1.216828259676));
#3733 = CARTESIAN_POINT('',(16.390624653347,0.650049011633,
    1.130470095569));
#3734 = CARTESIAN_POINT('',(16.378124644724,0.840894386343,
    1.003468580222));
#3735 = CARTESIAN_POINT('',(16.36562463505,1.003466666962,0.840897334626
    ));
#3736 = CARTESIAN_POINT('',(16.353124635871,1.130470202416,
    0.650050897445));
#3737 = CARTESIAN_POINT('',(16.34062464829,1.216829280148,0.439825808489
    ));
#3738 = CARTESIAN_POINT('',(16.315624668104,1.303188111382,
    -2.314548085053E-06));
#3739 = CARTESIAN_POINT('',(16.290624660132,1.21682849629,
    -0.439826857495));
#3740 = CARTESIAN_POINT('',(16.278124643725,1.130469300853,
    -0.65004859714));
#3741 = CARTESIAN_POINT('',(16.265624619984,1.003467607614,
    -0.840890497307));
#3742 = CARTESIAN_POINT('',(16.253124596254,0.840895770238,
    -1.003463836937));
#3743 = CARTESIAN_POINT('',(16.240624642517,0.650049754826,
    -1.130468505974));
#3744 = CARTESIAN_POINT('',(16.228124736656,0.439824749376,
    -1.216836212858));
#3745 = CARTESIAN_POINT('',(16.215624644775,0.219912677684,
    -1.260008983892));
#3746 = CARTESIAN_POINT('',(16.203124628985,2.125746745296E-08,
    -1.26000938691));
#3747 = CARTESIAN_POINT('',(16.849010853549,-6.218626442678E-07,
    -0.920749348928));
#3748 = CARTESIAN_POINT('',(16.836511372948,-0.160714250175,
    -0.920749948739));
#3749 = CARTESIAN_POINT('',(16.824014395324,-0.321392258574,
    -0.88920466447));
#3750 = CARTESIAN_POINT('',(16.811511299223,-0.475018423435,
    -0.826096119182));
#3751 = CARTESIAN_POINT('',(16.799009775955,-0.614485289124,
    -0.733277090725));
#3752 = CARTESIAN_POINT('',(16.786510558173,-0.733283221573,
    -0.614474586818));
#3753 = CARTESIAN_POINT('',(16.774011338174,-0.826089083691,
    -0.475020935927));
#3754 = CARTESIAN_POINT('',(16.761511878137,-0.889197133747,
    -0.321402380906));
#3755 = CARTESIAN_POINT('',(16.7365121404,-0.952304617785,
    -1.723466328277E-06));
#3756 = CARTESIAN_POINT('',(16.711511488576,-0.889196505642,
    0.321403479817));
#3757 = CARTESIAN_POINT('',(16.699011080063,-0.826088479668,
    0.475026026277));
#3758 = CARTESIAN_POINT('',(16.686511053027,-0.733280345498,
    0.614485526899));
#3759 = CARTESIAN_POINT('',(16.674011371321,-0.614482425716,
    0.733283076537));
#3760 = CARTESIAN_POINT('',(16.661511654928,-0.475024185385,
    0.826089591911));
#3761 = CARTESIAN_POINT('',(16.649011673512,-0.321403317182,
    0.889196066548));
#3762 = CARTESIAN_POINT('',(16.62401153188,7.159934535015E-07,
    0.952302218433));
#3763 = CARTESIAN_POINT('',(16.599011390248,0.321404580942,0.88919520976
    ));
#3764 = CARTESIAN_POINT('',(16.586511408832,0.475025235747,
    0.826088517208));
#3765 = CARTESIAN_POINT('',(16.574011692439,0.614483544726,
    0.733282746698));
#3766 = CARTESIAN_POINT('',(16.561512010733,0.733282084159,
    0.614485493128));
#3767 = CARTESIAN_POINT('',(16.549011983697,0.826090320698,
    0.475025328447));
#3768 = CARTESIAN_POINT('',(16.536511575186,0.889197038337,
    0.321402286718));
#3769 = CARTESIAN_POINT('',(16.511510923359,0.952302993574,
    -3.109253959829E-06));
#3770 = CARTESIAN_POINT('',(16.486511185623,0.889195703717,
    -0.321403574005));
#3771 = CARTESIAN_POINT('',(16.474011725549,0.826089794871,
    -0.475021931965));
#3772 = CARTESIAN_POINT('',(16.461512505674,0.733282130255,
    -0.614477049554));
#3773 = CARTESIAN_POINT('',(16.449013287735,0.614491447657,
    -0.733281610653));
#3774 = CARTESIAN_POINT('',(16.436511764544,0.475012423149,
    -0.826098353144));
#3775 = CARTESIAN_POINT('',(16.424008668451,0.321390704284,
    -0.889197379185));
#3776 = CARTESIAN_POINT('',(16.411511690813,0.160712928719,
    -0.920750612814));
#3777 = CARTESIAN_POINT('',(16.399012210209,-6.995935822873E-07,
    -0.920751199062));
#3778 = ADVANCED_FACE('',(#3779),#3820,.F.);
#3779 = FACE_BOUND('',#3780,.F.);
#3780 = EDGE_LOOP('',(#3781,#3813,#3814,#3815));
#3781 = ORIENTED_EDGE('',*,*,#3782,.F.);
#3782 = EDGE_CURVE('',#3336,#3783,#3785,.T.);
#3783 = VERTEX_POINT('',#3784);
#3784 = CARTESIAN_POINT('',(16.146874629023,2.125527192781E-08,
    -1.260007300928));
#3785 = B_SPLINE_CURVE_WITH_KNOTS('',8,(#3786,#3787,#3788,#3789,#3790,
    #3791,#3792,#3793,#3794,#3795,#3796,#3797,#3798,#3799,#3800,#3801,
    #3802,#3803,#3804,#3805,#3806,#3807,#3808,#3809,#3810,#3811,#3812),
  .UNSPECIFIED.,.F.,.F.,(9,6,6,6,9),(0.,1.574819783427,3.149639566854,
    4.72445935028,6.299279133707),.UNSPECIFIED.);
#3786 = CARTESIAN_POINT('',(16.596874670256,1.889282241763E-08,
    -1.260006489714));
#3787 = CARTESIAN_POINT('',(16.582812152498,-0.247401332843,
    -1.260006842818));
#3788 = CARTESIAN_POINT('',(16.568749536934,-0.494802113455,
    -1.204504309876));
#3789 = CARTESIAN_POINT('',(16.554687216592,-0.727674091345,
    -1.093447801878));
#3790 = CARTESIAN_POINT('',(16.540624692142,-0.93146888917,
    -0.931467569045));
#3791 = CARTESIAN_POINT('',(16.526562163108,-1.093456771229,
    -0.727668479382));
#3792 = CARTESIAN_POINT('',(16.512499640361,-1.204489950228,
    -0.494804207061));
#3793 = CARTESIAN_POINT('',(16.484374629161,-1.315523984409,
    -2.595334778295E-06));
#3794 = CARTESIAN_POINT('',(16.456249653681,-1.204490277216,
    0.494803494866));
#3795 = CARTESIAN_POINT('',(16.442187168218,-1.093456673378,
    0.727672653497));
#3796 = CARTESIAN_POINT('',(16.428124660975,-0.931471113116,
    0.931473736574));
#3797 = CARTESIAN_POINT('',(16.414062146452,-0.727670516466,
    1.093457921846));
#3798 = CARTESIAN_POINT('',(16.399999644798,-0.494803264217,
    1.204489668938));
#3799 = CARTESIAN_POINT('',(16.37187464964,-4.222255252657E-09,
    1.315521519968));
#3800 = CARTESIAN_POINT('',(16.343749654483,0.494803215531,
    1.204489489606));
#3801 = CARTESIAN_POINT('',(16.329687152829,0.72767039783,1.093457784133
    ));
#3802 = CARTESIAN_POINT('',(16.315624638306,0.931471203036,
    0.931474330679));
#3803 = CARTESIAN_POINT('',(16.301562131062,1.09345734592,0.727672987732
    ));
#3804 = CARTESIAN_POINT('',(16.2874996456,1.204490394904,0.494803576066)
  );
#3805 = CARTESIAN_POINT('',(16.259374670119,1.315523198621,
    -2.568165109476E-06));
#3806 = CARTESIAN_POINT('',(16.23124965892,1.204489586361,
    -0.494804125861));
#3807 = CARTESIAN_POINT('',(16.217187136167,1.093456715026,
    -0.727668457188));
#3808 = CARTESIAN_POINT('',(16.203124607156,0.93147247468,
    -0.931468284667));
#3809 = CARTESIAN_POINT('',(16.189062082669,0.72767222329,
    -1.093450883223));
#3810 = CARTESIAN_POINT('',(16.174999762355,0.494801995059,
    -1.20449989494));
#3811 = CARTESIAN_POINT('',(16.160937146783,0.247401372991,
    -1.260006947361));
#3812 = CARTESIAN_POINT('',(16.146874629023,2.125528442143E-08,
    -1.260007300928));
#3813 = ORIENTED_EDGE('',*,*,#3369,.T.);
#3814 = ORIENTED_EDGE('',*,*,#3683,.T.);
#3815 = ORIENTED_EDGE('',*,*,#3816,.F.);
#3816 = EDGE_CURVE('',#3783,#3684,#3817,.T.);
#3817 = B_SPLINE_CURVE_WITH_KNOTS('',1,(#3818,#3819),.UNSPECIFIED.,.F.,
  .F.,(2,2),(0.,5.625E-02),.PIECEWISE_BEZIER_KNOTS.);
#3818 = CARTESIAN_POINT('',(16.146874629023,2.125528419015E-08,
    -1.260007300928));
#3819 = CARTESIAN_POINT('',(16.203124628985,2.125746688862E-08,
    -1.26000938691));
#3820 = B_SPLINE_SURFACE_WITH_KNOTS('',1,11,(
    (#3821,#3822,#3823,#3824,#3825,#3826,#3827,#3828,#3829,#3830,#3831
      ,#3832,#3833,#3834,#3835,#3836,#3837,#3838,#3839,#3840,#3841)
    ,(#3842,#3843,#3844,#3845,#3846,#3847,#3848,#3849,#3850,#3851,#3852
      ,#3853,#3854,#3855,#3856,#3857,#3858,#3859,#3860,#3861,#3862
  )),.UNSPECIFIED.,.F.,.F.,.F.,(2,2),(12,9,12),(0.,5.625E-02),(0.,
    3.149639566854,6.299279133707),.UNSPECIFIED.);
#3821 = CARTESIAN_POINT('',(16.596874670256,1.889282197354E-08,
    -1.260006489714));
#3822 = CARTESIAN_POINT('',(16.576420098972,-0.359856492723,
    -1.26000700332));
#3823 = CARTESIAN_POINT('',(16.555965328519,-0.719711841322,
    -1.146983458068));
#3824 = CARTESIAN_POINT('',(16.53551143634,-1.040121748922,
    -0.920794147985));
#3825 = CARTESIAN_POINT('',(16.51505638236,-1.281551462264,-0.597214222)
  );
#3826 = CARTESIAN_POINT('',(16.494601607782,-1.411640989829,
    -0.206978300712));
#3827 = CARTESIAN_POINT('',(16.474147588202,-1.411598835868,
    0.206969930927));
#3828 = CARTESIAN_POINT('',(16.453692810775,-1.281583621801,
    0.597191580912));
#3829 = CARTESIAN_POINT('',(16.433238299131,-1.040107455398,
    0.920854001547));
#3830 = CARTESIAN_POINT('',(16.412783733506,-0.719713838222,
    1.146954976789));
#3831 = CARTESIAN_POINT('',(16.37187464964,6.203952406652E-09,
    1.373056252875));
#3832 = CARTESIAN_POINT('',(16.330965565776,0.719713768683,
    1.146954715942));
#3833 = CARTESIAN_POINT('',(16.310511015203,1.040107543257,
    0.920853206191));
#3834 = CARTESIAN_POINT('',(16.290056429353,1.281580393856,
    0.597197541904));
#3835 = CARTESIAN_POINT('',(16.269601816737,1.411616610371,
    0.206962974612));
#3836 = CARTESIAN_POINT('',(16.249147585796,1.411608855356,
    -0.206980117992));
#3837 = CARTESIAN_POINT('',(16.228692976163,1.281574455713,
    -0.597198715917));
#3838 = CARTESIAN_POINT('',(16.208237847826,1.040116668177,
    -0.920813692316));
#3839 = CARTESIAN_POINT('',(16.187783970777,0.719711558619,
    -1.146974449249));
#3840 = CARTESIAN_POINT('',(16.167329200311,0.359856532871,
    -1.260006786649));
#3841 = CARTESIAN_POINT('',(16.146874629023,2.125528419015E-08,
    -1.260007300928));
#3842 = CARTESIAN_POINT('',(16.653124670226,1.889454748216E-08,
    -1.26000834392));
#3843 = CARTESIAN_POINT('',(16.632670098936,-0.359857055257,
    -1.26000900273));
#3844 = CARTESIAN_POINT('',(16.612215328442,-0.719713012536,
    -1.146986535175));
#3845 = CARTESIAN_POINT('',(16.591761436378,-1.040124280267,
    -0.920792858856));
#3846 = CARTESIAN_POINT('',(16.57130638233,-1.281549495335,
    -0.597217097729));
#3847 = CARTESIAN_POINT('',(16.550851607659,-1.411649018504,
    -0.206978836209));
#3848 = CARTESIAN_POINT('',(16.530397588228,-1.411597272903,
    0.206971732941));
#3849 = CARTESIAN_POINT('',(16.509942810728,-1.281586772806,
    0.597191400972));
#3850 = CARTESIAN_POINT('',(16.489488299101,-1.040108889618,
    0.920855627936));
#3851 = CARTESIAN_POINT('',(16.46903373347,-0.719714968235,
    1.146956810663));
#3852 = CARTESIAN_POINT('',(16.428124649606,1.422438621088E-08,
    1.373058399727));
#3853 = CARTESIAN_POINT('',(16.387215565742,0.719714889267,
    1.146956468738));
#3854 = CARTESIAN_POINT('',(16.366761015167,1.040108691834,
    0.920854461285));
#3855 = CARTESIAN_POINT('',(16.346306429316,1.281583881736,
    0.597199582168));
#3856 = CARTESIAN_POINT('',(16.325851816677,1.411617888956,
    0.206961832107));
#3857 = CARTESIAN_POINT('',(16.305397585802,1.411609939628,
    -0.206980241409));
#3858 = CARTESIAN_POINT('',(16.284942976164,1.281577799202,
    -0.597197701717));
#3859 = CARTESIAN_POINT('',(16.264487847698,1.040118058627,
    -0.920817862171));
#3860 = CARTESIAN_POINT('',(16.24403397079,0.719712638621,
    -1.146974958954));
#3861 = CARTESIAN_POINT('',(16.223579200278,0.359857095409,
    -1.260008727426));
#3862 = CARTESIAN_POINT('',(16.203124628985,2.125746688862E-08,
    -1.26000938691));
#3863 = ADVANCED_FACE('',(#3864),#3958,.F.);
#3864 = FACE_BOUND('',#3865,.F.);
#3865 = EDGE_LOOP('',(#3866,#3951,#3952,#3953));
#3866 = ORIENTED_EDGE('',*,*,#3867,.F.);
#3867 = EDGE_CURVE('',#3421,#3868,#3870,.T.);
#3868 = VERTEX_POINT('',#3869);
#3869 = CARTESIAN_POINT('',(16.016977728621,-2.284133460018E-07,-1.035)
  );
#3870 = B_SPLINE_CURVE_WITH_KNOTS('',7,(#3871,#3872,#3873,#3874,#3875,
    #3876,#3877,#3878,#3879,#3880,#3881,#3882,#3883,#3884,#3885,#3886,
    #3887,#3888,#3889,#3890,#3891,#3892,#3893,#3894,#3895,#3896,#3897,
    #3898,#3899,#3900,#3901,#3902,#3903,#3904,#3905,#3906,#3907,#3908,
    #3909,#3910,#3911,#3912,#3913,#3914,#3915,#3916,#3917,#3918,#3919,
    #3920,#3921,#3922,#3923,#3924,#3925,#3926,#3927,#3928,#3929,#3930,
    #3931,#3932,#3933,#3934,#3935,#3936,#3937,#3938,#3939,#3940,#3941,
    #3942,#3943,#3944,#3945,#3946,#3947,#3948,#3949,#3950),
  .UNSPECIFIED.,.F.,.F.,(8,6,6,6,6,6,6,6,6,6,6,6,6,8),(0.,
    3.584027491447E-02,0.133609497137,0.221850834605,0.271775133434,
    0.380294693111,0.499013342791,0.629856403196,0.736182997571,
    0.782909964406,0.870387427633,0.892422305718,0.956053257309,1.),
  .UNSPECIFIED.);
#3871 = CARTESIAN_POINT('',(16.466977002044,-4.060678857609E-07,
    -1.035000000001));
#3872 = CARTESIAN_POINT('',(16.464673205445,-3.329566766199E-02,
    -1.035000000001));
#3873 = CARTESIAN_POINT('',(16.462369233306,-6.659078687302E-02,
    -1.033750391183));
#3874 = CARTESIAN_POINT('',(16.460065173862,-9.982928311935E-02,
    -1.031251225457));
#3875 = CARTESIAN_POINT('',(16.457761092366,-0.132955016248,
    -1.027505691093));
#3876 = CARTESIAN_POINT('',(16.455457031087,-0.165912186534,
    -1.022520112717));
#3877 = CARTESIAN_POINT('',(16.453153009309,-0.198645334681,
    -1.016303951316));
#3878 = CARTESIAN_POINT('',(16.444563945526,-0.319631113514,
    -0.988590083171));
#3879 = CARTESIAN_POINT('',(16.438278523903,-0.406095846982,
    -0.959244435104));
#3880 = CARTESIAN_POINT('',(16.431993961191,-0.489363113486,
    -0.921088457644));
#3881 = CARTESIAN_POINT('',(16.425709677028,-0.568363505154,
    -0.874553214519));
#3882 = CARTESIAN_POINT('',(16.419424852471,-0.642104086872,
    -0.820223446342));
#3883 = CARTESIAN_POINT('',(16.413139425689,-0.709689257437,
    -0.7588254097));
#3884 = CARTESIAN_POINT('',(16.401182131872,-0.825093513477,
    -0.630211192666));
#3885 = CARTESIAN_POINT('',(16.395509265547,-0.874205896513,
    -0.564135217444));
#3886 = CARTESIAN_POINT('',(16.38983665527,-0.917115160861,
    -0.493627988104));
#3887 = CARTESIAN_POINT('',(16.384164258045,-0.953351114177,
    -0.419392975407));
#3888 = CARTESIAN_POINT('',(16.3784917279,-0.982542884027,
    -0.342190018059));
#3889 = CARTESIAN_POINT('',(16.372818932508,-1.004425135601,
    -0.262822565745));
#3890 = CARTESIAN_POINT('',(16.363937256555,-1.02701115993,
    -0.136472966294));
#3891 = CARTESIAN_POINT('',(16.360727961887,-1.032785604782,
    -9.039123754902E-02));
#3892 = CARTESIAN_POINT('',(16.35751868586,-1.03614646894,
    -4.403279010323E-02));
#3893 = CARTESIAN_POINT('',(16.35430941666,-1.037078778424,
    2.450624434517E-03));
#3894 = CARTESIAN_POINT('',(16.35110012586,-1.035579471439,
    4.890660215887E-02));
#3895 = CARTESIAN_POINT('',(16.347890802474,-1.031657415826,
    9.518290859521E-02));
#3896 = CARTESIAN_POINT('',(16.337705455173,-1.011587083521,
    0.240998980789));
#3897 = CARTESIAN_POINT('',(16.330728282906,-0.986489478263,
    0.339323338798));
#3898 = CARTESIAN_POINT('',(16.323751836823,-0.950251713475,
    0.434523971283));
#3899 = CARTESIAN_POINT('',(16.316775864801,-0.903361045772,
    0.525098217576));
#3900 = CARTESIAN_POINT('',(16.309799427454,-0.846543255607,
    0.609644256479));
#3901 = CARTESIAN_POINT('',(16.302822302064,-0.780744058632,
    0.686896938522));
#3902 = CARTESIAN_POINT('',(16.28821478972,-0.626596481452,
    0.831123041617));
#3903 = CARTESIAN_POINT('',(16.280581673465,-0.536677876536,
    0.89647800544));
#3904 = CARTESIAN_POINT('',(16.272949952886,-0.438894260362,
    0.950401940137));
#3905 = CARTESIAN_POINT('',(16.265319074049,-0.33500405185,
    0.991798507134));
#3906 = CARTESIAN_POINT('',(16.257687327458,-0.22693126194,
    1.019900991345));
#3907 = CARTESIAN_POINT('',(16.250054172611,-0.116706562967,
    1.034295839603));
#3908 = CARTESIAN_POINT('',(16.234011522469,0.11512617498,1.035734200506
    ));
#3909 = CARTESIAN_POINT('',(16.2255975674,0.236817180051,1.019834910145)
  );
#3910 = CARTESIAN_POINT('',(16.217185642163,0.35584142449,0.987245116897
    ));
#3911 = CARTESIAN_POINT('',(16.208774652807,0.469467182906,
    0.938550156167));
#3912 = CARTESIAN_POINT('',(16.200362805625,0.575153869293,
    0.874838967815));
#3913 = CARTESIAN_POINT('',(16.191948941495,0.670593873358,
    0.797685843567));
#3914 = CARTESIAN_POINT('',(16.176702963011,0.821553755533,
    0.637205002169));
#3915 = CARTESIAN_POINT('',(16.169867083307,0.88123059884,0.557713334779
    ));
#3916 = CARTESIAN_POINT('',(16.163031985614,0.931878158946,
    0.471761672737));
#3917 = CARTESIAN_POINT('',(16.156197323371,0.97268016484,0.380590701055
    ));
#3918 = CARTESIAN_POINT('',(16.14936212394,1.003030310091,0.285555096917
    ));
#3919 = CARTESIAN_POINT('',(16.142526126352,1.022547168321,
    0.188090283921));
#3920 = CARTESIAN_POINT('',(16.132687289127,1.034867911392,
    4.64418435467E-02));
#3921 = CARTESIAN_POINT('',(16.129683487709,1.03651342277,
    3.012568716739E-03));
#3922 = CARTESIAN_POINT('',(16.126679696061,1.036032105505,
    -4.047632575E-02));
#3923 = CARTESIAN_POINT('',(16.123675917602,1.033422308239,
    -8.38998594165E-02));
#3924 = CARTESIAN_POINT('',(16.120672144922,1.028691531525,
    -0.127133310074));
#3925 = CARTESIAN_POINT('',(16.117668378067,1.021856390978,
    -0.170052801925));
#3926 = CARTESIAN_POINT('',(16.109041355938,0.996255053088,
    -0.292068406916));
#3927 = CARTESIAN_POINT('',(16.103417761687,0.972281052019,
    -0.370077521817));
#3928 = CARTESIAN_POINT('',(16.097794501587,0.941188977789,
    -0.445752579816));
#3929 = CARTESIAN_POINT('',(16.092171494336,0.903259599027,
    -0.518318641703));
#3930 = CARTESIAN_POINT('',(16.086548339917,0.858874428066,
    -0.587045736592));
#3931 = CARTESIAN_POINT('',(16.080924821931,0.808509442984,
    -0.651260908613));
#3932 = CARTESIAN_POINT('',(16.073885040083,0.738684804317,
    -0.725250424209));
#3933 = CARTESIAN_POINT('',(16.072468561392,0.724291925484,
    -0.739813628624));
#3934 = CARTESIAN_POINT('',(16.071052071105,0.709564516042,
    -0.754043142222));
#3935 = CARTESIAN_POINT('',(16.069635568539,0.69451187899,
    -0.767929765974));
#3936 = CARTESIAN_POINT('',(16.06821905331,0.679143623815,
    -0.781464634256));
#3937 = CARTESIAN_POINT('',(16.066802525326,0.663469666495,
    -0.794639214851));
#3938 = CARTESIAN_POINT('',(16.061295387068,0.601384681746,
    -0.84442595166));
#3939 = CARTESIAN_POINT('',(16.057204616007,0.552804179877,
    -0.878334453334));
#3940 = CARTESIAN_POINT('',(16.053113790225,0.502005891646,
    -0.908972588998));
#3941 = CARTESIAN_POINT('',(16.049022955028,0.449255140028,
    -0.936168204408));
#3942 = CARTESIAN_POINT('',(16.044932146147,0.394832891064,
    -0.959776488091));
#3943 = CARTESIAN_POINT('',(16.040841453453,0.339033241712,
    -0.979681243365));
#3944 = CARTESIAN_POINT('',(16.033926069825,0.24288200699,
    -1.006925934386));
#3945 = CARTESIAN_POINT('',(16.031101160473,0.203090787702,
    -1.016248171111));
#3946 = CARTESIAN_POINT('',(16.028276389644,0.162887324865,
    -1.023734517579));
#3947 = CARTESIAN_POINT('',(16.025451757213,0.122373297578,
    -1.029363623183));
#3948 = CARTESIAN_POINT('',(16.02262720802,8.165155628846E-02,
    -1.033121186152));
#3949 = CARTESIAN_POINT('',(16.019802609969,4.082569007404E-02,
    -1.035000000001));
#3950 = CARTESIAN_POINT('',(16.016977732133,-4.06067905967E-07,
    -1.035000000001));
#3951 = ORIENTED_EDGE('',*,*,#3513,.T.);
#3952 = ORIENTED_EDGE('',*,*,#3782,.T.);
#3953 = ORIENTED_EDGE('',*,*,#3954,.F.);
#3954 = EDGE_CURVE('',#3868,#3783,#3955,.T.);
#3955 = B_SPLINE_CURVE_WITH_KNOTS('',1,(#3956,#3957),.UNSPECIFIED.,.F.,
  .F.,(2,2),(0.,0.39175),.PIECEWISE_BEZIER_KNOTS.);
#3956 = CARTESIAN_POINT('',(15.951012210517,-6.996109707114E-07,
    -0.920734585379));
#3957 = CARTESIAN_POINT('',(16.146874629023,2.125528442143E-08,
    -1.260007300928));
#3958 = B_SPLINE_SURFACE_WITH_KNOTS('',1,8,(
    (#3959,#3960,#3961,#3962,#3963,#3964,#3965,#3966,#3967,#3968,#3969
      ,#3970,#3971,#3972,#3973,#3974,#3975,#3976,#3977,#3978,#3979,#3980
      ,#3981,#3982,#3983,#3984,#3985)
    ,(#3986,#3987,#3988,#3989,#3990,#3991,#3992,#3993,#3994,#3995,#3996
      ,#3997,#3998,#3999,#4000,#4001,#4002,#4003,#4004,#4005,#4006,#4007
      ,#4008,#4009,#4010,#4011,#4012
    )),.UNSPECIFIED.,.F.,.F.,.F.,(2,2),(9,6,6,6,9),(0.,0.39175),(0.,
    1.574819783427,3.149639566854,4.72445935028,6.299279133707),
  .UNSPECIFIED.);
#3959 = CARTESIAN_POINT('',(16.401010853792,-6.218763866084E-07,
    -0.920734581211));
#3960 = CARTESIAN_POINT('',(16.386948938142,-0.18080037353,
    -0.920734460926));
#3961 = CARTESIAN_POINT('',(16.372890240752,-0.361554147681,
    -0.880171699741));
#3962 = CARTESIAN_POINT('',(16.358821828871,-0.531736164083,
    -0.799038242757));
#3963 = CARTESIAN_POINT('',(16.344760133967,-0.680668054308,
    -0.680649350277));
#3964 = CARTESIAN_POINT('',(16.330698588925,-0.799029031839,
    -0.531733645429));
#3965 = CARTESIAN_POINT('',(16.316636837482,-0.880166341988,
    -0.361571212021));
#3966 = CARTESIAN_POINT('',(16.288512206,-0.961302741415,
    -2.064940400305E-06));
#3967 = CARTESIAN_POINT('',(16.260386399204,-0.88016621913,
    0.361573057864));
#3968 = CARTESIAN_POINT('',(16.246323420873,-0.799029361045,
    0.531740733152));
#3969 = CARTESIAN_POINT('',(16.232261159206,-0.68065940948,
    0.680663427876));
#3970 = CARTESIAN_POINT('',(16.218199137064,-0.531737709818,
    0.799030140896));
#3971 = CARTESIAN_POINT('',(16.204136691498,-0.361572649456,
    0.880165672993));
#3972 = CARTESIAN_POINT('',(16.176011532155,6.899416499585E-07,
    0.961301062163));
#3973 = CARTESIAN_POINT('',(16.147886372812,0.361573912667,
    0.880165153052));
#3974 = CARTESIAN_POINT('',(16.133823927245,0.531738856203,
    0.799029376901));
#3975 = CARTESIAN_POINT('',(16.119761905104,0.68066038702,0.68066245385)
  );
#3976 = CARTESIAN_POINT('',(16.105699643438,0.79903012779,0.531739587878
    ));
#3977 = CARTESIAN_POINT('',(16.091636665107,0.88016673876,0.361571794822
    ));
#3978 = CARTESIAN_POINT('',(16.06351085831,0.961302737378,
    -3.444729030553E-06));
#3979 = CARTESIAN_POINT('',(16.035386226828,0.880165821089,
    -0.361572475063));
#3980 = CARTESIAN_POINT('',(16.021324475384,0.799028268254,
    -0.53173479231));
#3981 = CARTESIAN_POINT('',(16.007262930343,0.680667095625,-0.680650331)
  );
#3982 = CARTESIAN_POINT('',(15.993201235442,0.531735007558,
    -0.799039021897));
#3983 = CARTESIAN_POINT('',(15.979132823558,0.361552883588,
    -0.880172196149));
#3984 = CARTESIAN_POINT('',(15.965074126167,0.180799052043,
    -0.920734720921));
#3985 = CARTESIAN_POINT('',(15.951012210517,-6.996109707114E-07,
    -0.920734585379));
#3986 = CARTESIAN_POINT('',(16.596874670256,1.889282241763E-08,
    -1.260006489714));
#3987 = CARTESIAN_POINT('',(16.582812152498,-0.247401332843,
    -1.260006842818));
#3988 = CARTESIAN_POINT('',(16.568749536934,-0.494802113455,
    -1.204504309876));
#3989 = CARTESIAN_POINT('',(16.554687216592,-0.727674091345,
    -1.093447801878));
#3990 = CARTESIAN_POINT('',(16.540624692142,-0.93146888917,
    -0.931467569045));
#3991 = CARTESIAN_POINT('',(16.526562163108,-1.093456771229,
    -0.727668479382));
#3992 = CARTESIAN_POINT('',(16.512499640361,-1.204489950228,
    -0.494804207061));
#3993 = CARTESIAN_POINT('',(16.484374629161,-1.315523984409,
    -2.595334778295E-06));
#3994 = CARTESIAN_POINT('',(16.456249653681,-1.204490277216,
    0.494803494866));
#3995 = CARTESIAN_POINT('',(16.442187168218,-1.093456673378,
    0.727672653497));
#3996 = CARTESIAN_POINT('',(16.428124660975,-0.931471113116,
    0.931473736574));
#3997 = CARTESIAN_POINT('',(16.414062146452,-0.727670516466,
    1.093457921846));
#3998 = CARTESIAN_POINT('',(16.399999644798,-0.494803264217,
    1.204489668938));
#3999 = CARTESIAN_POINT('',(16.37187464964,-4.222255252657E-09,
    1.315521519968));
#4000 = CARTESIAN_POINT('',(16.343749654483,0.494803215531,
    1.204489489606));
#4001 = CARTESIAN_POINT('',(16.329687152829,0.72767039783,1.093457784133
    ));
#4002 = CARTESIAN_POINT('',(16.315624638306,0.931471203036,
    0.931474330679));
#4003 = CARTESIAN_POINT('',(16.301562131062,1.09345734592,0.727672987732
    ));
#4004 = CARTESIAN_POINT('',(16.2874996456,1.204490394904,0.494803576066)
  );
#4005 = CARTESIAN_POINT('',(16.259374670119,1.315523198621,
    -2.568165109476E-06));
#4006 = CARTESIAN_POINT('',(16.23124965892,1.204489586361,
    -0.494804125861));
#4007 = CARTESIAN_POINT('',(16.217187136167,1.093456715026,
    -0.727668457188));
#4008 = CARTESIAN_POINT('',(16.203124607156,0.93147247468,
    -0.931468284667));
#4009 = CARTESIAN_POINT('',(16.189062082669,0.72767222329,
    -1.093450883223));
#4010 = CARTESIAN_POINT('',(16.174999762355,0.494801995059,
    -1.20449989494));
#4011 = CARTESIAN_POINT('',(16.160937146783,0.247401372991,
    -1.260006947361));
#4012 = CARTESIAN_POINT('',(16.146874629023,2.125528442143E-08,
    -1.260007300928));
#4013 = ADVANCED_FACE('',(#4014),#4115,.F.);
#4014 = FACE_BOUND('',#4015,.T.);
#4015 = EDGE_LOOP('',(#4016,#4017,#4018,#4109));
#4016 = ORIENTED_EDGE('',*,*,#3867,.F.);
#4017 = ORIENTED_EDGE('',*,*,#3669,.T.);
#4018 = ORIENTED_EDGE('',*,*,#4019,.T.);
#4019 = EDGE_CURVE('',#3579,#4020,#4022,.T.);
#4020 = VERTEX_POINT('',#4021);
#4021 = CARTESIAN_POINT('',(15.883046782252,-2.538005588588E-07,
    -1.035000000001));
#4022 = B_SPLINE_CURVE_WITH_KNOTS('',7,(#4023,#4024,#4025,#4026,#4027,
    #4028,#4029,#4030,#4031,#4032,#4033,#4034,#4035,#4036,#4037,#4038,
    #4039,#4040,#4041,#4042,#4043,#4044,#4045,#4046,#4047,#4048,#4049,
    #4050,#4051,#4052,#4053,#4054,#4055,#4056,#4057,#4058,#4059,#4060,
    #4061,#4062,#4063,#4064,#4065,#4066,#4067,#4068,#4069,#4070,#4071,
    #4072,#4073,#4074,#4075,#4076,#4077,#4078,#4079,#4080,#4081,#4082,
    #4083,#4084,#4085,#4086,#4087,#4088,#4089,#4090,#4091,#4092,#4093,
    #4094,#4095,#4096,#4097,#4098,#4099,#4100,#4101,#4102,#4103,#4104,
    #4105,#4106,#4107,#4108),.UNSPECIFIED.,.F.,.F.,(8,6,6,6,6,6,6,6,6,6,
    6,6,6,6,8),(0.,3.800134536401E-02,0.10941823266,0.136855343877,
    0.228856067073,0.293583957942,0.386054357502,0.499634857435,
    0.633217183451,0.750452885942,0.813279761349,0.872171842776,
    0.895655327194,0.959355094843,1.),.UNSPECIFIED.);
#4023 = CARTESIAN_POINT('',(16.333044985024,-4.568393408011E-07,
    -1.035000000001));
#4024 = CARTESIAN_POINT('',(16.330602330017,-3.530348230293E-02,
    -1.035000000001));
#4025 = CARTESIAN_POINT('',(16.328159955929,-7.060639747115E-02,
    -1.033595136471));
#4026 = CARTESIAN_POINT('',(16.325717673527,-0.105841818133,
    -1.030785474259));
#4027 = CARTESIAN_POINT('',(16.323275348784,-0.140942821661,
    -1.026575040549));
#4028 = CARTESIAN_POINT('',(16.320832902878,-0.175842947008,
    -1.020971824856));
#4029 = CARTESIAN_POINT('',(16.318390312186,-0.21047619471,
    -1.013987779029));
#4030 = CARTESIAN_POINT('',(16.311356973226,-0.309239446366,
    -0.989948402692));
#4031 = CARTESIAN_POINT('',(16.306765740493,-0.372530269216,
    -0.969436635656));
#4032 = CARTESIAN_POINT('',(16.302174222474,-0.434213839446,
    -0.94420952114));
#4033 = CARTESIAN_POINT('',(16.297582586937,-0.493869953047,
    -0.91442105468));
#4034 = CARTESIAN_POINT('',(16.292990935159,-0.551098380806,
    -0.880271015443));
#4035 = CARTESIAN_POINT('',(16.28839938005,-0.605523391124,
    -0.842002759307));
#4036 = CARTESIAN_POINT('',(16.282044244603,-0.676497179972,
    -0.783726261577));
#4037 = CARTESIAN_POINT('',(16.280280391597,-0.695731394304,
    -0.766985515243));
#4038 = CARTESIAN_POINT('',(16.278516566246,-0.714481344184,
    -0.749694848687));
#4039 = CARTESIAN_POINT('',(16.276752768525,-0.73272821832,
    -0.731871116481));
#4040 = CARTESIAN_POINT('',(16.274988997393,-0.750453965757,
    -0.713531952033));
#4041 = CARTESIAN_POINT('',(16.273225250789,-0.767641295879,
    -0.694695767585));
#4042 = CARTESIAN_POINT('',(16.265547492332,-0.840044535962,
    -0.610618988789));
#4043 = CARTESIAN_POINT('',(16.259633224828,-0.889580602233,
    -0.540478104828));
#4044 = CARTESIAN_POINT('',(16.2537194291,-0.932250832258,
    -0.465688511723));
#4045 = CARTESIAN_POINT('',(16.247805802744,-0.967543519582,
    -0.387061946751));
#4046 = CARTESIAN_POINT('',(16.241891810054,-0.995066031106,
    -0.305473186774));
#4047 = CARTESIAN_POINT('',(16.235977338369,-1.014551968989,
    -0.221844069616));
#4048 = CARTESIAN_POINT('',(16.225902318471,-1.033842708736,
    -7.753010181686E-02));
#4049 = CARTESIAN_POINT('',(16.221741269031,-1.037769987778,
    -1.73881769003E-02));
#4050 = CARTESIAN_POINT('',(16.217580243333,-1.037613393019,
    4.296437035222E-02));
#4051 = CARTESIAN_POINT('',(16.21341924153,-1.033362634258,
    0.103194786495));
#4052 = CARTESIAN_POINT('',(16.209258209673,-1.025041125179,
    0.16297116965));
#4053 = CARTESIAN_POINT('',(16.205097141428,-1.012705773741,
    0.22196549523));
#4054 = CARTESIAN_POINT('',(16.194991821322,-0.97321912965,
    0.362560053898));
#4055 = CARTESIAN_POINT('',(16.189047033241,-0.941981249216,
    0.443021151319));
#4056 = CARTESIAN_POINT('',(16.183102677894,-0.902995737731,0.5202963066
    ));
#4057 = CARTESIAN_POINT('',(16.177158598021,-0.856662661428,
    0.593496889934));
#4058 = CARTESIAN_POINT('',(16.171214287885,-0.803502862102,
    0.661800095093));
#4059 = CARTESIAN_POINT('',(16.165269569832,-0.744148296477,
    0.724464162815));
#4060 = CARTESIAN_POINT('',(16.152023957804,-0.599735255588,
    0.850103726802));
#4061 = CARTESIAN_POINT('',(16.144721202567,-0.511878937217,
    0.90990459122));
#4062 = CARTESIAN_POINT('',(16.137419334178,-0.417144481589,
    0.959044957767));
#4063 = CARTESIAN_POINT('',(16.130118021141,-0.317095600036,
    0.996607790579));
#4064 = CARTESIAN_POINT('',(16.122816082906,-0.213428385504,
    1.021956246388));
#4065 = CARTESIAN_POINT('',(16.115513253824,-0.107923802797,
    1.034751555928));
#4066 = CARTESIAN_POINT('',(16.099624769333,0.121685146564,
    1.035286092422));
#4067 = CARTESIAN_POINT('',(16.091034779753,0.245864636037,
    1.018216410793));
#4068 = CARTESIAN_POINT('',(16.082447451472,0.367135130841,
    0.983758987446));
#4069 = CARTESIAN_POINT('',(16.073861379673,0.48259253773,0.932563220822
    ));
#4070 = CARTESIAN_POINT('',(16.065274102662,0.589547520553,
    0.865821807107));
#4071 = CARTESIAN_POINT('',(16.05668414207,0.685569227787,0.78525077638)
  );
#4072 = CARTESIAN_POINT('',(16.0405607494,0.841600751985,0.612203933508)
  );
#4073 = CARTESIAN_POINT('',(16.033022727061,0.904617873741,
    0.522348632824));
#4074 = CARTESIAN_POINT('',(16.025485742285,0.956365937687,
    0.425011242728));
#4075 = CARTESIAN_POINT('',(16.01794945207,0.99581626609,0.321901126119)
  );
#4076 = CARTESIAN_POINT('',(16.010412476469,1.022256282012,
    0.214880592601));
#4077 = CARTESIAN_POINT('',(16.002874463316,1.035310858488,
    0.105909227185));
#4078 = CARTESIAN_POINT('',(15.991299409285,1.034826031453,
    -6.136444930881E-02));
#4079 = CARTESIAN_POINT('',(15.987260642304,1.03081701321,
    -0.119718898905));
#4080 = CARTESIAN_POINT('',(15.983221957961,1.022969030819,
    -0.177758286826));
#4081 = CARTESIAN_POINT('',(15.979183325246,1.011313051519,
    -0.235179840998));
#4082 = CARTESIAN_POINT('',(15.975144663877,0.995909595977,
    -0.291685469103));
#4083 = CARTESIAN_POINT('',(15.971105943742,0.976848214223,-0.3469843108
    ));
#4084 = CARTESIAN_POINT('',(15.963281562781,0.933061206253,
    -0.451236133028));
#4085 = CARTESIAN_POINT('',(15.959495782197,0.908764482442,
    -0.50037112934));
#4086 = CARTESIAN_POINT('',(15.955710025771,0.881453957644,
    -0.547968930192));
#4087 = CARTESIAN_POINT('',(15.95192427856,0.851247618684,
    -0.593808522469));
#4088 = CARTESIAN_POINT('',(15.948138495042,0.818283242814,
    -0.637680798994));
#4089 = CARTESIAN_POINT('',(15.944352666661,0.782717368806,
    -0.679390128916));
#4090 = CARTESIAN_POINT('',(15.9390572935,0.729574346894,-0.734453218939
    ));
#4091 = CARTESIAN_POINT('',(15.937547697308,0.714038394288,
    -0.749777977656));
#4092 = CARTESIAN_POINT('',(15.936038101545,0.698127431242,
    -0.764718786282));
#4093 = CARTESIAN_POINT('',(15.93452850686,0.68185286769,-0.77926466276)
  );
#4094 = CARTESIAN_POINT('',(15.933018913796,0.665226502484,
    -0.793405060925));
#4095 = CARTESIAN_POINT('',(15.931509322783,0.648260523394,
    -0.807129870504));
#4096 = CARTESIAN_POINT('',(15.925904922491,0.584059599411,
    -0.856504899537));
#4097 = CARTESIAN_POINT('',(15.921810050399,0.53474442735,
    -0.889452041798));
#4098 = CARTESIAN_POINT('',(15.917715262121,0.483273951543,
    -0.919077047737));
#4099 = CARTESIAN_POINT('',(15.913620526041,0.42991783738,
    -0.945212671206));
#4100 = CARTESIAN_POINT('',(15.90952574859,0.374960896567,
    -0.967719444191));
#4101 = CARTESIAN_POINT('',(15.90543088817,0.318700528678,
    -0.986486904942));
#4102 = CARTESIAN_POINT('',(15.898723288211,0.224910598294,
    -1.010972644831));
#4103 = CARTESIAN_POINT('',(15.896110496054,0.187970852684,
    -1.018955575898));
#4104 = CARTESIAN_POINT('',(15.893497686396,0.150704859561,
    -1.025362813132));
#4105 = CARTESIAN_POINT('',(15.890884871236,0.113193194251,
    -1.030178730356));
#4106 = CARTESIAN_POINT('',(15.888272080774,7.551707372901E-02,
    -1.03339288138));
#4107 = CARTESIAN_POINT('',(15.885659363414,3.775835661136E-02,
    -1.035000000001));
#4108 = CARTESIAN_POINT('',(15.883046785764,-4.568393288107E-07,
    -1.035000000001));
#4109 = ORIENTED_EDGE('',*,*,#4110,.F.);
#4110 = EDGE_CURVE('',#3868,#4020,#4111,.T.);
#4111 = LINE('',#4112,#4113);
#4112 = CARTESIAN_POINT('',(20.,0.,-1.035));
#4113 = VECTOR('',#4114,1.);
#4114 = DIRECTION('',(-1.,0.,6.661338147751E-17));
#4115 = CYLINDRICAL_SURFACE('',#4116,1.035);
#4116 = AXIS2_PLACEMENT_3D('',#4117,#4118,#4119);
#4117 = CARTESIAN_POINT('',(20.,0.,0.));
#4118 = DIRECTION('',(-1.,-0.,-0.));
#4119 = DIRECTION('',(0.,0.,-1.));
#4120 = ADVANCED_FACE('',(#4121),#4156,.F.);
#4121 = FACE_BOUND('',#4122,.F.);
#4122 = EDGE_LOOP('',(#4123,#4149,#4150,#4151));
#4123 = ORIENTED_EDGE('',*,*,#4124,.F.);
#4124 = EDGE_CURVE('',#3684,#4125,#4127,.T.);
#4125 = VERTEX_POINT('',#4126);
#4126 = CARTESIAN_POINT('',(15.753124587739,2.362062560658E-08,
    -1.2600104299));
#4127 = B_SPLINE_CURVE_WITH_KNOTS('',11,(#4128,#4129,#4130,#4131,#4132,
    #4133,#4134,#4135,#4136,#4137,#4138,#4139,#4140,#4141,#4142,#4143,
    #4144,#4145,#4146,#4147,#4148),.UNSPECIFIED.,.F.,.F.,(12,9,12),(0.,
    3.149639566854,6.299279133707),.UNSPECIFIED.);
#4128 = CARTESIAN_POINT('',(16.203124628985,2.125745535153E-08,
    -1.26000938691));
#4129 = CARTESIAN_POINT('',(16.182670057692,-0.359857350707,
    -1.260010046394));
#4130 = CARTESIAN_POINT('',(16.162215287174,-0.719713606294,
    -1.146987485973));
#4131 = CARTESIAN_POINT('',(16.141761395179,-1.040125139409,
    -0.920793622856));
#4132 = CARTESIAN_POINT('',(16.121306341077,-1.281550554951,
    -0.597217594842));
#4133 = CARTESIAN_POINT('',(16.100851566383,-1.411650186878,
    -0.206979009785));
#4134 = CARTESIAN_POINT('',(16.080397547007,-1.4115984415,0.20697190138)
  );
#4135 = CARTESIAN_POINT('',(16.059942769482,-1.281587834925,
    0.597191892961));
#4136 = CARTESIAN_POINT('',(16.039488257859,-1.040109752278,
    0.920856388233));
#4137 = CARTESIAN_POINT('',(16.019033692226,-0.719715566131,
    1.146957758725));
#4138 = CARTESIAN_POINT('',(15.978124608362,1.164939844273E-08,
    1.373059536295));
#4139 = CARTESIAN_POINT('',(15.9372155245,0.719715482861,1.1469574195));
#4140 = CARTESIAN_POINT('',(15.916760973924,1.040109551076,
    0.920855225533));
#4141 = CARTESIAN_POINT('',(15.896306388069,1.281584941478,0.59720007877
    ));
#4142 = CARTESIAN_POINT('',(15.875851775422,1.411619057018,
    0.206962006186));
#4143 = CARTESIAN_POINT('',(15.855397544581,1.411611108538,
    -0.206980410034));
#4144 = CARTESIAN_POINT('',(15.834942934936,1.281578861192,
    -0.597198193833));
#4145 = CARTESIAN_POINT('',(15.814487806409,1.040118921188,
    -0.920818622315));
#4146 = CARTESIAN_POINT('',(15.794033929571,0.719713236682,
    -1.146975907054));
#4147 = CARTESIAN_POINT('',(15.773579159035,0.359857395585,
    -1.260009769741));
#4148 = CARTESIAN_POINT('',(15.753124587739,2.362067607252E-08,
    -1.2600104299));
#4149 = ORIENTED_EDGE('',*,*,#3711,.T.);
#4150 = ORIENTED_EDGE('',*,*,#4019,.T.);
#4151 = ORIENTED_EDGE('',*,*,#4152,.F.);
#4152 = EDGE_CURVE('',#4125,#4020,#4153,.T.);
#4153 = B_SPLINE_CURVE_WITH_KNOTS('',1,(#4154,#4155),.UNSPECIFIED.,.F.,
  .F.,(2,2),(0.,0.39175),.PIECEWISE_BEZIER_KNOTS.);
#4154 = CARTESIAN_POINT('',(15.753124587739,2.362067619277E-08,
    -1.2600104299));
#4155 = CARTESIAN_POINT('',(15.949013566862,-7.773240375819E-07,
    -0.920753049202));
#4156 = B_SPLINE_SURFACE_WITH_KNOTS('',1,9,(
    (#4157,#4158,#4159,#4160,#4161,#4162,#4163,#4164,#4165,#4166,#4167
      ,#4168,#4169,#4170,#4171,#4172,#4173,#4174,#4175,#4176,#4177,#4178
      ,#4179,#4180,#4181,#4182,#4183,#4184,#4185,#4186,#4187)
    ,(#4188,#4189,#4190,#4191,#4192,#4193,#4194,#4195,#4196,#4197,#4198
      ,#4199,#4200,#4201,#4202,#4203,#4204,#4205,#4206,#4207,#4208,#4209
      ,#4210,#4211,#4212,#4213,#4214,#4215,#4216,#4217,#4218
  )),.UNSPECIFIED.,.F.,.F.,.F.,(2,2),(10,7,7,7,10),(0.,0.39175),(0.,
    1.574819783427,3.149639566854,4.72445935028,6.299279133707),
  .UNSPECIFIED.);
#4157 = CARTESIAN_POINT('',(16.203124628985,2.125745557358E-08,
    -1.26000938691));
#4158 = CARTESIAN_POINT('',(16.190624613195,-0.219912817165,
    -1.260009789928));
#4159 = CARTESIAN_POINT('',(16.178124521312,-0.439825229194,
    -1.21684160201));
#4160 = CARTESIAN_POINT('',(16.16562461543,-0.650051839831,
    -1.13046925615));
#4161 = CARTESIAN_POINT('',(16.153124661746,-0.840895271023,
    -1.003460928537));
#4162 = CARTESIAN_POINT('',(16.140624637971,-1.003465624251,
    -0.840892148678));
#4163 = CARTESIAN_POINT('',(16.128124614249,-1.130470558636,
    -0.650048612709));
#4164 = CARTESIAN_POINT('',(16.115624597836,-1.216830034819,
    -0.439827309458));
#4165 = CARTESIAN_POINT('',(16.090624589862,-1.303190105743,
    -2.347782940222E-06));
#4166 = CARTESIAN_POINT('',(16.065624609679,-1.216830261973,
    0.43982608467));
#4167 = CARTESIAN_POINT('',(16.053124622099,-1.130470506581,
    0.650051122409));
#4168 = CARTESIAN_POINT('',(16.04062462292,-1.003467042985,
    0.840897422586));
#4169 = CARTESIAN_POINT('',(16.028124613244,-0.840895078717,
    1.003469071267));
#4170 = CARTESIAN_POINT('',(16.015624604622,-0.6500496641,1.130471230928
    ));
#4171 = CARTESIAN_POINT('',(16.003124604057,-0.439826179028,
    1.216829475053));
#4172 = CARTESIAN_POINT('',(15.978124608363,-4.817077750516E-09,
    1.303187754006));
#4173 = CARTESIAN_POINT('',(15.953124612668,0.43982612869,1.216829267749
    ));
#4174 = CARTESIAN_POINT('',(15.940624612104,0.650049547594,
    1.130471032553));
#4175 = CARTESIAN_POINT('',(15.928124603481,0.840895080523,
    1.003469412436));
#4176 = CARTESIAN_POINT('',(15.915624593805,1.003467496022,0.84089803257
    ));
#4177 = CARTESIAN_POINT('',(15.903124594626,1.13047113696,0.650051437648
    ));
#4178 = CARTESIAN_POINT('',(15.890624607046,1.21683028657,0.439826174841
    ));
#4179 = CARTESIAN_POINT('',(15.865624626863,1.303189190114,
    -2.312103807244E-06));
#4180 = CARTESIAN_POINT('',(15.840624618889,1.216829504362,
    -0.439827219286));
#4181 = CARTESIAN_POINT('',(15.828124602482,1.130470237831,
    -0.65004913311));
#4182 = CARTESIAN_POINT('',(15.815624578738,1.003468439828,
    -0.840891191494));
#4183 = CARTESIAN_POINT('',(15.803124555005,0.840896468161,
    -1.003464665991));
#4184 = CARTESIAN_POINT('',(15.790624601272,0.650050295063,
    -1.130469440488));
#4185 = CARTESIAN_POINT('',(15.778124695422,0.43982511576,
    -1.216837219296));
#4186 = CARTESIAN_POINT('',(15.765624603531,0.219912862044,
    -1.260010026469));
#4187 = CARTESIAN_POINT('',(15.753124587739,2.362067619277E-08,
    -1.2600104299));
#4188 = CARTESIAN_POINT('',(16.399012210209,-6.995935943888E-07,
    -0.920751199063));
#4189 = CARTESIAN_POINT('',(16.386512729605,-0.160714650746,
    -0.920751785312));
#4190 = CARTESIAN_POINT('',(16.374015751964,-0.321392979515,
    -0.889206424108));
#4191 = CARTESIAN_POINT('',(16.361512655881,-0.47501944772,
    -0.826097738957));
#4192 = CARTESIAN_POINT('',(16.349011132621,-0.61448658574,
    -0.733278512272));
#4193 = CARTESIAN_POINT('',(16.336511914835,-0.733284746867,
    -0.614475759667));
#4194 = CARTESIAN_POINT('',(16.324012694831,-0.826090783726,
    -0.475021820689));
#4195 = CARTESIAN_POINT('',(16.311513234791,-0.889198947615,
    -0.321402951661));
#4196 = CARTESIAN_POINT('',(16.286513497053,-0.952306531327,
    -1.643071341355E-06));
#4197 = CARTESIAN_POINT('',(16.261512845232,-0.889198265244,0.3214042007
    ));
#4198 = CARTESIAN_POINT('',(16.249012436722,-0.826090099494,
    0.47502705051));
#4199 = CARTESIAN_POINT('',(16.236512409686,-0.733281767069,
    0.61448682353));
#4200 = CARTESIAN_POINT('',(16.224012727978,-0.614483598539,
    0.73328460186));
#4201 = CARTESIAN_POINT('',(16.211513011584,-0.475025070136,
    0.826091291947));
#4202 = CARTESIAN_POINT('',(16.199013030168,-0.321403887925,
    0.889197880417));
#4203 = CARTESIAN_POINT('',(16.174012888537,7.963879703308E-07,
    0.952304131972));
#4204 = CARTESIAN_POINT('',(16.149012746906,0.321405301819,
    0.889196969363));
#4205 = CARTESIAN_POINT('',(16.13651276549,0.475026259977,0.826090137039
    ));
#4206 = CARTESIAN_POINT('',(16.124013049095,0.614484841359,
    0.733284168273));
#4207 = CARTESIAN_POINT('',(16.111513367386,0.733283609483,
    0.614486665953));
#4208 = CARTESIAN_POINT('',(16.099013340351,0.826092020731,
    0.475026213203));
#4209 = CARTESIAN_POINT('',(16.086512931842,0.889198852204,
    0.321402857467));
#4210 = CARTESIAN_POINT('',(16.061512280019,0.952304907111,
    -3.189648008402E-06));
#4211 = CARTESIAN_POINT('',(16.036512542281,0.889197463316,
    -0.321404294893));
#4212 = CARTESIAN_POINT('',(16.024013082205,0.826091414693,
    -0.475022956211));
#4213 = CARTESIAN_POINT('',(16.011513862325,0.733283551831,
    -0.614478346201));
#4214 = CARTESIAN_POINT('',(15.999014644382,0.614492620452,
    -0.733283135974));
#4215 = CARTESIAN_POINT('',(15.986513121199,0.47501330796,
    -0.826100053126));
#4216 = CARTESIAN_POINT('',(15.974010025124,0.321391275088,
    -0.889199193069));
#4217 = CARTESIAN_POINT('',(15.961513047469,0.160713173829,
    -0.920752476515));
#4218 = CARTESIAN_POINT('',(15.949013566862,-7.773240375819E-07,
    -0.920753049202));
#4219 = ADVANCED_FACE('',(#4220),#4261,.F.);
#4220 = FACE_BOUND('',#4221,.F.);
#4221 = EDGE_LOOP('',(#4222,#4254,#4255,#4256));
#4222 = ORIENTED_EDGE('',*,*,#4223,.F.);
#4223 = EDGE_CURVE('',#3783,#4224,#4226,.T.);
#4224 = VERTEX_POINT('',#4225);
#4225 = CARTESIAN_POINT('',(15.696874587787,2.361792684609E-08,
    -1.260008112142));
#4226 = B_SPLINE_CURVE_WITH_KNOTS('',8,(#4227,#4228,#4229,#4230,#4231,
    #4232,#4233,#4234,#4235,#4236,#4237,#4238,#4239,#4240,#4241,#4242,
    #4243,#4244,#4245,#4246,#4247,#4248,#4249,#4250,#4251,#4252,#4253),
  .UNSPECIFIED.,.F.,.F.,(9,6,6,6,9),(0.,1.574819783427,3.149639566854,
    4.72445935028,6.299279133707),.UNSPECIFIED.);
#4227 = CARTESIAN_POINT('',(16.146874629023,2.125527254204E-08,
    -1.260007300928));
#4228 = CARTESIAN_POINT('',(16.132812111264,-0.247401489728,
    -1.260007654496));
#4229 = CARTESIAN_POINT('',(16.118749495691,-0.494802429799,
    -1.20450508629));
#4230 = CARTESIAN_POINT('',(16.104687175362,-0.72767455779,
    -1.093448507191));
#4231 = CARTESIAN_POINT('',(16.090624650911,-0.931469487105,
    -0.931468170508));
#4232 = CARTESIAN_POINT('',(16.076562121874,-1.093457473854,
    -0.72766894992));
#4233 = CARTESIAN_POINT('',(16.062499599126,-1.204490724772,
    -0.494804527884));
#4234 = CARTESIAN_POINT('',(16.034374587925,-1.315524831366,
    -2.597801013879E-06));
#4235 = CARTESIAN_POINT('',(16.006249612447,-1.204491053615,
    0.494803811169));
#4236 = CARTESIAN_POINT('',(15.992187126985,-1.093457378731,
    0.727673119929));
#4237 = CARTESIAN_POINT('',(15.978124619741,-0.931471714563,
    0.931474334527));
#4238 = CARTESIAN_POINT('',(15.964062105217,-0.727670986998,
    1.093458624471));
#4239 = CARTESIAN_POINT('',(15.949999603563,-0.494803585033,
    1.204490443483));
#4240 = CARTESIAN_POINT('',(15.921874608406,-6.68890341841E-09,
    1.315522366924));
#4241 = CARTESIAN_POINT('',(15.893749613249,0.49480353183,1.204490266006
    ));
#4242 = CARTESIAN_POINT('',(15.879687111594,0.727670864262,
    1.093458489487));
#4243 = CARTESIAN_POINT('',(15.86562459707,0.93147180099,0.931474932125)
  );
#4244 = CARTESIAN_POINT('',(15.851562089826,1.093458048543,
    0.727673458265));
#4245 = CARTESIAN_POINT('',(15.837499604365,1.204491169448,
    0.494803896885));
#4246 = CARTESIAN_POINT('',(15.809374628886,1.315524045577,
    -2.565698054781E-06));
#4247 = CARTESIAN_POINT('',(15.781249617686,1.20449036276,
    -0.494804442167));
#4248 = CARTESIAN_POINT('',(15.767187094931,1.09345742038,
    -0.727668923624));
#4249 = CARTESIAN_POINT('',(15.753124565918,0.931473076106,
    -0.931468882637));
#4250 = CARTESIAN_POINT('',(15.739062041429,0.727672693835,
    -1.093451585806));
#4251 = CARTESIAN_POINT('',(15.724999721129,0.494802315921,
    -1.204500669499));
#4252 = CARTESIAN_POINT('',(15.710937105549,0.247401534601,
    -1.260007758111));
#4253 = CARTESIAN_POINT('',(15.696874587787,2.361797757366E-08,
    -1.260008112142));
#4254 = ORIENTED_EDGE('',*,*,#3816,.T.);
#4255 = ORIENTED_EDGE('',*,*,#4124,.T.);
#4256 = ORIENTED_EDGE('',*,*,#4257,.F.);
#4257 = EDGE_CURVE('',#4224,#4125,#4258,.T.);
#4258 = B_SPLINE_CURVE_WITH_KNOTS('',1,(#4259,#4260),.UNSPECIFIED.,.F.,
  .F.,(2,2),(0.,5.625E-02),.PIECEWISE_BEZIER_KNOTS.);
#4259 = CARTESIAN_POINT('',(15.696874587787,2.361797712034E-08,
    -1.260008112142));
#4260 = CARTESIAN_POINT('',(15.753124587739,2.362067607252E-08,
    -1.2600104299));
#4261 = B_SPLINE_SURFACE_WITH_KNOTS('',1,11,(
    (#4262,#4263,#4264,#4265,#4266,#4267,#4268,#4269,#4270,#4271,#4272
      ,#4273,#4274,#4275,#4276,#4277,#4278,#4279,#4280,#4281,#4282)
    ,(#4283,#4284,#4285,#4286,#4287,#4288,#4289,#4290,#4291,#4292,#4293
      ,#4294,#4295,#4296,#4297,#4298,#4299,#4300,#4301,#4302,#4303
  )),.UNSPECIFIED.,.F.,.F.,.F.,(2,2),(12,9,12),(0.,5.625E-02),(0.,
    3.149639566854,6.299279133707),.UNSPECIFIED.);
#4262 = CARTESIAN_POINT('',(16.146874629023,2.125527265306E-08,
    -1.260007300928));
#4263 = CARTESIAN_POINT('',(16.126420057736,-0.359856721993,
    -1.260007815209));
#4264 = CARTESIAN_POINT('',(16.105965287266,-0.719712302657,
    -1.146984197877));
#4265 = CARTESIAN_POINT('',(16.085511395139,-1.040122416759,
    -0.92079474264));
#4266 = CARTESIAN_POINT('',(16.065056341118,-1.281552286163,
    -0.597214609177));
#4267 = CARTESIAN_POINT('',(16.044601566521,-1.411641898475,
    -0.206978436304));
#4268 = CARTESIAN_POINT('',(16.024147546984,-1.411599744864,
    0.206970061346));
#4269 = CARTESIAN_POINT('',(16.003692769538,-1.281584448141,
    0.597191963037));
#4270 = CARTESIAN_POINT('',(15.983238257897,-1.04010812674,
    0.920854592456));
#4271 = CARTESIAN_POINT('',(15.962783692271,-0.71971430373,
    1.146955713871));
#4272 = CARTESIAN_POINT('',(15.921874608405,3.629430045371E-09,
    1.373057136872));
#4273 = CARTESIAN_POINT('',(15.880965524542,0.71971422989,1.146955455723
    ));
#4274 = CARTESIAN_POINT('',(15.860510973968,1.040108211173,
    0.920853801038));
#4275 = CARTESIAN_POINT('',(15.840056388116,1.28158121785,0.597197928683
    ));
#4276 = CARTESIAN_POINT('',(15.819601775493,1.411617518778,
    0.206963110595));
#4277 = CARTESIAN_POINT('',(15.79914754458,1.411609764594,
    -0.206980248557));
#4278 = CARTESIAN_POINT('',(15.778692934939,1.281575281953,
    -0.597199098141));
#4279 = CARTESIAN_POINT('',(15.758237806557,1.040117339441,
    -0.920814283105));
#4280 = CARTESIAN_POINT('',(15.737783929561,0.719712024255,
    -1.14697518636));
#4281 = CARTESIAN_POINT('',(15.717329159077,0.359856766866,
    -1.260007597188));
#4282 = CARTESIAN_POINT('',(15.696874587787,2.361797712034E-08,
    -1.260008112142));
#4283 = CARTESIAN_POINT('',(16.203124628985,2.125745535153E-08,
    -1.26000938691));
#4284 = CARTESIAN_POINT('',(16.182670057692,-0.359857350707,
    -1.260010046394));
#4285 = CARTESIAN_POINT('',(16.162215287174,-0.719713606294,
    -1.146987485973));
#4286 = CARTESIAN_POINT('',(16.141761395179,-1.040125139409,
    -0.920793622856));
#4287 = CARTESIAN_POINT('',(16.121306341077,-1.281550554951,
    -0.597217594842));
#4288 = CARTESIAN_POINT('',(16.100851566383,-1.411650186878,
    -0.206979009785));
#4289 = CARTESIAN_POINT('',(16.080397547007,-1.4115984415,0.20697190138)
  );
#4290 = CARTESIAN_POINT('',(16.059942769482,-1.281587834925,
    0.597191892961));
#4291 = CARTESIAN_POINT('',(16.039488257859,-1.040109752278,
    0.920856388233));
#4292 = CARTESIAN_POINT('',(16.019033692226,-0.719715566131,
    1.146957758725));
#4293 = CARTESIAN_POINT('',(15.978124608362,1.164939844273E-08,
    1.373059536295));
#4294 = CARTESIAN_POINT('',(15.9372155245,0.719715482861,1.1469574195));
#4295 = CARTESIAN_POINT('',(15.916760973924,1.040109551076,
    0.920855225533));
#4296 = CARTESIAN_POINT('',(15.896306388069,1.281584941478,0.59720007877
    ));
#4297 = CARTESIAN_POINT('',(15.875851775422,1.411619057018,
    0.206962006186));
#4298 = CARTESIAN_POINT('',(15.855397544581,1.411611108538,
    -0.206980410034));
#4299 = CARTESIAN_POINT('',(15.834942934936,1.281578861192,
    -0.597198193833));
#4300 = CARTESIAN_POINT('',(15.814487806409,1.040118921188,
    -0.920818622315));
#4301 = CARTESIAN_POINT('',(15.794033929571,0.719713236682,
    -1.146975907054));
#4302 = CARTESIAN_POINT('',(15.773579159035,0.359857395585,
    -1.260009769741));
#4303 = CARTESIAN_POINT('',(15.753124587739,2.362067607252E-08,
    -1.2600104299));
#4304 = ADVANCED_FACE('',(#4305),#4393,.F.);
#4305 = FACE_BOUND('',#4306,.F.);
#4306 = EDGE_LOOP('',(#4307,#4386,#4387,#4388));
#4307 = ORIENTED_EDGE('',*,*,#4308,.F.);
#4308 = EDGE_CURVE('',#3868,#4309,#4311,.T.);
#4309 = VERTEX_POINT('',#4310);
#4310 = CARTESIAN_POINT('',(15.566978455197,-2.537927678646E-07,
    -1.035000000001));
#4311 = B_SPLINE_CURVE_WITH_KNOTS('',7,(#4312,#4313,#4314,#4315,#4316,
    #4317,#4318,#4319,#4320,#4321,#4322,#4323,#4324,#4325,#4326,#4327,
    #4328,#4329,#4330,#4331,#4332,#4333,#4334,#4335,#4336,#4337,#4338,
    #4339,#4340,#4341,#4342,#4343,#4344,#4345,#4346,#4347,#4348,#4349,
    #4350,#4351,#4352,#4353,#4354,#4355,#4356,#4357,#4358,#4359,#4360,
    #4361,#4362,#4363,#4364,#4365,#4366,#4367,#4368,#4369,#4370,#4371,
    #4372,#4373,#4374,#4375,#4376,#4377,#4378,#4379,#4380,#4381,#4382,
    #4383,#4384,#4385),.UNSPECIFIED.,.F.,.F.,(8,6,6,6,6,6,6,6,6,6,6,6,8)
  ,(0.,3.580494559826E-02,0.105645116544,0.134633821815,0.222063248482,
    0.271894798932,0.38018651988,0.498887112988,0.629870151883,
    0.736955571274,0.870946989415,0.956412893136,1.),.UNSPECIFIED.);
#4312 = CARTESIAN_POINT('',(16.016977728621,-4.568267035765E-07,
    -1.035000000001));
#4313 = CARTESIAN_POINT('',(16.014676231414,-3.326250041228E-02,
    -1.035000000001));
#4314 = CARTESIAN_POINT('',(16.012374558995,-6.652440176462E-02,
    -1.033752883379));
#4315 = CARTESIAN_POINT('',(16.010072799366,-9.972984957916E-02,
    -1.031258701837));
#4316 = CARTESIAN_POINT('',(16.007771017618,-0.132822871345,
    -1.027520630969));
#4317 = CARTESIAN_POINT('',(16.005469255933,-0.165747833343,
    -1.022544970263));
#4318 = CARTESIAN_POINT('',(16.003167533585,-0.198449440651,
    -1.016341143101));
#4319 = CARTESIAN_POINT('',(15.996376238408,-0.294116753605,
    -0.994449522806));
#4320 = CARTESIAN_POINT('',(15.991886667525,-0.356304019542,
    -0.975351689981));
#4321 = CARTESIAN_POINT('',(15.987397352011,-0.417025926217,
    -0.951721664719));
#4322 = CARTESIAN_POINT('',(15.982908188644,-0.475887299067,
    -0.923696998316));
#4323 = CARTESIAN_POINT('',(15.978418967457,-0.532510484332,
    -0.891457429271));
#4324 = CARTESIAN_POINT('',(15.97392958593,-0.586539435679,
    -0.855222985624));
#4325 = CARTESIAN_POINT('',(15.967576870655,-0.658855796159,
    -0.798661283248));
#4326 = CARTESIAN_POINT('',(15.965713466336,-0.679564205079,
    -0.781426549154));
#4327 = CARTESIAN_POINT('',(15.96385004975,-0.699745494803,
    -0.76356629843));
#4328 = CARTESIAN_POINT('',(15.961986621136,-0.71937706129,
    -0.745099932853));
#4329 = CARTESIAN_POINT('',(15.96012318146,-0.738437229248,
    -0.726047842559));
#4330 = CARTESIAN_POINT('',(15.958259732419,-0.756905252136,
    -0.706431406047));
#4331 = CARTESIAN_POINT('',(15.950776125864,-0.828614876018,
    -0.625475561464));
#4332 = CARTESIAN_POINT('',(15.945155536717,-0.876905829426,
    -0.559743828729));
#4333 = CARTESIAN_POINT('',(15.939535194371,-0.919084851695,
    -0.48969549027));
#4334 = CARTESIAN_POINT('',(15.933915056958,-0.954698139986,
    -0.416016956749));
#4335 = CARTESIAN_POINT('',(15.928294793181,-0.98338787611,
    -0.339448549429));
#4336 = CARTESIAN_POINT('',(15.922674276438,-1.004898113159,
    -0.260772299255));
#4337 = CARTESIAN_POINT('',(15.913850861903,-1.02717270123,
    -0.135222421637));
#4338 = CARTESIAN_POINT('',(15.910647568624,-1.032880973422,
    -8.922019291491E-02));
#4339 = CARTESIAN_POINT('',(15.907444293735,-1.036184375784,
    -4.294512782004E-02));
#4340 = CARTESIAN_POINT('',(15.904241025418,-1.037068192514,
    3.451856952104E-03));
#4341 = CARTESIAN_POINT('',(15.901037735452,-1.035529531541,
    4.981920938612E-02));
#4342 = CARTESIAN_POINT('',(15.89783441298,-1.03157734129,
    9.60055563068E-02));
#4343 = CARTESIAN_POINT('',(15.887669796425,-1.011443941346,
    0.241510490719));
#4344 = CARTESIAN_POINT('',(15.880707364407,-0.986353196033,
    0.339612506297));
#4345 = CARTESIAN_POINT('',(15.873745650453,-0.950171094335,
    0.434599401011));
#4346 = CARTESIAN_POINT('',(15.866784405436,-0.903382264655,
    0.524978228079));
#4347 = CARTESIAN_POINT('',(15.859822700169,-0.846707863023,
    0.609356087939));
#4348 = CARTESIAN_POINT('',(15.852860314556,-0.781087175485,
    0.68647557868));
#4349 = CARTESIAN_POINT('',(15.838268778764,-0.627212865025,
    0.830655617988));
#4350 = CARTESIAN_POINT('',(15.830636912886,-0.537358019448,
    0.896066730765));
#4351 = CARTESIAN_POINT('',(15.823006441645,-0.43963220184,
    0.950056517024));
#4352 = CARTESIAN_POINT('',(15.815376811884,-0.335792125716,
    0.99152784613));
#4353 = CARTESIAN_POINT('',(15.80774631552,-0.227760243014,
    1.019712870863));
#4354 = CARTESIAN_POINT('',(15.800114412214,-0.117565880663,
    1.034196591954));
#4355 = CARTESIAN_POINT('',(15.784064112495,0.114376033099,1.03583239777
    ));
#4356 = CARTESIAN_POINT('',(15.775641242887,0.236209514801,
    1.020002001699));
#4357 = CARTESIAN_POINT('',(15.767220414261,0.355381770631,
    0.987443408034));
#4358 = CARTESIAN_POINT('',(15.758800525661,0.469151917386,
    0.938742214091));
#4359 = CARTESIAN_POINT('',(15.750379774877,0.574970822722,
    0.874989776048));
#4360 = CARTESIAN_POINT('',(15.74195699585,0.670523065244,0.797764922823
    ));
#4361 = CARTESIAN_POINT('',(15.726653418592,0.822049720047,
    0.636674547675));
#4362 = CARTESIAN_POINT('',(15.719768806852,0.882092799557,
    0.556560854862));
#4363 = CARTESIAN_POINT('',(15.712885004106,0.932969757467,
    0.469902826074));
#4364 = CARTESIAN_POINT('',(15.706001651958,0.97384832611,0.377969147042
    ));
#4365 = CARTESIAN_POINT('',(15.699117743849,1.004112380006,
    0.282145345043));
#4366 = CARTESIAN_POINT('',(15.692233010677,1.023377314144,
    0.183899296698));
#4367 = CARTESIAN_POINT('',(15.676735901154,1.041716441404,
    -3.930073135131E-02));
#4368 = CARTESIAN_POINT('',(15.66811938009,1.034507064016,
    -0.164830778362));
#4369 = CARTESIAN_POINT('',(15.659505546995,1.009625390424,
    -0.288825958684));
#4370 = CARTESIAN_POINT('',(15.650892865525,0.967493982342,
    -0.408312564831));
#4371 = CARTESIAN_POINT('',(15.642279511374,0.909100221985,
    -0.520491085881));
#4372 = CARTESIAN_POINT('',(15.633663529171,0.835979696242,
    -0.622780751053));
#4373 = CARTESIAN_POINT('',(15.619556314832,0.695535532221,
    -0.770557107107));
#4374 = CARTESIAN_POINT('',(15.614061919185,0.635686712752,
    -0.823215647864));
#4375 = CARTESIAN_POINT('',(15.608567486076,0.57121510183,
    -0.870423328684));
#4376 = CARTESIAN_POINT('',(15.603072987407,0.502720617758,
    -0.911699202791));
#4377 = CARTESIAN_POINT('',(15.597578311534,0.430861275354,
    -0.946646819184));
#4378 = CARTESIAN_POINT('',(15.592083623891,0.356342532614,
    -0.974960587772));
#4379 = CARTESIAN_POINT('',(15.583787872914,0.240924781576,
    -1.007382511823));
#4380 = CARTESIAN_POINT('',(15.580986123138,0.20144300091,
    -1.016553712015));
#4381 = CARTESIAN_POINT('',(15.578184509467,0.161558985001,
    -1.023918306876));
#4382 = CARTESIAN_POINT('',(15.575383030607,0.121371963485,
    -1.029455635226));
#4383 = CARTESIAN_POINT('',(15.57258163164,8.098229083624E-02,
    -1.033151857443));
#4384 = CARTESIAN_POINT('',(15.569780182877,4.049103118945E-02,
    -1.035000000001));
#4385 = CARTESIAN_POINT('',(15.566978458709,-4.568266918081E-07,
    -1.035000000001));
#4386 = ORIENTED_EDGE('',*,*,#3954,.T.);
#4387 = ORIENTED_EDGE('',*,*,#4223,.T.);
#4388 = ORIENTED_EDGE('',*,*,#4389,.F.);
#4389 = EDGE_CURVE('',#4309,#4224,#4390,.T.);
#4390 = B_SPLINE_CURVE_WITH_KNOTS('',1,(#4391,#4392),.UNSPECIFIED.,.F.,
  .F.,(2,2),(0.,0.39175),.PIECEWISE_BEZIER_KNOTS.);
#4391 = CARTESIAN_POINT('',(15.501013567242,-7.773455319438E-07,
    -0.920734589552));
#4392 = CARTESIAN_POINT('',(15.696874587787,2.361797757366E-08,
    -1.260008112142));
#4393 = B_SPLINE_SURFACE_WITH_KNOTS('',1,8,(
    (#4394,#4395,#4396,#4397,#4398,#4399,#4400,#4401,#4402,#4403,#4404
      ,#4405,#4406,#4407,#4408,#4409,#4410,#4411,#4412,#4413,#4414,#4415
      ,#4416,#4417,#4418,#4419,#4420)
    ,(#4421,#4422,#4423,#4424,#4425,#4426,#4427,#4428,#4429,#4430,#4431
      ,#4432,#4433,#4434,#4435,#4436,#4437,#4438,#4439,#4440,#4441,#4442
      ,#4443,#4444,#4445,#4446,#4447
    )),.UNSPECIFIED.,.F.,.F.,.F.,(2,2),(9,6,6,6,9),(0.,0.39175),(0.,
    1.574819783427,3.149639566854,4.72445935028,6.299279133707),
  .UNSPECIFIED.);
#4394 = CARTESIAN_POINT('',(15.951012210517,-6.996109825907E-07,
    -0.920734585379));
#4395 = CARTESIAN_POINT('',(15.936950294867,-0.180800452084,
    -0.920734449836));
#4396 = CARTESIAN_POINT('',(15.922891597477,-0.36155422363,
    -0.880171673213));
#4397 = CARTESIAN_POINT('',(15.908823185596,-0.531736233954,
    -0.799038201472));
#4398 = CARTESIAN_POINT('',(15.894761490692,-0.680668114847,
    -0.680649295893));
#4399 = CARTESIAN_POINT('',(15.88069994565,-0.799029080351,
    -0.531733580378));
#4400 = CARTESIAN_POINT('',(15.866638194207,-0.880166376503,
    -0.36157113935));
#4401 = CARTESIAN_POINT('',(15.838513562725,-0.961302745772,
    -1.983780733386E-06));
#4402 = CARTESIAN_POINT('',(15.810387755929,-0.880166192591,
    0.361573133811));
#4403 = CARTESIAN_POINT('',(15.796324777597,-0.79902931977,0.53174080302
    ));
#4404 = CARTESIAN_POINT('',(15.782262515931,-0.680659355097,
    0.680663488424));
#4405 = CARTESIAN_POINT('',(15.768200493789,-0.531737644767,
    0.799030189408));
#4406 = CARTESIAN_POINT('',(15.754138048223,-0.361572576785,
    0.880165707507));
#4407 = CARTESIAN_POINT('',(15.72601288888,7.711013033127E-07,
    0.961301066518));
#4408 = CARTESIAN_POINT('',(15.697887729537,0.361573988614,
    0.880165126512));
#4409 = CARTESIAN_POINT('',(15.68382528397,0.531738926072,0.799029335628
    ));
#4410 = CARTESIAN_POINT('',(15.669763261829,0.68066044757,0.680662399469
    ));
#4411 = CARTESIAN_POINT('',(15.655701000163,0.799030176304,
    0.531739522828));
#4412 = CARTESIAN_POINT('',(15.641638021832,0.880166773273,0.36157172215
    ));
#4413 = CARTESIAN_POINT('',(15.613512215035,0.96130274173,
    -3.525888708796E-06));
#4414 = CARTESIAN_POINT('',(15.585387583553,0.880165794548,
    -0.36157255101));
#4415 = CARTESIAN_POINT('',(15.571325832109,0.799028226981,
    -0.531734862179));
#4416 = CARTESIAN_POINT('',(15.557264287067,0.680667041252,
    -0.680650391551));
#4417 = CARTESIAN_POINT('',(15.543202592167,0.531734942504,
    -0.799039070421));
#4418 = CARTESIAN_POINT('',(15.529134180282,0.361552810915,
    -0.880172230652));
#4419 = CARTESIAN_POINT('',(15.515075482892,0.180798975127,
    -0.920734740352));
#4420 = CARTESIAN_POINT('',(15.501013567242,-7.773455319438E-07,
    -0.920734589552));
#4421 = CARTESIAN_POINT('',(16.146874629023,2.125527254204E-08,
    -1.260007300928));
#4422 = CARTESIAN_POINT('',(16.132812111264,-0.247401489728,
    -1.260007654496));
#4423 = CARTESIAN_POINT('',(16.118749495691,-0.494802429799,
    -1.20450508629));
#4424 = CARTESIAN_POINT('',(16.104687175362,-0.72767455779,
    -1.093448507191));
#4425 = CARTESIAN_POINT('',(16.090624650911,-0.931469487105,
    -0.931468170508));
#4426 = CARTESIAN_POINT('',(16.076562121874,-1.093457473854,
    -0.72766894992));
#4427 = CARTESIAN_POINT('',(16.062499599126,-1.204490724772,
    -0.494804527884));
#4428 = CARTESIAN_POINT('',(16.034374587925,-1.315524831366,
    -2.597801013879E-06));
#4429 = CARTESIAN_POINT('',(16.006249612447,-1.204491053615,
    0.494803811169));
#4430 = CARTESIAN_POINT('',(15.992187126985,-1.093457378731,
    0.727673119929));
#4431 = CARTESIAN_POINT('',(15.978124619741,-0.931471714563,
    0.931474334527));
#4432 = CARTESIAN_POINT('',(15.964062105217,-0.727670986998,
    1.093458624471));
#4433 = CARTESIAN_POINT('',(15.949999603563,-0.494803585033,
    1.204490443483));
#4434 = CARTESIAN_POINT('',(15.921874608406,-6.68890341841E-09,
    1.315522366924));
#4435 = CARTESIAN_POINT('',(15.893749613249,0.49480353183,1.204490266006
    ));
#4436 = CARTESIAN_POINT('',(15.879687111594,0.727670864262,
    1.093458489487));
#4437 = CARTESIAN_POINT('',(15.86562459707,0.93147180099,0.931474932125)
  );
#4438 = CARTESIAN_POINT('',(15.851562089826,1.093458048543,
    0.727673458265));
#4439 = CARTESIAN_POINT('',(15.837499604365,1.204491169448,
    0.494803896885));
#4440 = CARTESIAN_POINT('',(15.809374628886,1.315524045577,
    -2.565698054781E-06));
#4441 = CARTESIAN_POINT('',(15.781249617686,1.20449036276,
    -0.494804442167));
#4442 = CARTESIAN_POINT('',(15.767187094931,1.09345742038,
    -0.727668923624));
#4443 = CARTESIAN_POINT('',(15.753124565918,0.931473076106,
    -0.931468882637));
#4444 = CARTESIAN_POINT('',(15.739062041429,0.727672693835,
    -1.093451585806));
#4445 = CARTESIAN_POINT('',(15.724999721129,0.494802315921,
    -1.204500669499));
#4446 = CARTESIAN_POINT('',(15.710937105549,0.247401534601,
    -1.260007758111));
#4447 = CARTESIAN_POINT('',(15.696874587787,2.361797757366E-08,
    -1.260008112142));
#4448 = ADVANCED_FACE('',(#4449),#4526,.F.);
#4449 = FACE_BOUND('',#4450,.T.);
#4450 = EDGE_LOOP('',(#4451,#4452,#4453,#4520));
#4451 = ORIENTED_EDGE('',*,*,#4308,.F.);
#4452 = ORIENTED_EDGE('',*,*,#4110,.T.);
#4453 = ORIENTED_EDGE('',*,*,#4454,.T.);
#4454 = EDGE_CURVE('',#4020,#4455,#4457,.T.);
#4455 = VERTEX_POINT('',#4456);
#4456 = CARTESIAN_POINT('',(15.433048579492,-2.791816616421E-07,
    -1.035000000001));
#4457 = B_SPLINE_CURVE_WITH_KNOTS('',7,(#4458,#4459,#4460,#4461,#4462,
    #4463,#4464,#4465,#4466,#4467,#4468,#4469,#4470,#4471,#4472,#4473,
    #4474,#4475,#4476,#4477,#4478,#4479,#4480,#4481,#4482,#4483,#4484,
    #4485,#4486,#4487,#4488,#4489,#4490,#4491,#4492,#4493,#4494,#4495,
    #4496,#4497,#4498,#4499,#4500,#4501,#4502,#4503,#4504,#4505,#4506,
    #4507,#4508,#4509,#4510,#4511,#4512,#4513,#4514,#4515,#4516,#4517,
    #4518,#4519),.UNSPECIFIED.,.F.,.F.,(8,6,6,6,6,6,6,6,6,6,8),(0.,
    3.800350397149E-02,0.135260897254,0.292998748972,0.387070250181,
    0.499074276217,0.63371921166,0.750072193875,0.812400030194,
    0.958008134712,1.),.UNSPECIFIED.);
#4458 = CARTESIAN_POINT('',(15.883046782252,-5.076011684313E-07,
    -1.035000000001));
#4459 = CARTESIAN_POINT('',(15.880604126237,-3.530353320234E-02,
    -1.035000000001));
#4460 = CARTESIAN_POINT('',(15.878161751146,-7.060644853101E-02,
    -1.03359513646));
#4461 = CARTESIAN_POINT('',(15.875719467748,-0.105841869376,
    -1.030785474223));
#4462 = CARTESIAN_POINT('',(15.873277142016,-0.140942873107,
    -1.026575040471));
#4463 = CARTESIAN_POINT('',(15.870834695127,-0.175842998676,
    -1.020971824715));
#4464 = CARTESIAN_POINT('',(15.868392103463,-0.210476246618,
    -1.013987778801));
#4465 = CARTESIAN_POINT('',(15.859698103813,-0.332558709711,
    -0.984272411567));
#4466 = CARTESIAN_POINT('',(15.853445340817,-0.418173320971,
    -0.953964336575));
#4467 = CARTESIAN_POINT('',(15.847192308108,-0.50051201497,
    -0.914981262995));
#4468 = CARTESIAN_POINT('',(15.840939665258,-0.578527875558,
    -0.867760736508));
#4469 = CARTESIAN_POINT('',(15.834687251682,-0.651250699287,
    -0.812889839375));
#4470 = CARTESIAN_POINT('',(15.828434722995,-0.717807147589,
    -0.75109312653));
#4471 = CARTESIAN_POINT('',(15.81204385725,-0.874172693743,
    -0.573165096003));
#4472 = CARTESIAN_POINT('',(15.801898350107,-0.952786455906,
    -0.447048632296));
#4473 = CARTESIAN_POINT('',(15.791758807844,-1.009953238665,
    -0.308583738095));
#4474 = CARTESIAN_POINT('',(15.781620472154,-1.043510852632,
    -0.16221926731));
#4475 = CARTESIAN_POINT('',(15.771479600597,-1.052375417689,
    -1.267927744155E-02));
#4476 = CARTESIAN_POINT('',(15.76133303049,-1.036555552789,
    0.135088443339));
#4477 = CARTESIAN_POINT('',(15.745146652567,-0.974111357258,
    0.360512585938));
#4478 = CARTESIAN_POINT('',(15.739099238477,-0.942485886048,
    0.442436640632));
#4479 = CARTESIAN_POINT('',(15.733052292831,-0.902835889153,0.5210754791
    ));
#4480 = CARTESIAN_POINT('',(15.727005645045,-0.855581814472,
    0.595493051893));
#4481 = CARTESIAN_POINT('',(15.720958745511,-0.801273333569,
    0.664823775796));
#4482 = CARTESIAN_POINT('',(15.714911402383,-0.740578790745,
    0.728289110791));
#4483 = CARTESIAN_POINT('',(15.701664950881,-0.595348206056,
    0.85300126747));
#4484 = CARTESIAN_POINT('',(15.694464032999,-0.508450365076,
    0.911538195762));
#4485 = CARTESIAN_POINT('',(15.687263938611,-0.414913120023,
    0.959683298564));
#4486 = CARTESIAN_POINT('',(15.68006436096,-0.316238477154,
    0.996563145937));
#4487 = CARTESIAN_POINT('',(15.672864201457,-0.214052973481,
    1.021569764584));
#4488 = CARTESIAN_POINT('',(15.665663214267,-0.110063387583,
    1.034377233247));
#4489 = CARTESIAN_POINT('',(15.649808656854,0.119051986058,
    1.035710089274));
#4490 = CARTESIAN_POINT('',(15.64115071977,0.244273817053,1.018804256035
    ));
#4491 = CARTESIAN_POINT('',(15.632495551459,0.366577858897,
    0.984223827469));
#4492 = CARTESIAN_POINT('',(15.623841684124,0.482988515788,
    0.932629461037));
#4493 = CARTESIAN_POINT('',(15.615186571317,0.59075181109,0.865241937694
    ));
#4494 = CARTESIAN_POINT('',(15.606528669982,0.687380014199,
    0.783821931822));
#4495 = CARTESIAN_POINT('',(15.590394608564,0.842969665361,
    0.610170706157));
#4496 = CARTESIAN_POINT('',(15.582913805875,0.905302700338,
    0.520868481155));
#4497 = CARTESIAN_POINT('',(15.57543399996,0.956524209993,0.424221016729
    ));
#4498 = CARTESIAN_POINT('',(15.567954862138,0.995631556777,
    0.321900357232));
#4499 = CARTESIAN_POINT('',(15.560475065141,1.021929026377,
    0.215726649664));
#4500 = CARTESIAN_POINT('',(15.552994270986,1.035048352379,
    0.107614561542));
#4501 = CARTESIAN_POINT('',(15.541508677677,1.034973156027,
    -5.836692402068E-02));
#4502 = CARTESIAN_POINT('',(15.537502214384,1.031168240209,
    -0.116264171077));
#4503 = CARTESIAN_POINT('',(15.533495831599,1.023584778793,
    -0.173863019599));
#4504 = CARTESIAN_POINT('',(15.529489499524,1.012252041818,
    -0.230867825385));
#4505 = CARTESIAN_POINT('',(15.5254831406,0.997227935209,-0.286987371952
    ));
#4506 = CARTESIAN_POINT('',(15.521476725414,0.978598506684,
    -0.341937323912));
#4507 = CARTESIAN_POINT('',(15.508110858372,0.904799019003,
    -0.520440016916));
#4508 = CARTESIAN_POINT('',(15.498746588007,0.834036832365,
    -0.637620930052));
#4509 = CARTESIAN_POINT('',(15.489386133088,0.745645041762,
    -0.743370276375));
#4510 = CARTESIAN_POINT('',(15.480026858702,0.641925785431,
    -0.834576652095));
#4511 = CARTESIAN_POINT('',(15.470666683691,0.525740954471,
    -0.908721443969));
#4512 = CARTESIAN_POINT('',(15.461302548266,0.40047387239,
    -0.963919170299));
#4513 = CARTESIAN_POINT('',(15.449243718107,0.232237428659,
    -1.009362225022));
#4514 = CARTESIAN_POINT('',(15.446544489857,0.194132307603,
    -1.017878332109));
#4515 = CARTESIAN_POINT('',(15.443845240834,0.155667634063,
    -1.024715006532));
#4516 = CARTESIAN_POINT('',(15.441145983142,0.11693214544,
    -1.029854455905));
#4517 = CARTESIAN_POINT('',(15.438446749146,7.801533442407E-02,
    -1.03328478585));
#4518 = CARTESIAN_POINT('',(15.435747591472,3.900744898999E-02,
    -1.035000000001));
#4519 = CARTESIAN_POINT('',(15.433048583004,-5.076011175831E-07,
    -1.035000000001));
#4520 = ORIENTED_EDGE('',*,*,#4521,.F.);
#4521 = EDGE_CURVE('',#4309,#4455,#4522,.T.);
#4522 = LINE('',#4523,#4524);
#4523 = CARTESIAN_POINT('',(20.,0.,-1.035));
#4524 = VECTOR('',#4525,1.);
#4525 = DIRECTION('',(-1.,0.,6.661338147751E-17));
#4526 = CYLINDRICAL_SURFACE('',#4527,1.035);
#4527 = AXIS2_PLACEMENT_3D('',#4528,#4529,#4530);
#4528 = CARTESIAN_POINT('',(20.,0.,0.));
#4529 = DIRECTION('',(-1.,-0.,-0.));
#4530 = DIRECTION('',(0.,0.,-1.));
#4531 = ADVANCED_FACE('',(#4532),#4567,.F.);
#4532 = FACE_BOUND('',#4533,.F.);
#4533 = EDGE_LOOP('',(#4534,#4560,#4561,#4562));
#4534 = ORIENTED_EDGE('',*,*,#4535,.F.);
#4535 = EDGE_CURVE('',#4125,#4536,#4538,.T.);
#4536 = VERTEX_POINT('',#4537);
#4537 = CARTESIAN_POINT('',(15.30312454649,2.598404104221E-08,
    -1.260011472889));
#4538 = B_SPLINE_CURVE_WITH_KNOTS('',11,(#4539,#4540,#4541,#4542,#4543,
    #4544,#4545,#4546,#4547,#4548,#4549,#4550,#4551,#4552,#4553,#4554,
    #4555,#4556,#4557,#4558,#4559),.UNSPECIFIED.,.F.,.F.,(12,9,12),(0.,
    3.149639566854,6.299279133707),.UNSPECIFIED.);
#4539 = CARTESIAN_POINT('',(15.753124587739,2.362062523353E-08,
    -1.2600104299));
#4540 = CARTESIAN_POINT('',(15.732670016444,-0.359857646157,
    -1.260011090058));
#4541 = CARTESIAN_POINT('',(15.712215245903,-0.719714200052,
    -1.146988436771));
#4542 = CARTESIAN_POINT('',(15.691761353975,-1.040125998551,
    -0.920794386856));
#4543 = CARTESIAN_POINT('',(15.671306299822,-1.281551614566,
    -0.597218091954));
#4544 = CARTESIAN_POINT('',(15.650851525102,-1.411651355251,
    -0.206979183363));
#4545 = CARTESIAN_POINT('',(15.630397505781,-1.411599610096,
    0.206972069818));
#4546 = CARTESIAN_POINT('',(15.609942728233,-1.281588897044,
    0.59719238495));
#4547 = CARTESIAN_POINT('',(15.589488216613,-1.040110614939,
    0.92085714853));
#4548 = CARTESIAN_POINT('',(15.569033650978,-0.719716164028,
    1.146958706786));
#4549 = CARTESIAN_POINT('',(15.528124567115,9.074054192709E-09,
    1.373060672863));
#4550 = CARTESIAN_POINT('',(15.487215483253,0.719716076455,
    1.146958370261));
#4551 = CARTESIAN_POINT('',(15.466760932678,1.040110410316,0.92085598978
    ));
#4552 = CARTESIAN_POINT('',(15.446306346816,1.281586001221,
    0.597200575372));
#4553 = CARTESIAN_POINT('',(15.425851734166,1.411620225078,
    0.206962180266));
#4554 = CARTESIAN_POINT('',(15.405397503353,1.41161227745,-0.20698057866
    ));
#4555 = CARTESIAN_POINT('',(15.384942893705,1.281579923181,
    -0.597198685949));
#4556 = CARTESIAN_POINT('',(15.364487765115,1.040119783749,
    -0.920819382459));
#4557 = CARTESIAN_POINT('',(15.344033888348,0.719713834743,
    -1.146976855153));
#4558 = CARTESIAN_POINT('',(15.323579117788,0.359857695762,
    -1.260010812056));
#4559 = CARTESIAN_POINT('',(15.30312454649,2.598405801635E-08,
    -1.260011472889));
#4560 = ORIENTED_EDGE('',*,*,#4152,.T.);
#4561 = ORIENTED_EDGE('',*,*,#4454,.T.);
#4562 = ORIENTED_EDGE('',*,*,#4563,.F.);
#4563 = EDGE_CURVE('',#4536,#4455,#4564,.T.);
#4564 = B_SPLINE_CURVE_WITH_KNOTS('',1,(#4565,#4566),.UNSPECIFIED.,.F.,
  .F.,(2,2),(0.,0.39175),.PIECEWISE_BEZIER_KNOTS.);
#4565 = CARTESIAN_POINT('',(15.30312454649,2.598405790533E-08,
    -1.260011472889));
#4566 = CARTESIAN_POINT('',(15.499014923506,-8.550540854246E-07,
    -0.920754899347));
#4567 = B_SPLINE_SURFACE_WITH_KNOTS('',1,9,(
    (#4568,#4569,#4570,#4571,#4572,#4573,#4574,#4575,#4576,#4577,#4578
      ,#4579,#4580,#4581,#4582,#4583,#4584,#4585,#4586,#4587,#4588,#4589
      ,#4590,#4591,#4592,#4593,#4594,#4595,#4596,#4597,#4598)
    ,(#4599,#4600,#4601,#4602,#4603,#4604,#4605,#4606,#4607,#4608,#4609
      ,#4610,#4611,#4612,#4613,#4614,#4615,#4616,#4617,#4618,#4619,#4620
      ,#4621,#4622,#4623,#4624,#4625,#4626,#4627,#4628,#4629
  )),.UNSPECIFIED.,.F.,.F.,.F.,(2,2),(10,7,7,7,10),(0.,0.39175),(0.,
    1.574819783427,3.149639566854,4.72445935028,6.299279133707),
  .UNSPECIFIED.);
#4568 = CARTESIAN_POINT('',(15.753124587739,2.362062534456E-08,
    -1.2600104299));
#4569 = CARTESIAN_POINT('',(15.740624571948,-0.219912996799,
    -1.26001083333));
#4570 = CARTESIAN_POINT('',(15.728124480056,-0.439825591014,
    -1.216842610097));
#4571 = CARTESIAN_POINT('',(15.715624574182,-0.650052375822,
    -1.130470193105));
#4572 = CARTESIAN_POINT('',(15.703124620505,-0.840895965195,
    -1.003461760739));
#4573 = CARTESIAN_POINT('',(15.690624596726,-1.003466453298,
    -0.840892846636));
#4574 = CARTESIAN_POINT('',(15.678124573002,-1.130471493181,
    -0.650049152916));
#4575 = CARTESIAN_POINT('',(15.665624556587,-1.21683104124,
    -0.439827675813));
#4576 = CARTESIAN_POINT('',(15.640624548613,-1.303191184475,
    -2.350226969901E-06));
#4577 = CARTESIAN_POINT('',(15.615624568432,-1.216831270045,
    0.439826446458));
#4578 = CARTESIAN_POINT('',(15.603124580853,-1.130471443563,
    0.650051658371));
#4579 = CARTESIAN_POINT('',(15.590624581674,-1.003467875198,
    0.840898116766));
#4580 = CARTESIAN_POINT('',(15.578124571997,-0.84089577666,
    1.003469900326));
#4581 = CARTESIAN_POINT('',(15.565624563374,-0.650050204301,
    1.130472165473));
#4582 = CARTESIAN_POINT('',(15.553124562809,-0.439826545377,
    1.216830481476));
#4583 = CARTESIAN_POINT('',(15.528124567115,-7.261368066824E-09,
    1.303188832737));
#4584 = CARTESIAN_POINT('',(15.503124571421,0.439826490474,
    1.216830275822));
#4585 = CARTESIAN_POINT('',(15.490624570857,0.650050083555,
    1.130471969538));
#4586 = CARTESIAN_POINT('',(15.478124562233,0.840895774701,
    1.003470244649));
#4587 = CARTESIAN_POINT('',(15.465624552555,1.00346832508,0.840898730514
    ));
#4588 = CARTESIAN_POINT('',(15.453124553377,1.130472071504,
    0.650051977852));
#4589 = CARTESIAN_POINT('',(15.440624565799,1.216831292993,
    0.439826541193));
#4590 = CARTESIAN_POINT('',(15.415624585617,1.303190268846,
    -2.309659240101E-06));
#4591 = CARTESIAN_POINT('',(15.390624577643,1.216830512433,
    -0.439827581077));
#4592 = CARTESIAN_POINT('',(15.378124561233,1.13047117481,-0.65004966908
    ));
#4593 = CARTESIAN_POINT('',(15.365624537487,1.003469272041,
    -0.840891885681));
#4594 = CARTESIAN_POINT('',(15.353124513752,0.840897166084,
    -1.003465495045));
#4595 = CARTESIAN_POINT('',(15.340624560024,0.650050835299,
    -1.130470375002));
#4596 = CARTESIAN_POINT('',(15.328124654183,0.439825482144,
    -1.216838225733));
#4597 = CARTESIAN_POINT('',(15.315624562283,0.219913046404,
    -1.260011069046));
#4598 = CARTESIAN_POINT('',(15.30312454649,2.598405790533E-08,
    -1.260011472889));
#4599 = CARTESIAN_POINT('',(15.949013566862,-7.773240884301E-07,
    -0.920753049202));
#4600 = CARTESIAN_POINT('',(15.936514086255,-0.160715051318,
    -0.92075362189));
#4601 = CARTESIAN_POINT('',(15.924017108597,-0.321393700457,
    -0.88920818375));
#4602 = CARTESIAN_POINT('',(15.91151401253,-0.475020472008,
    -0.826099358738));
#4603 = CARTESIAN_POINT('',(15.89901248928,-0.614487882359,
    -0.733279933823));
#4604 = CARTESIAN_POINT('',(15.886513271488,-0.733286272166,
    -0.614476932519));
#4605 = CARTESIAN_POINT('',(15.874014051481,-0.826092483766,
    -0.475022705455));
#4606 = CARTESIAN_POINT('',(15.861514591438,-0.889200761488,
    -0.321403522418));
#4607 = CARTESIAN_POINT('',(15.836514853698,-0.952308444875,
    -1.562676826128E-06));
#4608 = CARTESIAN_POINT('',(15.811514201881,-0.88920002485,
    0.321404921584));
#4609 = CARTESIAN_POINT('',(15.799013793373,-0.826091719326,
    0.475028074745));
#4610 = CARTESIAN_POINT('',(15.786513766338,-0.733283188644,
    0.614488120165));
#4611 = CARTESIAN_POINT('',(15.774014084627,-0.614484771366,
    0.733286127188));
#4612 = CARTESIAN_POINT('',(15.761514368232,-0.47502595489,
    0.826092991987));
#4613 = CARTESIAN_POINT('',(15.749014386815,-0.32140445867,
    0.889199694291));
#4614 = CARTESIAN_POINT('',(15.724014245185,8.767820035212E-07,
    0.952306045515));
#4615 = CARTESIAN_POINT('',(15.699014103555,0.321406022697,0.88919872897
    ));
#4616 = CARTESIAN_POINT('',(15.686514122138,0.475027284209,
    0.826091756876));
#4617 = CARTESIAN_POINT('',(15.674014405743,0.614486137994,
    0.733285589851));
#4618 = CARTESIAN_POINT('',(15.661514724032,0.733285134811,
    0.614487838783));
#4619 = CARTESIAN_POINT('',(15.649014696998,0.826093720769,
    0.475027097961));
#4620 = CARTESIAN_POINT('',(15.636514288491,0.889200666076,
    0.321403428218));
#4621 = CARTESIAN_POINT('',(15.611513636671,0.952306820654,
    -3.270041565205E-06));
#4622 = CARTESIAN_POINT('',(15.586513898932,0.88919922292,
    -0.321405015782));
#4623 = CARTESIAN_POINT('',(15.574014438852,0.82609303452,-0.47502398046
    ));
#4624 = CARTESIAN_POINT('',(15.561515218968,0.733284973411,
    -0.614479642851));
#4625 = CARTESIAN_POINT('',(15.549016001021,0.614493793251,
    -0.733284661298));
#4626 = CARTESIAN_POINT('',(15.536514477846,0.475014192772,
    -0.826101753113));
#4627 = CARTESIAN_POINT('',(15.524011381789,0.321391845895,
    -0.889201006959));
#4628 = CARTESIAN_POINT('',(15.511514404116,0.16071341894,
    -0.920754340221));
#4629 = CARTESIAN_POINT('',(15.499014923506,-8.550540854246E-07,
    -0.920754899347));
#4630 = ADVANCED_FACE('',(#4631),#4672,.F.);
#4631 = FACE_BOUND('',#4632,.F.);
#4632 = EDGE_LOOP('',(#4633,#4665,#4666,#4667));
#4633 = ORIENTED_EDGE('',*,*,#4634,.F.);
#4634 = EDGE_CURVE('',#4224,#4635,#4637,.T.);
#4635 = VERTEX_POINT('',#4636);
#4636 = CARTESIAN_POINT('',(15.246874546547,2.598076981344E-08,
    -1.260008923356));
#4637 = B_SPLINE_CURVE_WITH_KNOTS('',8,(#4638,#4639,#4640,#4641,#4642,
    #4643,#4644,#4645,#4646,#4647,#4648,#4649,#4650,#4651,#4652,#4653,
    #4654,#4655,#4656,#4657,#4658,#4659,#4660,#4661,#4662,#4663,#4664),
  .UNSPECIFIED.,.F.,.F.,(9,6,6,6,9),(0.,1.574819783427,3.149639566854,
    4.72445935028,6.299279133707),.UNSPECIFIED.);
#4638 = CARTESIAN_POINT('',(15.696874587787,2.361792639238E-08,
    -1.260008112142));
#4639 = CARTESIAN_POINT('',(15.682812070026,-0.247401646612,
    -1.260008466173));
#4640 = CARTESIAN_POINT('',(15.668749454444,-0.494802746142,
    -1.204505862704));
#4641 = CARTESIAN_POINT('',(15.65468713413,-0.727675024234,
    -1.093449212504));
#4642 = CARTESIAN_POINT('',(15.640624609676,-0.931470085038,
    -0.931468771971));
#4643 = CARTESIAN_POINT('',(15.626562080637,-1.093458176479,
    -0.727669420457));
#4644 = CARTESIAN_POINT('',(15.612499557887,-1.204491499315,
    -0.494804848706));
#4645 = CARTESIAN_POINT('',(15.584374546685,-1.315525678322,
    -2.600267484595E-06));
#4646 = CARTESIAN_POINT('',(15.556249571209,-1.204491830015,
    0.494804127471));
#4647 = CARTESIAN_POINT('',(15.542187085748,-1.093458084082,
    0.727673586362));
#4648 = CARTESIAN_POINT('',(15.528124578504,-0.931472316009,
    0.93147493248));
#4649 = CARTESIAN_POINT('',(15.514062063979,-0.72767145753,
    1.093459327096));
#4650 = CARTESIAN_POINT('',(15.499999562324,-0.49480390585,
    1.204491218027));
#4651 = CARTESIAN_POINT('',(15.471874567168,-9.155776575156E-09,
    1.315523213879));
#4652 = CARTESIAN_POINT('',(15.443749572011,0.49480384813,1.204491042406
    ));
#4653 = CARTESIAN_POINT('',(15.429687070357,0.727671330693,1.09345919484
    ));
#4654 = CARTESIAN_POINT('',(15.415624555831,0.931472398943,
    0.931475533571));
#4655 = CARTESIAN_POINT('',(15.401562048587,1.093458751166,
    0.727673928799));
#4656 = CARTESIAN_POINT('',(15.387499563127,1.204491943991,
    0.494804217705));
#4657 = CARTESIAN_POINT('',(15.35937458765,1.315524892534,
    -2.563230759668E-06));
#4658 = CARTESIAN_POINT('',(15.331249576448,1.204491139159,
    -0.494804758472));
#4659 = CARTESIAN_POINT('',(15.317187053692,1.093458125734,
    -0.72766939006));
#4660 = CARTESIAN_POINT('',(15.303124524676,0.931473677533,
    -0.931469480606));
#4661 = CARTESIAN_POINT('',(15.289062000185,0.72767316438,
    -1.093452288389));
#4662 = CARTESIAN_POINT('',(15.2749996799,0.494802636782,-1.204501444058
    ));
#4663 = CARTESIAN_POINT('',(15.26093706431,0.247401696211,
    -1.260008568861));
#4664 = CARTESIAN_POINT('',(15.246874546547,2.598078663318E-08,
    -1.260008923356));
#4665 = ORIENTED_EDGE('',*,*,#4257,.T.);
#4666 = ORIENTED_EDGE('',*,*,#4535,.T.);
#4667 = ORIENTED_EDGE('',*,*,#4668,.F.);
#4668 = EDGE_CURVE('',#4635,#4536,#4669,.T.);
#4669 = B_SPLINE_CURVE_WITH_KNOTS('',1,(#4670,#4671),.UNSPECIFIED.,.F.,
  .F.,(2,2),(0.,5.625E-02),.PIECEWISE_BEZIER_KNOTS.);
#4670 = CARTESIAN_POINT('',(15.246874546547,2.598078663318E-08,
    -1.260008923356));
#4671 = CARTESIAN_POINT('',(15.30312454649,2.598405801635E-08,
    -1.260011472889));
#4672 = B_SPLINE_SURFACE_WITH_KNOTS('',1,11,(
    (#4673,#4674,#4675,#4676,#4677,#4678,#4679,#4680,#4681,#4682,#4683
      ,#4684,#4685,#4686,#4687,#4688,#4689,#4690,#4691,#4692,#4693)
    ,(#4694,#4695,#4696,#4697,#4698,#4699,#4700,#4701,#4702,#4703,#4704
      ,#4705,#4706,#4707,#4708,#4709,#4710,#4711,#4712,#4713,#4714
  )),.UNSPECIFIED.,.F.,.F.,.F.,(2,2),(12,9,12),(0.,5.625E-02),(0.,
    3.149639566854,6.299279133707),.UNSPECIFIED.);
#4673 = CARTESIAN_POINT('',(15.696874587787,2.361792628136E-08,
    -1.260008112142));
#4674 = CARTESIAN_POINT('',(15.676420016498,-0.359856951262,
    -1.260008627097));
#4675 = CARTESIAN_POINT('',(15.655965246011,-0.71971276399,
    -1.146984937686));
#4676 = CARTESIAN_POINT('',(15.635511353932,-1.040123084596,
    -0.920795337295));
#4677 = CARTESIAN_POINT('',(15.615056299879,-1.281553110059,
    -0.597214996353));
#4678 = CARTESIAN_POINT('',(15.594601525251,-1.411642807123,
    -0.206978571896));
#4679 = CARTESIAN_POINT('',(15.57414750577,-1.411600653858,
    0.206970191766));
#4680 = CARTESIAN_POINT('',(15.553692728294,-1.281585274482,
    0.597192345161));
#4681 = CARTESIAN_POINT('',(15.533238216663,-1.040108798081,
    0.920855183364));
#4682 = CARTESIAN_POINT('',(15.512783651031,-0.719714769238,
    1.146956450952));
#4683 = CARTESIAN_POINT('',(15.471874567168,1.054688289672E-09,
    1.373058020868));
#4684 = CARTESIAN_POINT('',(15.430965483304,0.719714691097,
    1.146956195503));
#4685 = CARTESIAN_POINT('',(15.410510932731,1.040108879088,
    0.920854395886));
#4686 = CARTESIAN_POINT('',(15.390056346873,1.281582041846,
    0.597198315462));
#4687 = CARTESIAN_POINT('',(15.369601734249,1.411618427183,
    0.206963246578));
#4688 = CARTESIAN_POINT('',(15.349147503356,1.411610673833,
    -0.206980379123));
#4689 = CARTESIAN_POINT('',(15.328692893714,1.281576108193,
    -0.597199480364));
#4690 = CARTESIAN_POINT('',(15.308237765282,1.040118010704,
    -0.920814873894));
#4691 = CARTESIAN_POINT('',(15.287783888342,0.71971248989,
    -1.146975923471));
#4692 = CARTESIAN_POINT('',(15.267329117839,0.359857000861,
    -1.260008407727));
#4693 = CARTESIAN_POINT('',(15.246874546547,2.598078663318E-08,
    -1.260008923356));
#4694 = CARTESIAN_POINT('',(15.753124587739,2.362062523353E-08,
    -1.2600104299));
#4695 = CARTESIAN_POINT('',(15.732670016444,-0.359857646157,
    -1.260011090058));
#4696 = CARTESIAN_POINT('',(15.712215245903,-0.719714200052,
    -1.146988436771));
#4697 = CARTESIAN_POINT('',(15.691761353975,-1.040125998551,
    -0.920794386856));
#4698 = CARTESIAN_POINT('',(15.671306299822,-1.281551614566,
    -0.597218091954));
#4699 = CARTESIAN_POINT('',(15.650851525102,-1.411651355251,
    -0.206979183363));
#4700 = CARTESIAN_POINT('',(15.630397505781,-1.411599610096,
    0.206972069818));
#4701 = CARTESIAN_POINT('',(15.609942728233,-1.281588897044,
    0.59719238495));
#4702 = CARTESIAN_POINT('',(15.589488216613,-1.040110614939,
    0.92085714853));
#4703 = CARTESIAN_POINT('',(15.569033650978,-0.719716164028,
    1.146958706786));
#4704 = CARTESIAN_POINT('',(15.528124567115,9.074054192709E-09,
    1.373060672863));
#4705 = CARTESIAN_POINT('',(15.487215483253,0.719716076455,
    1.146958370261));
#4706 = CARTESIAN_POINT('',(15.466760932678,1.040110410316,0.92085598978
    ));
#4707 = CARTESIAN_POINT('',(15.446306346816,1.281586001221,
    0.597200575372));
#4708 = CARTESIAN_POINT('',(15.425851734166,1.411620225078,
    0.206962180266));
#4709 = CARTESIAN_POINT('',(15.405397503353,1.41161227745,-0.20698057866
    ));
#4710 = CARTESIAN_POINT('',(15.384942893705,1.281579923181,
    -0.597198685949));
#4711 = CARTESIAN_POINT('',(15.364487765115,1.040119783749,
    -0.920819382459));
#4712 = CARTESIAN_POINT('',(15.344033888348,0.719713834743,
    -1.146976855153));
#4713 = CARTESIAN_POINT('',(15.323579117788,0.359857695762,
    -1.260010812056));
#4714 = CARTESIAN_POINT('',(15.30312454649,2.598405801635E-08,
    -1.260011472889));
#4715 = ADVANCED_FACE('',(#4716),#4816,.F.);
#4716 = FACE_BOUND('',#4717,.F.);
#4717 = EDGE_LOOP('',(#4718,#4809,#4810,#4811));
#4718 = ORIENTED_EDGE('',*,*,#4719,.F.);
#4719 = EDGE_CURVE('',#4309,#4720,#4722,.T.);
#4720 = VERTEX_POINT('',#4721);
#4721 = CARTESIAN_POINT('',(15.116979181772,-2.791722505347E-07,
    -1.035000000001));
#4722 = B_SPLINE_CURVE_WITH_KNOTS('',7,(#4723,#4724,#4725,#4726,#4727,
    #4728,#4729,#4730,#4731,#4732,#4733,#4734,#4735,#4736,#4737,#4738,
    #4739,#4740,#4741,#4742,#4743,#4744,#4745,#4746,#4747,#4748,#4749,
    #4750,#4751,#4752,#4753,#4754,#4755,#4756,#4757,#4758,#4759,#4760,
    #4761,#4762,#4763,#4764,#4765,#4766,#4767,#4768,#4769,#4770,#4771,
    #4772,#4773,#4774,#4775,#4776,#4777,#4778,#4779,#4780,#4781,#4782,
    #4783,#4784,#4785,#4786,#4787,#4788,#4789,#4790,#4791,#4792,#4793,
    #4794,#4795,#4796,#4797,#4798,#4799,#4800,#4801,#4802,#4803,#4804,
    #4805,#4806,#4807,#4808),.UNSPECIFIED.,.F.,.F.,(8,6,6,6,6,6,6,6,6,6,
    6,6,6,6,8),(0.,3.576387090885E-02,5.363086697291E-02,0.221475285299,
    0.272148789458,0.381012330923,0.497016566913,0.630160002726,
    0.781163719843,0.832887697526,0.849889410971,0.871891719148,
    0.892278829212,0.955975077974,1.),.UNSPECIFIED.);
#4723 = CARTESIAN_POINT('',(15.566978455197,-5.075855866732E-07,
    -1.035000000001));
#4724 = CARTESIAN_POINT('',(15.564679712272,-3.322275891726E-02,
    -1.035000000001));
#4725 = CARTESIAN_POINT('',(15.562380794527,-6.644486817992E-02,
    -1.033755865537));
#4726 = CARTESIAN_POINT('',(15.560081789683,-9.961072640963E-02,
    -1.031267648061));
#4727 = CARTESIAN_POINT('',(15.557782762643,-0.132664561482,
    -1.027538508036));
#4728 = CARTESIAN_POINT('',(15.555483755483,-0.165550938111,
    -1.022574714934));
#4729 = CARTESIAN_POINT('',(15.553184787462,-0.198214757852,
    -1.016385647238));
#4730 = CARTESIAN_POINT('',(15.549737349107,-0.246780981136,
    -1.005285956964));
#4731 = CARTESIAN_POINT('',(15.548588852856,-0.262891527565,
    -1.001285425694));
#4732 = CARTESIAN_POINT('',(15.547440366865,-0.278926096809,
    -0.996983753341));
#4733 = CARTESIAN_POINT('',(15.546291891301,-0.294877941098,
    -0.992382682435));
#4734 = CARTESIAN_POINT('',(15.545143425892,-0.31074036647,
    -0.987484143332));
#4735 = CARTESIAN_POINT('',(15.54399496993,-0.326506732768,
    -0.982290254205));
#4736 = CARTESIAN_POINT('',(15.532057885559,-0.489317075794,
    -0.925258500637));
#4737 = CARTESIAN_POINT('',(15.52126050482,-0.627535626698,
    -0.847807245853));
#4738 = CARTESIAN_POINT('',(15.51047092642,-0.751102674823,
    -0.746360992086));
#4739 = CARTESIAN_POINT('',(15.499682364967,-0.855159089959,
    -0.624428684025));
#4740 = CARTESIAN_POINT('',(15.488892092897,-0.935917670813,
    -0.486452511822));
#4741 = CARTESIAN_POINT('',(15.478093642434,-0.990677246956,
    -0.337777520391));
#4742 = CARTESIAN_POINT('',(15.464047570026,-1.026833552208,
    -0.138038490844));
#4743 = CARTESIAN_POINT('',(15.460790315462,-1.032760458832,
    -9.127449468853E-02));
#4744 = CARTESIAN_POINT('',(15.457533080823,-1.036201319353,
    -4.422232111876E-02));
#4745 = CARTESIAN_POINT('',(15.454275853576,-1.037140316941,
    2.959376769965E-03));
#4746 = CARTESIAN_POINT('',(15.451018603364,-1.035574274908,
    5.011124893768E-02));
#4747 = CARTESIAN_POINT('',(15.447761318568,-1.031512675431,
    9.707413362189E-02));
#4748 = CARTESIAN_POINT('',(15.437506331251,-1.010938330735,
    0.243836205059));
#4749 = CARTESIAN_POINT('',(15.430507460327,-0.985480961364,
    0.34239814763));
#4750 = CARTESIAN_POINT('',(15.423509327623,-0.94882259793,
    0.437783931837));
#4751 = CARTESIAN_POINT('',(15.416511677964,-0.901459767593,
    0.528478269192));
#4752 = CARTESIAN_POINT('',(15.409513557272,-0.844130123687,
    0.61306875312));
#4753 = CARTESIAN_POINT('',(15.402514738128,-0.777793426947,
    0.690282184207));
#4754 = CARTESIAN_POINT('',(15.388060500557,-0.624605851549,
    0.832289032275));
#4755 = CARTESIAN_POINT('',(15.380602513083,-0.536665038357,
    0.895963097991));
#4756 = CARTESIAN_POINT('',(15.373145774631,-0.441232795575,
    0.948721735305));
#4757 = CARTESIAN_POINT('',(15.365689789312,-0.339948264775,
    0.989542540153));
#4758 = CARTESIAN_POINT('',(15.358233030919,-0.234602252312,
    1.017703702895));
#4759 = CARTESIAN_POINT('',(15.350775013795,-0.127084888346,
    1.032805153701));
#4760 = CARTESIAN_POINT('',(15.334759989461,0.104312915659,1.03713082597
    ));
#4761 = CARTESIAN_POINT('',(15.326198445109,0.228336512644,
    1.022203686851));
#4762 = CARTESIAN_POINT('',(15.317639121849,0.349763600806,
    0.989960605546));
#4763 = CARTESIAN_POINT('',(15.309080803883,0.465709024741,
    0.940994917933));
#4764 = CARTESIAN_POINT('',(15.300521553112,0.573489901414,
    0.876439829787));
#4765 = CARTESIAN_POINT('',(15.291960087072,0.670669401504,
    0.797949518758));
#4766 = CARTESIAN_POINT('',(15.273695380851,0.851149732886,
    0.605346132428));
#4767 = CARTESIAN_POINT('',(15.26398356207,0.930933944646,0.487766805708
    ));
#4768 = CARTESIAN_POINT('',(15.254276415753,0.991577226934,
    0.358110295919));
#4769 = CARTESIAN_POINT('',(15.244571024011,1.031013887749,
    0.220178922368));
#4770 = CARTESIAN_POINT('',(15.234863359049,1.048074788914,
    7.806147853821E-02));
#4771 = CARTESIAN_POINT('',(15.225151225753,1.042503492106,
    -6.392224249035E-02));
#4772 = CARTESIAN_POINT('',(15.212120141362,1.005839333336,
    -0.248635787458));
#4773 = CARTESIAN_POINT('',(15.208795381984,0.993932320706,
    -0.295257347047));
#4774 = CARTESIAN_POINT('',(15.205470664509,0.979505854814,
    -0.341206088938));
#4775 = CARTESIAN_POINT('',(15.202145983041,0.962606367894,
    -0.386318925387));
#4776 = CARTESIAN_POINT('',(15.198821311025,0.94329332044,-0.43043712914
    ));
#4777 = CARTESIAN_POINT('',(15.195496634732,0.921638857052,
    -0.473407248876));
#4778 = CARTESIAN_POINT('',(15.191079172255,0.889867767413,
    -0.528780557274));
#4779 = CARTESIAN_POINT('',(15.189986357957,0.881764203758,
    -0.542339174982));
#4780 = CARTESIAN_POINT('',(15.188893543406,0.873419763731,
    -0.555752662369));
#4781 = CARTESIAN_POINT('',(15.187800728109,0.864837574415,
    -0.56901589108));
#4782 = CARTESIAN_POINT('',(15.186707911532,0.856020897562,
    -0.582123819801));
#4783 = CARTESIAN_POINT('',(15.185615093098,0.846973129596,
    -0.595071494269));
#4784 = CARTESIAN_POINT('',(15.183108027524,0.825694386451,
    -0.624396242923));
#4785 = CARTESIAN_POINT('',(15.181693778589,0.813309853482,
    -0.640661914845));
#4786 = CARTESIAN_POINT('',(15.180279523986,0.800551863123,
    -0.656640506712));
#4787 = CARTESIAN_POINT('',(15.178865262396,0.787428420993,
    -0.672321750678));
#4788 = CARTESIAN_POINT('',(15.177450992574,0.773947877901,
    -0.687695667372));
#4789 = CARTESIAN_POINT('',(15.176036713348,0.760118929851,
    -0.702752565895));
#4790 = CARTESIAN_POINT('',(15.173311957467,0.732822407587,
    -0.731132151565));
#4791 = CARTESIAN_POINT('',(15.172001481857,0.719402813922,
    -0.74450102185));
#4792 = CARTESIAN_POINT('',(15.170690996169,0.705699031374,
    -0.75758217529));
#4793 = CARTESIAN_POINT('',(15.169380499956,0.691718477237,
    -0.770368378208));
#4794 = CARTESIAN_POINT('',(15.168069992944,0.677468791771,
    -0.782852642642));
#4795 = CARTESIAN_POINT('',(15.166759475034,0.662957838209,
    -0.795028226341));
#4796 = CARTESIAN_POINT('',(15.161354409912,0.602065534408,
    -0.843944566435));
#4797 = CARTESIAN_POINT('',(15.157259699696,0.553465011379,
    -0.877924559957));
#4798 = CARTESIAN_POINT('',(15.153164934543,0.502639848452,
    -0.90862959941));
#4799 = CARTESIAN_POINT('',(15.149070159453,0.449856006935,
    -0.935886828064));
#4800 = CARTESIAN_POINT('',(15.144975409816,0.395395171236,
    -0.959550826332));
#4801 = CARTESIAN_POINT('',(15.140880775692,0.33955222545,
    -0.979504891723));
#4802 = CARTESIAN_POINT('',(15.13395660303,0.243291694947,
    -1.006829844037));
#4803 = CARTESIAN_POINT('',(15.131126845747,0.203435721811,
    -1.016183865072));
#4804 = CARTESIAN_POINT('',(15.128297227554,0.163165388774,
    -1.023695835046));
#4805 = CARTESIAN_POINT('',(15.125467748525,0.12258289222,
    -1.029344256937));
#4806 = CARTESIAN_POINT('',(15.122638353431,8.179161024423E-02,
    -1.033114730631));
#4807 = CARTESIAN_POINT('',(15.119808909686,4.0895666229E-02,
    -1.035000000001));
#4808 = CARTESIAN_POINT('',(15.116979185284,-5.075855356029E-07,
    -1.035000000001));
#4809 = ORIENTED_EDGE('',*,*,#4389,.T.);
#4810 = ORIENTED_EDGE('',*,*,#4634,.T.);
#4811 = ORIENTED_EDGE('',*,*,#4812,.F.);
#4812 = EDGE_CURVE('',#4720,#4635,#4813,.T.);
#4813 = B_SPLINE_CURVE_WITH_KNOTS('',1,(#4814,#4815),.UNSPECIFIED.,.F.,
  .F.,(2,2),(0.,0.39175),.PIECEWISE_BEZIER_KNOTS.);
#4814 = CARTESIAN_POINT('',(15.051014923967,-8.550801389173E-07,
    -0.920734593732));
#4815 = CARTESIAN_POINT('',(15.246874546547,2.598078663318E-08,
    -1.260008923356));
#4816 = B_SPLINE_SURFACE_WITH_KNOTS('',1,8,(
    (#4817,#4818,#4819,#4820,#4821,#4822,#4823,#4824,#4825,#4826,#4827
      ,#4828,#4829,#4830,#4831,#4832,#4833,#4834,#4835,#4836,#4837,#4838
      ,#4839,#4840,#4841,#4842,#4843)
    ,(#4844,#4845,#4846,#4847,#4848,#4849,#4850,#4851,#4852,#4853,#4854
      ,#4855,#4856,#4857,#4858,#4859,#4860,#4861,#4862,#4863,#4864,#4865
      ,#4866,#4867,#4868,#4869,#4870
    )),.UNSPECIFIED.,.F.,.F.,.F.,(2,2),(9,6,6,6,9),(0.,0.39175),(0.,
    1.574819783427,3.149639566854,4.72445935028,6.299279133707),
  .UNSPECIFIED.);
#4817 = CARTESIAN_POINT('',(15.501013567242,-7.77345583014E-07,
    -0.920734589552));
#4818 = CARTESIAN_POINT('',(15.486951651592,-0.180800530638,
    -0.920734438753));
#4819 = CARTESIAN_POINT('',(15.472892954201,-0.361554299582,
    -0.880171646691));
#4820 = CARTESIAN_POINT('',(15.458824542321,-0.531736303829,
    -0.799038160192));
#4821 = CARTESIAN_POINT('',(15.444762847416,-0.68066817539,
    -0.680649241514));
#4822 = CARTESIAN_POINT('',(15.430701302375,-0.799029128869,
    -0.53173351533));
#4823 = CARTESIAN_POINT('',(15.416639550931,-0.880166411023,
    -0.36157106668));
#4824 = CARTESIAN_POINT('',(15.388514919449,-0.961302750135,
    -1.902621037993E-06));
#4825 = CARTESIAN_POINT('',(15.360389112654,-0.880166166057,
    0.361573209761));
#4826 = CARTESIAN_POINT('',(15.346326134322,-0.799029278499,
    0.53174087289));
#4827 = CARTESIAN_POINT('',(15.332263872655,-0.680659300718,
    0.680663548976));
#4828 = CARTESIAN_POINT('',(15.318201850514,-0.531737579719,
    0.799030237926));
#4829 = CARTESIAN_POINT('',(15.304139404948,-0.361572504115,
    0.880165742026));
#4830 = CARTESIAN_POINT('',(15.276014245605,8.522609679184E-07,
    0.961301070878));
#4831 = CARTESIAN_POINT('',(15.247889086261,0.361574064564,
    0.880165099978));
#4832 = CARTESIAN_POINT('',(15.233826640695,0.531738995943,
    0.799029294359));
#4833 = CARTESIAN_POINT('',(15.219764618553,0.680660508124,
    0.680662345093));
#4834 = CARTESIAN_POINT('',(15.205702356887,0.799030224823,
    0.531739457781));
#4835 = CARTESIAN_POINT('',(15.191639378556,0.880166807793,
    0.361571649481));
#4836 = CARTESIAN_POINT('',(15.16351357176,0.961302746088,
    -3.607048390969E-06));
#4837 = CARTESIAN_POINT('',(15.135388940277,0.880165768013,
    -0.361572626959));
#4838 = CARTESIAN_POINT('',(15.121327188834,0.799028185712,
    -0.53173493205));
#4839 = CARTESIAN_POINT('',(15.107265643791,0.680666986885,
    -0.680650452106));
#4840 = CARTESIAN_POINT('',(15.093203948892,0.531734877454,
    -0.799039118949));
#4841 = CARTESIAN_POINT('',(15.079135537007,0.361552738244,
    -0.880172265159));
#4842 = CARTESIAN_POINT('',(15.065076839617,0.180798898213,
    -0.920734759789));
#4843 = CARTESIAN_POINT('',(15.051014923967,-8.550801389173E-07,
    -0.920734593732));
#4844 = CARTESIAN_POINT('',(15.696874587787,2.361792639238E-08,
    -1.260008112142));
#4845 = CARTESIAN_POINT('',(15.682812070026,-0.247401646612,
    -1.260008466173));
#4846 = CARTESIAN_POINT('',(15.668749454444,-0.494802746142,
    -1.204505862704));
#4847 = CARTESIAN_POINT('',(15.65468713413,-0.727675024234,
    -1.093449212504));
#4848 = CARTESIAN_POINT('',(15.640624609676,-0.931470085038,
    -0.931468771971));
#4849 = CARTESIAN_POINT('',(15.626562080637,-1.093458176479,
    -0.727669420457));
#4850 = CARTESIAN_POINT('',(15.612499557887,-1.204491499315,
    -0.494804848706));
#4851 = CARTESIAN_POINT('',(15.584374546685,-1.315525678322,
    -2.600267484595E-06));
#4852 = CARTESIAN_POINT('',(15.556249571209,-1.204491830015,
    0.494804127471));
#4853 = CARTESIAN_POINT('',(15.542187085748,-1.093458084082,
    0.727673586362));
#4854 = CARTESIAN_POINT('',(15.528124578504,-0.931472316009,
    0.93147493248));
#4855 = CARTESIAN_POINT('',(15.514062063979,-0.72767145753,
    1.093459327096));
#4856 = CARTESIAN_POINT('',(15.499999562324,-0.49480390585,
    1.204491218027));
#4857 = CARTESIAN_POINT('',(15.471874567168,-9.155776575156E-09,
    1.315523213879));
#4858 = CARTESIAN_POINT('',(15.443749572011,0.49480384813,1.204491042406
    ));
#4859 = CARTESIAN_POINT('',(15.429687070357,0.727671330693,1.09345919484
    ));
#4860 = CARTESIAN_POINT('',(15.415624555831,0.931472398943,
    0.931475533571));
#4861 = CARTESIAN_POINT('',(15.401562048587,1.093458751166,
    0.727673928799));
#4862 = CARTESIAN_POINT('',(15.387499563127,1.204491943991,
    0.494804217705));
#4863 = CARTESIAN_POINT('',(15.35937458765,1.315524892534,
    -2.563230759668E-06));
#4864 = CARTESIAN_POINT('',(15.331249576448,1.204491139159,
    -0.494804758472));
#4865 = CARTESIAN_POINT('',(15.317187053692,1.093458125734,
    -0.72766939006));
#4866 = CARTESIAN_POINT('',(15.303124524676,0.931473677533,
    -0.931469480606));
#4867 = CARTESIAN_POINT('',(15.289062000185,0.72767316438,
    -1.093452288389));
#4868 = CARTESIAN_POINT('',(15.2749996799,0.494802636782,-1.204501444058
    ));
#4869 = CARTESIAN_POINT('',(15.26093706431,0.247401696211,
    -1.260008568861));
#4870 = CARTESIAN_POINT('',(15.246874546547,2.598078663318E-08,
    -1.260008923356));
#4871 = ADVANCED_FACE('',(#4872),#4961,.F.);
#4872 = FACE_BOUND('',#4873,.T.);
#4873 = EDGE_LOOP('',(#4874,#4875,#4876,#4955));
#4874 = ORIENTED_EDGE('',*,*,#4719,.F.);
#4875 = ORIENTED_EDGE('',*,*,#4521,.T.);
#4876 = ORIENTED_EDGE('',*,*,#4877,.T.);
#4877 = EDGE_CURVE('',#4455,#4878,#4880,.T.);
#4878 = VERTEX_POINT('',#4879);
#4879 = CARTESIAN_POINT('',(14.983050376743,-3.04562905287E-07,
    -1.035000000001));
#4880 = B_SPLINE_CURVE_WITH_KNOTS('',7,(#4881,#4882,#4883,#4884,#4885,
    #4886,#4887,#4888,#4889,#4890,#4891,#4892,#4893,#4894,#4895,#4896,
    #4897,#4898,#4899,#4900,#4901,#4902,#4903,#4904,#4905,#4906,#4907,
    #4908,#4909,#4910,#4911,#4912,#4913,#4914,#4915,#4916,#4917,#4918,
    #4919,#4920,#4921,#4922,#4923,#4924,#4925,#4926,#4927,#4928,#4929,
    #4930,#4931,#4932,#4933,#4934,#4935,#4936,#4937,#4938,#4939,#4940,
    #4941,#4942,#4943,#4944,#4945,#4946,#4947,#4948,#4949,#4950,#4951,
    #4952,#4953,#4954),.UNSPECIFIED.,.F.,.F.,(8,6,6,6,6,6,6,6,6,6,6,6,8)
  ,(0.,3.800151333369E-02,0.135353551171,0.228155638819,0.293099716476,
    0.385910586246,0.499276217132,0.633874865595,0.750028151992,
    0.81227937807,0.872923125608,0.958617669533,1.),.UNSPECIFIED.);
#4881 = CARTESIAN_POINT('',(15.433048579492,-5.583633391204E-07,
    -1.035000000001));
#4882 = CARTESIAN_POINT('',(15.430605922468,-3.530358410211E-02,
    -1.035000000001));
#4883 = CARTESIAN_POINT('',(15.428163546375,-7.060649959121E-02,
    -1.033595136449));
#4884 = CARTESIAN_POINT('',(15.42572126198,-0.105841920618,
    -1.030785474187));
#4885 = CARTESIAN_POINT('',(15.423278935259,-0.140942924553,
    -1.026575040392));
#4886 = CARTESIAN_POINT('',(15.420836487389,-0.175843050344,
    -1.020971824573));
#4887 = CARTESIAN_POINT('',(15.418393894753,-0.210476298526,
    -1.013987778573));
#4888 = CARTESIAN_POINT('',(15.409693480547,-0.332648788635,
    -0.984250498217));
#4889 = CARTESIAN_POINT('',(15.403434298406,-0.418349016228,
    -0.953902150906));
#4890 = CARTESIAN_POINT('',(15.397174847825,-0.500765454333,
    -0.914861265303));
#4891 = CARTESIAN_POINT('',(15.390915790655,-0.578848013889,
    -0.867566924106));
#4892 = CARTESIAN_POINT('',(15.384656963964,-0.651623671047,
    -0.812608336106));
#4893 = CARTESIAN_POINT('',(15.378398020431,-0.718216717742,
    -0.750712699835));
#4894 = CARTESIAN_POINT('',(15.366174442548,-0.834743989478,
    -0.61794882741));
#4895 = CARTESIAN_POINT('',(15.360208653098,-0.885321658384,
    -0.547623402345));
#4896 = CARTESIAN_POINT('',(15.354243366622,-0.92895257175,
    -0.472508755518));
#4897 = CARTESIAN_POINT('',(15.348278265993,-0.96510476743,
    -0.393433865034));
#4898 = CARTESIAN_POINT('',(15.342312788546,-0.993369024063,
    -0.311293870635));
#4899 = CARTESIAN_POINT('',(15.336346814475,-1.013466454895,
    -0.227033434346));
#4900 = CARTESIAN_POINT('',(15.326206434175,-1.033519894289,
    -8.18697884189E-02));
#4901 = CARTESIAN_POINT('',(15.322031507886,-1.0377116573,
    -2.154327312499E-02));
#4902 = CARTESIAN_POINT('',(15.317856605228,-1.03779307781,
    3.901220733295E-02));
#4903 = CARTESIAN_POINT('',(15.313681725422,-1.033752399546,
    9.946060531661E-02));
#4904 = CARTESIAN_POINT('',(15.309506813656,-1.025612022169,
    0.159466595097));
#4905 = CARTESIAN_POINT('',(15.305331864386,-1.013428306601,
    0.218698648183));
#4906 = CARTESIAN_POINT('',(15.295190806868,-0.974230275861,
    0.359910000025));
#4907 = CARTESIAN_POINT('',(15.289224150917,-0.943093074169,
    0.440753626109));
#4908 = CARTESIAN_POINT('',(15.28325793573,-0.904142396047,
    0.518408004911));
#4909 = CARTESIAN_POINT('',(15.277292001934,-0.857780552388,
    0.591973623184));
#4910 = CARTESIAN_POINT('',(15.271325834812,-0.804532546105,
    0.660617483279));
#4911 = CARTESIAN_POINT('',(15.265359253302,-0.745036261376,
    0.723588629336));
#4912 = CARTESIAN_POINT('',(15.252105637871,-0.600648705287,
    0.849433808274));
#4913 = CARTESIAN_POINT('',(15.244816748075,-0.513028308627,
    0.909217728739));
#4914 = CARTESIAN_POINT('',(15.23752873603,-0.418543718007,
    0.958390034804));
#4915 = CARTESIAN_POINT('',(15.230241273203,-0.318748534499,
    0.996036954696));
#4916 = CARTESIAN_POINT('',(15.222953190015,-0.21532814339,1.02152263365
    ));
#4917 = CARTESIAN_POINT('',(15.21566422344,-0.110052687196,1.0345069231)
  );
#4918 = CARTESIAN_POINT('',(15.199724300066,0.120297937526,
    1.035561695747));
#4919 = CARTESIAN_POINT('',(15.191068897105,0.245462144111,
    1.018510928862));
#4920 = CARTESIAN_POINT('',(15.182416259052,0.367689286747,
    0.983799524843));
#4921 = CARTESIAN_POINT('',(15.173764919319,0.484007190752,
    0.932091032606));
#4922 = CARTESIAN_POINT('',(15.165112334307,0.591665651995,
    0.864608225532));
#4923 = CARTESIAN_POINT('',(15.156456964802,0.688181037527,
    0.783112870826));
#4924 = CARTESIAN_POINT('',(15.140337876633,0.843454227745,
    0.609468764412));
#4925 = CARTESIAN_POINT('',(15.1328695349,0.905611313057,0.520268211786)
  );
#4926 = CARTESIAN_POINT('',(15.125402181085,0.956688817485,0.42375541143
    ));
#4927 = CARTESIAN_POINT('',(15.117935489574,0.995690221446,
    0.321594656642));
#4928 = CARTESIAN_POINT('',(15.110468144327,1.021924000312,
    0.215597210695));
#4929 = CARTESIAN_POINT('',(15.102999810331,1.035023958116,
    0.107668165578));
#4930 = CARTESIAN_POINT('',(15.091531379999,1.034986261145,
    -5.806529339896E-02));
#4931 = CARTESIAN_POINT('',(15.087529632726,1.031203312849,
    -0.115895239717));
#4932 = CARTESIAN_POINT('',(15.083527965541,1.023650642572,
    -0.173428690149));
#4933 = CARTESIAN_POINT('',(15.079526348814,1.012357316136,
    -0.230371035913));
#4934 = CARTESIAN_POINT('',(15.075524705389,0.99738090245,
    -0.286432063714));
#4935 = CARTESIAN_POINT('',(15.071523005968,0.978806983389,
    -0.341328394877));
#4936 = CARTESIAN_POINT('',(15.063623055168,0.935259943559,
    -0.446863050234));
#4937 = CARTESIAN_POINT('',(15.059724678549,0.910463788926,
    -0.497576338543));
#4938 = CARTESIAN_POINT('',(15.055826330981,0.882464737718,
    -0.546672440933));
#4939 = CARTESIAN_POINT('',(15.051927995181,0.851390797829,
    -0.593909530635));
#4940 = CARTESIAN_POINT('',(15.048029618361,0.817392256239,
    -0.639059122917));
#4941 = CARTESIAN_POINT('',(15.044131190361,0.780640488189,
    -0.681907895427));
#4942 = CARTESIAN_POINT('',(15.034724110126,0.68577328224,
    -0.779279617304));
#4943 = CARTESIAN_POINT('',(15.029215067822,0.625099497313,
    -0.83131774014));
#4944 = CARTESIAN_POINT('',(15.023706313069,0.559847835933,
    -0.877816946584));
#4945 = CARTESIAN_POINT('',(15.018197761656,0.490629234095,
    -0.918300143949));
#4946 = CARTESIAN_POINT('',(15.012689078846,0.418112248862,
    -0.952376396016));
#4947 = CARTESIAN_POINT('',(15.007180131257,0.343012167828,
    -0.979747241747));
#4948 = CARTESIAN_POINT('',(14.999011263155,0.228929241278,
    -1.010096039351));
#4949 = CARTESIAN_POINT('',(14.996351075707,0.191349838421,
    -1.018369225457));
#4950 = CARTESIAN_POINT('',(14.993690868983,0.153426192304,
    -1.025010219743));
#4951 = CARTESIAN_POINT('',(14.991030654972,0.115243288668,
    -1.030002234574));
#4952 = CARTESIAN_POINT('',(14.988370465075,7.688681669357E-02,
    -1.033334047248));
#4953 = CARTESIAN_POINT('',(14.985710350097,3.844316899765E-02,
    -1.035000000001));
#4954 = CARTESIAN_POINT('',(14.983050380256,-5.583633229111E-07,
    -1.035000000001));
#4955 = ORIENTED_EDGE('',*,*,#4956,.F.);
#4956 = EDGE_CURVE('',#4720,#4878,#4957,.T.);
#4957 = LINE('',#4958,#4959);
#4958 = CARTESIAN_POINT('',(20.,0.,-1.035));
#4959 = VECTOR('',#4960,1.);
#4960 = DIRECTION('',(-1.,0.,6.661338147751E-17));
#4961 = CYLINDRICAL_SURFACE('',#4962,1.035);
#4962 = AXIS2_PLACEMENT_3D('',#4963,#4964,#4965);
#4963 = CARTESIAN_POINT('',(20.,0.,0.));
#4964 = DIRECTION('',(-1.,-0.,-0.));
#4965 = DIRECTION('',(0.,0.,-1.));
#4966 = ADVANCED_FACE('',(#4967),#5002,.F.);
#4967 = FACE_BOUND('',#4968,.F.);
#4968 = EDGE_LOOP('',(#4969,#4995,#4996,#4997));
#4969 = ORIENTED_EDGE('',*,*,#4970,.F.);
#4970 = EDGE_CURVE('',#4536,#4971,#4973,.T.);
#4971 = VERTEX_POINT('',#4972);
#4972 = CARTESIAN_POINT('',(14.853124505236,2.834773631702E-08,
    -1.260012515877));
#4973 = B_SPLINE_CURVE_WITH_KNOTS('',11,(#4974,#4975,#4976,#4977,#4978,
    #4979,#4980,#4981,#4982,#4983,#4984,#4985,#4986,#4987,#4988,#4989,
    #4990,#4991,#4992,#4993,#4994),.UNSPECIFIED.,.F.,.F.,(12,9,12),(0.,
    3.149639566854,6.299279133707),.UNSPECIFIED.);
#4974 = CARTESIAN_POINT('',(15.30312454649,2.598404202914E-08,
    -1.260011472889));
#4975 = CARTESIAN_POINT('',(15.282669975192,-0.359857941606,
    -1.260012133721));
#4976 = CARTESIAN_POINT('',(15.262215204627,-0.719714793809,
    -1.146989387569));
#4977 = CARTESIAN_POINT('',(15.241761312767,-1.04012685769,
    -0.920795150855));
#4978 = CARTESIAN_POINT('',(15.221306258561,-1.281552674182,
    -0.597218589067));
#4979 = CARTESIAN_POINT('',(15.200851483817,-1.411652523622,
    -0.20697935694));
#4980 = CARTESIAN_POINT('',(15.180397464552,-1.411600778693,
    0.206972238256));
#4981 = CARTESIAN_POINT('',(15.159942686978,-1.281589959161,
    0.597192876938));
#4982 = CARTESIAN_POINT('',(15.139488175362,-1.040111477599,
    0.920857908826));
#4983 = CARTESIAN_POINT('',(15.119033609725,-0.719716761925,
    1.146959654847));
#4984 = CARTESIAN_POINT('',(15.078124525863,6.498387800826E-09,
    1.373061809429));
#4985 = CARTESIAN_POINT('',(15.037215442002,0.719716670049,
    1.146959321022));
#4986 = CARTESIAN_POINT('',(15.016760891425,1.040111269557,
    0.920856754027));
#4987 = CARTESIAN_POINT('',(14.996306305563,1.281587060962,
    0.597201071974));
#4988 = CARTESIAN_POINT('',(14.975851692899,1.411621393139,
    0.206962354345));
#4989 = CARTESIAN_POINT('',(14.955397462126,1.411613446359,
    -0.206980747285));
#4990 = CARTESIAN_POINT('',(14.934942852465,1.28158098517,
    -0.597199178064));
#4991 = CARTESIAN_POINT('',(14.914487723819,1.040120646309,
    -0.920820142601));
#4992 = CARTESIAN_POINT('',(14.894033847119,0.719714432804,
    -1.146977803252));
#4993 = CARTESIAN_POINT('',(14.873579076537,0.359857995938,
    -1.26001185437));
#4994 = CARTESIAN_POINT('',(14.853124505236,2.834775059135E-08,
    -1.260012515877));
#4995 = ORIENTED_EDGE('',*,*,#4563,.T.);
#4996 = ORIENTED_EDGE('',*,*,#4877,.T.);
#4997 = ORIENTED_EDGE('',*,*,#4998,.F.);
#4998 = EDGE_CURVE('',#4971,#4878,#4999,.T.);
#4999 = B_SPLINE_CURVE_WITH_KNOTS('',1,(#5000,#5001),.UNSPECIFIED.,.F.,
  .F.,(2,2),(0.,0.39175),.PIECEWISE_BEZIER_KNOTS.);
#5000 = CARTESIAN_POINT('',(14.853124505236,2.834775036931E-08,
    -1.260012515877));
#5001 = CARTESIAN_POINT('',(15.049016280142,-9.327835921447E-07,
    -0.920756749496));
#5002 = B_SPLINE_SURFACE_WITH_KNOTS('',1,9,(
    (#5003,#5004,#5005,#5006,#5007,#5008,#5009,#5010,#5011,#5012,#5013
      ,#5014,#5015,#5016,#5017,#5018,#5019,#5020,#5021,#5022,#5023,#5024
      ,#5025,#5026,#5027,#5028,#5029,#5030,#5031,#5032,#5033)
    ,(#5034,#5035,#5036,#5037,#5038,#5039,#5040,#5041,#5042,#5043,#5044
      ,#5045,#5046,#5047,#5048,#5049,#5050,#5051,#5052,#5053,#5054,#5055
      ,#5056,#5057,#5058,#5059,#5060,#5061,#5062,#5063,#5064
  )),.UNSPECIFIED.,.F.,.F.,.F.,(2,2),(10,7,7,7,10),(0.,0.39175),(0.,
    1.574819783427,3.149639566854,4.72445935028,6.299279133707),
  .UNSPECIFIED.);
#5003 = CARTESIAN_POINT('',(15.30312454649,2.598404169607E-08,
    -1.260011472889));
#5004 = CARTESIAN_POINT('',(15.290624530697,-0.219913176432,
    -1.260011876731));
#5005 = CARTESIAN_POINT('',(15.278124438794,-0.439825952833,
    -1.216843618183));
#5006 = CARTESIAN_POINT('',(15.265624532932,-0.650052911811,
    -1.130471130059));
#5007 = CARTESIAN_POINT('',(15.253124579257,-0.840896659367,
    -1.003462592941));
#5008 = CARTESIAN_POINT('',(15.240624555478,-1.003467282343,
    -0.840893544593));
#5009 = CARTESIAN_POINT('',(15.22812453175,-1.130472427726,
    -0.650049693124));
#5010 = CARTESIAN_POINT('',(15.215624515334,-1.216832047661,
    -0.439828042168));
#5011 = CARTESIAN_POINT('',(15.190624507359,-1.303192263206,
    -2.352671291571E-06));
#5012 = CARTESIAN_POINT('',(15.16562452718,-1.216832278116,
    0.439826808245));
#5013 = CARTESIAN_POINT('',(15.153124539602,-1.130472380545,
    0.650052194334));
#5014 = CARTESIAN_POINT('',(15.140624540424,-1.00346870741,
    0.840898810944));
#5015 = CARTESIAN_POINT('',(15.128124530746,-0.840896474603,
    1.003470729385));
#5016 = CARTESIAN_POINT('',(15.115624522122,-0.650050744502,
    1.130473100018));
#5017 = CARTESIAN_POINT('',(15.103124521556,-0.439826911725,
    1.216831487898));
#5018 = CARTESIAN_POINT('',(15.078124525863,-9.705959919051E-09,
    1.303189911467));
#5019 = CARTESIAN_POINT('',(15.05312453017,0.439826852258,1.216831283894
    ));
#5020 = CARTESIAN_POINT('',(15.040624529605,0.650050619515,
    1.130472906521));
#5021 = CARTESIAN_POINT('',(15.028124520981,0.84089646888,1.003471076863
    ));
#5022 = CARTESIAN_POINT('',(15.015624511302,1.003469154138,
    0.840899428457));
#5023 = CARTESIAN_POINT('',(15.003124512124,1.130473006047,
    0.650052518055));
#5024 = CARTESIAN_POINT('',(14.990624524547,1.216832299414,
    0.439826907545));
#5025 = CARTESIAN_POINT('',(14.965624544367,1.303191347577,
    -2.307214385037E-06));
#5026 = CARTESIAN_POINT('',(14.940624536392,1.216831520504,
    -0.439827942867));
#5027 = CARTESIAN_POINT('',(14.928124519981,1.130472111787,
    -0.650050205049));
#5028 = CARTESIAN_POINT('',(14.915624496233,1.003470104254,
    -0.840892579867));
#5029 = CARTESIAN_POINT('',(14.903124472494,0.840897864007,
    -1.003466324099));
#5030 = CARTESIAN_POINT('',(14.890624518772,0.650051375536,
    -1.130471309515));
#5031 = CARTESIAN_POINT('',(14.87812461294,0.439825848528,-1.21683923217
    ));
#5032 = CARTESIAN_POINT('',(14.865624521031,0.219913230764,
    -1.260012111623));
#5033 = CARTESIAN_POINT('',(14.853124505236,2.834775036931E-08,
    -1.260012515877));
#5034 = CARTESIAN_POINT('',(15.499014923506,-8.550541013008E-07,
    -0.920754899347));
#5035 = CARTESIAN_POINT('',(15.486515442895,-0.16071545189,
    -0.920755458472));
#5036 = CARTESIAN_POINT('',(15.47401846522,-0.321394421401,
    -0.889209943397));
#5037 = CARTESIAN_POINT('',(15.461515369172,-0.475021496298,
    -0.826100978522));
#5038 = CARTESIAN_POINT('',(15.44901384593,-0.614489178981,
    -0.733281355379));
#5039 = CARTESIAN_POINT('',(15.436514628134,-0.733287797467,
    -0.614478105375));
#5040 = CARTESIAN_POINT('',(15.424015408122,-0.826094183809,
    -0.475023590223));
#5041 = CARTESIAN_POINT('',(15.411515948076,-0.889202575365,
    -0.321404093177));
#5042 = CARTESIAN_POINT('',(15.386516210335,-0.952310358427,
    -1.482282871545E-06));
#5043 = CARTESIAN_POINT('',(15.361515558521,-0.889201784461,
    0.321405642469));
#5044 = CARTESIAN_POINT('',(15.349015150016,-0.826093339162,
    0.475029098982));
#5045 = CARTESIAN_POINT('',(15.336515122981,-0.733284610223,
    0.614489416803));
#5046 = CARTESIAN_POINT('',(15.324015441268,-0.614485944196,
    0.733287652518));
#5047 = CARTESIAN_POINT('',(15.311515724871,-0.475026839647,
    0.826094692031));
#5048 = CARTESIAN_POINT('',(15.299015743455,-0.321405029418,
    0.889201508169));
#5049 = CARTESIAN_POINT('',(15.274015601825,9.571754929282E-07,
    0.952307959063));
#5050 = CARTESIAN_POINT('',(15.249015460196,0.321406743576,
    0.889200488582));
#5051 = CARTESIAN_POINT('',(15.236515478779,0.475028308442,
    0.826093376717));
#5052 = CARTESIAN_POINT('',(15.224015762382,0.614487434633,
    0.733287011434));
#5053 = CARTESIAN_POINT('',(15.211516080669,0.733286660142,
    0.614489011616));
#5054 = CARTESIAN_POINT('',(15.199016053635,0.826095420811,
    0.475027982723));
#5055 = CARTESIAN_POINT('',(15.18651564513,0.889202479953,0.321403998971
    ));
#5056 = CARTESIAN_POINT('',(15.161514993315,0.952308734201,
    -3.350434583708E-06));
#5057 = CARTESIAN_POINT('',(15.136515255574,0.889200982528,
    -0.321405736673));
#5058 = CARTESIAN_POINT('',(15.124015795491,0.826094654351,
    -0.47502500471));
#5059 = CARTESIAN_POINT('',(15.111516575603,0.733286394996,
    -0.614480939504));
#5060 = CARTESIAN_POINT('',(15.09901735765,0.614494966054,
    -0.733286186626));
#5061 = CARTESIAN_POINT('',(15.086515834485,0.475015077588,
    -0.826103453104));
#5062 = CARTESIAN_POINT('',(15.074012738445,0.321392416704,
    -0.889202820852));
#5063 = CARTESIAN_POINT('',(15.061515760756,0.160713664052,
    -0.920756203932));
#5064 = CARTESIAN_POINT('',(15.049016280142,-9.327835921447E-07,
    -0.920756749496));
#5065 = ADVANCED_FACE('',(#5066),#5107,.F.);
#5066 = FACE_BOUND('',#5067,.F.);
#5067 = EDGE_LOOP('',(#5068,#5100,#5101,#5102));
#5068 = ORIENTED_EDGE('',*,*,#5069,.F.);
#5069 = EDGE_CURVE('',#4635,#5070,#5072,.T.);
#5070 = VERTEX_POINT('',#5071);
#5071 = CARTESIAN_POINT('',(14.796874505304,2.834383404962E-08,
    -1.260009734568));
#5072 = B_SPLINE_CURVE_WITH_KNOTS('',8,(#5073,#5074,#5075,#5076,#5077,
    #5078,#5079,#5080,#5081,#5082,#5083,#5084,#5085,#5086,#5087,#5088,
    #5089,#5090,#5091,#5092,#5093,#5094,#5095,#5096,#5097,#5098,#5099),
  .UNSPECIFIED.,.F.,.F.,(9,6,6,6,9),(0.,1.574819783427,3.149639566854,
    4.72445935028,6.299279133707),.UNSPECIFIED.);
#5073 = CARTESIAN_POINT('',(15.246874546547,2.598077064597E-08,
    -1.260008923356));
#5074 = CARTESIAN_POINT('',(15.232812028785,-0.247401803496,
    -1.26000927785));
#5075 = CARTESIAN_POINT('',(15.218749413193,-0.494803062486,
    -1.204506639117));
#5076 = CARTESIAN_POINT('',(15.204687092894,-0.727675490677,
    -1.093449917816));
#5077 = CARTESIAN_POINT('',(15.190624568438,-0.931470682972,
    -0.931469373433));
#5078 = CARTESIAN_POINT('',(15.176562039397,-1.093458879103,
    -0.727669890993));
#5079 = CARTESIAN_POINT('',(15.162499516645,-1.204492273857,
    -0.494805169528));
#5080 = CARTESIAN_POINT('',(15.134374505442,-1.315526525277,
    -2.602734164387E-06));
#5081 = CARTESIAN_POINT('',(15.106249529968,-1.204492606413,
    0.494804443773));
#5082 = CARTESIAN_POINT('',(15.092187044509,-1.093458789434,
    0.727674052794));
#5083 = CARTESIAN_POINT('',(15.078124537263,-0.931472917455,
    0.931475530432));
#5084 = CARTESIAN_POINT('',(15.064062022737,-0.727671928062,
    1.09346002972));
#5085 = CARTESIAN_POINT('',(15.049999521082,-0.494804226667,
    1.20449199257));
#5086 = CARTESIAN_POINT('',(15.021874525926,-1.162287149633E-08,
    1.315524060834));
#5087 = CARTESIAN_POINT('',(14.99374953077,0.494804164429,1.204491818805
    ));
#5088 = CARTESIAN_POINT('',(14.979687029116,0.727671797123,
    1.093459900194));
#5089 = CARTESIAN_POINT('',(14.965624514589,0.931472996895,
    0.931476135016));
#5090 = CARTESIAN_POINT('',(14.951562007344,1.093459453788,
    0.727674399332));
#5091 = CARTESIAN_POINT('',(14.937499521885,1.204492718534,
    0.494804538524));
#5092 = CARTESIAN_POINT('',(14.90937454641,1.315525739489,
    -2.560763247923E-06));
#5093 = CARTESIAN_POINT('',(14.881249535208,1.204491915557,
    -0.494805074777));
#5094 = CARTESIAN_POINT('',(14.86718701245,1.093458831087,
    -0.727669856496));
#5095 = CARTESIAN_POINT('',(14.853124483431,0.93147427896,
    -0.931470078575));
#5096 = CARTESIAN_POINT('',(14.839061958939,0.727673634925,
    -1.093452990971));
#5097 = CARTESIAN_POINT('',(14.824999638668,0.494802957643,
    -1.204502218616));
#5098 = CARTESIAN_POINT('',(14.810937023069,0.247401857821,
    -1.26000937961));
#5099 = CARTESIAN_POINT('',(14.796874505304,2.834384826844E-08,
    -1.260009734568));
#5100 = ORIENTED_EDGE('',*,*,#4668,.T.);
#5101 = ORIENTED_EDGE('',*,*,#4970,.T.);
#5102 = ORIENTED_EDGE('',*,*,#5103,.F.);
#5103 = EDGE_CURVE('',#5070,#4971,#5104,.T.);
#5104 = B_SPLINE_CURVE_WITH_KNOTS('',1,(#5105,#5106),.UNSPECIFIED.,.F.,
  .F.,(2,2),(0.,5.625E-02),.PIECEWISE_BEZIER_KNOTS.);
#5105 = CARTESIAN_POINT('',(14.796874505304,2.834384860151E-08,
    -1.260009734568));
#5106 = CARTESIAN_POINT('',(14.853124505236,2.834775059135E-08,
    -1.260012515877));
#5107 = B_SPLINE_SURFACE_WITH_KNOTS('',1,11,(
    (#5108,#5109,#5110,#5111,#5112,#5113,#5114,#5115,#5116,#5117,#5118
      ,#5119,#5120,#5121,#5122,#5123,#5124,#5125,#5126,#5127,#5128)
    ,(#5129,#5130,#5131,#5132,#5133,#5134,#5135,#5136,#5137,#5138,#5139
      ,#5140,#5141,#5142,#5143,#5144,#5145,#5146,#5147,#5148,#5149
  )),.UNSPECIFIED.,.F.,.F.,.F.,(2,2),(12,9,12),(0.,5.625E-02),(0.,
    3.149639566854,6.299279133707),.UNSPECIFIED.);
#5108 = CARTESIAN_POINT('',(15.246874546547,2.598077086802E-08,
    -1.260008923356));
#5109 = CARTESIAN_POINT('',(15.226419975256,-0.359857180531,
    -1.260009438984));
#5110 = CARTESIAN_POINT('',(15.205965204749,-0.719713225323,
    -1.146985677495));
#5111 = CARTESIAN_POINT('',(15.185511312728,-1.040123752432,
    -0.92079593195));
#5112 = CARTESIAN_POINT('',(15.165056258625,-1.281553933955,
    -0.597215383529));
#5113 = CARTESIAN_POINT('',(15.144601483991,-1.411643715769,
    -0.206978707488));
#5114 = CARTESIAN_POINT('',(15.124147464539,-1.411601562853,
    0.206970322185));
#5115 = CARTESIAN_POINT('',(15.103692687056,-1.281586100821,
    0.597192727285));
#5116 = CARTESIAN_POINT('',(15.08323817542,-1.040109469422,
    0.920855774272));
#5117 = CARTESIAN_POINT('',(15.06278360979,-0.719715234746,
    1.146957188032));
#5118 = CARTESIAN_POINT('',(15.021874525926,-1.520327368375E-09,
    1.373058904864));
#5119 = CARTESIAN_POINT('',(14.980965442063,0.719715152303,
    1.146956935283));
#5120 = CARTESIAN_POINT('',(14.96051089149,1.040109547002,0.920854990733
    ));
#5121 = CARTESIAN_POINT('',(14.940056305629,1.28158286584,0.597198702241
    ));
#5122 = CARTESIAN_POINT('',(14.919601692998,1.411619335587,
    0.206963382562));
#5123 = CARTESIAN_POINT('',(14.899147462132,1.411611583072,
    -0.206980509688));
#5124 = CARTESIAN_POINT('',(14.878692852485,1.281576934432,
    -0.597199862586));
#5125 = CARTESIAN_POINT('',(14.858237724005,1.040118681968,
    -0.920815464682));
#5126 = CARTESIAN_POINT('',(14.837783847119,0.719712955526,
    -1.146976660581));
#5127 = CARTESIAN_POINT('',(14.817329076598,0.359857234856,
    -1.260009218265));
#5128 = CARTESIAN_POINT('',(14.796874505304,2.834384860151E-08,
    -1.260009734568));
#5129 = CARTESIAN_POINT('',(15.30312454649,2.598404202914E-08,
    -1.260011472889));
#5130 = CARTESIAN_POINT('',(15.282669975192,-0.359857941606,
    -1.260012133721));
#5131 = CARTESIAN_POINT('',(15.262215204627,-0.719714793809,
    -1.146989387569));
#5132 = CARTESIAN_POINT('',(15.241761312767,-1.04012685769,
    -0.920795150855));
#5133 = CARTESIAN_POINT('',(15.221306258561,-1.281552674182,
    -0.597218589067));
#5134 = CARTESIAN_POINT('',(15.200851483817,-1.411652523622,
    -0.20697935694));
#5135 = CARTESIAN_POINT('',(15.180397464552,-1.411600778693,
    0.206972238256));
#5136 = CARTESIAN_POINT('',(15.159942686978,-1.281589959161,
    0.597192876938));
#5137 = CARTESIAN_POINT('',(15.139488175362,-1.040111477599,
    0.920857908826));
#5138 = CARTESIAN_POINT('',(15.119033609725,-0.719716761925,
    1.146959654847));
#5139 = CARTESIAN_POINT('',(15.078124525863,6.498387800826E-09,
    1.373061809429));
#5140 = CARTESIAN_POINT('',(15.037215442002,0.719716670049,
    1.146959321022));
#5141 = CARTESIAN_POINT('',(15.016760891425,1.040111269557,
    0.920856754027));
#5142 = CARTESIAN_POINT('',(14.996306305563,1.281587060962,
    0.597201071974));
#5143 = CARTESIAN_POINT('',(14.975851692899,1.411621393139,
    0.206962354345));
#5144 = CARTESIAN_POINT('',(14.955397462126,1.411613446359,
    -0.206980747285));
#5145 = CARTESIAN_POINT('',(14.934942852465,1.28158098517,
    -0.597199178064));
#5146 = CARTESIAN_POINT('',(14.914487723819,1.040120646309,
    -0.920820142601));
#5147 = CARTESIAN_POINT('',(14.894033847119,0.719714432804,
    -1.146977803252));
#5148 = CARTESIAN_POINT('',(14.873579076537,0.359857995938,
    -1.26001185437));
#5149 = CARTESIAN_POINT('',(14.853124505236,2.834775059135E-08,
    -1.260012515877));
#5150 = ADVANCED_FACE('',(#5151),#5233,.F.);
#5151 = FACE_BOUND('',#5152,.F.);
#5152 = EDGE_LOOP('',(#5153,#5226,#5227,#5228));
#5153 = ORIENTED_EDGE('',*,*,#5154,.F.);
#5154 = EDGE_CURVE('',#4720,#5155,#5157,.T.);
#5155 = VERTEX_POINT('',#5156);
#5156 = CARTESIAN_POINT('',(14.666979908347,-3.045517311273E-07,
    -1.035000000001));
#5157 = B_SPLINE_CURVE_WITH_KNOTS('',7,(#5158,#5159,#5160,#5161,#5162,
    #5163,#5164,#5165,#5166,#5167,#5168,#5169,#5170,#5171,#5172,#5173,
    #5174,#5175,#5176,#5177,#5178,#5179,#5180,#5181,#5182,#5183,#5184,
    #5185,#5186,#5187,#5188,#5189,#5190,#5191,#5192,#5193,#5194,#5195,
    #5196,#5197,#5198,#5199,#5200,#5201,#5202,#5203,#5204,#5205,#5206,
    #5207,#5208,#5209,#5210,#5211,#5212,#5213,#5214,#5215,#5216,#5217,
    #5218,#5219,#5220,#5221,#5222,#5223,#5224,#5225),.UNSPECIFIED.,.F.,
  .F.,(8,6,6,6,6,6,6,6,6,6,6,8),(0.,3.571825993444E-02,0.13535160558,
    0.163231586294,0.220236069429,0.380961966115,0.49584682924,
    0.630861502013,0.736457810378,0.871305181899,0.955653290781,1.),
  .UNSPECIFIED.);
#5158 = CARTESIAN_POINT('',(15.116979181772,-5.583445170654E-07,
    -1.035000000001));
#5159 = CARTESIAN_POINT('',(15.114683337117,-3.318093641279E-02,
    -1.035000000001));
#5160 = CARTESIAN_POINT('',(15.112387318056,-6.636117256214E-02,
    -1.033758999799));
#5161 = CARTESIAN_POINT('',(15.110091212016,-9.948537024067E-02,
    -1.031277050585));
#5162 = CARTESIAN_POINT('',(15.107795083696,-0.132497967683,
    -1.027557296959));
#5163 = CARTESIAN_POINT('',(15.105498975065,-0.165343737912,
    -1.022605976923));
#5164 = CARTESIAN_POINT('',(15.103202905364,-0.197967788736,
    -1.016432421885));
#5165 = CARTESIAN_POINT('',(15.094502259701,-0.32054719652,
    -0.988453725847));
#5166 = CARTESIAN_POINT('',(15.088097252053,-0.408640294521,
    -0.958442531612));
#5167 = CARTESIAN_POINT('',(15.081693166698,-0.493397718082,
    -0.919284980428));
#5168 = CARTESIAN_POINT('',(15.075289376394,-0.573688581838,
    -0.871440082703));
#5169 = CARTESIAN_POINT('',(15.06888499543,-0.648465007314,
    -0.815532112801));
#5170 = CARTESIAN_POINT('',(15.062479965229,-0.71678498086,
    -0.75233711659));
#5171 = CARTESIAN_POINT('',(15.054283414317,-0.794926453809,
    -0.663316337283));
#5172 = CARTESIAN_POINT('',(15.052491282665,-0.811443393387,
    -0.643353712203));
#5173 = CARTESIAN_POINT('',(15.050699145183,-0.827374610189,
    -0.622912265097));
#5174 = CARTESIAN_POINT('',(15.048907003645,-0.842703515457,
    -0.602012654692));
#5175 = CARTESIAN_POINT('',(15.047114859691,-0.857414456186,
    -0.58067622463));
#5176 = CARTESIAN_POINT('',(15.045322714827,-0.871492715117,
    -0.558925003468));
#5177 = CARTESIAN_POINT('',(15.039866282913,-0.912387677774,
    -0.491506662506));
#5178 = CARTESIAN_POINT('',(15.036201952479,-0.937148657824,
    -0.44459184139));
#5179 = CARTESIAN_POINT('',(15.032537663863,-0.95908949129,
    -0.39623172471));
#5180 = CARTESIAN_POINT('',(15.028873408836,-0.978110270784,
    -0.346630280721));
#5181 = CARTESIAN_POINT('',(15.025209145795,-0.994129712938,
    -0.295999475127));
#5182 = CARTESIAN_POINT('',(15.021544859341,-1.007085730201,
    -0.244557783669));
#5183 = CARTESIAN_POINT('',(15.007549183766,-1.044709149303,
    -4.583111337616E-02));
#5184 = CARTESIAN_POINT('',(14.997210116083,-1.047814251747,
    0.105649915086));
#5185 = CARTESIAN_POINT('',(14.986877400405,-1.025202970337,
    0.256740106858));
#5186 = CARTESIAN_POINT('',(14.976546565183,-0.977331751122,
    0.402217624432));
#5187 = CARTESIAN_POINT('',(14.966213408974,-0.905803935043,
    0.537210960238));
#5188 = CARTESIAN_POINT('',(14.955874046742,-0.813352677275,
    0.657247948015));
#5189 = CARTESIAN_POINT('',(14.938157822191,-0.625654397747,
    0.831367241595));
#5190 = CARTESIAN_POINT('',(14.930771734305,-0.538668112771,
    0.894548961826));
#5191 = CARTESIAN_POINT('',(14.923386839782,-0.444316919177,
    0.947039978115));
#5192 = CARTESIAN_POINT('',(14.916002665833,-0.344190385044,
    0.987843693672));
#5193 = CARTESIAN_POINT('',(14.908617756762,-0.24002492423,
    1.016252425719));
#5194 = CARTESIAN_POINT('',(14.901231647369,-0.133654027961,
    1.031867734959));
#5195 = CARTESIAN_POINT('',(14.885168050076,9.840749628862E-02,
    1.037916655678));
#5196 = CARTESIAN_POINT('',(14.876485870794,0.22429321956,1.023460757246
    ));
#5197 = CARTESIAN_POINT('',(14.867806083105,0.347596806957,
    0.991176593513));
#5198 = CARTESIAN_POINT('',(14.859127362057,0.465305172899,
    0.941671603874));
#5199 = CARTESIAN_POINT('',(14.850447647532,0.574618511824,
    0.876123500056));
#5200 = CARTESIAN_POINT('',(14.841765544934,0.672995565835,
    0.796260802232));
#5201 = CARTESIAN_POINT('',(14.826299058868,0.825105332965,
    0.632492903854));
#5202 = CARTESIAN_POINT('',(14.819510467281,0.883923801742,
    0.553229026904));
#5203 = CARTESIAN_POINT('',(14.812722630045,0.933804371582,
    0.467643225814));
#5204 = CARTESIAN_POINT('',(14.805935211696,0.973953847773,
    0.376954487763));
#5205 = CARTESIAN_POINT('',(14.799147273238,1.003783835283,
    0.282491771782));
#5206 = CARTESIAN_POINT('',(14.792358563842,1.022925012758,
    0.185661846258));
#5207 = CARTESIAN_POINT('',(14.776902683121,1.041899386683,
    -3.688710863384E-02));
#5208 = CARTESIAN_POINT('',(14.768231333426,1.034921303989,
    -0.163247078903));
#5209 = CARTESIAN_POINT('',(14.759562754463,1.010038691253,
    -0.288088081359));
#5210 = CARTESIAN_POINT('',(14.750895362293,0.967677829044,
    -0.408377787376));
#5211 = CARTESIAN_POINT('',(14.7422272748,0.908843961225,-0.521262438373
    ));
#5212 = CARTESIAN_POINT('',(14.733556472381,0.835104441443,
    -0.624112034344));
#5213 = CARTESIAN_POINT('',(14.719466567978,0.694496676836,
    -0.771387017053));
#5214 = CARTESIAN_POINT('',(14.714044232187,0.635381042373,
    -0.823283691456));
#5215 = CARTESIAN_POINT('',(14.708621854663,0.571768361699,
    -0.869868430722));
#5216 = CARTESIAN_POINT('',(14.703199409071,0.504235373859,
    -0.910679330581));
#5217 = CARTESIAN_POINT('',(14.697776792286,0.433413960103,
    -0.945334612902));
#5218 = CARTESIAN_POINT('',(14.692354164276,0.359981184667,
    -0.973538594074));
#5219 = CARTESIAN_POINT('',(14.684081692123,0.245042998748,
    -1.006417247843));
#5220 = CARTESIAN_POINT('',(14.681231202585,0.204910420884,-1.0159077362
    ));
#5221 = CARTESIAN_POINT('',(14.678380854315,0.164354353276,
    -1.023529729631));
#5222 = CARTESIAN_POINT('',(14.675530648448,0.123479225438,
    -1.029261096178));
#5223 = CARTESIAN_POINT('',(14.672680529567,8.239069236554E-02,
    -1.033087009897));
#5224 = CARTESIAN_POINT('',(14.669830362956,4.119518182771E-02,
    -1.035000000001));
#5225 = CARTESIAN_POINT('',(14.666979911859,-5.583445019663E-07,
    -1.035000000001));
#5226 = ORIENTED_EDGE('',*,*,#4812,.T.);
#5227 = ORIENTED_EDGE('',*,*,#5069,.T.);
#5228 = ORIENTED_EDGE('',*,*,#5229,.F.);
#5229 = EDGE_CURVE('',#5155,#5070,#5230,.T.);
#5230 = B_SPLINE_CURVE_WITH_KNOTS('',1,(#5231,#5232),.UNSPECIFIED.,.F.,
  .F.,(2,2),(0.,0.39175),.PIECEWISE_BEZIER_KNOTS.);
#5231 = CARTESIAN_POINT('',(14.60101628069,-9.328146713949E-07,
    -0.920734597917));
#5232 = CARTESIAN_POINT('',(14.796874505304,2.834384826844E-08,
    -1.260009734568));
#5233 = B_SPLINE_SURFACE_WITH_KNOTS('',1,8,(
    (#5234,#5235,#5236,#5237,#5238,#5239,#5240,#5241,#5242,#5243,#5244
      ,#5245,#5246,#5247,#5248,#5249,#5250,#5251,#5252,#5253,#5254,#5255
      ,#5256,#5257,#5258,#5259,#5260)
    ,(#5261,#5262,#5263,#5264,#5265,#5266,#5267,#5268,#5269,#5270,#5271
      ,#5272,#5273,#5274,#5275,#5276,#5277,#5278,#5279,#5280,#5281,#5282
      ,#5283,#5284,#5285,#5286,#5287
    )),.UNSPECIFIED.,.F.,.F.,.F.,(2,2),(9,6,6,6,9),(0.,0.39175),(0.,
    1.574819783427,3.149639566854,4.72445935028,6.299279133707),
  .UNSPECIFIED.);
#5234 = CARTESIAN_POINT('',(15.051014923967,-8.550801549045E-07,
    -0.920734593732));
#5235 = CARTESIAN_POINT('',(15.036953008315,-0.180800609194,
    -0.920734427675));
#5236 = CARTESIAN_POINT('',(15.022894310925,-0.361554375536,
    -0.880171620174));
#5237 = CARTESIAN_POINT('',(15.008825899045,-0.531736373706,
    -0.799038118917));
#5238 = CARTESIAN_POINT('',(14.99476420414,-0.680668235937,
    -0.680649187139));
#5239 = CARTESIAN_POINT('',(14.980702659098,-0.799029177391,
    -0.531733450285));
#5240 = CARTESIAN_POINT('',(14.966640907655,-0.880166445548,
    -0.361570994013));
#5241 = CARTESIAN_POINT('',(14.938516276173,-0.961302754504,
    -1.821461396548E-06));
#5242 = CARTESIAN_POINT('',(14.910390469377,-0.880166139528,
    0.361573285713));
#5243 = CARTESIAN_POINT('',(14.896327491046,-0.799029237234,
    0.531740942764));
#5244 = CARTESIAN_POINT('',(14.882265229379,-0.680659246343,
    0.680663609532));
#5245 = CARTESIAN_POINT('',(14.868203207238,-0.531737514675,
    0.799030286448));
#5246 = CARTESIAN_POINT('',(14.854140761671,-0.361572431448,
    0.88016577655));
#5247 = CARTESIAN_POINT('',(14.826015602328,9.33420578293E-07,
    0.961301075245));
#5248 = CARTESIAN_POINT('',(14.797890442985,0.361574140516,0.88016507345
    ));
#5249 = CARTESIAN_POINT('',(14.783827997419,0.531739065818,
    0.799029253096));
#5250 = CARTESIAN_POINT('',(14.769765975277,0.680660568683,0.68066229072
    ));
#5251 = CARTESIAN_POINT('',(14.755703713611,0.799030273347,
    0.531739392738));
#5252 = CARTESIAN_POINT('',(14.74164073528,0.880166842317,0.361571576814
    ));
#5253 = CARTESIAN_POINT('',(14.713514928484,0.961302750452,
    -3.688208031197E-06));
#5254 = CARTESIAN_POINT('',(14.685390297001,0.880165741483,
    -0.361572702911));
#5255 = CARTESIAN_POINT('',(14.671328545557,0.799028144449,
    -0.531735001925));
#5256 = CARTESIAN_POINT('',(14.657267000515,0.680666932521,
    -0.680650512664));
#5257 = CARTESIAN_POINT('',(14.643205305616,0.531734812407,
    -0.799039167483));
#5258 = CARTESIAN_POINT('',(14.629136893731,0.361552665575,
    -0.880172299672));
#5259 = CARTESIAN_POINT('',(14.615078196341,0.180798821299,
    -0.920734779231));
#5260 = CARTESIAN_POINT('',(14.60101628069,-9.328146713949E-07,
    -0.920734597917));
#5261 = CARTESIAN_POINT('',(15.246874546547,2.598077064597E-08,
    -1.260008923356));
#5262 = CARTESIAN_POINT('',(15.232812028785,-0.247401803496,
    -1.26000927785));
#5263 = CARTESIAN_POINT('',(15.218749413193,-0.494803062486,
    -1.204506639117));
#5264 = CARTESIAN_POINT('',(15.204687092894,-0.727675490677,
    -1.093449917816));
#5265 = CARTESIAN_POINT('',(15.190624568438,-0.931470682972,
    -0.931469373433));
#5266 = CARTESIAN_POINT('',(15.176562039397,-1.093458879103,
    -0.727669890993));
#5267 = CARTESIAN_POINT('',(15.162499516645,-1.204492273857,
    -0.494805169528));
#5268 = CARTESIAN_POINT('',(15.134374505442,-1.315526525277,
    -2.602734164387E-06));
#5269 = CARTESIAN_POINT('',(15.106249529968,-1.204492606413,
    0.494804443773));
#5270 = CARTESIAN_POINT('',(15.092187044509,-1.093458789434,
    0.727674052794));
#5271 = CARTESIAN_POINT('',(15.078124537263,-0.931472917455,
    0.931475530432));
#5272 = CARTESIAN_POINT('',(15.064062022737,-0.727671928062,
    1.09346002972));
#5273 = CARTESIAN_POINT('',(15.049999521082,-0.494804226667,
    1.20449199257));
#5274 = CARTESIAN_POINT('',(15.021874525926,-1.162287149633E-08,
    1.315524060834));
#5275 = CARTESIAN_POINT('',(14.99374953077,0.494804164429,1.204491818805
    ));
#5276 = CARTESIAN_POINT('',(14.979687029116,0.727671797123,
    1.093459900194));
#5277 = CARTESIAN_POINT('',(14.965624514589,0.931472996895,
    0.931476135016));
#5278 = CARTESIAN_POINT('',(14.951562007344,1.093459453788,
    0.727674399332));
#5279 = CARTESIAN_POINT('',(14.937499521885,1.204492718534,
    0.494804538524));
#5280 = CARTESIAN_POINT('',(14.90937454641,1.315525739489,
    -2.560763247923E-06));
#5281 = CARTESIAN_POINT('',(14.881249535208,1.204491915557,
    -0.494805074777));
#5282 = CARTESIAN_POINT('',(14.86718701245,1.093458831087,
    -0.727669856496));
#5283 = CARTESIAN_POINT('',(14.853124483431,0.93147427896,
    -0.931470078575));
#5284 = CARTESIAN_POINT('',(14.839061958939,0.727673634925,
    -1.093452990971));
#5285 = CARTESIAN_POINT('',(14.824999638668,0.494802957643,
    -1.204502218616));
#5286 = CARTESIAN_POINT('',(14.810937023069,0.247401857821,
    -1.26000937961));
#5287 = CARTESIAN_POINT('',(14.796874505304,2.834384826844E-08,
    -1.260009734568));
#5288 = ADVANCED_FACE('',(#5289),#5384,.F.);
#5289 = FACE_BOUND('',#5290,.T.);
#5290 = EDGE_LOOP('',(#5291,#5292,#5293,#5378));
#5291 = ORIENTED_EDGE('',*,*,#5154,.F.);
#5292 = ORIENTED_EDGE('',*,*,#4956,.T.);
#5293 = ORIENTED_EDGE('',*,*,#5294,.T.);
#5294 = EDGE_CURVE('',#4878,#5295,#5297,.T.);
#5295 = VERTEX_POINT('',#5296);
#5296 = CARTESIAN_POINT('',(14.533052174007,-3.299443537024E-07,
    -1.035000000001));
#5297 = B_SPLINE_CURVE_WITH_KNOTS('',7,(#5298,#5299,#5300,#5301,#5302,
    #5303,#5304,#5305,#5306,#5307,#5308,#5309,#5310,#5311,#5312,#5313,
    #5314,#5315,#5316,#5317,#5318,#5319,#5320,#5321,#5322,#5323,#5324,
    #5325,#5326,#5327,#5328,#5329,#5330,#5331,#5332,#5333,#5334,#5335,
    #5336,#5337,#5338,#5339,#5340,#5341,#5342,#5343,#5344,#5345,#5346,
    #5347,#5348,#5349,#5350,#5351,#5352,#5353,#5354,#5355,#5356,#5357,
    #5358,#5359,#5360,#5361,#5362,#5363,#5364,#5365,#5366,#5367,#5368,
    #5369,#5370,#5371,#5372,#5373,#5374,#5375,#5376,#5377),
  .UNSPECIFIED.,.F.,.F.,(8,6,6,6,6,6,6,6,6,6,6,6,6,8),(0.,
    3.800146691301E-02,0.135428568341,0.228174894546,0.29300566417,
    0.38761800954,0.498469406624,0.633612500944,0.750819794728,
    0.811821788426,0.873334076804,0.895549332954,0.959153645789,1.),
  .UNSPECIFIED.);
#5298 = CARTESIAN_POINT('',(14.983050376743,-6.091258240026E-07,
    -1.035000000002));
#5299 = CARTESIAN_POINT('',(14.980607718711,-3.53036350022E-02,
    -1.035000000002));
#5300 = CARTESIAN_POINT('',(14.978165341616,-7.060655065175E-02,
    -1.033595136439));
#5301 = CARTESIAN_POINT('',(14.975723056225,-0.105841971861,
    -1.030785474152));
#5302 = CARTESIAN_POINT('',(14.973280728514,-0.140942975999,
    -1.026575040314));
#5303 = CARTESIAN_POINT('',(14.970838279662,-0.175843102013,
    -1.020971824432));
#5304 = CARTESIAN_POINT('',(14.968395686054,-0.210476350434,
    -1.013987778345));
#5305 = CARTESIAN_POINT('',(14.959690435749,-0.332716702586,
    -0.984233979912));
#5306 = CARTESIAN_POINT('',(14.953426414208,-0.418481465754,
    -0.953855262693));
#5307 = CARTESIAN_POINT('',(14.947162125215,-0.500956497661,
    -0.914770774001));
#5308 = CARTESIAN_POINT('',(14.940898232383,-0.579089312815,
    -0.86742075809));
#5309 = CARTESIAN_POINT('',(14.934634571015,-0.651904758101,
    -0.812396030812));
#5310 = CARTESIAN_POINT('',(14.928370791555,-0.718525337546,
    -0.750425787955));
#5311 = CARTESIAN_POINT('',(14.916145956373,-0.835001842165,
    -0.617593215991));
#5312 = CARTESIAN_POINT('',(14.910183744248,-0.885519736823,
    -0.547289402007));
#5313 = CARTESIAN_POINT('',(14.904222033393,-0.929097341458,
    -0.47220494111));
#5314 = CARTESIAN_POINT('',(14.898260507665,-0.965203967861,
    -0.393167514138));
#5315 = CARTESIAN_POINT('',(14.892298606193,-0.993431399941,
    -0.311070765072));
#5316 = CARTESIAN_POINT('',(14.886336209598,-1.013501459746,
    -0.226857709537));
#5317 = CARTESIAN_POINT('',(14.876206683802,-1.03351561592,
    -8.184699412455E-02));
#5318 = CARTESIAN_POINT('',(14.872039035616,-1.03769974688,
    -2.162610629862E-02));
#5319 = CARTESIAN_POINT('',(14.867871410645,-1.037787903611,
    3.882302828274E-02));
#5320 = CARTESIAN_POINT('',(14.863703808732,-1.033768373502,
    9.916611430431E-02));
#5321 = CARTESIAN_POINT('',(14.85953617573,-1.025663364532,
    0.159069574374));
#5322 = CARTESIAN_POINT('',(14.855368505809,-1.013528808334,
    0.218203598617));
#5323 = CARTESIAN_POINT('',(14.845118911674,-0.973995242731,
    0.360949595056));
#5324 = CARTESIAN_POINT('',(14.839036394209,-0.942142151297,
    0.443337517244));
#5325 = CARTESIAN_POINT('',(14.832954358311,-0.902172522087,
    0.522396525587));
#5326 = CARTESIAN_POINT('',(14.826872628281,-0.85451504,0.597174465563)
  );
#5327 = CARTESIAN_POINT('',(14.820790638719,-0.799730517899,
    0.666791447345));
#5328 = CARTESIAN_POINT('',(14.814708192881,-0.738501004101,
    0.730456893274));
#5329 = CARTESIAN_POINT('',(14.801500364854,-0.593274719922,
    0.854315722503));
#5330 = CARTESIAN_POINT('',(14.794373222999,-0.507152180496,
    0.912056160267));
#5331 = CARTESIAN_POINT('',(14.787246860915,-0.414546591146,
    0.959606277204));
#5332 = CARTESIAN_POINT('',(14.78012098856,-0.316915132408,
    0.996121382741));
#5333 = CARTESIAN_POINT('',(14.772994563573,-0.215834389018,
    1.021011769496));
#5334 = CARTESIAN_POINT('',(14.765867353656,-0.112958302937,
    1.03395847904));
#5335 = CARTESIAN_POINT('',(14.750054023819,0.115554574236,
    1.036162893725));
#5336 = CARTESIAN_POINT('',(14.741363546067,0.241311774762,
    1.019608594483));
#5337 = CARTESIAN_POINT('',(14.732675888758,0.364185734041,
    0.985235193449));
#5338 = CARTESIAN_POINT('',(14.723989555159,0.481164749142,
    0.933702223156));
#5339 = CARTESIAN_POINT('',(14.715301957679,0.589460878521,
    0.866238061122));
#5340 = CARTESIAN_POINT('',(14.706611518452,0.686554966788,
    0.784619584225));
#5341 = CARTESIAN_POINT('',(14.690389667462,0.843105174294,
    0.610125462469));
#5342 = CARTESIAN_POINT('',(14.682853499744,0.905885263924,
    0.520137771434));
#5343 = CARTESIAN_POINT('',(14.675318368013,0.957383586434,0.42269938362
    ));
#5344 = CARTESIAN_POINT('',(14.667783929182,0.996576403759,0.31952087637
    ));
#5345 = CARTESIAN_POINT('',(14.660248804567,1.022756114822,
    0.212464867075));
#5346 = CARTESIAN_POINT('',(14.652712642183,1.035552480162,
    0.103490376865));
#5347 = CARTESIAN_POINT('',(14.641256762827,1.034690181798,
    -6.205954782067E-02));
#5348 = CARTESIAN_POINT('',(14.637335326122,1.030775047392,
    -0.118710149976));
#5349 = CARTESIAN_POINT('',(14.6334139629,1.023241407369,-0.175063730107
    ));
#5350 = CARTESIAN_POINT('',(14.629492645725,1.012117439821,
    -0.230843190475));
#5351 = CARTESIAN_POINT('',(14.625571304494,0.997457597339,
    -0.285775536229));
#5352 = CARTESIAN_POINT('',(14.621649912512,0.979342162871,
    -0.339594077856));
#5353 = CARTESIAN_POINT('',(14.613774429799,0.936231885979,
    -0.444925916023));
#5354 = CARTESIAN_POINT('',(14.609820215287,0.911180086262,
    -0.496417811281));
#5355 = CARTESIAN_POINT('',(14.605866032493,0.882829758608,
    -0.546251576576));
#5356 = CARTESIAN_POINT('',(14.601911862871,0.851314127919,
    -0.59417461899));
#5357 = CARTESIAN_POINT('',(14.597957649713,0.816790013021,
    -0.639948450885));
#5358 = CARTESIAN_POINT('',(14.594003381998,0.779436547876,
    -0.683350645262));
#5359 = CARTESIAN_POINT('',(14.588621111552,0.725014109944,
    -0.738921215559));
#5360 = CARTESIAN_POINT('',(14.587193044611,0.710231302875,
    -0.753329745131));
#5361 = CARTESIAN_POINT('',(14.585764978098,0.695114880169,
    -0.767392783727));
#5362 = CARTESIAN_POINT('',(14.584336912586,0.679674550516,
    -0.78110108557));
#5363 = CARTESIAN_POINT('',(14.582908848539,0.663920332709,
    -0.794445755222));
#5364 = CARTESIAN_POINT('',(14.58148078631,0.647862555651,
    -0.807418247579));
#5365 = CARTESIAN_POINT('',(14.575964059093,0.584698314578,
    -0.856062761477));
#5366 = CARTESIAN_POINT('',(14.571875331931,0.535482664689,
    -0.888997794921));
#5367 = CARTESIAN_POINT('',(14.567786687848,0.484115603085,
    -0.91862238103));
#5368 = CARTESIAN_POINT('',(14.563698095638,0.430865442636,
    -0.944769808915));
#5369 = CARTESIAN_POINT('',(14.559609462593,0.37601557692,
    -0.967300965608));
#5370 = CARTESIAN_POINT('',(14.555520747391,0.31986194247,
    -0.986105557685));
#5371 = CARTESIAN_POINT('',(14.548806347862,0.226008113928,
    -1.010734825015));
#5372 = CARTESIAN_POINT('',(14.546180611489,0.188893545774,
    -1.018796508218));
#5373 = CARTESIAN_POINT('',(14.543554857133,0.151447879754,
    -1.025267162743));
#5374 = CARTESIAN_POINT('',(14.540929096692,0.113752878776,
    -1.030130851722));
#5375 = CARTESIAN_POINT('',(14.538303360712,7.58909654628E-02,
    -1.033376921173));
#5376 = CARTESIAN_POINT('',(14.535677698378,3.794522214721E-02,
    -1.035000000002));
#5377 = CARTESIAN_POINT('',(14.533052177519,-6.091258104579E-07,
    -1.035000000002));
#5378 = ORIENTED_EDGE('',*,*,#5379,.F.);
#5379 = EDGE_CURVE('',#5155,#5295,#5380,.T.);
#5380 = LINE('',#5381,#5382);
#5381 = CARTESIAN_POINT('',(20.,0.,-1.035));
#5382 = VECTOR('',#5383,1.);
#5383 = DIRECTION('',(-1.,0.,6.661338147751E-17));
#5384 = CYLINDRICAL_SURFACE('',#5385,1.035);
#5385 = AXIS2_PLACEMENT_3D('',#5386,#5387,#5388);
#5386 = CARTESIAN_POINT('',(20.,0.,0.));
#5387 = DIRECTION('',(-1.,-0.,-0.));
#5388 = DIRECTION('',(0.,0.,-1.));
#5389 = ADVANCED_FACE('',(#5390),#5425,.F.);
#5390 = FACE_BOUND('',#5391,.F.);
#5391 = EDGE_LOOP('',(#5392,#5418,#5419,#5420));
#5392 = ORIENTED_EDGE('',*,*,#5393,.F.);
#5393 = EDGE_CURVE('',#4971,#5394,#5396,.T.);
#5394 = VERTEX_POINT('',#5395);
#5395 = CARTESIAN_POINT('',(14.403124463977,3.071164383836E-08,
    -1.260013558865));
#5396 = B_SPLINE_CURVE_WITH_KNOTS('',11,(#5397,#5398,#5399,#5400,#5401,
    #5402,#5403,#5404,#5405,#5406,#5407,#5408,#5409,#5410,#5411,#5412,
    #5413,#5414,#5415,#5416,#5417),.UNSPECIFIED.,.F.,.F.,(12,9,12),(0.,
    3.149639566854,6.299279133707),.UNSPECIFIED.);
#5397 = CARTESIAN_POINT('',(14.853124505236,2.834773704663E-08,
    -1.260012515877));
#5398 = CARTESIAN_POINT('',(14.832669933935,-0.359858237055,
    -1.260013177384));
#5399 = CARTESIAN_POINT('',(14.812215163347,-0.719715387566,
    -1.146990338366));
#5400 = CARTESIAN_POINT('',(14.791761271555,-1.040127716829,
    -0.920795914855));
#5401 = CARTESIAN_POINT('',(14.771306217296,-1.281553733797,
    -0.59721908618));
#5402 = CARTESIAN_POINT('',(14.750851442528,-1.411653691992,
    -0.206979530517));
#5403 = CARTESIAN_POINT('',(14.730397423318,-1.41160194729,
    0.206972406693));
#5404 = CARTESIAN_POINT('',(14.70994264572,-1.281591021277,
    0.597193368925));
#5405 = CARTESIAN_POINT('',(14.689488134108,-1.04011234026,
    0.920858669121));
#5406 = CARTESIAN_POINT('',(14.669033568468,-0.719717359821,
    1.146960602906));
#5407 = CARTESIAN_POINT('',(14.628124484607,3.922426611888E-09,
    1.373062945995));
#5408 = CARTESIAN_POINT('',(14.587215400747,0.719717263641,
    1.146960271782));
#5409 = CARTESIAN_POINT('',(14.566760850169,1.040112128796,
    0.920857518274));
#5410 = CARTESIAN_POINT('',(14.546306264303,1.281588120703,
    0.597201568576));
#5411 = CARTESIAN_POINT('',(14.525851651631,1.411622561198,
    0.206962528425));
#5412 = CARTESIAN_POINT('',(14.505397420892,1.41161461527,-0.20698091591
    ));
#5413 = CARTESIAN_POINT('',(14.484942811224,1.281582047157,
    -0.597199670178));
#5414 = CARTESIAN_POINT('',(14.464487682518,1.040121508869,
    -0.920820902744));
#5415 = CARTESIAN_POINT('',(14.444033805887,0.719715030864,
    -1.14697875135));
#5416 = CARTESIAN_POINT('',(14.423579035281,0.359858296114,
    -1.260012896683));
#5417 = CARTESIAN_POINT('',(14.403124463977,3.071164256241E-08,
    -1.260013558865));
#5418 = ORIENTED_EDGE('',*,*,#4998,.T.);
#5419 = ORIENTED_EDGE('',*,*,#5294,.T.);
#5420 = ORIENTED_EDGE('',*,*,#5421,.F.);
#5421 = EDGE_CURVE('',#5394,#5295,#5422,.T.);
#5422 = B_SPLINE_CURVE_WITH_KNOTS('',1,(#5423,#5424),.UNSPECIFIED.,.F.,
  .F.,(2,2),(0.,0.39175),.PIECEWISE_BEZIER_KNOTS.);
#5423 = CARTESIAN_POINT('',(14.403124463977,3.071164234036E-08,
    -1.260013558865));
#5424 = CARTESIAN_POINT('',(14.59901763677,-1.010512693966E-06,
    -0.92075859965));
#5425 = B_SPLINE_SURFACE_WITH_KNOTS('',1,9,(
    (#5426,#5427,#5428,#5429,#5430,#5431,#5432,#5433,#5434,#5435,#5436
      ,#5437,#5438,#5439,#5440,#5441,#5442,#5443,#5444,#5445,#5446,#5447
      ,#5448,#5449,#5450,#5451,#5452,#5453,#5454,#5455,#5456)
    ,(#5457,#5458,#5459,#5460,#5461,#5462,#5463,#5464,#5465,#5466,#5467
      ,#5468,#5469,#5470,#5471,#5472,#5473,#5474,#5475,#5476,#5477,#5478
      ,#5479,#5480,#5481,#5482,#5483,#5484,#5485,#5486,#5487
  )),.UNSPECIFIED.,.F.,.F.,.F.,(2,2),(10,7,7,7,10),(0.,0.39175),(0.,
    1.574819783427,3.149639566854,4.72445935028,6.299279133707),
  .UNSPECIFIED.);
#5426 = CARTESIAN_POINT('',(14.853124505236,2.834773715765E-08,
    -1.260012515877));
#5427 = CARTESIAN_POINT('',(14.840624489441,-0.219913356065,
    -1.260012920131));
#5428 = CARTESIAN_POINT('',(14.828124397529,-0.439826314651,
    -1.216844626269));
#5429 = CARTESIAN_POINT('',(14.815624491677,-0.650053447801,
    -1.130472067013));
#5430 = CARTESIAN_POINT('',(14.803124538006,-0.840897353538,
    -1.003463425143));
#5431 = CARTESIAN_POINT('',(14.790624514225,-1.003468111387,
    -0.84089424255));
#5432 = CARTESIAN_POINT('',(14.778124490495,-1.130473362269,
    -0.650050233332));
#5433 = CARTESIAN_POINT('',(14.765624474077,-1.216833054081,
    -0.439828408524));
#5434 = CARTESIAN_POINT('',(14.7406244661,-1.303193341936,
    -2.355115848958E-06));
#5435 = CARTESIAN_POINT('',(14.715624485924,-1.216833286187,
    0.439827170031));
#5436 = CARTESIAN_POINT('',(14.703124498347,-1.130473317526,
    0.650052730295));
#5437 = CARTESIAN_POINT('',(14.69062449917,-1.003469539623,
    0.840899505122));
#5438 = CARTESIAN_POINT('',(14.67812448949,-0.840897172546,
    1.003471558443));
#5439 = CARTESIAN_POINT('',(14.665624480865,-0.650051284703,
    1.130474034562));
#5440 = CARTESIAN_POINT('',(14.6531244803,-0.439827278074,1.21683249432)
  );
#5441 = CARTESIAN_POINT('',(14.628124484607,-1.215077651057E-08,
    1.303190990197));
#5442 = CARTESIAN_POINT('',(14.603124488914,0.439827214041,
    1.216832291966));
#5443 = CARTESIAN_POINT('',(14.590624488349,0.650051155474,
    1.130473843505));
#5444 = CARTESIAN_POINT('',(14.578124479724,0.840897163057,
    1.003471909076));
#5445 = CARTESIAN_POINT('',(14.565624470044,1.003469983195,0.8409001264)
  );
#5446 = CARTESIAN_POINT('',(14.553124470867,1.130473940589,
    0.650053058258));
#5447 = CARTESIAN_POINT('',(14.54062448329,1.216833305835,0.439827273898
    ));
#5448 = CARTESIAN_POINT('',(14.515624503113,1.303192426308,
    -2.304769315979E-06));
#5449 = CARTESIAN_POINT('',(14.490624495137,1.216832528575,
    -0.439828304657));
#5450 = CARTESIAN_POINT('',(14.478124478724,1.130473048765,
    -0.650050741017));
#5451 = CARTESIAN_POINT('',(14.465624454973,1.003470936468,
    -0.840893274053));
#5452 = CARTESIAN_POINT('',(14.453124431232,0.840898561929,
    -1.00346715315));
#5453 = CARTESIAN_POINT('',(14.440624477515,0.650051915772,
    -1.130472244027));
#5454 = CARTESIAN_POINT('',(14.428124571693,0.439826214913,
    -1.216840238606));
#5455 = CARTESIAN_POINT('',(14.415624479774,0.219913415124,
    -1.260013154198));
#5456 = CARTESIAN_POINT('',(14.403124463977,3.071164234036E-08,
    -1.260013558865));
#5457 = CARTESIAN_POINT('',(15.049016280142,-9.327836055784E-07,
    -0.920756749496));
#5458 = CARTESIAN_POINT('',(15.036516799528,-0.160715852462,
    -0.920757295059));
#5459 = CARTESIAN_POINT('',(15.024019821836,-0.321395142346,
    -0.889211703049));
#5460 = CARTESIAN_POINT('',(15.011516725806,-0.47502252059,
    -0.826102598312));
#5461 = CARTESIAN_POINT('',(14.999015202571,-0.614490475606,
    -0.733282776938));
#5462 = CARTESIAN_POINT('',(14.986515984772,-0.733289322772,
    -0.614479278235));
#5463 = CARTESIAN_POINT('',(14.974016764755,-0.826095883857,
    -0.475024474995));
#5464 = CARTESIAN_POINT('',(14.961517304706,-0.889204389247,
    -0.321404663938));
#5465 = CARTESIAN_POINT('',(14.936517566963,-0.952312271985,
    -1.401889390552E-06));
#5466 = CARTESIAN_POINT('',(14.911516915154,-0.889203544077,
    0.321406363355));
#5467 = CARTESIAN_POINT('',(14.89901650665,-0.826094959003,
    0.475030123221));
#5468 = CARTESIAN_POINT('',(14.886516479616,-0.733286031806,
    0.614490713443));
#5469 = CARTESIAN_POINT('',(14.874016797901,-0.61448711703,
    0.733289177852));
#5470 = CARTESIAN_POINT('',(14.861517081503,-0.475027724407,
    0.82609639208));
#5471 = CARTESIAN_POINT('',(14.849017100086,-0.321405600168,
    0.889203322051));
#5472 = CARTESIAN_POINT('',(14.824016958457,1.037568507429E-06,
    0.952309872617));
#5473 = CARTESIAN_POINT('',(14.799016816829,0.321407464457,
    0.889202248199));
#5474 = CARTESIAN_POINT('',(14.786516835412,0.475029332678,
    0.826094996562));
#5475 = CARTESIAN_POINT('',(14.774017119013,0.614488731274,
    0.733288433021));
#5476 = CARTESIAN_POINT('',(14.761517437299,0.733288185476,
    0.614490184452));
#5477 = CARTESIAN_POINT('',(14.749017410265,0.826097120857,
    0.475028867487));
#5478 = CARTESIAN_POINT('',(14.736517001762,0.889204293834,
    0.321404569727));
#5479 = CARTESIAN_POINT('',(14.71151634995,0.952310647754,
    -3.430827132614E-06));
#5480 = CARTESIAN_POINT('',(14.686516612208,0.889202742142,
    -0.321406457565));
#5481 = CARTESIAN_POINT('',(14.674017152122,0.826096274187,
    -0.475026028962));
#5482 = CARTESIAN_POINT('',(14.661517932229,0.733287816585,
    -0.61448223616));
#5483 = CARTESIAN_POINT('',(14.649018714272,0.61449613886,
    -0.733287711956));
#5484 = CARTESIAN_POINT('',(14.636517191116,0.475015962407,-0.8261051531
    ));
#5485 = CARTESIAN_POINT('',(14.624014095093,0.321392987514,
    -0.889204634751));
#5486 = CARTESIAN_POINT('',(14.611517117387,0.160713909166,
    -0.920758067647));
#5487 = CARTESIAN_POINT('',(14.59901763677,-1.010512693966E-06,
    -0.92075859965));
#5488 = ADVANCED_FACE('',(#5489),#5530,.F.);
#5489 = FACE_BOUND('',#5490,.F.);
#5490 = EDGE_LOOP('',(#5491,#5523,#5524,#5525));
#5491 = ORIENTED_EDGE('',*,*,#5492,.F.);
#5492 = EDGE_CURVE('',#5070,#5493,#5495,.T.);
#5493 = VERTEX_POINT('',#5494);
#5494 = CARTESIAN_POINT('',(14.346874464058,3.070706342072E-08,
    -1.260010545781));
#5495 = B_SPLINE_CURVE_WITH_KNOTS('',8,(#5496,#5497,#5498,#5499,#5500,
    #5501,#5502,#5503,#5504,#5505,#5506,#5507,#5508,#5509,#5510,#5511,
    #5512,#5513,#5514,#5515,#5516,#5517,#5518,#5519,#5520,#5521,#5522),
  .UNSPECIFIED.,.F.,.F.,(9,6,6,6,9),(0.,1.574819783427,3.149639566854,
    4.72445935028,6.299279133707),.UNSPECIFIED.);
#5496 = CARTESIAN_POINT('',(14.796874505304,2.83438346127E-08,
    -1.260009734568));
#5497 = CARTESIAN_POINT('',(14.78281198754,-0.24740196038,
    -1.260010089527));
#5498 = CARTESIAN_POINT('',(14.768749371939,-0.494803378829,
    -1.20450741553));
#5499 = CARTESIAN_POINT('',(14.754687051655,-0.72767595712,
    -1.093450623128));
#5500 = CARTESIAN_POINT('',(14.740624527197,-0.931471280904,
    -0.931469974896));
#5501 = CARTESIAN_POINT('',(14.726561998154,-1.093459581726,
    -0.72767036153));
#5502 = CARTESIAN_POINT('',(14.712499475399,-1.204493048399,
    -0.494805490351));
#5503 = CARTESIAN_POINT('',(14.684374464196,-1.315527372232,
    -2.605201031701E-06));
#5504 = CARTESIAN_POINT('',(14.656249488724,-1.204493382811,
    0.494804760074));
#5505 = CARTESIAN_POINT('',(14.642187003266,-1.093459494785,
    0.727674519225));
#5506 = CARTESIAN_POINT('',(14.62812449602,-0.931473518901,
    0.931476128383));
#5507 = CARTESIAN_POINT('',(14.614061981493,-0.727672398594,
    1.093460732343));
#5508 = CARTESIAN_POINT('',(14.599999479837,-0.494804547484,
    1.204492767113));
#5509 = CARTESIAN_POINT('',(14.571874484682,-1.409016257623E-08,
    1.315524907788));
#5510 = CARTESIAN_POINT('',(14.543749489526,0.494804480728,
    1.204492595204));
#5511 = CARTESIAN_POINT('',(14.529686987871,0.727672263554,
    1.093460605547));
#5512 = CARTESIAN_POINT('',(14.515624473343,0.931473594847,
    0.931476736462));
#5513 = CARTESIAN_POINT('',(14.501561966098,1.093460156409,
    0.727674869865));
#5514 = CARTESIAN_POINT('',(14.48749948064,1.204493493076,0.494804859344
    ));
#5515 = CARTESIAN_POINT('',(14.459374505167,1.315526586444,
    -2.558295558221E-06));
#5516 = CARTESIAN_POINT('',(14.431249493964,1.204492691955,
    -0.494805391081));
#5517 = CARTESIAN_POINT('',(14.417186971204,1.09345953644,
    -0.727670322931));
#5518 = CARTESIAN_POINT('',(14.403124442183,0.931474880385,
    -0.931470676543));
#5519 = CARTESIAN_POINT('',(14.389061917689,0.72767410547,
    -1.093453693553));
#5520 = CARTESIAN_POINT('',(14.374999597433,0.494803278505,
    -1.204502993174));
#5521 = CARTESIAN_POINT('',(14.360936981824,0.247402019431,
    -1.260010190359));
#5522 = CARTESIAN_POINT('',(14.346874464058,3.070706189323E-08,
    -1.260010545781));
#5523 = ORIENTED_EDGE('',*,*,#5103,.T.);
#5524 = ORIENTED_EDGE('',*,*,#5393,.T.);
#5525 = ORIENTED_EDGE('',*,*,#5526,.F.);
#5526 = EDGE_CURVE('',#5493,#5394,#5527,.T.);
#5527 = B_SPLINE_CURVE_WITH_KNOTS('',1,(#5528,#5529),.UNSPECIFIED.,.F.,
  .F.,(2,2),(0.,5.625E-02),.PIECEWISE_BEZIER_KNOTS.);
#5528 = CARTESIAN_POINT('',(14.346874464058,3.070706200425E-08,
    -1.260010545781));
#5529 = CARTESIAN_POINT('',(14.403124463977,3.071164256241E-08,
    -1.260013558865));
#5530 = B_SPLINE_SURFACE_WITH_KNOTS('',1,11,(
    (#5531,#5532,#5533,#5534,#5535,#5536,#5537,#5538,#5539,#5540,#5541
      ,#5542,#5543,#5544,#5545,#5546,#5547,#5548,#5549,#5550,#5551)
    ,(#5552,#5553,#5554,#5555,#5556,#5557,#5558,#5559,#5560,#5561,#5562
      ,#5563,#5564,#5565,#5566,#5567,#5568,#5569,#5570,#5571,#5572
  )),.UNSPECIFIED.,.F.,.F.,.F.,(2,2),(12,9,12),(0.,5.625E-02),(0.,
    3.149639566854,6.299279133707),.UNSPECIFIED.);
#5531 = CARTESIAN_POINT('',(14.796874505304,2.834383483474E-08,
    -1.260009734568));
#5532 = CARTESIAN_POINT('',(14.776419934011,-0.3598574098,
    -1.260010250871));
#5533 = CARTESIAN_POINT('',(14.755965163487,-0.719713686656,
    -1.146986417303));
#5534 = CARTESIAN_POINT('',(14.735511271517,-1.040124420268,
    -0.920796526605));
#5535 = CARTESIAN_POINT('',(14.715056217376,-1.281554757851,
    -0.597215770706));
#5536 = CARTESIAN_POINT('',(14.694601442718,-1.411644624414,
    -0.20697884308));
#5537 = CARTESIAN_POINT('',(14.674147423314,-1.411602471848,
    0.206970452604));
#5538 = CARTESIAN_POINT('',(14.653692645808,-1.28158692716,
    0.597193109408));
#5539 = CARTESIAN_POINT('',(14.633238134177,-1.040110140763,
    0.920856365179));
#5540 = CARTESIAN_POINT('',(14.612783568545,-0.719715700253,
    1.146957925112));
#5541 = CARTESIAN_POINT('',(14.571874484681,-4.095519904654E-09,
    1.373059788859));
#5542 = CARTESIAN_POINT('',(14.530965400819,0.719715613508,
    1.146957675063));
#5543 = CARTESIAN_POINT('',(14.510510850244,1.040110214916,0.92085558558
    ));
#5544 = CARTESIAN_POINT('',(14.490056264384,1.281583689833,
    0.597199089021));
#5545 = CARTESIAN_POINT('',(14.469601651741,1.411620243991,
    0.206963518544));
#5546 = CARTESIAN_POINT('',(14.449147420909,1.41161249231,
    -0.206980640253));
#5547 = CARTESIAN_POINT('',(14.428692811248,1.28157776067,
    -0.597200244808));
#5548 = CARTESIAN_POINT('',(14.408237682727,1.040119353231,
    -0.92081605547));
#5549 = CARTESIAN_POINT('',(14.387783805892,0.719713421162,
    -1.146977397691));
#5550 = CARTESIAN_POINT('',(14.367329035354,0.359857468851,
    -1.260010028803));
#5551 = CARTESIAN_POINT('',(14.346874464058,3.070706200425E-08,
    -1.260010545781));
#5552 = CARTESIAN_POINT('',(14.853124505236,2.834773704663E-08,
    -1.260012515877));
#5553 = CARTESIAN_POINT('',(14.832669933935,-0.359858237055,
    -1.260013177384));
#5554 = CARTESIAN_POINT('',(14.812215163347,-0.719715387566,
    -1.146990338366));
#5555 = CARTESIAN_POINT('',(14.791761271555,-1.040127716829,
    -0.920795914855));
#5556 = CARTESIAN_POINT('',(14.771306217296,-1.281553733797,
    -0.59721908618));
#5557 = CARTESIAN_POINT('',(14.750851442528,-1.411653691992,
    -0.206979530517));
#5558 = CARTESIAN_POINT('',(14.730397423318,-1.41160194729,
    0.206972406693));
#5559 = CARTESIAN_POINT('',(14.70994264572,-1.281591021277,
    0.597193368925));
#5560 = CARTESIAN_POINT('',(14.689488134108,-1.04011234026,
    0.920858669121));
#5561 = CARTESIAN_POINT('',(14.669033568468,-0.719717359821,
    1.146960602906));
#5562 = CARTESIAN_POINT('',(14.628124484607,3.922426611888E-09,
    1.373062945995));
#5563 = CARTESIAN_POINT('',(14.587215400747,0.719717263641,
    1.146960271782));
#5564 = CARTESIAN_POINT('',(14.566760850169,1.040112128796,
    0.920857518274));
#5565 = CARTESIAN_POINT('',(14.546306264303,1.281588120703,
    0.597201568576));
#5566 = CARTESIAN_POINT('',(14.525851651631,1.411622561198,
    0.206962528425));
#5567 = CARTESIAN_POINT('',(14.505397420892,1.41161461527,-0.20698091591
    ));
#5568 = CARTESIAN_POINT('',(14.484942811224,1.281582047157,
    -0.597199670178));
#5569 = CARTESIAN_POINT('',(14.464487682518,1.040121508869,
    -0.920820902744));
#5570 = CARTESIAN_POINT('',(14.444033805887,0.719715030864,
    -1.14697875135));
#5571 = CARTESIAN_POINT('',(14.423579035281,0.359858296114,
    -1.260012896683));
#5572 = CARTESIAN_POINT('',(14.403124463977,3.071164256241E-08,
    -1.260013558865));
#5573 = ADVANCED_FACE('',(#5574),#5656,.F.);
#5574 = FACE_BOUND('',#5575,.F.);
#5575 = EDGE_LOOP('',(#5576,#5649,#5650,#5651));
#5576 = ORIENTED_EDGE('',*,*,#5577,.F.);
#5577 = EDGE_CURVE('',#5155,#5578,#5580,.T.);
#5578 = VERTEX_POINT('',#5579);
#5579 = CARTESIAN_POINT('',(14.216980634921,-3.299312415288E-07,
    -1.035000000001));
#5580 = B_SPLINE_CURVE_WITH_KNOTS('',7,(#5581,#5582,#5583,#5584,#5585,
    #5586,#5587,#5588,#5589,#5590,#5591,#5592,#5593,#5594,#5595,#5596,
    #5597,#5598,#5599,#5600,#5601,#5602,#5603,#5604,#5605,#5606,#5607,
    #5608,#5609,#5610,#5611,#5612,#5613,#5614,#5615,#5616,#5617,#5618,
    #5619,#5620,#5621,#5622,#5623,#5624,#5625,#5626,#5627,#5628,#5629,
    #5630,#5631,#5632,#5633,#5634,#5635,#5636,#5637,#5638,#5639,#5640,
    #5641,#5642,#5643,#5644,#5645,#5646,#5647,#5648),.UNSPECIFIED.,.F.,
  .F.,(8,6,6,6,6,6,6,6,6,6,6,8),(0.,3.56696769104E-02,0.135111377352,
    0.221559876447,0.271352161232,0.380817187799,0.49502343777,
    0.630626079659,0.73635296109,0.871212313683,0.956029443709,1.),
  .UNSPECIFIED.);
#5581 = CARTESIAN_POINT('',(14.666979908347,-6.091034758793E-07,
    -1.035000000002));
#5582 = CARTESIAN_POINT('',(14.664687118548,-3.313685083544E-02,
    -1.035000000002));
#5583 = CARTESIAN_POINT('',(14.662394154781,-6.62729507819E-02,
    -1.033762299176));
#5584 = CARTESIAN_POINT('',(14.66010110416,-9.935323571699E-02,
    -1.031286948443));
#5585 = CARTESIAN_POINT('',(14.657808031172,-0.132322365043,
    -1.027577075745));
#5586 = CARTESIAN_POINT('',(14.655514977672,-0.165125330788,
    -1.022638886043));
#5587 = CARTESIAN_POINT('',(14.653221962883,-0.19770745761,
    -1.016481661319));
#5588 = CARTESIAN_POINT('',(14.644536501082,-0.320081312378,
    -0.98858831162));
#5589 = CARTESIAN_POINT('',(14.638143627419,-0.408020520479,
    -0.958678001772));
#5590 = CARTESIAN_POINT('',(14.631751670497,-0.492641673554,
    -0.919654456525));
#5591 = CARTESIAN_POINT('',(14.625360007638,-0.572820053717,
    -0.87197336825));
#5592 = CARTESIAN_POINT('',(14.618967759401,-0.647513206482,
    -0.816254521265));
#5593 = CARTESIAN_POINT('',(14.612574866494,-0.715783594776,
    -0.753268447616));
#5594 = CARTESIAN_POINT('',(14.600625499769,-0.829894904524,
    -0.623658359664));
#5595 = CARTESIAN_POINT('',(14.595068018632,-0.877508994957,
    -0.558575316909));
#5596 = CARTESIAN_POINT('',(14.589510775659,-0.919142091551,
    -0.489283714079));
#5597 = CARTESIAN_POINT('',(14.583953715248,-0.954354674736,
    -0.41644677031));
#5598 = CARTESIAN_POINT('',(14.578396532414,-0.982800796272,
    -0.340780124195));
#5599 = CARTESIAN_POINT('',(14.572839128476,-1.004233711193,
    -0.263040162831));
#5600 = CARTESIAN_POINT('',(14.564081331025,-1.026735183019,
    -0.138494205855));
#5601 = CARTESIAN_POINT('',(14.560880575289,-1.032585614808,
    -9.254694681005E-02));
#5602 = CARTESIAN_POINT('',(14.557679837893,-1.03603587574,
    -4.631960129263E-02));
#5603 = CARTESIAN_POINT('',(14.554479107147,-1.037070801324,
    3.732081975203E-05));
#5604 = CARTESIAN_POINT('',(14.551278354934,-1.035687011268,
    4.637263814837E-02));
#5605 = CARTESIAN_POINT('',(14.548077570312,-1.031892928799,
    9.253530864078E-02));
#5606 = CARTESIAN_POINT('',(14.537840097334,-1.012113404079,
    0.239151281694));
#5607 = CARTESIAN_POINT('',(14.530802211171,-0.986964215874,
    0.33838543037));
#5608 = CARTESIAN_POINT('',(14.523765083387,-0.950473470002,
    0.434457616547));
#5609 = CARTESIAN_POINT('',(14.516728449902,-0.903139731916,
    0.525824834131));
#5610 = CARTESIAN_POINT('',(14.509691328855,-0.845708429302,
    0.611048308705));
#5611 = CARTESIAN_POINT('',(14.502653486567,-0.779152421485,
    0.688830921412));
#5612 = CARTESIAN_POINT('',(14.488275487793,-0.626966871957,
    0.830297564695));
#5613 = CARTESIAN_POINT('',(14.480932836945,-0.540607758795,
    0.893251300794));
#5614 = CARTESIAN_POINT('',(14.473591346962,-0.446951201771,
    0.945654796326));
#5615 = CARTESIAN_POINT('',(14.466250558955,-0.347556528435,
    0.986525599866));
#5616 = CARTESIAN_POINT('',(14.458909058574,-0.24412727553,
    1.015163166524));
#5617 = CARTESIAN_POINT('',(14.451566392358,-0.138462941012,
    1.031168743695));
#5618 = CARTESIAN_POINT('',(14.435508145996,9.34862904053E-02,
    1.038438050755));
#5619 = CARTESIAN_POINT('',(14.426787842633,0.220002034785,
    1.024507221956));
#5620 = CARTESIAN_POINT('',(14.418069984596,0.34399394636,0.992577106498
    ));
#5621 = CARTESIAN_POINT('',(14.409353210316,0.462405924715,0.94325056389
    ));
#5622 = CARTESIAN_POINT('',(14.400635419508,0.572397021058,
    0.877711235573));
#5623 = CARTESIAN_POINT('',(14.391915183278,0.671387203574,
    0.797704020571));
#5624 = CARTESIAN_POINT('',(14.376402037901,0.824209875857,
    0.633678521817));
#5625 = CARTESIAN_POINT('',(14.369604844885,0.883215572569,
    0.554396131998));
#5626 = CARTESIAN_POINT('',(14.362808411381,0.933269258009,
    0.468763294256));
#5627 = CARTESIAN_POINT('',(14.356012399383,0.973573095815,
    0.378002597563));
#5628 = CARTESIAN_POINT('',(14.349215863555,1.003534920003,
    0.283447412642));
#5629 = CARTESIAN_POINT('',(14.342418551394,1.022782657686,
    0.186509552311));
#5630 = CARTESIAN_POINT('',(14.326953050968,1.041926452832,
    -3.616441099328E-02));
#5631 = CARTESIAN_POINT('',(14.318280673598,1.035034910927,
    -0.162544438795));
#5632 = CARTESIAN_POINT('',(14.309611067673,1.010233489094,
    -0.287417448887));
#5633 = CARTESIAN_POINT('',(14.300942651197,0.967946563856,
    -0.407749729668));
#5634 = CARTESIAN_POINT('',(14.292273537799,0.909177862156,
    -0.520685843783));
#5635 = CARTESIAN_POINT('',(14.283601711068,0.835493626044,
    -0.623593848404));
#5636 = CARTESIAN_POINT('',(14.269480478126,0.694662860837,
    -0.771281942479));
#5637 = CARTESIAN_POINT('',(14.264027826774,0.635220251181,
    -0.823478047847));
#5638 = CARTESIAN_POINT('',(14.258575135536,0.571229806451,
    -0.870302380258));
#5639 = CARTESIAN_POINT('',(14.253122377677,0.503278107448,
    -0.911285293946));
#5640 = CARTESIAN_POINT('',(14.247669447015,0.432008077787,
    -0.946039105374));
#5641 = CARTESIAN_POINT('',(14.242216506069,0.358108736349,
    -0.974264222974));
#5642 = CARTESIAN_POINT('',(14.233937841129,0.243007054772,
    -1.006896582847));
#5643 = CARTESIAN_POINT('',(14.231111453781,0.203196042404,
    -1.016228528377));
#5644 = CARTESIAN_POINT('',(14.228285205224,0.162972140967,
    -1.023722701613));
#5645 = CARTESIAN_POINT('',(14.225459095358,0.122437187087,
    -1.02935770744));
#5646 = CARTESIAN_POINT('',(14.222633068962,8.169419184659E-02,
    -1.033119214136));
#5647 = CARTESIAN_POINT('',(14.219806993752,4.084690695113E-02,
    -1.035000000002));
#5648 = CARTESIAN_POINT('',(14.216980638433,-6.091034618905E-07,
    -1.035000000002));
#5649 = ORIENTED_EDGE('',*,*,#5229,.T.);
#5650 = ORIENTED_EDGE('',*,*,#5492,.T.);
#5651 = ORIENTED_EDGE('',*,*,#5652,.F.);
#5652 = EDGE_CURVE('',#5578,#5493,#5653,.T.);
#5653 = B_SPLINE_CURVE_WITH_KNOTS('',1,(#5654,#5655),.UNSPECIFIED.,.F.,
  .F.,(2,2),(0.,0.39175),.PIECEWISE_BEZIER_KNOTS.);
#5654 = CARTESIAN_POINT('',(14.151017637413,-1.010549174452E-06,
    -0.920734602107));
#5655 = CARTESIAN_POINT('',(14.346874464058,3.070706189323E-08,
    -1.260010545781));
#5656 = B_SPLINE_SURFACE_WITH_KNOTS('',1,8,(
    (#5657,#5658,#5659,#5660,#5661,#5662,#5663,#5664,#5665,#5666,#5667
      ,#5668,#5669,#5670,#5671,#5672,#5673,#5674,#5675,#5676,#5677,#5678
      ,#5679,#5680,#5681,#5682,#5683)
    ,(#5684,#5685,#5686,#5687,#5688,#5689,#5690,#5691,#5692,#5693,#5694
      ,#5695,#5696,#5697,#5698,#5699,#5700,#5701,#5702,#5703,#5704,#5705
      ,#5706,#5707,#5708,#5709,#5710
    )),.UNSPECIFIED.,.F.,.F.,.F.,(2,2),(9,6,6,6,9),(0.,0.39175),(0.,
    1.574819783427,3.149639566854,4.72445935028,6.299279133707),
  .UNSPECIFIED.);
#5657 = CARTESIAN_POINT('',(14.60101628069,-9.328146850507E-07,
    -0.920734597917));
#5658 = CARTESIAN_POINT('',(14.586954365038,-0.18080068775,
    -0.920734416602));
#5659 = CARTESIAN_POINT('',(14.572895667648,-0.361554451492,
    -0.880171593662));
#5660 = CARTESIAN_POINT('',(14.558827255768,-0.531736443587,
    -0.799038077647));
#5661 = CARTESIAN_POINT('',(14.544765560863,-0.680668296488,
    -0.680649132768));
#5662 = CARTESIAN_POINT('',(14.530704015822,-0.799029225918,
    -0.531733385244));
#5663 = CARTESIAN_POINT('',(14.516642264378,-0.880166480079,
    -0.361570921349));
#5664 = CARTESIAN_POINT('',(14.488517632896,-0.961302758879,
    -1.740301811383E-06));
#5665 = CARTESIAN_POINT('',(14.460391826101,-0.880166113005,
    0.361573361667));
#5666 = CARTESIAN_POINT('',(14.446328847769,-0.799029195973,
    0.531741012641));
#5667 = CARTESIAN_POINT('',(14.432266586102,-0.680659191973,
    0.680663670092));
#5668 = CARTESIAN_POINT('',(14.418204563961,-0.531737449634,
    0.799030334975));
#5669 = CARTESIAN_POINT('',(14.404142118395,-0.361572358783,
    0.88016581108));
#5670 = CARTESIAN_POINT('',(14.376016959052,1.014580135429E-06,
    0.961301079617));
#5671 = CARTESIAN_POINT('',(14.347891799708,0.36157421647,0.880165046926
    ));
#5672 = CARTESIAN_POINT('',(14.333829354142,0.531739135696,
    0.799029211837));
#5673 = CARTESIAN_POINT('',(14.319767332,0.680660629245,0.680662236352)
  );
#5674 = CARTESIAN_POINT('',(14.305705070335,0.799030321876,
    0.531739327698));
#5675 = CARTESIAN_POINT('',(14.291642092003,0.880166876847,
    0.361571504149));
#5676 = CARTESIAN_POINT('',(14.263516285207,0.961302754821,
    -3.769367624516E-06));
#5677 = CARTESIAN_POINT('',(14.235391653724,0.880165714959,
    -0.361572778865));
#5678 = CARTESIAN_POINT('',(14.22132990228,0.79902810319,-0.531735071804
    ));
#5679 = CARTESIAN_POINT('',(14.207268357239,0.680666878161,
    -0.680650573227));
#5680 = CARTESIAN_POINT('',(14.193206662339,0.531734747363,
    -0.799039216021));
#5681 = CARTESIAN_POINT('',(14.179138250454,0.361552592908,
    -0.88017233419));
#5682 = CARTESIAN_POINT('',(14.165079553064,0.180798744387,
    -0.920734798679));
#5683 = CARTESIAN_POINT('',(14.151017637413,-1.010549174452E-06,
    -0.920734602107));
#5684 = CARTESIAN_POINT('',(14.796874505304,2.83438346127E-08,
    -1.260009734568));
#5685 = CARTESIAN_POINT('',(14.78281198754,-0.24740196038,
    -1.260010089527));
#5686 = CARTESIAN_POINT('',(14.768749371939,-0.494803378829,
    -1.20450741553));
#5687 = CARTESIAN_POINT('',(14.754687051655,-0.72767595712,
    -1.093450623128));
#5688 = CARTESIAN_POINT('',(14.740624527197,-0.931471280904,
    -0.931469974896));
#5689 = CARTESIAN_POINT('',(14.726561998154,-1.093459581726,
    -0.72767036153));
#5690 = CARTESIAN_POINT('',(14.712499475399,-1.204493048399,
    -0.494805490351));
#5691 = CARTESIAN_POINT('',(14.684374464196,-1.315527372232,
    -2.605201031701E-06));
#5692 = CARTESIAN_POINT('',(14.656249488724,-1.204493382811,
    0.494804760074));
#5693 = CARTESIAN_POINT('',(14.642187003266,-1.093459494785,
    0.727674519225));
#5694 = CARTESIAN_POINT('',(14.62812449602,-0.931473518901,
    0.931476128383));
#5695 = CARTESIAN_POINT('',(14.614061981493,-0.727672398594,
    1.093460732343));
#5696 = CARTESIAN_POINT('',(14.599999479837,-0.494804547484,
    1.204492767113));
#5697 = CARTESIAN_POINT('',(14.571874484682,-1.409016257623E-08,
    1.315524907788));
#5698 = CARTESIAN_POINT('',(14.543749489526,0.494804480728,
    1.204492595204));
#5699 = CARTESIAN_POINT('',(14.529686987871,0.727672263554,
    1.093460605547));
#5700 = CARTESIAN_POINT('',(14.515624473343,0.931473594847,
    0.931476736462));
#5701 = CARTESIAN_POINT('',(14.501561966098,1.093460156409,
    0.727674869865));
#5702 = CARTESIAN_POINT('',(14.48749948064,1.204493493076,0.494804859344
    ));
#5703 = CARTESIAN_POINT('',(14.459374505167,1.315526586444,
    -2.558295558221E-06));
#5704 = CARTESIAN_POINT('',(14.431249493964,1.204492691955,
    -0.494805391081));
#5705 = CARTESIAN_POINT('',(14.417186971204,1.09345953644,
    -0.727670322931));
#5706 = CARTESIAN_POINT('',(14.403124442183,0.931474880385,
    -0.931470676543));
#5707 = CARTESIAN_POINT('',(14.389061917689,0.72767410547,
    -1.093453693553));
#5708 = CARTESIAN_POINT('',(14.374999597433,0.494803278505,
    -1.204502993174));
#5709 = CARTESIAN_POINT('',(14.360936981824,0.247402019431,
    -1.260010190359));
#5710 = CARTESIAN_POINT('',(14.346874464058,3.070706189323E-08,
    -1.260010545781));
#5711 = ADVANCED_FACE('',(#5712),#5807,.F.);
#5712 = FACE_BOUND('',#5713,.T.);
#5713 = EDGE_LOOP('',(#5714,#5715,#5716,#5801));
#5714 = ORIENTED_EDGE('',*,*,#5577,.F.);
#5715 = ORIENTED_EDGE('',*,*,#5379,.T.);
#5716 = ORIENTED_EDGE('',*,*,#5717,.T.);
#5717 = EDGE_CURVE('',#5295,#5718,#5720,.T.);
#5718 = VERTEX_POINT('',#5719);
#5719 = CARTESIAN_POINT('',(14.083053971285,-3.553259872942E-07,
    -1.035000000001));
#5720 = B_SPLINE_CURVE_WITH_KNOTS('',7,(#5721,#5722,#5723,#5724,#5725,
    #5726,#5727,#5728,#5729,#5730,#5731,#5732,#5733,#5734,#5735,#5736,
    #5737,#5738,#5739,#5740,#5741,#5742,#5743,#5744,#5745,#5746,#5747,
    #5748,#5749,#5750,#5751,#5752,#5753,#5754,#5755,#5756,#5757,#5758,
    #5759,#5760,#5761,#5762,#5763,#5764,#5765,#5766,#5767,#5768,#5769,
    #5770,#5771,#5772,#5773,#5774,#5775,#5776,#5777,#5778,#5779,#5780,
    #5781,#5782,#5783,#5784,#5785,#5786,#5787,#5788,#5789,#5790,#5791,
    #5792,#5793,#5794,#5795,#5796,#5797,#5798,#5799,#5800),
  .UNSPECIFIED.,.F.,.F.,(8,6,6,6,6,6,6,6,6,6,6,6,6,8),(0.,
    3.800219024253E-02,0.135464234266,0.228096350251,0.292650173194,
    0.388136864996,0.498030688518,0.634534459655,0.784300219694,
    0.812851332709,0.873331363603,0.895933219966,0.958576335569,1.),
  .UNSPECIFIED.);
#5721 = CARTESIAN_POINT('',(14.533052174007,-6.598887056786E-07,
    -1.035000000002));
#5722 = CARTESIAN_POINT('',(14.530609514967,-3.530368590271E-02,
    -1.035000000002));
#5723 = CARTESIAN_POINT('',(14.528167136869,-7.060660171271E-02,
    -1.033595136428));
#5724 = CARTESIAN_POINT('',(14.525724850482,-0.105842023105,
    -1.030785474116));
#5725 = CARTESIAN_POINT('',(14.523282521782,-0.140943027446,
    -1.026575040235));
#5726 = CARTESIAN_POINT('',(14.520840071949,-0.175843153682,
    -1.02097182429));
#5727 = CARTESIAN_POINT('',(14.518397477368,-0.210476402343,
    -1.013987778117));
#5728 = CARTESIAN_POINT('',(14.509690096798,-0.332746620807,
    -0.984226709922));
#5729 = CARTESIAN_POINT('',(14.50342394391,-0.418539788305,
    -0.953834622673));
#5730 = CARTESIAN_POINT('',(14.497157524055,-0.501040607462,
    -0.914730935809));
#5731 = CARTESIAN_POINT('',(14.49089150172,-0.579195535636,
    -0.867356406309));
#5732 = CARTESIAN_POINT('',(14.484625711463,-0.652028481828,
    -0.812302559192));
#5733 = CARTESIAN_POINT('',(14.478359802701,-0.718661163643,
    -0.75029947031));
#5734 = CARTESIAN_POINT('',(14.466140292876,-0.835059298058,
    -0.617500573392));
#5735 = CARTESIAN_POINT('',(14.460185536843,-0.885507259545,
    -0.547281087952));
#5736 = CARTESIAN_POINT('',(14.454231279508,-0.92903211021,
    -0.472293417762));
#5737 = CARTESIAN_POINT('',(14.448277206401,-0.965105169247,
    -0.393362132963));
#5738 = CARTESIAN_POINT('',(14.44232275986,-0.993319618538,
    -0.31137744898));
#5739 = CARTESIAN_POINT('',(14.436367821021,-1.013398023615,
    -0.227278740224));
#5740 = CARTESIAN_POINT('',(14.426263632187,-1.033437441391,
    -8.26411438633E-02));
#5741 = CARTESIAN_POINT('',(14.422113868177,-1.037652145054,
    -2.268324137984E-02));
#5742 = CARTESIAN_POINT('',(14.417964126302,-1.037806264196,
    3.750448216308E-02));
#5743 = CARTESIAN_POINT('',(14.413814406554,-1.03388791923,
    9.759203989712E-02));
#5744 = CARTESIAN_POINT('',(14.409664656185,-1.02591857334,
    0.157250110425));
#5745 = CARTESIAN_POINT('',(14.405514869771,-1.013952844182,
    0.216153022347));
#5746 = CARTESIAN_POINT('',(14.395227066909,-0.974597038258,0.3595207909
    ));
#5747 = CARTESIAN_POINT('',(14.389088434767,-0.942560657772,
    0.442720062361));
#5748 = CARTESIAN_POINT('',(14.382950305336,-0.902252203838,
    0.522537904964));
#5749 = CARTESIAN_POINT('',(14.376812495175,-0.854111631708,
    0.597995085297));
#5750 = CARTESIAN_POINT('',(14.370674413083,-0.7987159276,0.668187282029
    ));
#5751 = CARTESIAN_POINT('',(14.364535853947,-0.736767693322,
    0.732302933877));
#5752 = CARTESIAN_POINT('',(14.351333626321,-0.591205779345,
    0.855641990394));
#5753 = CARTESIAN_POINT('',(14.344268225777,-0.50571204633,
    0.912685716186));
#5754 = CARTESIAN_POINT('',(14.337203569835,-0.413868271718,
    0.959703959444));
#5755 = CARTESIAN_POINT('',(14.330139381959,-0.317095119343,
    0.995876115857));
#5756 = CARTESIAN_POINT('',(14.323074665155,-0.216928395965,
    1.020628078985));
#5757 = CARTESIAN_POINT('',(14.316009198052,-0.114978804101,
    1.033647322329));
#5758 = CARTESIAN_POINT('',(14.300170255586,0.113897059474,
    1.036499989059));
#5759 = CARTESIAN_POINT('',(14.291392314508,0.24096877197,1.019956878294
    ));
#5760 = CARTESIAN_POINT('',(14.282617336717,0.365118057883,
    0.985225131535));
#5761 = CARTESIAN_POINT('',(14.273843739247,0.483239753278,
    0.932983815009));
#5762 = CARTESIAN_POINT('',(14.26506881854,0.592462638426,0.864502988264
    ));
#5763 = CARTESIAN_POINT('',(14.25629090948,0.690195397605,0.781622813927
    ));
#5764 = CARTESIAN_POINT('',(14.237888970554,0.866649229089,
    0.582665453663));
#5765 = CARTESIAN_POINT('',(14.228256089332,0.942691856368,
    0.464042579908));
#5766 = CARTESIAN_POINT('',(14.218627440086,0.999610795532,
    0.334033263987));
#5767 = CARTESIAN_POINT('',(14.209000537344,1.035484932773,
    0.196394824581));
#5768 = CARTESIAN_POINT('',(14.199372196599,1.049267657055,
    5.514241192675E-02));
#5769 = CARTESIAN_POINT('',(14.189739675303,1.040801737026,
    -8.550673988237E-02));
#5770 = CARTESIAN_POINT('',(14.178277302774,1.005365402813,
    -0.247320716139));
#5771 = CARTESIAN_POINT('',(14.176442012389,0.998916932389,
    -0.27305988114));
#5772 = CARTESIAN_POINT('',(14.174606722426,0.991699972813,-0.2986015735
    ));
#5773 = CARTESIAN_POINT('',(14.17277143211,0.983721851732,
    -0.323918298668));
#5774 = CARTESIAN_POINT('',(14.170936140871,0.974991113321,
    -0.348982944871));
#5775 = CARTESIAN_POINT('',(14.169100848349,0.965517518279,
    -0.373768783115));
#5776 = CARTESIAN_POINT('',(14.163377837816,0.933693712889,
    -0.450107078768));
#5777 = CARTESIAN_POINT('',(14.159490054253,0.908790838506,
    -0.500596344526));
#5778 = CARTESIAN_POINT('',(14.155602298924,0.880708015315,
    -0.549466358749));
#5779 = CARTESIAN_POINT('',(14.151714554975,0.849573013814,
    -0.596477692989));
#5780 = CARTESIAN_POINT('',(14.14782677051,0.815535599732,
    -0.641404187926));
#5781 = CARTESIAN_POINT('',(14.143938935618,0.778766353413,
    -0.684034745231));
#5782 = CARTESIAN_POINT('',(14.13859826731,0.724764714509,
    -0.739175888411));
#5783 = CARTESIAN_POINT('',(14.137145374814,0.709718893928,
    -0.753828985248));
#5784 = CARTESIAN_POINT('',(14.135692482688,0.694327925725,
    -0.768124303509));
#5785 = CARTESIAN_POINT('',(14.134239591572,0.678602039981,
    -0.782052112572));
#5786 = CARTESIAN_POINT('',(14.132786701981,0.662551798577,
    -0.795603057614));
#5787 = CARTESIAN_POINT('',(14.131333814309,0.646188095198,
    -0.808768159612));
#5788 = CARTESIAN_POINT('',(14.125854123591,0.583330976124,
    -0.85693385771));
#5789 = CARTESIAN_POINT('',(14.121827263451,0.534817205706,
    -0.889299494589));
#5790 = CARTESIAN_POINT('',(14.117800481021,0.484220736376,
    -0.918451884769));
#5791 = CARTESIAN_POINT('',(14.113773747228,0.431797996332,
    -0.944232020403));
#5792 = CARTESIAN_POINT('',(14.109746975809,0.377819599757,
    -0.966506859986));
#5793 = CARTESIAN_POINT('',(14.10572012781,0.322567996902,
    -0.985170461329));
#5794 = CARTESIAN_POINT('',(14.099030528709,0.229150325371,
    -1.010047320127));
#5795 = CARTESIAN_POINT('',(14.096367729503,0.19153574868,
    -1.018336635614));
#5796 = CARTESIAN_POINT('',(14.093704910989,0.15357592027,-1.02499062125
    ));
#5797 = CARTESIAN_POINT('',(14.091042085129,0.115356072804,
    -1.029992423847));
#5798 = CARTESIAN_POINT('',(14.088379283335,7.69621454393E-02,
    -1.033330776785));
#5799 = CARTESIAN_POINT('',(14.085716556458,3.848078382723E-02,
    -1.035000000002));
#5800 = CARTESIAN_POINT('',(14.083053974797,-6.598887072329E-07,
    -1.035000000002));
#5801 = ORIENTED_EDGE('',*,*,#5802,.F.);
#5802 = EDGE_CURVE('',#5578,#5718,#5803,.T.);
#5803 = LINE('',#5804,#5805);
#5804 = CARTESIAN_POINT('',(20.,0.,-1.035));
#5805 = VECTOR('',#5806,1.);
#5806 = DIRECTION('',(-1.,0.,6.661338147751E-17));
#5807 = CYLINDRICAL_SURFACE('',#5808,1.035);
#5808 = AXIS2_PLACEMENT_3D('',#5809,#5810,#5811);
#5809 = CARTESIAN_POINT('',(20.,0.,0.));
#5810 = DIRECTION('',(-1.,-0.,-0.));
#5811 = DIRECTION('',(0.,0.,-1.));
#5812 = ADVANCED_FACE('',(#5813),#5848,.F.);
#5813 = FACE_BOUND('',#5814,.F.);
#5814 = EDGE_LOOP('',(#5815,#5841,#5842,#5843));
#5815 = ORIENTED_EDGE('',*,*,#5816,.F.);
#5816 = EDGE_CURVE('',#5394,#5817,#5819,.T.);
#5817 = VERTEX_POINT('',#5818);
#5818 = CARTESIAN_POINT('',(13.953124422715,3.307579496012E-08,
    -1.260014601853));
#5819 = B_SPLINE_CURVE_WITH_KNOTS('',11,(#5820,#5821,#5822,#5823,#5824,
    #5825,#5826,#5827,#5828,#5829,#5830,#5831,#5832,#5833,#5834,#5835,
    #5836,#5837,#5838,#5839,#5840),.UNSPECIFIED.,.F.,.F.,(12,9,12),(0.,
    3.149639566854,6.299279133707),.UNSPECIFIED.);
#5820 = CARTESIAN_POINT('',(14.403124463977,3.071164389468E-08,
    -1.260013558865));
#5821 = CARTESIAN_POINT('',(14.382669892674,-0.359858532504,
    -1.260014221047));
#5822 = CARTESIAN_POINT('',(14.362215122064,-0.719715981322,
    -1.146991289163));
#5823 = CARTESIAN_POINT('',(14.341761230337,-1.040128575969,
    -0.920796678854));
#5824 = CARTESIAN_POINT('',(14.32130617603,-1.28155479341,
    -0.597219583293));
#5825 = CARTESIAN_POINT('',(14.300851401232,-1.411654860363,
    -0.206979704094));
#5826 = CARTESIAN_POINT('',(14.280397382083,-1.411603115885,
    0.20697257513));
#5827 = CARTESIAN_POINT('',(14.259942604455,-1.281592083395,
    0.597193860913));
#5828 = CARTESIAN_POINT('',(14.23948809285,-1.04011320292,0.920859429415
    ));
#5829 = CARTESIAN_POINT('',(14.219033527207,-0.719717957717,
    1.146961550966));
#5830 = CARTESIAN_POINT('',(14.178124443347,1.346316707148E-09,
    1.373064082561));
#5831 = CARTESIAN_POINT('',(14.137215359487,0.719717857234,
    1.146961222542));
#5832 = CARTESIAN_POINT('',(14.11676080891,1.040112988035,0.920858282521
    ));
#5833 = CARTESIAN_POINT('',(14.096306223036,1.281589180444,
    0.597202065178));
#5834 = CARTESIAN_POINT('',(14.075851610364,1.411623729256,
    0.206962702506));
#5835 = CARTESIAN_POINT('',(14.05539737965,1.411615784179,
    -0.206981084535));
#5836 = CARTESIAN_POINT('',(14.034942769982,1.281583109144,
    -0.597200162292));
#5837 = CARTESIAN_POINT('',(14.01448764121,1.040122371429,
    -0.920821662886));
#5838 = CARTESIAN_POINT('',(13.994033764651,0.719715628925,
    -1.146979699448));
#5839 = CARTESIAN_POINT('',(13.973578994021,0.359858596291,
    -1.260013938996));
#5840 = CARTESIAN_POINT('',(13.953124422715,3.307579587997E-08,
    -1.260014601853));
#5841 = ORIENTED_EDGE('',*,*,#5421,.T.);
#5842 = ORIENTED_EDGE('',*,*,#5717,.T.);
#5843 = ORIENTED_EDGE('',*,*,#5844,.F.);
#5844 = EDGE_CURVE('',#5817,#5718,#5845,.T.);
#5845 = B_SPLINE_CURVE_WITH_KNOTS('',1,(#5846,#5847),.UNSPECIFIED.,.F.,
  .F.,(2,2),(0.,0.39175),.PIECEWISE_BEZIER_KNOTS.);
#5846 = CARTESIAN_POINT('',(13.953124422715,3.307579599099E-08,
    -1.260014601853));
#5847 = CARTESIAN_POINT('',(14.149018993391,-1.088241363356E-06,
    -0.92076044981));
#5848 = B_SPLINE_SURFACE_WITH_KNOTS('',1,9,(
    (#5849,#5850,#5851,#5852,#5853,#5854,#5855,#5856,#5857,#5858,#5859
      ,#5860,#5861,#5862,#5863,#5864,#5865,#5866,#5867,#5868,#5869,#5870
      ,#5871,#5872,#5873,#5874,#5875,#5876,#5877,#5878,#5879)
    ,(#5880,#5881,#5882,#5883,#5884,#5885,#5886,#5887,#5888,#5889,#5890
      ,#5891,#5892,#5893,#5894,#5895,#5896,#5897,#5898,#5899,#5900,#5901
      ,#5902,#5903,#5904,#5905,#5906,#5907,#5908,#5909,#5910
  )),.UNSPECIFIED.,.F.,.F.,.F.,(2,2),(10,7,7,7,10),(0.,0.39175),(0.,
    1.574819783427,3.149639566854,4.72445935028,6.299279133707),
  .UNSPECIFIED.);
#5849 = CARTESIAN_POINT('',(14.403124463977,3.071164389468E-08,
    -1.260013558865));
#5850 = CARTESIAN_POINT('',(14.390624448181,-0.219913535698,
    -1.260013963532));
#5851 = CARTESIAN_POINT('',(14.37812435626,-0.439826676469,
    -1.216845634354));
#5852 = CARTESIAN_POINT('',(14.365624450416,-0.65005398379,
    -1.130473003967));
#5853 = CARTESIAN_POINT('',(14.353124496752,-0.840898047709,
    -1.003464257344));
#5854 = CARTESIAN_POINT('',(14.340624472967,-1.003468940431,
    -0.840894940508));
#5855 = CARTESIAN_POINT('',(14.328124449235,-1.130474296813,
    -0.650050773539));
#5856 = CARTESIAN_POINT('',(14.315624432815,-1.216834060501,
    -0.439828774879));
#5857 = CARTESIAN_POINT('',(14.290624424838,-1.303194420667,
    -2.357560601809E-06));
#5858 = CARTESIAN_POINT('',(14.265624444664,-1.216834294258,
    0.439827531818));
#5859 = CARTESIAN_POINT('',(14.253124457089,-1.130474254507,
    0.650053266256));
#5860 = CARTESIAN_POINT('',(14.24062445791,-1.003470371835,0.8409001993)
  );
#5861 = CARTESIAN_POINT('',(14.228124448231,-0.840897870489,
    1.003472387501));
#5862 = CARTESIAN_POINT('',(14.215624439604,-0.650051824904,
    1.130474969106));
#5863 = CARTESIAN_POINT('',(14.203124439039,-0.439827644424,
    1.216833500741));
#5864 = CARTESIAN_POINT('',(14.178124443347,-1.459581005042E-08,
    1.303192068926));
#5865 = CARTESIAN_POINT('',(14.153124447654,0.439827575825,
    1.216833300037));
#5866 = CARTESIAN_POINT('',(14.140624447089,0.650051691433,
    1.130474780488));
#5867 = CARTESIAN_POINT('',(14.128124438463,0.840897857235,
    1.003472741289));
#5868 = CARTESIAN_POINT('',(14.115624428782,1.003470812252,
    0.840900824343));
#5869 = CARTESIAN_POINT('',(14.103124429605,1.130474875131,
    0.650053598461));
#5870 = CARTESIAN_POINT('',(14.09062444203,1.216834312255,0.43982764025)
  );
#5871 = CARTESIAN_POINT('',(14.065624461854,1.303193505039,
    -2.302324011438E-06));
#5872 = CARTESIAN_POINT('',(14.040624453878,1.216833536645,
    -0.439828666447));
#5873 = CARTESIAN_POINT('',(14.028124437463,1.130473985742,
    -0.650051276986));
#5874 = CARTESIAN_POINT('',(14.015624413709,1.003471768681,
    -0.840893968238));
#5875 = CARTESIAN_POINT('',(14.003124389967,0.840899259851,
    -1.003467982203));
#5876 = CARTESIAN_POINT('',(13.990624436253,0.650052456009,
    -1.130473178539));
#5877 = CARTESIAN_POINT('',(13.978124530442,0.439826581297,
    -1.216841245041));
#5878 = CARTESIAN_POINT('',(13.965624438513,0.219913599485,
    -1.260014196774));
#5879 = CARTESIAN_POINT('',(13.953124422715,3.307579599099E-08,
    -1.260014601853));
#5880 = CARTESIAN_POINT('',(14.59901763677,-1.010512692301E-06,
    -0.92075859965));
#5881 = CARTESIAN_POINT('',(14.586518156153,-0.160716253035,
    -0.920759131652));
#5882 = CARTESIAN_POINT('',(14.574021178444,-0.321395863292,
    -0.889213462706));
#5883 = CARTESIAN_POINT('',(14.561518082431,-0.475023544884,
    -0.826104218107));
#5884 = CARTESIAN_POINT('',(14.549016559206,-0.614491772235,
    -0.733284198502));
#5885 = CARTESIAN_POINT('',(14.536517341401,-0.733290848081,
    -0.614480451098));
#5886 = CARTESIAN_POINT('',(14.524018121381,-0.82609758391,
    -0.475025359769));
#5887 = CARTESIAN_POINT('',(14.511518661328,-0.889206203134,
    -0.321405234702));
#5888 = CARTESIAN_POINT('',(14.486518923584,-0.952314185548,
    -1.321496223119E-06));
#5889 = CARTESIAN_POINT('',(14.461518271778,-0.889205303698,
    0.321407084243));
#5890 = CARTESIAN_POINT('',(14.449017863277,-0.826096578849,
    0.475031147463));
#5891 = CARTESIAN_POINT('',(14.436517836242,-0.733287453394,
    0.614492010087));
#5892 = CARTESIAN_POINT('',(14.424018154526,-0.614488289868,
    0.73329070319));
#5893 = CARTESIAN_POINT('',(14.411518438126,-0.475028609169,
    0.826098092133));
#5894 = CARTESIAN_POINT('',(14.399018456709,-0.321406170919,
    0.889205135939));
#5895 = CARTESIAN_POINT('',(14.374018315082,1.117961194966E-06,
    0.952311786176));
#5896 = CARTESIAN_POINT('',(14.349018173454,0.32140818534,0.889204007821
    ));
#5897 = CARTESIAN_POINT('',(14.336518192037,0.475030356917,
    0.826096616413));
#5898 = CARTESIAN_POINT('',(14.324018475636,0.614490027919,
    0.733289854613));
#5899 = CARTESIAN_POINT('',(14.31151879392,0.733289710815,0.614491357293
    ));
#5900 = CARTESIAN_POINT('',(14.299018766886,0.826098820908,
    0.475029752254));
#5901 = CARTESIAN_POINT('',(14.286518358386,0.88920610772,0.321405140484
    ));
#5902 = CARTESIAN_POINT('',(14.261517706578,0.952312561312,
    -3.51121933962E-06));
#5903 = CARTESIAN_POINT('',(14.236517968834,0.889204501761,
    -0.321407178458));
#5904 = CARTESIAN_POINT('',(14.224018508745,0.826097894028,
    -0.475027053217));
#5905 = CARTESIAN_POINT('',(14.211519288848,0.733289238178,
    -0.614483532819));
#5906 = CARTESIAN_POINT('',(14.199020070887,0.61449731167,
    -0.733289237292));
#5907 = CARTESIAN_POINT('',(14.186518547739,0.475016847229,
    -0.826106853099));
#5908 = CARTESIAN_POINT('',(14.174015451733,0.321393558327,
    -0.889206448654));
#5909 = CARTESIAN_POINT('',(14.16151847401,0.160714154281,
    -0.920759931368));
#5910 = CARTESIAN_POINT('',(14.149018993391,-1.088241363356E-06,
    -0.92076044981));
#5911 = ADVANCED_FACE('',(#5912),#5953,.F.);
#5912 = FACE_BOUND('',#5913,.F.);
#5913 = EDGE_LOOP('',(#5914,#5946,#5947,#5948));
#5914 = ORIENTED_EDGE('',*,*,#5915,.F.);
#5915 = EDGE_CURVE('',#5493,#5916,#5918,.T.);
#5916 = VERTEX_POINT('',#5917);
#5917 = CARTESIAN_POINT('',(13.896874422808,3.307047827466E-08,
    -1.260011356993));
#5918 = B_SPLINE_CURVE_WITH_KNOTS('',8,(#5919,#5920,#5921,#5922,#5923,
    #5924,#5925,#5926,#5927,#5928,#5929,#5930,#5931,#5932,#5933,#5934,
    #5935,#5936,#5937,#5938,#5939,#5940,#5941,#5942,#5943,#5944,#5945),
  .UNSPECIFIED.,.F.,.F.,(9,6,6,6,9),(0.,1.574819783427,3.149639566854,
    4.72445935028,6.299279133707),.UNSPECIFIED.);
#5919 = CARTESIAN_POINT('',(14.346874464058,3.070706355857E-08,
    -1.260010545781));
#5920 = CARTESIAN_POINT('',(14.332811946292,-0.247402117264,
    -1.260010901203));
#5921 = CARTESIAN_POINT('',(14.318749330682,-0.494803695172,
    -1.204508191943));
#5922 = CARTESIAN_POINT('',(14.304687010412,-0.727676423563,
    -1.093451328439));
#5923 = CARTESIAN_POINT('',(14.290624485952,-0.931471878837,
    -0.931470576358));
#5924 = CARTESIAN_POINT('',(14.276561956907,-1.09346028435,
    -0.727670832067));
#5925 = CARTESIAN_POINT('',(14.26249943415,-1.20449382294,
    -0.494805811173));
#5926 = CARTESIAN_POINT('',(14.234374422946,-1.315528219187,
    -2.607668054686E-06));
#5927 = CARTESIAN_POINT('',(14.206249447476,-1.20449415921,
    0.494805076376));
#5928 = CARTESIAN_POINT('',(14.192186962019,-1.093460200136,
    0.727674985656));
#5929 = CARTESIAN_POINT('',(14.178124454773,-0.931474120347,
    0.931476726335));
#5930 = CARTESIAN_POINT('',(14.164061940244,-0.727672869126,
    1.093461434967));
#5931 = CARTESIAN_POINT('',(14.149999438589,-0.4948048683,1.204493541656
    ));
#5932 = CARTESIAN_POINT('',(14.121874443434,-1.655759198484E-08,
    1.315525754742));
#5933 = CARTESIAN_POINT('',(14.093749448278,0.494804797026,
    1.204493371603));
#5934 = CARTESIAN_POINT('',(14.079686946623,0.727672729984,1.0934613109)
  );
#5935 = CARTESIAN_POINT('',(14.065624432094,0.931474192799,
    0.931477337907));
#5936 = CARTESIAN_POINT('',(14.051561924848,1.09346085903,0.727675340398
    ));
#5937 = CARTESIAN_POINT('',(14.037499439392,1.204494267618,
    0.494805180163));
#5938 = CARTESIAN_POINT('',(14.009374463921,1.315527433399,
    -2.555827702478E-06));
#5939 = CARTESIAN_POINT('',(13.981249452717,1.204493468353,
    -0.494805707385));
#5940 = CARTESIAN_POINT('',(13.967186929955,1.093460241793,
    -0.727670789366));
#5941 = CARTESIAN_POINT('',(13.953124400931,0.931475481812,
    -0.931471274511));
#5942 = CARTESIAN_POINT('',(13.939061876435,0.727674576015,
    -1.093454396134));
#5943 = CARTESIAN_POINT('',(13.924999556194,0.494803599366,
    -1.204503767731));
#5944 = CARTESIAN_POINT('',(13.910936940576,0.247402181041,
    -1.260011001107));
#5945 = CARTESIAN_POINT('',(13.896874422808,3.307047946599E-08,
    -1.260011356993));
#5946 = ORIENTED_EDGE('',*,*,#5526,.T.);
#5947 = ORIENTED_EDGE('',*,*,#5816,.T.);
#5948 = ORIENTED_EDGE('',*,*,#5949,.F.);
#5949 = EDGE_CURVE('',#5916,#5817,#5950,.T.);
#5950 = B_SPLINE_CURVE_WITH_KNOTS('',1,(#5951,#5952),.UNSPECIFIED.,.F.,
  .F.,(2,2),(0.,5.625E-02),.PIECEWISE_BEZIER_KNOTS.);
#5951 = CARTESIAN_POINT('',(13.896874422808,3.30704790219E-08,
    -1.260011356993));
#5952 = CARTESIAN_POINT('',(13.953124422715,3.307579587997E-08,
    -1.260014601853));
#5953 = B_SPLINE_SURFACE_WITH_KNOTS('',1,11,(
    (#5954,#5955,#5956,#5957,#5958,#5959,#5960,#5961,#5962,#5963,#5964
      ,#5965,#5966,#5967,#5968,#5969,#5970,#5971,#5972,#5973,#5974)
    ,(#5975,#5976,#5977,#5978,#5979,#5980,#5981,#5982,#5983,#5984,#5985
      ,#5986,#5987,#5988,#5989,#5990,#5991,#5992,#5993,#5994,#5995
  )),.UNSPECIFIED.,.F.,.F.,.F.,(2,2),(12,9,12),(0.,5.625E-02),(0.,
    3.149639566854,6.299279133707),.UNSPECIFIED.);
#5954 = CARTESIAN_POINT('',(14.346874464058,3.070706311448E-08,
    -1.260010545781));
#5955 = CARTESIAN_POINT('',(14.326419892763,-0.359857639069,
    -1.260011062758));
#5956 = CARTESIAN_POINT('',(14.30596512222,-0.719714147989,
    -1.146987157111));
#5957 = CARTESIAN_POINT('',(14.285511230304,-1.040125088104,
    -0.92079712126));
#5958 = CARTESIAN_POINT('',(14.26505617612,-1.281555581747,
    -0.597216157882));
#5959 = CARTESIAN_POINT('',(14.244601401446,-1.411645533059,
    -0.206978978673));
#5960 = CARTESIAN_POINT('',(14.224147382081,-1.411603380841,
    0.206970583023));
#5961 = CARTESIAN_POINT('',(14.20369260456,-1.281587753499,
    0.597193491531));
#5962 = CARTESIAN_POINT('',(14.18323809293,-1.040110812104,
    0.920856956086));
#5963 = CARTESIAN_POINT('',(14.162783527296,-0.719716165761,
    1.146958662191));
#5964 = CARTESIAN_POINT('',(14.121874443433,-6.670833539384E-09,
    1.373060672854));
#5965 = CARTESIAN_POINT('',(14.080965359572,0.719716074713,
    1.146958414842));
#5966 = CARTESIAN_POINT('',(14.060510808997,1.040110882829,
    0.920856180427));
#5967 = CARTESIAN_POINT('',(14.040056223133,1.281584513826,0.5971994758)
  );
#5968 = CARTESIAN_POINT('',(14.019601610485,1.411621152395,
    0.206963654528));
#5969 = CARTESIAN_POINT('',(13.999147379677,1.411613401546,
    -0.206980770817));
#5970 = CARTESIAN_POINT('',(13.978692770013,1.281578586909,
    -0.597200627031));
#5971 = CARTESIAN_POINT('',(13.958237641443,1.040120024493,
    -0.920816646258));
#5972 = CARTESIAN_POINT('',(13.937783764663,0.719713886797,-1.1469781348
    ));
#5973 = CARTESIAN_POINT('',(13.917328994106,0.359857702846,
    -1.260010839341));
#5974 = CARTESIAN_POINT('',(13.896874422808,3.30704790219E-08,
    -1.260011356993));
#5975 = CARTESIAN_POINT('',(14.403124463977,3.071164389468E-08,
    -1.260013558865));
#5976 = CARTESIAN_POINT('',(14.382669892674,-0.359858532504,
    -1.260014221047));
#5977 = CARTESIAN_POINT('',(14.362215122064,-0.719715981322,
    -1.146991289163));
#5978 = CARTESIAN_POINT('',(14.341761230337,-1.040128575969,
    -0.920796678854));
#5979 = CARTESIAN_POINT('',(14.32130617603,-1.28155479341,
    -0.597219583293));
#5980 = CARTESIAN_POINT('',(14.300851401232,-1.411654860363,
    -0.206979704094));
#5981 = CARTESIAN_POINT('',(14.280397382083,-1.411603115885,
    0.20697257513));
#5982 = CARTESIAN_POINT('',(14.259942604455,-1.281592083395,
    0.597193860913));
#5983 = CARTESIAN_POINT('',(14.23948809285,-1.04011320292,0.920859429415
    ));
#5984 = CARTESIAN_POINT('',(14.219033527207,-0.719717957717,
    1.146961550966));
#5985 = CARTESIAN_POINT('',(14.178124443347,1.346316707148E-09,
    1.373064082561));
#5986 = CARTESIAN_POINT('',(14.137215359487,0.719717857234,
    1.146961222542));
#5987 = CARTESIAN_POINT('',(14.11676080891,1.040112988035,0.920858282521
    ));
#5988 = CARTESIAN_POINT('',(14.096306223036,1.281589180444,
    0.597202065178));
#5989 = CARTESIAN_POINT('',(14.075851610364,1.411623729256,
    0.206962702506));
#5990 = CARTESIAN_POINT('',(14.05539737965,1.411615784179,
    -0.206981084535));
#5991 = CARTESIAN_POINT('',(14.034942769982,1.281583109144,
    -0.597200162292));
#5992 = CARTESIAN_POINT('',(14.01448764121,1.040122371429,
    -0.920821662886));
#5993 = CARTESIAN_POINT('',(13.994033764651,0.719715628925,
    -1.146979699448));
#5994 = CARTESIAN_POINT('',(13.973578994021,0.359858596291,
    -1.260013938996));
#5995 = CARTESIAN_POINT('',(13.953124422715,3.307579587997E-08,
    -1.260014601853));
#5996 = ADVANCED_FACE('',(#5997),#6073,.F.);
#5997 = FACE_BOUND('',#5998,.F.);
#5998 = EDGE_LOOP('',(#5999,#6066,#6067,#6068));
#5999 = ORIENTED_EDGE('',*,*,#6000,.F.);
#6000 = EDGE_CURVE('',#5578,#6001,#6003,.T.);
#6001 = VERTEX_POINT('',#6002);
#6002 = CARTESIAN_POINT('',(13.766981361495,-3.553107927244E-07,
    -1.035000000001));
#6003 = B_SPLINE_CURVE_WITH_KNOTS('',7,(#6004,#6005,#6006,#6007,#6008,
    #6009,#6010,#6011,#6012,#6013,#6014,#6015,#6016,#6017,#6018,#6019,
    #6020,#6021,#6022,#6023,#6024,#6025,#6026,#6027,#6028,#6029,#6030,
    #6031,#6032,#6033,#6034,#6035,#6036,#6037,#6038,#6039,#6040,#6041,
    #6042,#6043,#6044,#6045,#6046,#6047,#6048,#6049,#6050,#6051,#6052,
    #6053,#6054,#6055,#6056,#6057,#6058,#6059,#6060,#6061,#6062,#6063,
    #6064,#6065),.UNSPECIFIED.,.F.,.F.,(8,6,6,6,6,6,6,6,6,6,8),(0.,
    3.561996675616E-02,0.134545667155,0.27155132112,0.380925089017,
    0.495162007903,0.6316816671,0.736391761619,0.781965950482,
    0.871647091726,1.),.UNSPECIFIED.);
#6004 = CARTESIAN_POINT('',(14.216980634921,-6.598624813225E-07,
    -1.035000000002));
#6005 = CARTESIAN_POINT('',(14.214691070868,-3.309029546323E-02,
    -1.035000000002));
#6006 = CARTESIAN_POINT('',(14.21240133331,-6.617978939235E-02,
    -1.033765778414));
#6007 = CARTESIAN_POINT('',(14.210111509031,-9.921370361706E-02,
    -1.031297385872));
#6008 = CARTESIAN_POINT('',(14.207821662295,-0.132136930457,
    -1.0275979328));
#6009 = CARTESIAN_POINT('',(14.205531834833,-0.164894692583,
    -1.022673589411));
#6010 = CARTESIAN_POINT('',(14.203242045852,-0.197432543019,
    -1.016533585712));
#6011 = CARTESIAN_POINT('',(14.194593063739,-0.319301198939,
    -0.988795795002));
#6012 = CARTESIAN_POINT('',(14.188233458034,-0.406803182614,
    -0.959117230939));
#6013 = CARTESIAN_POINT('',(14.181874752616,-0.491030565934,
    -0.920417627301));
#6014 = CARTESIAN_POINT('',(14.175516337687,-0.570875658926,
    -0.873144229086));
#6015 = CARTESIAN_POINT('',(14.169157351715,-0.64531110496,
    -0.817905148243));
#6016 = CARTESIAN_POINT('',(14.162797733871,-0.713411975383,
    -0.75545640785));
#6017 = CARTESIAN_POINT('',(14.147631835709,-0.85882553459,
    -0.591475183615));
#6018 = CARTESIAN_POINT('',(14.138821329276,-0.929639311181,
    -0.484099636641));
#6019 = CARTESIAN_POINT('',(14.130013661669,-0.984660028781,
    -0.366975309608));
#6020 = CARTESIAN_POINT('',(14.121207375808,-1.022356461704,
    -0.242927528401));
#6021 = CARTESIAN_POINT('',(14.112399928134,-1.041805421718,
    -0.114993070494));
#6022 = CARTESIAN_POINT('',(14.10358962901,-1.042707393139,
    1.362778431848E-02));
#6023 = CARTESIAN_POINT('',(14.087751922502,-1.011807334406,
    0.240406736462));
#6024 = CARTESIAN_POINT('',(14.080719995997,-0.986557867733,
    0.339524786583));
#6025 = CARTESIAN_POINT('',(14.073688824542,-0.949990059033,
    0.435472607239));
#6026 = CARTESIAN_POINT('',(14.066658145658,-0.902602991959,
    0.526711712961));
#6027 = CARTESIAN_POINT('',(14.059626981866,-0.845141675403,
    0.61180777768));
#6028 = CARTESIAN_POINT('',(14.052595100355,-0.778577652421,
    0.689467877017));
#6029 = CARTESIAN_POINT('',(14.038221177782,-0.626330293631,
    0.830781372333));
#6030 = CARTESIAN_POINT('',(14.030876646207,-0.539900133646,
    0.893684681099));
#6031 = CARTESIAN_POINT('',(14.023533276381,-0.44617698378,
    0.946026600699));
#6032 = CARTESIAN_POINT('',(14.016190608645,-0.346722157502,
    0.986825159052));
#6033 = CARTESIAN_POINT('',(14.008847226935,-0.243241094083,
    1.015380691887));
#6034 = CARTESIAN_POINT('',(14.001502677556,-0.137535031652,
    1.031295714021));
#6035 = CARTESIAN_POINT('',(13.985383709289,9.529781154079E-02,
    1.038376868969));
#6036 = CARTESIAN_POINT('',(13.97660444849,0.22265947486,1.024112604715)
  );
#6037 = CARTESIAN_POINT('',(13.967827725468,0.347424550537,
    0.991606287359));
#6038 = CARTESIAN_POINT('',(13.959052121819,0.466475215499,0.9414815039)
  );
#6039 = CARTESIAN_POINT('',(13.950275476357,0.57691706262,0.87495710384)
  );
#6040 = CARTESIAN_POINT('',(13.941496296644,0.676125473161,
    0.793827243726));
#6041 = CARTESIAN_POINT('',(13.925989766576,0.827784396396,
    0.628854837545));
#6042 = CARTESIAN_POINT('',(13.919258060274,0.885772098894,0.55001781864
    ));
#6043 = CARTESIAN_POINT('',(13.912527076844,0.934947548819,
    0.465000674027));
#6044 = CARTESIAN_POINT('',(13.905796493833,0.974541727271,
    0.374994601405));
#6045 = CARTESIAN_POINT('',(13.899065410865,1.00398404847,0.281296574019
    ));
#6046 = CARTESIAN_POINT('',(13.892333587965,1.022915969059,
    0.185278479425));
#6047 = CARTESIAN_POINT('',(13.882673045127,1.034834888665,
    4.618157175837E-02));
#6048 = CARTESIAN_POINT('',(13.879743434845,1.036436360202,
    3.82731453991E-03));
#6049 = CARTESIAN_POINT('',(13.876813833309,1.036014947351,
    -3.858398634983E-02));
#6050 = CARTESIAN_POINT('',(13.873884243811,1.033569055842,
    -8.093639946294E-02));
#6051 = CARTESIAN_POINT('',(13.870954660265,1.029105372,-0.123114212903)
  );
#6052 = CARTESIAN_POINT('',(13.868025083115,1.022638832126,
    -0.165002453227));
#6053 = CARTESIAN_POINT('',(13.859330754668,0.997572033498,
    -0.288121720919));
#6054 = CARTESIAN_POINT('',(13.853565622198,0.973284201576,
    -0.368201167052));
#6055 = CARTESIAN_POINT('',(13.847800863573,0.94150529653,
    -0.445850697336));
#6056 = CARTESIAN_POINT('',(13.842036388274,0.902536042893,
    -0.520234414677));
#6057 = CARTESIAN_POINT('',(13.836271745335,0.856788369871,
    -0.590565964138));
#6058 = CARTESIAN_POINT('',(13.830506692701,0.80477828526,
    -0.656122176652));
#6059 = CARTESIAN_POINT('',(13.816491199389,0.664610669508,
    -0.802330006002));
#6060 = CARTESIAN_POINT('',(13.808237672964,0.570503375108,
    -0.877336106356));
#6061 = CARTESIAN_POINT('',(13.799985584179,0.46662416113,
    -0.939353408923));
#6062 = CARTESIAN_POINT('',(13.791733900112,0.355156789877,
    -0.986907398502));
#6063 = CARTESIAN_POINT('',(13.783481771649,0.238502059632,
    -1.018974436039));
#6064 = CARTESIAN_POINT('',(13.775231563099,0.119234255367,
    -1.035000000002));
#6065 = CARTESIAN_POINT('',(13.766981365007,-6.598624844312E-07,
    -1.035000000002));
#6066 = ORIENTED_EDGE('',*,*,#5652,.T.);
#6067 = ORIENTED_EDGE('',*,*,#5915,.T.);
#6068 = ORIENTED_EDGE('',*,*,#6069,.F.);
#6069 = EDGE_CURVE('',#6001,#5916,#6070,.T.);
#6070 = B_SPLINE_CURVE_WITH_KNOTS('',1,(#6071,#6072),.UNSPECIFIED.,.F.,
  .F.,(2,2),(0.,0.39175),.PIECEWISE_BEZIER_KNOTS.);
#6071 = CARTESIAN_POINT('',(13.701018994136,-1.088283707595E-06,
    -0.920734606303));
#6072 = CARTESIAN_POINT('',(13.896874422808,3.307047946599E-08,
    -1.260011356993));
#6073 = B_SPLINE_SURFACE_WITH_KNOTS('',1,8,(
    (#6074,#6075,#6076,#6077,#6078,#6079,#6080,#6081,#6082,#6083,#6084
      ,#6085,#6086,#6087,#6088,#6089,#6090,#6091,#6092,#6093,#6094,#6095
      ,#6096,#6097,#6098,#6099,#6100)
    ,(#6101,#6102,#6103,#6104,#6105,#6106,#6107,#6108,#6109,#6110,#6111
      ,#6112,#6113,#6114,#6115,#6116,#6117,#6118,#6119,#6120,#6121,#6122
      ,#6123,#6124,#6125,#6126,#6127
    )),.UNSPECIFIED.,.F.,.F.,.F.,(2,2),(9,6,6,6,9),(0.,0.39175),(0.,
    1.574819783427,3.149639566854,4.72445935028,6.299279133707),
  .UNSPECIFIED.);
#6074 = CARTESIAN_POINT('',(14.151017637413,-1.010549172786E-06,
    -0.920734602107));
#6075 = CARTESIAN_POINT('',(14.136955721762,-0.180800766308,
    -0.920734405535));
#6076 = CARTESIAN_POINT('',(14.122897024371,-0.361554527451,
    -0.880171567156));
#6077 = CARTESIAN_POINT('',(14.108828612492,-0.531736513471,
    -0.799038036382));
#6078 = CARTESIAN_POINT('',(14.094766917586,-0.680668357043,
    -0.680649078401));
#6079 = CARTESIAN_POINT('',(14.080705372545,-0.79902927445,
    -0.531733320206));
#6080 = CARTESIAN_POINT('',(14.066643621101,-0.880166514616,
    -0.361570848686));
#6081 = CARTESIAN_POINT('',(14.038518989619,-0.96130276326,
    -1.659142206875E-06));
#6082 = CARTESIAN_POINT('',(14.010393182824,-0.880166086487,
    0.361573437623));
#6083 = CARTESIAN_POINT('',(13.996330204492,-0.799029154718,
    0.531741082521));
#6084 = CARTESIAN_POINT('',(13.982267942825,-0.680659137606,
    0.680663730656));
#6085 = CARTESIAN_POINT('',(13.968205920684,-0.531737384596,
    0.799030383507));
#6086 = CARTESIAN_POINT('',(13.954143475118,-0.36157228612,
    0.880165845615));
#6087 = CARTESIAN_POINT('',(13.926018315775,1.09573971722E-06,
    0.961301083995));
#6088 = CARTESIAN_POINT('',(13.897893156431,0.361574292426,
    0.880165020409));
#6089 = CARTESIAN_POINT('',(13.883830710865,0.531739205577,
    0.799029170583));
#6090 = CARTESIAN_POINT('',(13.869768688723,0.680660689812,
    0.680662181987));
#6091 = CARTESIAN_POINT('',(13.855706427058,0.79903037041,0.531739262661
    ));
#6092 = CARTESIAN_POINT('',(13.841643448726,0.880166911382,
    0.361571431487));
#6093 = CARTESIAN_POINT('',(13.81351764193,0.961302759197,
    -3.850527215974E-06));
#6094 = CARTESIAN_POINT('',(13.785393010447,0.88016568844,
    -0.361572854821));
#6095 = CARTESIAN_POINT('',(13.771331259004,0.799028061936,
    -0.531735141685));
#6096 = CARTESIAN_POINT('',(13.757269713961,0.680666823805,
    -0.680650633794));
#6097 = CARTESIAN_POINT('',(13.743208019063,0.531734682322,
    -0.799039264564));
#6098 = CARTESIAN_POINT('',(13.729139607177,0.361552520243,
    -0.880172368714));
#6099 = CARTESIAN_POINT('',(13.715080909787,0.180798667475,
    -0.920734818133));
#6100 = CARTESIAN_POINT('',(13.701018994136,-1.088283707595E-06,
    -0.920734606303));
#6101 = CARTESIAN_POINT('',(14.346874464058,3.070706355857E-08,
    -1.260010545781));
#6102 = CARTESIAN_POINT('',(14.332811946292,-0.247402117264,
    -1.260010901203));
#6103 = CARTESIAN_POINT('',(14.318749330682,-0.494803695172,
    -1.204508191943));
#6104 = CARTESIAN_POINT('',(14.304687010412,-0.727676423563,
    -1.093451328439));
#6105 = CARTESIAN_POINT('',(14.290624485952,-0.931471878837,
    -0.931470576358));
#6106 = CARTESIAN_POINT('',(14.276561956907,-1.09346028435,
    -0.727670832067));
#6107 = CARTESIAN_POINT('',(14.26249943415,-1.20449382294,
    -0.494805811173));
#6108 = CARTESIAN_POINT('',(14.234374422946,-1.315528219187,
    -2.607668054686E-06));
#6109 = CARTESIAN_POINT('',(14.206249447476,-1.20449415921,
    0.494805076376));
#6110 = CARTESIAN_POINT('',(14.192186962019,-1.093460200136,
    0.727674985656));
#6111 = CARTESIAN_POINT('',(14.178124454773,-0.931474120347,
    0.931476726335));
#6112 = CARTESIAN_POINT('',(14.164061940244,-0.727672869126,
    1.093461434967));
#6113 = CARTESIAN_POINT('',(14.149999438589,-0.4948048683,1.204493541656
    ));
#6114 = CARTESIAN_POINT('',(14.121874443434,-1.655759198484E-08,
    1.315525754742));
#6115 = CARTESIAN_POINT('',(14.093749448278,0.494804797026,
    1.204493371603));
#6116 = CARTESIAN_POINT('',(14.079686946623,0.727672729984,1.0934613109)
  );
#6117 = CARTESIAN_POINT('',(14.065624432094,0.931474192799,
    0.931477337907));
#6118 = CARTESIAN_POINT('',(14.051561924848,1.09346085903,0.727675340398
    ));
#6119 = CARTESIAN_POINT('',(14.037499439392,1.204494267618,
    0.494805180163));
#6120 = CARTESIAN_POINT('',(14.009374463921,1.315527433399,
    -2.555827702478E-06));
#6121 = CARTESIAN_POINT('',(13.981249452717,1.204493468353,
    -0.494805707385));
#6122 = CARTESIAN_POINT('',(13.967186929955,1.093460241793,
    -0.727670789366));
#6123 = CARTESIAN_POINT('',(13.953124400931,0.931475481812,
    -0.931471274511));
#6124 = CARTESIAN_POINT('',(13.939061876435,0.727674576015,
    -1.093454396134));
#6125 = CARTESIAN_POINT('',(13.924999556194,0.494803599366,
    -1.204503767731));
#6126 = CARTESIAN_POINT('',(13.910936940576,0.247402181041,
    -1.260011001107));
#6127 = CARTESIAN_POINT('',(13.896874422808,3.307047946599E-08,
    -1.260011356993));
#6128 = ADVANCED_FACE('',(#6129),#6218,.F.);
#6129 = FACE_BOUND('',#6130,.T.);
#6130 = EDGE_LOOP('',(#6131,#6132,#6133,#6212));
#6131 = ORIENTED_EDGE('',*,*,#6000,.F.);
#6132 = ORIENTED_EDGE('',*,*,#5802,.T.);
#6133 = ORIENTED_EDGE('',*,*,#6134,.T.);
#6134 = EDGE_CURVE('',#5718,#6135,#6137,.T.);
#6135 = VERTEX_POINT('',#6136);
#6136 = CARTESIAN_POINT('',(13.633055768577,-3.807078100358E-07,
    -1.035000000001));
#6137 = B_SPLINE_CURVE_WITH_KNOTS('',7,(#6138,#6139,#6140,#6141,#6142,
    #6143,#6144,#6145,#6146,#6147,#6148,#6149,#6150,#6151,#6152,#6153,
    #6154,#6155,#6156,#6157,#6158,#6159,#6160,#6161,#6162,#6163,#6164,
    #6165,#6166,#6167,#6168,#6169,#6170,#6171,#6172,#6173,#6174,#6175,
    #6176,#6177,#6178,#6179,#6180,#6181,#6182,#6183,#6184,#6185,#6186,
    #6187,#6188,#6189,#6190,#6191,#6192,#6193,#6194,#6195,#6196,#6197,
    #6198,#6199,#6200,#6201,#6202,#6203,#6204,#6205,#6206,#6207,#6208,
    #6209,#6210,#6211),.UNSPECIFIED.,.F.,.F.,(8,6,6,6,6,6,6,6,6,6,6,6,8)
  ,(0.,3.800265953526E-02,0.135395429451,0.292640963801,0.388094918252,
    0.497548180955,0.634493568899,0.750032070074,0.811357803439,
    0.874247056685,0.895784298543,0.958444736924,1.),.UNSPECIFIED.);
#6138 = CARTESIAN_POINT('',(14.083053971285,-7.106519757105E-07,
    -1.035000000002));
#6139 = CARTESIAN_POINT('',(14.080611311237,-3.530373680361E-02,
    -1.035000000002));
#6140 = CARTESIAN_POINT('',(14.078168932137,-7.060665277407E-02,
    -1.033595136417));
#6141 = CARTESIAN_POINT('',(14.075726644754,-0.105842074349,
    -1.03078547408));
#6142 = CARTESIAN_POINT('',(14.073284315064,-0.140943078893,
    -1.026575040157));
#6143 = CARTESIAN_POINT('',(14.070841864249,-0.175843205352,
    -1.020971824148));
#6144 = CARTESIAN_POINT('',(14.068399268696,-0.210476454252,
    -1.013987777889));
#6145 = CARTESIAN_POINT('',(14.059696414816,-0.332683061154,
    -0.984242192826));
#6146 = CARTESIAN_POINT('',(14.053434792984,-0.418415746445,
    -0.953878575365));
#6147 = CARTESIAN_POINT('',(14.047172903414,-0.500861656021,
    -0.91481576302));
#6148 = CARTESIAN_POINT('',(14.040911409295,-0.578969490268,
    -0.867493425901));
#6149 = CARTESIAN_POINT('',(14.034650146964,-0.651765155744,
    -0.812501584376));
#6150 = CARTESIAN_POINT('',(14.028388767794,-0.718372050664,
    -0.750568439698));
#6151 = CARTESIAN_POINT('',(14.012020467466,-0.874368590202,
    -0.572750555496));
#6152 = CARTESIAN_POINT('',(14.001906474806,-0.952685434444,
    -0.44700741414));
#6153 = CARTESIAN_POINT('',(13.991798351753,-1.009688258927,
    -0.308999418209));
#6154 = CARTESIAN_POINT('',(13.981691425096,-1.043234955782,
    -0.163132993215));
#6155 = CARTESIAN_POINT('',(13.971581989822,-1.052248551535,
    -1.408769572281E-02));
#6156 = CARTESIAN_POINT('',(13.961466948351,-1.036731467951,
    0.13323564497));
#6157 = CARTESIAN_POINT('',(13.945222992025,-0.974565122822,
    0.359599672899));
#6158 = CARTESIAN_POINT('',(13.93908653961,-0.942533822324,
    0.442766661215));
#6159 = CARTESIAN_POINT('',(13.93295058933,-0.902236597107,
    0.522554064849));
#6160 = CARTESIAN_POINT('',(13.926814958012,-0.854112984952,
    0.597983721962));
#6161 = CARTESIAN_POINT('',(13.920679055456,-0.798739360163,
    0.668152281964));
#6162 = CARTESIAN_POINT('',(13.914542676868,-0.736817538207,
    0.732249021489));
#6163 = CARTESIAN_POINT('',(13.901371035329,-0.591605203857,
    0.855317013237));
#6164 = CARTESIAN_POINT('',(13.89433406459,-0.506491576834,
    0.912175674679));
#6165 = CARTESIAN_POINT('',(13.887297822403,-0.415072854759,
    0.959094325737));
#6166 = CARTESIAN_POINT('',(13.880262037956,-0.318751808528,
    0.995261067071));
#6167 = CARTESIAN_POINT('',(13.87322573433,-0.219044812144,
    1.020106481804));
#6168 = CARTESIAN_POINT('',(13.866188695009,-0.117542426553,
    1.03331847264));
#6169 = CARTESIAN_POINT('',(13.850349872755,0.111322535923,
    1.036829725117));
#6170 = CARTESIAN_POINT('',(13.841543595539,0.238852576296,
    1.020541611997));
#6171 = CARTESIAN_POINT('',(13.832740329222,0.363483524413,
    0.985938553667));
#6172 = CARTESIAN_POINT('',(13.823938463641,0.482078176067,
    0.933699857578));
#6173 = CARTESIAN_POINT('',(13.815135257724,0.591735476598,
    0.865103604247));
#6174 = CARTESIAN_POINT('',(13.806329014754,0.689836802491,
    0.782005656281));
#6175 = CARTESIAN_POINT('',(13.790099080111,0.845483204804,
    0.606548828789));
#6176 = CARTESIAN_POINT('',(13.782670523453,0.907008771091,
    0.517625066464));
#6177 = CARTESIAN_POINT('',(13.775242927407,0.9575508376,0.421502547728)
  );
#6178 = CARTESIAN_POINT('',(13.767815975937,0.996133548732,
    0.319821740826));
#6179 = CARTESIAN_POINT('',(13.76038838834,1.022080058139,0.214366274324
    ));
#6180 = CARTESIAN_POINT('',(13.752959838913,1.035032222334,
    0.107011168813));
#6181 = CARTESIAN_POINT('',(13.741590764226,1.034981734312,
    -5.72864479785E-02));
#6182 = CARTESIAN_POINT('',(13.73764863251,1.03130591589,-0.114254579125
    ));
#6183 = CARTESIAN_POINT('',(13.733706576272,1.02397187741,
    -0.170938983633));
#6184 = CARTESIAN_POINT('',(13.72976456774,1.013007010306,
    -0.227058017876));
#6185 = CARTESIAN_POINT('',(13.72582253484,0.998465557066,
    -0.282334119209));
#6186 = CARTESIAN_POINT('',(13.721880449925,0.980428163053,
    -0.33649606931));
#6187 = CARTESIAN_POINT('',(13.713895883682,0.937028411896,
    -0.443412221548));
#6188 = CARTESIAN_POINT('',(13.709853269576,0.911490292237,
    -0.49609711958));
#6189 = CARTESIAN_POINT('',(13.705810691699,0.882502064537,
    -0.547052654388));
#6190 = CARTESIAN_POINT('',(13.701768129393,0.850205924706,
    -0.596008766461));
#6191 = CARTESIAN_POINT('',(13.697725519357,0.814769837215,
    -0.642710817399));
#6192 = CARTESIAN_POINT('',(13.693682849168,0.776386102937,
    -0.68692177332));
#6193 = CARTESIAN_POINT('',(13.688255810479,0.721189158338,
    -0.742637497978));
#6194 = CARTESIAN_POINT('',(13.686871370035,0.706787838654,
    -0.756533069187));
#6195 = CARTESIAN_POINT('',(13.685486930071,0.692074580076,
    -0.770102409404));
#6196 = CARTESIAN_POINT('',(13.684102491089,0.677058267611,
    -0.783337136489));
#6197 = CARTESIAN_POINT('',(13.682718053498,0.661748059134,
    -0.796229178658));
#6198 = CARTESIAN_POINT('',(13.681333617614,0.646153385392,
    -0.808770774482));
#6199 = CARTESIAN_POINT('',(13.675921312351,0.584113424304,
    -0.856401717625));
#6200 = CARTESIAN_POINT('',(13.671893385938,0.53561626749,
    -0.888820112904));
#6201 = CARTESIAN_POINT('',(13.66786553725,0.485032391909,-0.91802544848
    ));
#6202 = CARTESIAN_POINT('',(13.663837737355,0.432618286082,
    -0.943858358584));
#6203 = CARTESIAN_POINT('',(13.659809900041,0.378644662799,
    -0.966185458573));
#6204 = CARTESIAN_POINT('',(13.65578198631,0.323394107213,
    -0.984900481588));
#6205 = CARTESIAN_POINT('',(13.649082893806,0.229864442214,
    -1.009889677914));
#6206 = CARTESIAN_POINT('',(13.64641166692,0.192136319408,
    -1.018231182628));
#6207 = CARTESIAN_POINT('',(13.643740420408,0.154059671684,
    -1.024927205294));
#6208 = CARTESIAN_POINT('',(13.641069166184,0.115720532905,
    -1.029960679158));
#6209 = CARTESIAN_POINT('',(13.638397935876,7.720565563256E-02,
    -1.033320194775));
#6210 = CARTESIAN_POINT('',(13.635726780826,3.860251112745E-02,
    -1.035000000002));
#6211 = CARTESIAN_POINT('',(13.633055772089,-7.106519748223E-07,
    -1.035000000002));
#6212 = ORIENTED_EDGE('',*,*,#6213,.F.);
#6213 = EDGE_CURVE('',#6001,#6135,#6214,.T.);
#6214 = LINE('',#6215,#6216);
#6215 = CARTESIAN_POINT('',(20.,0.,-1.035));
#6216 = VECTOR('',#6217,1.);
#6217 = DIRECTION('',(-1.,0.,6.661338147751E-17));
#6218 = CYLINDRICAL_SURFACE('',#6219,1.035);
#6219 = AXIS2_PLACEMENT_3D('',#6220,#6221,#6222);
#6220 = CARTESIAN_POINT('',(20.,0.,0.));
#6221 = DIRECTION('',(-1.,-0.,-0.));
#6222 = DIRECTION('',(0.,0.,-1.));
#6223 = ADVANCED_FACE('',(#6224),#6259,.F.);
#6224 = FACE_BOUND('',#6225,.F.);
#6225 = EDGE_LOOP('',(#6226,#6252,#6253,#6254));
#6226 = ORIENTED_EDGE('',*,*,#6227,.F.);
#6227 = EDGE_CURVE('',#5817,#6228,#6230,.T.);
#6228 = VERTEX_POINT('',#6229);
#6229 = CARTESIAN_POINT('',(13.503124381448,3.544020994505E-08,
    -1.260015644842));
#6230 = B_SPLINE_CURVE_WITH_KNOTS('',11,(#6231,#6232,#6233,#6234,#6235,
    #6236,#6237,#6238,#6239,#6240,#6241,#6242,#6243,#6244,#6245,#6246,
    #6247,#6248,#6249,#6250,#6251),.UNSPECIFIED.,.F.,.F.,(12,9,12),(0.,
    3.149639566854,6.299279133707),.UNSPECIFIED.);
#6231 = CARTESIAN_POINT('',(13.953124422715,3.307579476974E-08,
    -1.260014601853));
#6232 = CARTESIAN_POINT('',(13.932669851409,-0.359858827952,
    -1.260015264711));
#6233 = CARTESIAN_POINT('',(13.912215080775,-0.719716575079,
    -1.146992239961));
#6234 = CARTESIAN_POINT('',(13.891761189116,-1.040129435108,
    -0.920797442853));
#6235 = CARTESIAN_POINT('',(13.871306134755,-1.281555853025,
    -0.597220080407));
#6236 = CARTESIAN_POINT('',(13.850851359935,-1.411656028733,
    -0.206979877672));
#6237 = CARTESIAN_POINT('',(13.830397340839,-1.411604284482,
    0.206972743567));
#6238 = CARTESIAN_POINT('',(13.809942563189,-1.281593145512,0.5971943529
    ));
#6239 = CARTESIAN_POINT('',(13.789488051586,-1.04011406558,0.92086018971
    ));
#6240 = CARTESIAN_POINT('',(13.769033485941,-0.719718555614,
    1.146962499026));
#6241 = CARTESIAN_POINT('',(13.728124402082,-1.230025673913E-09,
    1.373065219128));
#6242 = CARTESIAN_POINT('',(13.687215318223,0.719718450827,
    1.146962173303));
#6243 = CARTESIAN_POINT('',(13.666760767644,1.040113847275,
    0.920859046769));
#6244 = CARTESIAN_POINT('',(13.646306181769,1.281590240184,0.59720256178
    ));
#6245 = CARTESIAN_POINT('',(13.625851569085,1.411624897317,
    0.206962876586));
#6246 = CARTESIAN_POINT('',(13.60539733841,1.411616953088,
    -0.206981253159));
#6247 = CARTESIAN_POINT('',(13.58494272873,1.281584171134,
    -0.597200654406));
#6248 = CARTESIAN_POINT('',(13.5644875999,1.040123233989,-0.920822423028
    ));
#6249 = CARTESIAN_POINT('',(13.54403372341,0.719716226986,
    -1.146980647546));
#6250 = CARTESIAN_POINT('',(13.523578952757,0.359858896468,
    -1.260014981309));
#6251 = CARTESIAN_POINT('',(13.503124381448,3.544022852964E-08,
    -1.260015644842));
#6252 = ORIENTED_EDGE('',*,*,#5844,.T.);
#6253 = ORIENTED_EDGE('',*,*,#6134,.T.);
#6254 = ORIENTED_EDGE('',*,*,#6255,.F.);
#6255 = EDGE_CURVE('',#6228,#6135,#6256,.T.);
#6256 = B_SPLINE_CURVE_WITH_KNOTS('',1,(#6257,#6258),.UNSPECIFIED.,.F.,
  .F.,(2,2),(0.,0.39175),.PIECEWISE_BEZIER_KNOTS.);
#6257 = CARTESIAN_POINT('',(13.503124381448,3.544022841862E-08,
    -1.260015644842));
#6258 = CARTESIAN_POINT('',(13.699020350005,-1.165969620964E-06,
    -0.920762299978));
#6259 = B_SPLINE_SURFACE_WITH_KNOTS('',1,9,(
    (#6260,#6261,#6262,#6263,#6264,#6265,#6266,#6267,#6268,#6269,#6270
      ,#6271,#6272,#6273,#6274,#6275,#6276,#6277,#6278,#6279,#6280,#6281
      ,#6282,#6283,#6284,#6285,#6286,#6287,#6288,#6289,#6290)
    ,(#6291,#6292,#6293,#6294,#6295,#6296,#6297,#6298,#6299,#6300,#6301
      ,#6302,#6303,#6304,#6305,#6306,#6307,#6308,#6309,#6310,#6311,#6312
      ,#6313,#6314,#6315,#6316,#6317,#6318,#6319,#6320,#6321
  )),.UNSPECIFIED.,.F.,.F.,.F.,(2,2),(10,7,7,7,10),(0.,0.39175),(0.,
    1.574819783427,3.149639566854,4.72445935028,6.299279133707),
  .UNSPECIFIED.);
#6260 = CARTESIAN_POINT('',(13.953124422715,3.307579488077E-08,
    -1.260014601853));
#6261 = CARTESIAN_POINT('',(13.940624406917,-0.21991371533,
    -1.260015006933));
#6262 = CARTESIAN_POINT('',(13.928124314986,-0.439827038288,
    -1.21684664244));
#6263 = CARTESIAN_POINT('',(13.915624409152,-0.650054519779,
    -1.130473940922));
#6264 = CARTESIAN_POINT('',(13.903124455493,-0.84089874188,
    -1.003465089546));
#6265 = CARTESIAN_POINT('',(13.890624431705,-1.003469769476,
    -0.840895638465));
#6266 = CARTESIAN_POINT('',(13.878124407971,-1.130475231357,
    -0.650051313748));
#6267 = CARTESIAN_POINT('',(13.865624391549,-1.216835066921,
    -0.439829141235));
#6268 = CARTESIAN_POINT('',(13.840624383572,-1.303195499398,
    -2.360005592489E-06));
#6269 = CARTESIAN_POINT('',(13.815624403399,-1.216835302329,
    0.439827893604));
#6270 = CARTESIAN_POINT('',(13.803124415826,-1.130475191489,
    0.650053802218));
#6271 = CARTESIAN_POINT('',(13.790624416647,-1.003471204048,
    0.840900893478));
#6272 = CARTESIAN_POINT('',(13.778124406966,-0.840898568432,
    1.003473216559));
#6273 = CARTESIAN_POINT('',(13.765624398339,-0.650052365106,
    1.130475903651));
#6274 = CARTESIAN_POINT('',(13.753124397774,-0.439828010773,
    1.216834507162));
#6275 = CARTESIAN_POINT('',(13.728124402082,-1.704106366355E-08,
    1.303193147656));
#6276 = CARTESIAN_POINT('',(13.70312440639,0.439827937608,1.216834308109
    ));
#6277 = CARTESIAN_POINT('',(13.690624405825,0.650052227392,
    1.130475717472));
#6278 = CARTESIAN_POINT('',(13.678124397198,0.840898551412,
    1.003473573503));
#6279 = CARTESIAN_POINT('',(13.665624387516,1.003471641309,
    0.840901522287));
#6280 = CARTESIAN_POINT('',(13.653124388338,1.130475809673,
    0.650054138665));
#6281 = CARTESIAN_POINT('',(13.640624400765,1.216835318676,
    0.439828006603));
#6282 = CARTESIAN_POINT('',(13.615624420592,1.30319458377,
    -2.299878487468E-06));
#6283 = CARTESIAN_POINT('',(13.590624412614,1.216834544716,
    -0.439829028236));
#6284 = CARTESIAN_POINT('',(13.578124396198,1.13047492272,
    -0.650051812954));
#6285 = CARTESIAN_POINT('',(13.565624372441,1.003472600894,
    -0.840894662424));
#6286 = CARTESIAN_POINT('',(13.553124348697,0.840899957774,
    -1.003468811256));
#6287 = CARTESIAN_POINT('',(13.540624394988,0.650052996246,
    -1.130474113051));
#6288 = CARTESIAN_POINT('',(13.528124489187,0.439826947682,
    -1.216842251477));
#6289 = CARTESIAN_POINT('',(13.515624397248,0.219913783846,
    -1.260015239349));
#6290 = CARTESIAN_POINT('',(13.503124381448,3.544022841862E-08,
    -1.260015644842));
#6291 = CARTESIAN_POINT('',(14.149018993391,-1.088241364466E-06,
    -0.92076044981));
#6292 = CARTESIAN_POINT('',(14.136519512772,-0.160716653609,
    -0.920760968252));
#6293 = CARTESIAN_POINT('',(14.124022535046,-0.321396584241,
    -0.88921522237));
#6294 = CARTESIAN_POINT('',(14.11151943905,-0.475024569182,
    -0.826105837908));
#6295 = CARTESIAN_POINT('',(14.099017915834,-0.614493068867,
    -0.733285620072));
#6296 = CARTESIAN_POINT('',(14.086518698024,-0.733292373395,
    -0.614481623966));
#6297 = CARTESIAN_POINT('',(14.074019477999,-0.826099283968,
    -0.475026244547));
#6298 = CARTESIAN_POINT('',(14.061520017943,-0.889208017028,
    -0.321405805468));
#6299 = CARTESIAN_POINT('',(14.036520280199,-0.952316099118,
    -1.241103468182E-06));
#6300 = CARTESIAN_POINT('',(14.011519628396,-0.889207063326,
    0.321407805133));
#6301 = CARTESIAN_POINT('',(13.999019219898,-0.826098198701,
    0.475032171708));
#6302 = CARTESIAN_POINT('',(13.986519192862,-0.733288874988,
    0.614493306735));
#6303 = CARTESIAN_POINT('',(13.974019511145,-0.614489462711,
    0.733292228533));
#6304 = CARTESIAN_POINT('',(13.961519794743,-0.475029493936,
    0.826099792191));
#6305 = CARTESIAN_POINT('',(13.949019813326,-0.321406741674,
    0.889206949833));
#6306 = CARTESIAN_POINT('',(13.924019671699,1.198353480926E-06,
    0.952313699742));
#6307 = CARTESIAN_POINT('',(13.899019530072,0.321408906224,0.88920576745
    ));
#6308 = CARTESIAN_POINT('',(13.886519548655,0.475031381159,0.82609823627
    ));
#6309 = CARTESIAN_POINT('',(13.874019832253,0.614491324568,0.73329127621
    ));
#6310 = CARTESIAN_POINT('',(13.861520150535,0.733291236159,
    0.614492530138));
#6311 = CARTESIAN_POINT('',(13.849020123501,0.826100520964,
    0.475030637026));
#6312 = CARTESIAN_POINT('',(13.836519715004,0.889207921613,
    0.321405711245));
#6313 = CARTESIAN_POINT('',(13.811519063199,0.952314474878,
    -3.591611153397E-06));
#6314 = CARTESIAN_POINT('',(13.786519325453,0.889206261387,
    -0.321407899354));
#6315 = CARTESIAN_POINT('',(13.774019865361,0.826099513875,
    -0.475028077476));
#6316 = CARTESIAN_POINT('',(13.76152064546,0.733290659777,
    -0.614484829482));
#6317 = CARTESIAN_POINT('',(13.749021427495,0.614498484485,
    -0.733290762633));
#6318 = CARTESIAN_POINT('',(13.736519904355,0.475017732055,
    -0.826108553105));
#6319 = CARTESIAN_POINT('',(13.724016808366,0.321394129143,
    -0.889208262564));
#6320 = CARTESIAN_POINT('',(13.711519830626,0.160714399397,
    -0.920761795096));
#6321 = CARTESIAN_POINT('',(13.699020350005,-1.165969620964E-06,
    -0.920762299978));
#6322 = ADVANCED_FACE('',(#6323),#6364,.F.);
#6323 = FACE_BOUND('',#6324,.F.);
#6324 = EDGE_LOOP('',(#6325,#6357,#6358,#6359));
#6325 = ORIENTED_EDGE('',*,*,#6326,.F.);
#6326 = EDGE_CURVE('',#5916,#6327,#6329,.T.);
#6327 = VERTEX_POINT('',#6328);
#6328 = CARTESIAN_POINT('',(13.446874381555,3.543409918125E-08,
    -1.260012168206));
#6329 = B_SPLINE_CURVE_WITH_KNOTS('',8,(#6330,#6331,#6332,#6333,#6334,
    #6335,#6336,#6337,#6338,#6339,#6340,#6341,#6342,#6343,#6344,#6345,
    #6346,#6347,#6348,#6349,#6350,#6351,#6352,#6353,#6354,#6355,#6356),
  .UNSPECIFIED.,.F.,.F.,(9,6,6,6,9),(0.,1.574819783427,3.149639566854,
    4.72445935028,6.299279133707),.UNSPECIFIED.);
#6330 = CARTESIAN_POINT('',(13.896874422808,3.307047857781E-08,
    -1.260011356993));
#6331 = CARTESIAN_POINT('',(13.882811905041,-0.247402274147,
    -1.260011712879));
#6332 = CARTESIAN_POINT('',(13.868749289422,-0.494804011515,
    -1.204508968356));
#6333 = CARTESIAN_POINT('',(13.854686969166,-0.727676890006,
    -1.093452033752));
#6334 = CARTESIAN_POINT('',(13.840624444705,-0.931472476769,
    -0.93147117782));
#6335 = CARTESIAN_POINT('',(13.826561915656,-1.093460986973,
    -0.727671302604));
#6336 = CARTESIAN_POINT('',(13.812499392898,-1.204494597482,
    -0.494806131996));
#6337 = CARTESIAN_POINT('',(13.784374381693,-1.315529066142,
    -2.610135261733E-06));
#6338 = CARTESIAN_POINT('',(13.756249406225,-1.204494935608,
    0.494805392677));
#6339 = CARTESIAN_POINT('',(13.742186920769,-1.093460905488,
    0.727675452087));
#6340 = CARTESIAN_POINT('',(13.728124413522,-0.931474721793,
    0.931477324286));
#6341 = CARTESIAN_POINT('',(13.714061898993,-0.727673339658,
    1.09346213759));
#6342 = CARTESIAN_POINT('',(13.699999397337,-0.494805189118,
    1.204494316199));
#6343 = CARTESIAN_POINT('',(13.671874402182,-1.902520965122E-08,
    1.315526601696));
#6344 = CARTESIAN_POINT('',(13.643749407027,0.494805113324,
    1.204494148002));
#6345 = CARTESIAN_POINT('',(13.629686905372,0.727673196414,
    1.093462016253));
#6346 = CARTESIAN_POINT('',(13.615624390842,0.931474790751,
    0.931477939353));
#6347 = CARTESIAN_POINT('',(13.601561883595,1.093461561652,
    0.727675810931));
#6348 = CARTESIAN_POINT('',(13.58749939814,1.20449504216,0.494805500983)
  );
#6349 = CARTESIAN_POINT('',(13.559374422671,1.315528280354,
    -2.553359667165E-06));
#6350 = CARTESIAN_POINT('',(13.531249411466,1.204494244751,
    -0.494806023689));
#6351 = CARTESIAN_POINT('',(13.517186888703,1.093460947147,
    -0.727671255801));
#6352 = CARTESIAN_POINT('',(13.503124359677,0.931476083238,
    -0.931471872479));
#6353 = CARTESIAN_POINT('',(13.489061835178,0.72767504656,
    -1.093455098716));
#6354 = CARTESIAN_POINT('',(13.474999514951,0.494803920227,
    -1.204504542289));
#6355 = CARTESIAN_POINT('',(13.460936899324,0.247402342652,
    -1.260011811856));
#6356 = CARTESIAN_POINT('',(13.446874381555,3.543411752904E-08,
    -1.260012168206));
#6357 = ORIENTED_EDGE('',*,*,#5949,.T.);
#6358 = ORIENTED_EDGE('',*,*,#6227,.T.);
#6359 = ORIENTED_EDGE('',*,*,#6360,.F.);
#6360 = EDGE_CURVE('',#6327,#6228,#6361,.T.);
#6361 = B_SPLINE_CURVE_WITH_KNOTS('',1,(#6362,#6363),.UNSPECIFIED.,.F.,
  .F.,(2,2),(0.,5.625E-02),.PIECEWISE_BEZIER_KNOTS.);
#6362 = CARTESIAN_POINT('',(13.446874381555,3.543411764007E-08,
    -1.260012168206));
#6363 = CARTESIAN_POINT('',(13.503124381448,3.544022852964E-08,
    -1.260015644842));
#6364 = B_SPLINE_SURFACE_WITH_KNOTS('',1,11,(
    (#6365,#6366,#6367,#6368,#6369,#6370,#6371,#6372,#6373,#6374,#6375
      ,#6376,#6377,#6378,#6379,#6380,#6381,#6382,#6383,#6384,#6385)
    ,(#6386,#6387,#6388,#6389,#6390,#6391,#6392,#6393,#6394,#6395,#6396
      ,#6397,#6398,#6399,#6400,#6401,#6402,#6403,#6404,#6405,#6406
  )),.UNSPECIFIED.,.F.,.F.,.F.,(2,2),(12,9,12),(0.,5.625E-02),(0.,
    3.149639566854,6.299279133707),.UNSPECIFIED.);
#6365 = CARTESIAN_POINT('',(13.896874422808,3.307047813372E-08,
    -1.260011356993));
#6366 = CARTESIAN_POINT('',(13.876419851511,-0.359857868337,
    -1.260011874646));
#6367 = CARTESIAN_POINT('',(13.855965080949,-0.719714609322,
    -1.146987896919));
#6368 = CARTESIAN_POINT('',(13.835511189087,-1.040125755939,
    -0.920797715915));
#6369 = CARTESIAN_POINT('',(13.815056134861,-1.281556405642,
    -0.597216545059));
#6370 = CARTESIAN_POINT('',(13.79460136017,-1.411646441705,
    -0.206979114265));
#6371 = CARTESIAN_POINT('',(13.774147340847,-1.411604289835,
    0.206970713441));
#6372 = CARTESIAN_POINT('',(13.753692563306,-1.281588579838,
    0.597193873654));
#6373 = CARTESIAN_POINT('',(13.73323805168,-1.040111483445,
    0.920857546993));
#6374 = CARTESIAN_POINT('',(13.712783486044,-0.71971663127,
    1.146959399271));
#6375 = CARTESIAN_POINT('',(13.671874402182,-9.246365932607E-09,
    1.37306155685));
#6376 = CARTESIAN_POINT('',(13.630965318321,0.719716535919,
    1.146959154622));
#6377 = CARTESIAN_POINT('',(13.610510767746,1.040111550743,
    0.920856775275));
#6378 = CARTESIAN_POINT('',(13.590056181878,1.28158533782,0.59719986258)
  );
#6379 = CARTESIAN_POINT('',(13.569601569226,1.411622060799,
    0.206963790512));
#6380 = CARTESIAN_POINT('',(13.549147338442,1.411614310784,
    -0.206980901382));
#6381 = CARTESIAN_POINT('',(13.528692728773,1.281579413148,
    -0.597201009252));
#6382 = CARTESIAN_POINT('',(13.508237600156,1.040120695757,
    -0.920817237046));
#6383 = CARTESIAN_POINT('',(13.48778372343,0.719714352433,-1.14697887191
    ));
#6384 = CARTESIAN_POINT('',(13.467328952855,0.359857936841,
    -1.260011649878));
#6385 = CARTESIAN_POINT('',(13.446874381555,3.543411764007E-08,
    -1.260012168206));
#6386 = CARTESIAN_POINT('',(13.953124422715,3.307579476974E-08,
    -1.260014601853));
#6387 = CARTESIAN_POINT('',(13.932669851409,-0.359858827952,
    -1.260015264711));
#6388 = CARTESIAN_POINT('',(13.912215080775,-0.719716575079,
    -1.146992239961));
#6389 = CARTESIAN_POINT('',(13.891761189116,-1.040129435108,
    -0.920797442853));
#6390 = CARTESIAN_POINT('',(13.871306134755,-1.281555853025,
    -0.597220080407));
#6391 = CARTESIAN_POINT('',(13.850851359935,-1.411656028733,
    -0.206979877672));
#6392 = CARTESIAN_POINT('',(13.830397340839,-1.411604284482,
    0.206972743567));
#6393 = CARTESIAN_POINT('',(13.809942563189,-1.281593145512,0.5971943529
    ));
#6394 = CARTESIAN_POINT('',(13.789488051586,-1.04011406558,0.92086018971
    ));
#6395 = CARTESIAN_POINT('',(13.769033485941,-0.719718555614,
    1.146962499026));
#6396 = CARTESIAN_POINT('',(13.728124402082,-1.230025673913E-09,
    1.373065219128));
#6397 = CARTESIAN_POINT('',(13.687215318223,0.719718450827,
    1.146962173303));
#6398 = CARTESIAN_POINT('',(13.666760767644,1.040113847275,
    0.920859046769));
#6399 = CARTESIAN_POINT('',(13.646306181769,1.281590240184,0.59720256178
    ));
#6400 = CARTESIAN_POINT('',(13.625851569085,1.411624897317,
    0.206962876586));
#6401 = CARTESIAN_POINT('',(13.60539733841,1.411616953088,
    -0.206981253159));
#6402 = CARTESIAN_POINT('',(13.58494272873,1.281584171134,
    -0.597200654406));
#6403 = CARTESIAN_POINT('',(13.5644875999,1.040123233989,-0.920822423028
    ));
#6404 = CARTESIAN_POINT('',(13.54403372341,0.719716226986,
    -1.146980647546));
#6405 = CARTESIAN_POINT('',(13.523578952757,0.359858896468,
    -1.260014981309));
#6406 = CARTESIAN_POINT('',(13.503124381448,3.544022852964E-08,
    -1.260015644842));
#6407 = ADVANCED_FACE('',(#6408),#6502,.F.);
#6408 = FACE_BOUND('',#6409,.F.);
#6409 = EDGE_LOOP('',(#6410,#6495,#6496,#6497));
#6410 = ORIENTED_EDGE('',*,*,#6411,.F.);
#6411 = EDGE_CURVE('',#6001,#6412,#6414,.T.);
#6412 = VERTEX_POINT('',#6413);
#6413 = CARTESIAN_POINT('',(13.31698208807,-3.806903882249E-07,
    -1.035000000001));
#6414 = B_SPLINE_CURVE_WITH_KNOTS('',7,(#6415,#6416,#6417,#6418,#6419,
    #6420,#6421,#6422,#6423,#6424,#6425,#6426,#6427,#6428,#6429,#6430,
    #6431,#6432,#6433,#6434,#6435,#6436,#6437,#6438,#6439,#6440,#6441,
    #6442,#6443,#6444,#6445,#6446,#6447,#6448,#6449,#6450,#6451,#6452,
    #6453,#6454,#6455,#6456,#6457,#6458,#6459,#6460,#6461,#6462,#6463,
    #6464,#6465,#6466,#6467,#6468,#6469,#6470,#6471,#6472,#6473,#6474,
    #6475,#6476,#6477,#6478,#6479,#6480,#6481,#6482,#6483,#6484,#6485,
    #6486,#6487,#6488,#6489,#6490,#6491,#6492,#6493,#6494),
  .UNSPECIFIED.,.F.,.F.,(8,6,6,6,6,6,6,6,6,6,6,6,6,8),(0.,
    3.556690315103E-02,0.106128030654,0.135853116319,0.164710918119,
    0.221714463465,0.382555570114,0.494556970246,0.63147904005,
    0.735822862907,0.782209422808,0.871196580069,0.955638156079,1.),
  .UNSPECIFIED.);
#6415 = CARTESIAN_POINT('',(13.766981361495,-7.106215866859E-07,
    -1.035000000002));
#6416 = CARTESIAN_POINT('',(13.764695210227,-3.304103690876E-02,
    -1.035000000002));
#6417 = CARTESIAN_POINT('',(13.762408885943,-6.608122161534E-02,
    -1.033769454121));
#6418 = CARTESIAN_POINT('',(13.760122475082,-9.906607483916E-02,
    -1.03130841269));
#6419 = CARTESIAN_POINT('',(13.757836041666,-0.131940734628,
    -1.027619967683));
#6420 = CARTESIAN_POINT('',(13.7555496273,-0.16465066698,-1.022710252709
    ));
#6421 = CARTESIAN_POINT('',(13.753263251172,-0.197141665841,
    -1.016588443019));
#6422 = CARTESIAN_POINT('',(13.746441041229,-0.293277468042,
    -0.994741270271));
#6423 = CARTESIAN_POINT('',(13.741905206873,-0.356123564284,
    -0.975492671497));
#6424 = CARTESIAN_POINT('',(13.737369636721,-0.417476572364,
    -0.951616725579));
#6425 = CARTESIAN_POINT('',(13.732834223406,-0.476928883999,
    -0.92325514874));
#6426 = CARTESIAN_POINT('',(13.728298747592,-0.534091153841,
    -0.890593606482));
#6427 = CARTESIAN_POINT('',(13.723763103114,-0.588596601231,
    -0.853859713061));
#6428 = CARTESIAN_POINT('',(13.717316830805,-0.661804240129,
    -0.796243415526));
#6429 = CARTESIAN_POINT('',(13.715406126831,-0.682971650581,
    -0.778490363735));
#6430 = CARTESIAN_POINT('',(13.71349540988,-0.703582227482,
    -0.760081808751));
#6431 = CARTESIAN_POINT('',(13.711584680344,-0.72361168822,
    -0.741038770084));
#6432 = CARTESIAN_POINT('',(13.709673939319,-0.743036783388,
    -0.721383353572));
#6433 = CARTESIAN_POINT('',(13.707763188612,-0.761835296784,
    -0.70113875138));
#6434 = CARTESIAN_POINT('',(13.703997422725,-0.79760721267,
    -0.660126888203));
#6435 = CARTESIAN_POINT('',(13.702142406457,-0.814617930527,
    -0.639392033762));
#6436 = CARTESIAN_POINT('',(13.700287384084,-0.830998830136,
    -0.618146896108));
#6437 = CARTESIAN_POINT('',(13.698432357587,-0.846731621653,
    -0.596414472207));
#6438 = CARTESIAN_POINT('',(13.696577328775,-0.861799094227,
    -0.57421853856));
#6439 = CARTESIAN_POINT('',(13.694722299289,-0.876185116006,
    -0.551583651204));
#6440 = CARTESIAN_POINT('',(13.689202985533,-0.916915885336,
    -0.483006850199));
#6441 = CARTESIAN_POINT('',(13.685538658551,-0.941239829154,
    -0.435863955743));
#6442 = CARTESIAN_POINT('',(13.681874373766,-0.962730318304,
    -0.387302032686));
#6443 = CARTESIAN_POINT('',(13.678210122395,-0.981289344623,
    -0.337525968693));
#6444 = CARTESIAN_POINT('',(13.67454586241,-0.996837597296,
    -0.286748475943));
#6445 = CARTESIAN_POINT('',(13.670881578198,-1.009315021083,
    -0.235188598319));
#6446 = CARTESIAN_POINT('',(13.65687833256,-1.045109461566,
    -3.601308701329E-02));
#6447 = CARTESIAN_POINT('',(13.646531661757,-1.046789899079,
    0.115604971478));
#6448 = CARTESIAN_POINT('',(13.636191338906,-1.022720061833,
    0.266588449829));
#6449 = CARTESIAN_POINT('',(13.625852923135,-0.973407280612,
    0.411708289736));
#6450 = CARTESIAN_POINT('',(13.615512179423,-0.90050554126,
    0.546098052234));
#6451 = CARTESIAN_POINT('',(13.605165219983,-0.806797947815,
    0.665302532168));
#6452 = CARTESIAN_POINT('',(13.587626658021,-0.619261581513,
    0.835802616459));
#6453 = CARTESIAN_POINT('',(13.580425965909,-0.534056010825,
    0.896776487564));
#6454 = CARTESIAN_POINT('',(13.573226328948,-0.441919466481,0.9475506923
    ));
#6455 = CARTESIAN_POINT('',(13.566027326778,-0.344328620688,
    0.987209622509));
#6456 = CARTESIAN_POINT('',(13.55882767364,-0.242892145532,
    1.015099494654));
#6457 = CARTESIAN_POINT('',(13.551626957057,-0.139306909987,
    1.030846193505));
#6458 = CARTESIAN_POINT('',(13.535625838039,9.17958420843E-02,
    1.038738005932));
#6459 = CARTESIAN_POINT('',(13.526820667746,0.219587718643,
    1.024854931971));
#6460 = CARTESIAN_POINT('',(13.518018073288,0.344826597746,
    0.992611891657));
#6461 = CARTESIAN_POINT('',(13.509216610044,0.464364676057,
    0.942628709254));
#6462 = CARTESIAN_POINT('',(13.500414088744,0.575278793533,
    0.876127866139));
#6463 = CARTESIAN_POINT('',(13.491608992427,0.674917126482,0.79491451158
    ));
#6464 = CARTESIAN_POINT('',(13.476100145726,0.826796934208,
    0.630100046154));
#6465 = CARTESIAN_POINT('',(13.46939200286,0.8847033863,0.55163375112));
#6466 = CARTESIAN_POINT('',(13.462684571551,0.93386996903,0.467016352083
    ));
#6467 = CARTESIAN_POINT('',(13.455977534578,0.973533597912,
    0.377425103891));
#6468 = CARTESIAN_POINT('',(13.449270006351,1.003126672325,
    0.284141988177));
#6469 = CARTESIAN_POINT('',(13.442561750146,1.022290523729,
    0.188523427323));
#6470 = CARTESIAN_POINT('',(13.432872541133,1.034733686523,
    4.905651411928E-02));
#6471 = CARTESIAN_POINT('',(13.429890711373,1.036478272996,
    5.950024535391E-03));
#6472 = CARTESIAN_POINT('',(13.426908890923,1.036127247637,
    -3.722076910588E-02));
#6473 = CARTESIAN_POINT('',(13.423927083201,1.033678657636,
    -8.033361827932E-02));
#6474 = CARTESIAN_POINT('',(13.420945281402,1.029139437843,
    -0.123266497849));
#6475 = CARTESIAN_POINT('',(13.417963485842,1.022525377227,
    -0.165898173058));
#6476 = CARTESIAN_POINT('',(13.409261556857,0.997239660787,
    -0.289084823534));
#6477 = CARTESIAN_POINT('',(13.403541055768,0.973071667617,
    -0.36851777758));
#6478 = CARTESIAN_POINT('',(13.397820916199,0.941530619945,
    -0.445553200127));
#6479 = CARTESIAN_POINT('',(13.392101050597,0.902910628766,
    -0.519374670922));
#6480 = CARTESIAN_POINT('',(13.3863810247,0.857613641332,-0.589213803058
    ));
#6481 = CARTESIAN_POINT('',(13.380660604911,0.80614259623,
    -0.654363368016));
#6482 = CARTESIAN_POINT('',(13.3695124181,0.694972177811,-0.770967470349
    ));
#6483 = CARTESIAN_POINT('',(13.364083989306,0.635820569118,
    -0.822958298584));
#6484 = CARTESIAN_POINT('',(13.358655519869,0.572158668605,
    -0.869627768452));
#6485 = CARTESIAN_POINT('',(13.35322698235,0.504564917082,
    -0.910512094191));
#6486 = CARTESIAN_POINT('',(13.347798272009,0.433673185121,
    -0.94522794907));
#6487 = CARTESIAN_POINT('',(13.342369549116,0.36016276254,
    -0.973478473223));
#6488 = CARTESIAN_POINT('',(13.334089968679,0.245128972563,
    -1.006396877183));
#6489 = CARTESIAN_POINT('',(13.331238462668,0.204982798361,
    -1.015894102607));
#6490 = CARTESIAN_POINT('',(13.328387098114,0.164412682382,
    -1.023521528012));
#6491 = CARTESIAN_POINT('',(13.325535876118,0.123523163709,
    -1.029256990008));
#6492 = CARTESIAN_POINT('',(13.322684741232,8.242000994573E-02,
    -1.03308564123));
#6493 = CARTESIAN_POINT('',(13.319833558682,4.120976374994E-02,
    -1.035000000002));
#6494 = CARTESIAN_POINT('',(13.316982091582,-7.106215853536E-07,
    -1.035000000002));
#6495 = ORIENTED_EDGE('',*,*,#6069,.T.);
#6496 = ORIENTED_EDGE('',*,*,#6326,.T.);
#6497 = ORIENTED_EDGE('',*,*,#6498,.F.);
#6498 = EDGE_CURVE('',#6412,#6327,#6499,.T.);
#6499 = B_SPLINE_CURVE_WITH_KNOTS('',1,(#6500,#6501),.UNSPECIFIED.,.F.,
  .F.,(2,2),(0.,0.39175),.PIECEWISE_BEZIER_KNOTS.);
#6500 = CARTESIAN_POINT('',(13.251020350861,-1.166018289811E-06,
    -0.920734610505));
#6501 = CARTESIAN_POINT('',(13.446874381555,3.543411752904E-08,
    -1.260012168206));
#6502 = B_SPLINE_SURFACE_WITH_KNOTS('',1,8,(
    (#6503,#6504,#6505,#6506,#6507,#6508,#6509,#6510,#6511,#6512,#6513
      ,#6514,#6515,#6516,#6517,#6518,#6519,#6520,#6521,#6522,#6523,#6524
      ,#6525,#6526,#6527,#6528,#6529)
    ,(#6530,#6531,#6532,#6533,#6534,#6535,#6536,#6537,#6538,#6539,#6540
      ,#6541,#6542,#6543,#6544,#6545,#6546,#6547,#6548,#6549,#6550,#6551
      ,#6552,#6553,#6554,#6555,#6556
    )),.UNSPECIFIED.,.F.,.F.,.F.,(2,2),(9,6,6,6,9),(0.,0.39175),(0.,
    1.574819783427,3.149639566854,4.72445935028,6.299279133707),
  .UNSPECIFIED.);
#6503 = CARTESIAN_POINT('',(13.701018994136,-1.088283708817E-06,
    -0.920734606303));
#6504 = CARTESIAN_POINT('',(13.686957078486,-0.180800844867,
    -0.920734394474));
#6505 = CARTESIAN_POINT('',(13.672898381095,-0.361554603412,
    -0.880171540655));
#6506 = CARTESIAN_POINT('',(13.658829969216,-0.531736583359,
    -0.799037995121));
#6507 = CARTESIAN_POINT('',(13.64476827431,-0.680668417603,
    -0.680649024038));
#6508 = CARTESIAN_POINT('',(13.630706729269,-0.799029322987,
    -0.531733255171));
#6509 = CARTESIAN_POINT('',(13.616644977825,-0.880166549157,
    -0.361570776026));
#6510 = CARTESIAN_POINT('',(13.588520346343,-0.961302767647,
    -1.577982559092E-06));
#6511 = CARTESIAN_POINT('',(13.560394539548,-0.880166059974,
    0.361573513581));
#6512 = CARTESIAN_POINT('',(13.546331561216,-0.799029113467,
    0.531741152405));
#6513 = CARTESIAN_POINT('',(13.532269299549,-0.680659083243,
    0.680663791225));
#6514 = CARTESIAN_POINT('',(13.518207277408,-0.531737319562,
    0.799030432043));
#6515 = CARTESIAN_POINT('',(13.504144831842,-0.361572213459,
    0.880165880156));
#6516 = CARTESIAN_POINT('',(13.476019672499,1.176899332021E-06,
    0.961301088379));
#6517 = CARTESIAN_POINT('',(13.447894513155,0.361574368385,
    0.880164993896));
#6518 = CARTESIAN_POINT('',(13.433832067589,0.531739275461,
    0.799029129335));
#6519 = CARTESIAN_POINT('',(13.419770045447,0.680660750383,
    0.680662127627));
#6520 = CARTESIAN_POINT('',(13.405707783782,0.799030418949,
    0.531739197627));
#6521 = CARTESIAN_POINT('',(13.39164480545,0.880166945923,0.361571358826
    ));
#6522 = CARTESIAN_POINT('',(13.363518998654,0.961302763578,
    -3.931686858643E-06));
#6523 = CARTESIAN_POINT('',(13.335394367171,0.880165661926,
    -0.361572930779));
#6524 = CARTESIAN_POINT('',(13.321332615727,0.799028020687,
    -0.53173521157));
#6525 = CARTESIAN_POINT('',(13.307271070685,0.680666769454,
    -0.680650694365));
#6526 = CARTESIAN_POINT('',(13.293209375787,0.531734617285,
    -0.799039313112));
#6527 = CARTESIAN_POINT('',(13.279140963901,0.361552447581,
    -0.880172403243));
#6528 = CARTESIAN_POINT('',(13.265082266511,0.180798590565,
    -0.920734837592));
#6529 = CARTESIAN_POINT('',(13.251020350861,-1.166018289811E-06,
    -0.920734610505));
#6530 = CARTESIAN_POINT('',(13.896874422808,3.307047857781E-08,
    -1.260011356993));
#6531 = CARTESIAN_POINT('',(13.882811905041,-0.247402274147,
    -1.260011712879));
#6532 = CARTESIAN_POINT('',(13.868749289422,-0.494804011515,
    -1.204508968356));
#6533 = CARTESIAN_POINT('',(13.854686969166,-0.727676890006,
    -1.093452033752));
#6534 = CARTESIAN_POINT('',(13.840624444705,-0.931472476769,
    -0.93147117782));
#6535 = CARTESIAN_POINT('',(13.826561915656,-1.093460986973,
    -0.727671302604));
#6536 = CARTESIAN_POINT('',(13.812499392898,-1.204494597482,
    -0.494806131996));
#6537 = CARTESIAN_POINT('',(13.784374381693,-1.315529066142,
    -2.610135261733E-06));
#6538 = CARTESIAN_POINT('',(13.756249406225,-1.204494935608,
    0.494805392677));
#6539 = CARTESIAN_POINT('',(13.742186920769,-1.093460905488,
    0.727675452087));
#6540 = CARTESIAN_POINT('',(13.728124413522,-0.931474721793,
    0.931477324286));
#6541 = CARTESIAN_POINT('',(13.714061898993,-0.727673339658,
    1.09346213759));
#6542 = CARTESIAN_POINT('',(13.699999397337,-0.494805189118,
    1.204494316199));
#6543 = CARTESIAN_POINT('',(13.671874402182,-1.902520965122E-08,
    1.315526601696));
#6544 = CARTESIAN_POINT('',(13.643749407027,0.494805113324,
    1.204494148002));
#6545 = CARTESIAN_POINT('',(13.629686905372,0.727673196414,
    1.093462016253));
#6546 = CARTESIAN_POINT('',(13.615624390842,0.931474790751,
    0.931477939353));
#6547 = CARTESIAN_POINT('',(13.601561883595,1.093461561652,
    0.727675810931));
#6548 = CARTESIAN_POINT('',(13.58749939814,1.20449504216,0.494805500983)
  );
#6549 = CARTESIAN_POINT('',(13.559374422671,1.315528280354,
    -2.553359667165E-06));
#6550 = CARTESIAN_POINT('',(13.531249411466,1.204494244751,
    -0.494806023689));
#6551 = CARTESIAN_POINT('',(13.517186888703,1.093460947147,
    -0.727671255801));
#6552 = CARTESIAN_POINT('',(13.503124359677,0.931476083238,
    -0.931471872479));
#6553 = CARTESIAN_POINT('',(13.489061835178,0.72767504656,
    -1.093455098716));
#6554 = CARTESIAN_POINT('',(13.474999514951,0.494803920227,
    -1.204504542289));
#6555 = CARTESIAN_POINT('',(13.460936899324,0.247402342652,
    -1.260011811856));
#6556 = CARTESIAN_POINT('',(13.446874381555,3.543411752904E-08,
    -1.260012168206));
#6557 = ADVANCED_FACE('',(#6558),#6641,.F.);
#6558 = FACE_BOUND('',#6559,.T.);
#6559 = EDGE_LOOP('',(#6560,#6561,#6562,#6635));
#6560 = ORIENTED_EDGE('',*,*,#6411,.F.);
#6561 = ORIENTED_EDGE('',*,*,#6213,.T.);
#6562 = ORIENTED_EDGE('',*,*,#6563,.T.);
#6563 = EDGE_CURVE('',#6135,#6564,#6566,.T.);
#6564 = VERTEX_POINT('',#6565);
#6565 = CARTESIAN_POINT('',(13.183057565879,-4.060897964897E-07,
    -1.035000000002));
#6566 = B_SPLINE_CURVE_WITH_KNOTS('',7,(#6567,#6568,#6569,#6570,#6571,
    #6572,#6573,#6574,#6575,#6576,#6577,#6578,#6579,#6580,#6581,#6582,
    #6583,#6584,#6585,#6586,#6587,#6588,#6589,#6590,#6591,#6592,#6593,
    #6594,#6595,#6596,#6597,#6598,#6599,#6600,#6601,#6602,#6603,#6604,
    #6605,#6606,#6607,#6608,#6609,#6610,#6611,#6612,#6613,#6614,#6615,
    #6616,#6617,#6618,#6619,#6620,#6621,#6622,#6623,#6624,#6625,#6626,
    #6627,#6628,#6629,#6630,#6631,#6632,#6633,#6634),.UNSPECIFIED.,.F.,
  .F.,(8,6,6,6,6,6,6,6,6,6,6,8),(0.,3.800279179066E-02,0.135287202949,
    0.228011065501,0.387658323191,0.497569218766,0.63516178683,
    0.750927402482,0.810931431262,0.874789897579,0.958137417869,1.),
  .UNSPECIFIED.);
#6567 = CARTESIAN_POINT('',(13.633055768577,-7.614156380953E-07,
    -1.035000000003));
#6568 = CARTESIAN_POINT('',(13.63061310752,-3.530378770484E-02,
    -1.035000000003));
#6569 = CARTESIAN_POINT('',(13.628170727418,-7.060670383573E-02,
    -1.033595136407));
#6570 = CARTESIAN_POINT('',(13.625728439038,-0.105842125593,
    -1.030785474044));
#6571 = CARTESIAN_POINT('',(13.623286108359,-0.14094313034,
    -1.026575040079));
#6572 = CARTESIAN_POINT('',(13.620843656562,-0.175843257021,
    -1.020971824007));
#6573 = CARTESIAN_POINT('',(13.618401060037,-0.210476506161,
    -1.013987777661));
#6574 = CARTESIAN_POINT('',(13.609705189508,-0.332585004815,
    -0.984266072365));
#6575 = CARTESIAN_POINT('',(13.603450557309,-0.418224402265,
    -0.953946345931));
#6576 = CARTESIAN_POINT('',(13.597195656146,-0.500585607158,
    -0.914946540331));
#6577 = CARTESIAN_POINT('',(13.590941147142,-0.578620774041,
    -0.867704652806));
#6578 = CARTESIAN_POINT('',(13.58468686933,-0.651358885407,
    -0.812808388045));
#6579 = CARTESIAN_POINT('',(13.578432477103,-0.717925927573,
    -0.750983062956));
#6580 = CARTESIAN_POINT('',(13.566218668714,-0.834419011992,
    -0.618377322233));
#6581 = CARTESIAN_POINT('',(13.560258102661,-0.884989148784,
    -0.548140893014));
#6582 = CARTESIAN_POINT('',(13.554298039277,-0.928627410237,
    -0.473119892253));
#6583 = CARTESIAN_POINT('',(13.548338162474,-0.964802755223,
    -0.394140801443));
#6584 = CARTESIAN_POINT('',(13.542377911497,-0.993106416986,
    -0.31209611158));
#6585 = CARTESIAN_POINT('',(13.536417166617,-1.013259474703,
    -0.227927762163));
#6586 = CARTESIAN_POINT('',(13.520194562923,-1.045563103974,
    4.274614420398E-03));
#6587 = CARTESIAN_POINT('',(13.509924591779,-1.041457535258,
    0.154685900989));
#6588 = CARTESIAN_POINT('',(13.499660695782,-1.012034789078,
    0.303507344045));
#6589 = CARTESIAN_POINT('',(13.489399586392,-0.957980455658,
    0.445650373218));
#6590 = CARTESIAN_POINT('',(13.479136433685,-0.881081411984,
    0.576417195415));
#6591 = CARTESIAN_POINT('',(13.468866945925,-0.784205900364,
    0.691549814696));
#6592 = CARTESIAN_POINT('',(13.451539563583,-0.593622043078,
    0.853969192869));
#6593 = CARTESIAN_POINT('',(13.444473188177,-0.508277686088,
    0.91126214763));
#6594 = CARTESIAN_POINT('',(13.437407557404,-0.416553248692,
    0.958544755901));
#6595 = CARTESIAN_POINT('',(13.430342393835,-0.319867675691,
    0.994992074748));
#6596 = CARTESIAN_POINT('',(13.423276699173,-0.219755807955,
    1.02002546688));
#6597 = CARTESIAN_POINT('',(13.416210251749,-0.117828152273,
    1.03332781053));
#6598 = CARTESIAN_POINT('',(13.400300488188,0.112062456277,
    1.036823880339));
#6599 = CARTESIAN_POINT('',(13.391452564816,0.240194786407,
    1.020355126377));
#6600 = CARTESIAN_POINT('',(13.382607724917,0.365382497738,
    0.985397683914));
#6601 = CARTESIAN_POINT('',(13.373764312871,0.48444390426,0.932645023877
    ));
#6602 = CARTESIAN_POINT('',(13.364919530838,0.594439351468,
    0.863399827963));
#6603 = CARTESIAN_POINT('',(13.356071640898,0.692717984916,
    0.779552808788));
#6604 = CARTESIAN_POINT('',(13.339785558681,0.848162009636,
    0.602834714804));
#6605 = CARTESIAN_POINT('',(13.332342411407,0.90941452663,0.513461384309
    ));
#6606 = CARTESIAN_POINT('',(13.324900237426,0.95960756334,0.416910225935
    ));
#6607 = CARTESIAN_POINT('',(13.317458717465,0.997767062125,
    0.314835959968));
#6608 = CARTESIAN_POINT('',(13.310016557847,1.023220977976,
    0.209036148485));
#6609 = CARTESIAN_POINT('',(13.302573428718,1.035618903791,
    0.101398811114));
#6610 = CARTESIAN_POINT('',(13.291274764009,1.034650407173,
    -6.187852148699E-02));
#6611 = CARTESIAN_POINT('',(13.287417615012,1.030817547976,
    -0.117597930472));
#6612 = CARTESIAN_POINT('',(13.2835605348,1.023484034423,-0.173031876422
    ));
#6613 = CARTESIAN_POINT('',(13.279703497793,1.01267645095,
    -0.227916676156));
#6614 = CARTESIAN_POINT('',(13.275846438982,0.998445981895,
    -0.281992444849));
#6615 = CARTESIAN_POINT('',(13.271989333363,0.980868007596,
    -0.335005124021));
#6616 = CARTESIAN_POINT('',(13.264027454187,0.937877588218,
    -0.441733129849));
#6617 = CARTESIAN_POINT('',(13.259922548016,0.912033660898,
    -0.495276683565));
#6618 = CARTESIAN_POINT('',(13.255817681559,0.882629536776,
    -0.547042201927));
#6619 = CARTESIAN_POINT('',(13.251712832561,0.849813780895,
    -0.596746743765));
#6620 = CARTESIAN_POINT('',(13.247607932685,0.813762357614,
    -0.644123752821));
#6621 = CARTESIAN_POINT('',(13.2435029684,0.774677083131,-0.688925415075
    ));
#6622 = CARTESIAN_POINT('',(13.234040419331,0.678105688484,
    -0.785742533605));
#6623 = CARTESIAN_POINT('',(13.228682470441,0.61863996295,
    -0.835790706966));
#6624 = CARTESIAN_POINT('',(13.223324775985,0.554891637504,
    -0.880563359077));
#6625 = CARTESIAN_POINT('',(13.217967261538,0.487426023602,
    -0.919626265383));
#6626 = CARTESIAN_POINT('',(13.212609632702,0.416859514255,
    -0.952622603331));
#6627 = CARTESIAN_POINT('',(13.207251770329,0.343850090217,
    -0.979278401839));
#6628 = CARTESIAN_POINT('',(13.199203165837,0.23153732191,
    -1.009518388385));
#6629 = CARTESIAN_POINT('',(13.196512193782,0.193543355851,
    -1.017982803488));
#6630 = CARTESIAN_POINT('',(13.193821201375,0.155193115479,
    -1.024777834724));
#6631 = CARTESIAN_POINT('',(13.191130200556,0.116574533356,
    -1.029885906624));
#6632 = CARTESIAN_POINT('',(13.188439223425,7.777628714181E-02,
    -1.033295269612));
#6633 = CARTESIAN_POINT('',(13.185748322234,3.888779959799E-02,
    -1.035000000003));
#6634 = CARTESIAN_POINT('',(13.183057569392,-7.614156203317E-07,
    -1.035000000003));
#6635 = ORIENTED_EDGE('',*,*,#6636,.F.);
#6636 = EDGE_CURVE('',#6412,#6564,#6637,.T.);
#6637 = LINE('',#6638,#6639);
#6638 = CARTESIAN_POINT('',(20.,0.,-1.035));
#6639 = VECTOR('',#6640,1.);
#6640 = DIRECTION('',(-1.,0.,6.661338147751E-17));
#6641 = CYLINDRICAL_SURFACE('',#6642,1.035);
#6642 = AXIS2_PLACEMENT_3D('',#6643,#6644,#6645);
#6643 = CARTESIAN_POINT('',(20.,0.,0.));
#6644 = DIRECTION('',(-1.,-0.,-0.));
#6645 = DIRECTION('',(0.,0.,-1.));
#6646 = ADVANCED_FACE('',(#6647),#6682,.F.);
#6647 = FACE_BOUND('',#6648,.F.);
#6648 = EDGE_LOOP('',(#6649,#6675,#6676,#6677));
#6649 = ORIENTED_EDGE('',*,*,#6650,.F.);
#6650 = EDGE_CURVE('',#6228,#6651,#6653,.T.);
#6651 = VERTEX_POINT('',#6652);
#6652 = CARTESIAN_POINT('',(13.053124340177,3.780486541723E-08,
    -1.260016687829));
#6653 = B_SPLINE_CURVE_WITH_KNOTS('',11,(#6654,#6655,#6656,#6657,#6658,
    #6659,#6660,#6661,#6662,#6663,#6664,#6665,#6666,#6667,#6668,#6669,
    #6670,#6671,#6672,#6673,#6674),.UNSPECIFIED.,.F.,.F.,(12,9,12),(0.,
    3.149639566854,6.299279133707),.UNSPECIFIED.);
#6654 = CARTESIAN_POINT('',(13.503124381448,3.544021032198E-08,
    -1.260015644842));
#6655 = CARTESIAN_POINT('',(13.482669810139,-0.3598591234,
    -1.260016308373));
#6656 = CARTESIAN_POINT('',(13.462215039481,-0.719717168835,
    -1.146993190759));
#6657 = CARTESIAN_POINT('',(13.441761147894,-1.040130294247,
    -0.920798206853));
#6658 = CARTESIAN_POINT('',(13.421306093474,-1.281556912639,
    -0.59722057752));
#6659 = CARTESIAN_POINT('',(13.400851318638,-1.411657197105,
    -0.20698005125));
#6660 = CARTESIAN_POINT('',(13.380397299588,-1.411605453077,
    0.206972912003));
#6661 = CARTESIAN_POINT('',(13.35994252192,-1.281594207629,
    0.597194844887));
#6662 = CARTESIAN_POINT('',(13.339488010317,-1.040114928241,
    0.920860950005));
#6663 = CARTESIAN_POINT('',(13.319033444672,-0.719719153511,
    1.146963447085));
#6664 = CARTESIAN_POINT('',(13.278124360813,-3.806775410904E-09,
    1.373066355694));
#6665 = CARTESIAN_POINT('',(13.237215276955,0.719719044419,
    1.146963124064));
#6666 = CARTESIAN_POINT('',(13.216760726376,1.040114706514,
    0.920859811016));
#6667 = CARTESIAN_POINT('',(13.196306140495,1.281591299925,
    0.597203058384));
#6668 = CARTESIAN_POINT('',(13.175851527807,1.411626065376,
    0.206963050666));
#6669 = CARTESIAN_POINT('',(13.15539729716,1.411618121998,
    -0.206981421783));
#6670 = CARTESIAN_POINT('',(13.134942687478,1.281585233121,
    -0.59720114652));
#6671 = CARTESIAN_POINT('',(13.114487558585,1.04012409655,
    -0.920823183169));
#6672 = CARTESIAN_POINT('',(13.094033682165,0.719716825047,
    -1.146981595644));
#6673 = CARTESIAN_POINT('',(13.073578911488,0.359859196645,
    -1.260016023622));
#6674 = CARTESIAN_POINT('',(13.053124340177,3.780489321592E-08,
    -1.260016687829));
#6675 = ORIENTED_EDGE('',*,*,#6255,.T.);
#6676 = ORIENTED_EDGE('',*,*,#6563,.T.);
#6677 = ORIENTED_EDGE('',*,*,#6678,.F.);
#6678 = EDGE_CURVE('',#6651,#6564,#6679,.T.);
#6679 = B_SPLINE_CURVE_WITH_KNOTS('',1,(#6680,#6681),.UNSPECIFIED.,.F.,
  .F.,(2,2),(0.,0.39175),.PIECEWISE_BEZIER_KNOTS.);
#6680 = CARTESIAN_POINT('',(13.053124340177,3.780489321592E-08,
    -1.260016687829));
#6681 = CARTESIAN_POINT('',(13.24902170661,-1.243697366538E-06,
    -0.920764150148));
#6682 = B_SPLINE_SURFACE_WITH_KNOTS('',1,9,(
    (#6683,#6684,#6685,#6686,#6687,#6688,#6689,#6690,#6691,#6692,#6693
      ,#6694,#6695,#6696,#6697,#6698,#6699,#6700,#6701,#6702,#6703,#6704
      ,#6705,#6706,#6707,#6708,#6709,#6710,#6711,#6712,#6713)
    ,(#6714,#6715,#6716,#6717,#6718,#6719,#6720,#6721,#6722,#6723,#6724
      ,#6725,#6726,#6727,#6728,#6729,#6730,#6731,#6732,#6733,#6734,#6735
      ,#6736,#6737,#6738,#6739,#6740,#6741,#6742,#6743,#6744
  )),.UNSPECIFIED.,.F.,.F.,.F.,(2,2),(10,7,7,7,10),(0.,0.39175),(0.,
    1.574819783427,3.149639566854,4.72445935028,6.299279133707),
  .UNSPECIFIED.);
#6683 = CARTESIAN_POINT('',(13.503124381448,3.5440210433E-08,
    -1.260015644842));
#6684 = CARTESIAN_POINT('',(13.490624365648,-0.219913894962,
    -1.260016050333));
#6685 = CARTESIAN_POINT('',(13.478124273707,-0.439827400106,
    -1.216847650526));
#6686 = CARTESIAN_POINT('',(13.465624367885,-0.650055055768,
    -1.130474877876));
#6687 = CARTESIAN_POINT('',(13.453124414228,-0.840899436051,
    -1.003465921748));
#6688 = CARTESIAN_POINT('',(13.44062439044,-1.00347059852,
    -0.840896336423));
#6689 = CARTESIAN_POINT('',(13.428124366702,-1.1304761659,
    -0.650051853956));
#6690 = CARTESIAN_POINT('',(13.415624350279,-1.216836073341,
    -0.439829507591));
#6691 = CARTESIAN_POINT('',(13.3906243423,-1.303196578128,
    -2.362450974439E-06));
#6692 = CARTESIAN_POINT('',(13.365624362131,-1.2168363104,0.43982825539)
  );
#6693 = CARTESIAN_POINT('',(13.353124374557,-1.130476128471,
    0.650054338179));
#6694 = CARTESIAN_POINT('',(13.34062437538,-1.003472036261,
    0.840901587655));
#6695 = CARTESIAN_POINT('',(13.328124365697,-0.840899266375,
    1.003474045616));
#6696 = CARTESIAN_POINT('',(13.31562435707,-0.650052905307,
    1.130476838195));
#6697 = CARTESIAN_POINT('',(13.303124356504,-0.439828377123,
    1.216835513583));
#6698 = CARTESIAN_POINT('',(13.278124360813,-1.948669804925E-08,
    1.303194226386));
#6699 = CARTESIAN_POINT('',(13.253124365122,0.43982829939,1.216835316181
    ));
#6700 = CARTESIAN_POINT('',(13.240624364556,0.650052763351,
    1.130476654455));
#6701 = CARTESIAN_POINT('',(13.228124355928,0.840899245589,
    1.003474405716));
#6702 = CARTESIAN_POINT('',(13.215624346245,1.003472470366,0.84090222023
    ));
#6703 = CARTESIAN_POINT('',(13.203124347068,1.130476744215,
    0.650054678869));
#6704 = CARTESIAN_POINT('',(13.190624359496,1.216836325096,
    0.439828372956));
#6705 = CARTESIAN_POINT('',(13.165624379325,1.3031956625,
    -2.297432600192E-06));
#6706 = CARTESIAN_POINT('',(13.140624371346,1.216835552787,
    -0.439829390025));
#6707 = CARTESIAN_POINT('',(13.128124354928,1.130475859698,
    -0.650052348922));
#6708 = CARTESIAN_POINT('',(13.11562433117,1.003473433108,
    -0.840895356609));
#6709 = CARTESIAN_POINT('',(13.103124307422,0.840900655697,
    -1.003469640307));
#6710 = CARTESIAN_POINT('',(13.090624353718,0.650053536483,
    -1.130475047563));
#6711 = CARTESIAN_POINT('',(13.078124447926,0.439827314067,
    -1.216843257913));
#6712 = CARTESIAN_POINT('',(13.065624355978,0.219913968207,
    -1.260016281925));
#6713 = CARTESIAN_POINT('',(13.053124340177,3.780489321592E-08,
    -1.260016687829));
#6714 = CARTESIAN_POINT('',(13.699020350005,-1.165969638839E-06,
    -0.920762299978));
#6715 = CARTESIAN_POINT('',(13.686520869383,-0.160717054183,
    -0.920762804858));
#6716 = CARTESIAN_POINT('',(13.674023891639,-0.321397305191,
    -0.88921698204));
#6717 = CARTESIAN_POINT('',(13.661520795662,-0.475025593481,
    -0.826107457714));
#6718 = CARTESIAN_POINT('',(13.649019272452,-0.614494365503,
    -0.733287041647));
#6719 = CARTESIAN_POINT('',(13.63652005464,-0.733293898713,
    -0.614482796839));
#6720 = CARTESIAN_POINT('',(13.624020834609,-0.826100984031,
    -0.475027129329));
#6721 = CARTESIAN_POINT('',(13.611521374551,-0.889209830926,
    -0.321406376236));
#6722 = CARTESIAN_POINT('',(13.586521636805,-0.952318012694,
    -1.160711405031E-06));
#6723 = CARTESIAN_POINT('',(13.561520985006,-0.88920882296,
    0.321408526024));
#6724 = CARTESIAN_POINT('',(13.549020576509,-0.826099818558,
    0.475033195955));
#6725 = CARTESIAN_POINT('',(13.536520549475,-0.733290296586,
    0.614494603386));
#6726 = CARTESIAN_POINT('',(13.524020867755,-0.614490635558,
    0.73329375388));
#6727 = CARTESIAN_POINT('',(13.511521151352,-0.475030378706,
    0.826101492255));
#6728 = CARTESIAN_POINT('',(13.499021169935,-0.321407312431,
    0.889208763732));
#6729 = CARTESIAN_POINT('',(13.474021028309,1.278745082095E-06,
    0.952315613314));
#6730 = CARTESIAN_POINT('',(13.449020886682,0.32140962711,0.889207527085
    ));
#6731 = CARTESIAN_POINT('',(13.436520905265,0.475032405402,
    0.826099856132));
#6732 = CARTESIAN_POINT('',(13.424021188862,0.61449262122,0.733292697812
    ));
#6733 = CARTESIAN_POINT('',(13.411521507142,0.733292761507,
    0.614493702987));
#6734 = CARTESIAN_POINT('',(13.399021480109,0.826102221025,0.4750315218)
  );
#6735 = CARTESIAN_POINT('',(13.386521071613,0.88920973551,0.321406282008
    ));
#6736 = CARTESIAN_POINT('',(13.361520419812,0.952316388449,
    -3.672002295358E-06));
#6737 = CARTESIAN_POINT('',(13.336520682065,0.889208021018,
    -0.321408620251));
#6738 = CARTESIAN_POINT('',(13.32402122197,0.826101133728,
    -0.475029101736));
#6739 = CARTESIAN_POINT('',(13.311522002064,0.733292081381,
    -0.614486126149));
#6740 = CARTESIAN_POINT('',(13.299022784095,0.614499657304,
    -0.733292287977));
#6741 = CARTESIAN_POINT('',(13.286521260964,0.475018616884,
    -0.826110253116));
#6742 = CARTESIAN_POINT('',(13.274018164992,0.321394699961,
    -0.889210076479));
#6743 = CARTESIAN_POINT('',(13.261521187235,0.160714644515,
    -0.920763658829));
#6744 = CARTESIAN_POINT('',(13.24902170661,-1.243697366538E-06,
    -0.920764150148));
#6745 = ADVANCED_FACE('',(#6746),#6787,.F.);
#6746 = FACE_BOUND('',#6747,.F.);
#6747 = EDGE_LOOP('',(#6748,#6780,#6781,#6782));
#6748 = ORIENTED_EDGE('',*,*,#6749,.F.);
#6749 = EDGE_CURVE('',#6327,#6750,#6752,.T.);
#6750 = VERTEX_POINT('',#6751);
#6751 = CARTESIAN_POINT('',(12.996874340299,3.779790981274E-08,
    -1.260012979418));
#6752 = B_SPLINE_CURVE_WITH_KNOTS('',8,(#6753,#6754,#6755,#6756,#6757,
    #6758,#6759,#6760,#6761,#6762,#6763,#6764,#6765,#6766,#6767,#6768,
    #6769,#6770,#6771,#6772,#6773,#6774,#6775,#6776,#6777,#6778,#6779),
  .UNSPECIFIED.,.F.,.F.,(9,6,6,6,9),(0.,1.574819783427,3.149639566854,
    4.72445935028,6.299279133707),.UNSPECIFIED.);
#6753 = CARTESIAN_POINT('',(13.446874381555,3.543409965445E-08,
    -1.260012168206));
#6754 = CARTESIAN_POINT('',(13.432811863787,-0.24740243103,
    -1.260012524556));
#6755 = CARTESIAN_POINT('',(13.418749248158,-0.494804327857,
    -1.204509744769));
#6756 = CARTESIAN_POINT('',(13.404686927917,-0.727677356448,
    -1.093452739064));
#6757 = CARTESIAN_POINT('',(13.390624403453,-0.931473074702,
    -0.931471779283));
#6758 = CARTESIAN_POINT('',(13.376561874403,-1.093461689596,
    -0.727671773141));
#6759 = CARTESIAN_POINT('',(13.362499351643,-1.204495372023,
    -0.494806452819));
#6760 = CARTESIAN_POINT('',(13.334374340437,-1.315529913097,
    -2.61260276974E-06));
#6761 = CARTESIAN_POINT('',(13.306249364971,-1.204495712006,
    0.494805708977));
#6762 = CARTESIAN_POINT('',(13.292186879516,-1.093461610839,
    0.727675918518));
#6763 = CARTESIAN_POINT('',(13.278124372268,-0.931475323239,
    0.931477922237));
#6764 = CARTESIAN_POINT('',(13.264061857738,-0.72767381019,
    1.093462840213));
#6765 = CARTESIAN_POINT('',(13.249999356082,-0.494805509935,
    1.204495090741));
#6766 = CARTESIAN_POINT('',(13.221874360928,-2.149312987031E-08,
    1.31552744865));
#6767 = CARTESIAN_POINT('',(13.193749365773,0.494805429622,
    1.204494924401));
#6768 = CARTESIAN_POINT('',(13.179686864118,0.727673662843,
    1.093462721607));
#6769 = CARTESIAN_POINT('',(13.165624349586,0.931475388702,
    0.931478540799));
#6770 = CARTESIAN_POINT('',(13.151561842339,1.093462264273,
    0.727676281464));
#6771 = CARTESIAN_POINT('',(13.137499356885,1.204495816702,
    0.494805821803));
#6772 = CARTESIAN_POINT('',(13.109374381418,1.315529127309,
    -2.550891331661E-06));
#6773 = CARTESIAN_POINT('',(13.081249370212,1.204495021149,
    -0.494806339993));
#6774 = CARTESIAN_POINT('',(13.067186847447,1.0934616525,-0.727671722236
    ));
#6775 = CARTESIAN_POINT('',(13.053124318419,0.931476684664,
    -0.931472470447));
#6776 = CARTESIAN_POINT('',(13.039061793918,0.727675517105,
    -1.093455801297));
#6777 = CARTESIAN_POINT('',(13.024999473706,0.494804241089,
    -1.204505316846));
#6778 = CARTESIAN_POINT('',(13.010936858069,0.247402504262,
    -1.260012622604));
#6779 = CARTESIAN_POINT('',(12.996874340299,3.779793744663E-08,
    -1.260012979418));
#6780 = ORIENTED_EDGE('',*,*,#6360,.T.);
#6781 = ORIENTED_EDGE('',*,*,#6650,.T.);
#6782 = ORIENTED_EDGE('',*,*,#6783,.F.);
#6783 = EDGE_CURVE('',#6750,#6651,#6784,.T.);
#6784 = B_SPLINE_CURVE_WITH_KNOTS('',1,(#6785,#6786),.UNSPECIFIED.,.F.,
  .F.,(2,2),(0.,5.625E-02),.PIECEWISE_BEZIER_KNOTS.);
#6785 = CARTESIAN_POINT('',(12.996874340299,3.779793811276E-08,
    -1.260012979418));
#6786 = CARTESIAN_POINT('',(13.053124340177,3.780489321592E-08,
    -1.260016687829));
#6787 = B_SPLINE_SURFACE_WITH_KNOTS('',1,11,(
    (#6788,#6789,#6790,#6791,#6792,#6793,#6794,#6795,#6796,#6797,#6798
      ,#6799,#6800,#6801,#6802,#6803,#6804,#6805,#6806,#6807,#6808)
    ,(#6809,#6810,#6811,#6812,#6813,#6814,#6815,#6816,#6817,#6818,#6819
      ,#6820,#6821,#6822,#6823,#6824,#6825,#6826,#6827,#6828,#6829
  )),.UNSPECIFIED.,.F.,.F.,.F.,(2,2),(12,9,12),(0.,5.625E-02),(0.,
    3.149639566854,6.299279133707),.UNSPECIFIED.);
#6788 = CARTESIAN_POINT('',(13.446874381555,3.543409965445E-08,
    -1.260012168206));
#6789 = CARTESIAN_POINT('',(13.426419810256,-0.359858097605,
    -1.260012686533));
#6790 = CARTESIAN_POINT('',(13.405965039676,-0.719715070654,
    -1.146988636728));
#6791 = CARTESIAN_POINT('',(13.385511147865,-1.040126423774,
    -0.92079831057));
#6792 = CARTESIAN_POINT('',(13.365056093601,-1.281557229539,
    -0.597216932236));
#6793 = CARTESIAN_POINT('',(13.344601318887,-1.411647350349,
    -0.206979249858));
#6794 = CARTESIAN_POINT('',(13.324147299611,-1.41160519883,0.20697084386
    ));
#6795 = CARTESIAN_POINT('',(13.303692522049,-1.281589406177,
    0.597194255777));
#6796 = CARTESIAN_POINT('',(13.283238010426,-1.040112154787,
    0.920858137899));
#6797 = CARTESIAN_POINT('',(13.262783444789,-0.719717096778,
    1.146960136351));
#6798 = CARTESIAN_POINT('',(13.221874360927,-1.18222862406E-08,
    1.373062440845));
#6799 = CARTESIAN_POINT('',(13.180965277067,0.719716997124,
    1.146959894402));
#6800 = CARTESIAN_POINT('',(13.160510726491,1.040112218656,
    0.920857370122));
#6801 = CARTESIAN_POINT('',(13.140056140621,1.281586161813,0.59720024936
    ));
#6802 = CARTESIAN_POINT('',(13.119601527961,1.411622969203,
    0.206963926496));
#6803 = CARTESIAN_POINT('',(13.099147297205,1.411615220022,
    -0.206981031946));
#6804 = CARTESIAN_POINT('',(13.07869268753,1.281580239387,
    -0.597201391474));
#6805 = CARTESIAN_POINT('',(13.058237558866,1.04012136702,
    -0.920817827833));
#6806 = CARTESIAN_POINT('',(13.037783682194,0.719714818069,
    -1.146979609019));
#6807 = CARTESIAN_POINT('',(13.017328911601,0.359858170837,
    -1.260012460416));
#6808 = CARTESIAN_POINT('',(12.996874340299,3.779793811276E-08,
    -1.260012979418));
#6809 = CARTESIAN_POINT('',(13.503124381448,3.544021032198E-08,
    -1.260015644842));
#6810 = CARTESIAN_POINT('',(13.482669810139,-0.3598591234,
    -1.260016308373));
#6811 = CARTESIAN_POINT('',(13.462215039481,-0.719717168835,
    -1.146993190759));
#6812 = CARTESIAN_POINT('',(13.441761147894,-1.040130294247,
    -0.920798206853));
#6813 = CARTESIAN_POINT('',(13.421306093474,-1.281556912639,
    -0.59722057752));
#6814 = CARTESIAN_POINT('',(13.400851318638,-1.411657197105,
    -0.20698005125));
#6815 = CARTESIAN_POINT('',(13.380397299588,-1.411605453077,
    0.206972912003));
#6816 = CARTESIAN_POINT('',(13.35994252192,-1.281594207629,
    0.597194844887));
#6817 = CARTESIAN_POINT('',(13.339488010317,-1.040114928241,
    0.920860950005));
#6818 = CARTESIAN_POINT('',(13.319033444672,-0.719719153511,
    1.146963447085));
#6819 = CARTESIAN_POINT('',(13.278124360813,-3.806775410904E-09,
    1.373066355694));
#6820 = CARTESIAN_POINT('',(13.237215276955,0.719719044419,
    1.146963124064));
#6821 = CARTESIAN_POINT('',(13.216760726376,1.040114706514,
    0.920859811016));
#6822 = CARTESIAN_POINT('',(13.196306140495,1.281591299925,
    0.597203058384));
#6823 = CARTESIAN_POINT('',(13.175851527807,1.411626065376,
    0.206963050666));
#6824 = CARTESIAN_POINT('',(13.15539729716,1.411618121998,
    -0.206981421783));
#6825 = CARTESIAN_POINT('',(13.134942687478,1.281585233121,
    -0.59720114652));
#6826 = CARTESIAN_POINT('',(13.114487558585,1.04012409655,
    -0.920823183169));
#6827 = CARTESIAN_POINT('',(13.094033682165,0.719716825047,
    -1.146981595644));
#6828 = CARTESIAN_POINT('',(13.073578911488,0.359859196645,
    -1.260016023622));
#6829 = CARTESIAN_POINT('',(13.053124340177,3.780489321592E-08,
    -1.260016687829));
#6830 = ADVANCED_FACE('',(#6831),#6919,.F.);
#6831 = FACE_BOUND('',#6832,.F.);
#6832 = EDGE_LOOP('',(#6833,#6912,#6913,#6914));
#6833 = ORIENTED_EDGE('',*,*,#6834,.F.);
#6834 = EDGE_CURVE('',#6412,#6835,#6837,.T.);
#6835 = VERTEX_POINT('',#6836);
#6836 = CARTESIAN_POINT('',(12.866982814644,-4.06069982516E-07,
    -1.035000000002));
#6837 = B_SPLINE_CURVE_WITH_KNOTS('',7,(#6838,#6839,#6840,#6841,#6842,
    #6843,#6844,#6845,#6846,#6847,#6848,#6849,#6850,#6851,#6852,#6853,
    #6854,#6855,#6856,#6857,#6858,#6859,#6860,#6861,#6862,#6863,#6864,
    #6865,#6866,#6867,#6868,#6869,#6870,#6871,#6872,#6873,#6874,#6875,
    #6876,#6877,#6878,#6879,#6880,#6881,#6882,#6883,#6884,#6885,#6886,
    #6887,#6888,#6889,#6890,#6891,#6892,#6893,#6894,#6895,#6896,#6897,
    #6898,#6899,#6900,#6901,#6902,#6903,#6904,#6905,#6906,#6907,#6908,
    #6909,#6910,#6911),.UNSPECIFIED.,.F.,.F.,(8,6,6,6,6,6,6,6,6,6,6,6,8)
  ,(0.,3.551055812422E-02,6.152773963296E-02,7.952895392956E-02,
    0.137403114317,0.271373433735,0.381229639166,0.493843236896,
    0.632232472973,0.73552535622,0.871656759456,0.9558979657,1.),
  .UNSPECIFIED.);
#6838 = CARTESIAN_POINT('',(13.31698208807,-7.613807944118E-07,
    -1.035000000003));
#6839 = CARTESIAN_POINT('',(13.314699555175,-3.298880705204E-02,
    -1.035000000003));
#6840 = CARTESIAN_POINT('',(13.312416849786,-6.5976711207E-02,
    -1.033773345334));
#6841 = CARTESIAN_POINT('',(13.310134057973,-9.890954623654E-02,
    -1.031320086013));
#6842 = CARTESIAN_POINT('',(13.307851243502,-0.13173270994,
    -1.027643294537));
#6843 = CARTESIAN_POINT('',(13.305568447844,-0.164391925527,
    -1.022749065886));
#6844 = CARTESIAN_POINT('',(13.303285690166,-0.196833241615,
    -1.016646517523));
#6845 = CARTESIAN_POINT('',(13.299330506604,-0.252572565511,
    -1.004000299953));
#6846 = CARTESIAN_POINT('',(13.297658066698,-0.275996438544,
    -0.998010696729));
#6847 = CARTESIAN_POINT('',(13.295985648697,-0.299253616301,
    -0.991383754338));
#6848 = CARTESIAN_POINT('',(13.294313252325,-0.322323323066,
    -0.984125086981));
#6849 = CARTESIAN_POINT('',(13.29264087596,-0.345185042435,
    -0.976241148433));
#6850 = CARTESIAN_POINT('',(13.290968516629,-0.367818517314,
    -0.967739232055));
#6851 = CARTESIAN_POINT('',(13.288139078113,-0.405692029048,
    -0.95232306893));
#6852 = CARTESIAN_POINT('',(13.286981992298,-0.421061487335,
    -0.945726714708));
#6853 = CARTESIAN_POINT('',(13.2858249113,-0.436305512199,
    -0.938841099237));
#6854 = CARTESIAN_POINT('',(13.284667833898,-0.451417577254,
    -0.931669095928));
#6855 = CARTESIAN_POINT('',(13.283510758913,-0.466391242316,
    -0.924213760483));
#6856 = CARTESIAN_POINT('',(13.28235368521,-0.481220153399,
    -0.916478330888));
#6857 = CARTESIAN_POINT('',(13.277476603864,-0.543087665968,
    -0.882707200647));
#6858 = CARTESIAN_POINT('',(13.273756552398,-0.588716890851,
    -0.854088012301));
#6859 = CARTESIAN_POINT('',(13.270036499432,-0.632576685674,
    -0.822722739684));
#6860 = CARTESIAN_POINT('',(13.266316415521,-0.674469573297,
    -0.788743827063));
#6861 = CARTESIAN_POINT('',(13.262596256341,-0.71421097645,
    -0.752300988236));
#6862 = CARTESIAN_POINT('',(13.258876019381,-0.751630563061,
    -0.713560109086));
#6863 = CARTESIAN_POINT('',(13.246544031774,-0.867461653861,
    -0.57812187852));
#6864 = CARTESIAN_POINT('',(13.237929003466,-0.935110512335,
    -0.472160513135));
#6865 = CARTESIAN_POINT('',(13.229316529609,-0.987540219768,
    -0.357098551413));
#6866 = CARTESIAN_POINT('',(13.220705290522,-1.023353164519,
    -0.235592069392));
#6867 = CARTESIAN_POINT('',(13.212093009472,-1.04171016435,
    -0.110487131985));
#6868 = CARTESIAN_POINT('',(13.203478177835,-1.042344982378,
    1.522610839083E-02));
#6869 = CARTESIAN_POINT('',(13.187804557087,-1.012022461231,
    0.239690469848));
#6870 = CARTESIAN_POINT('',(13.180741584066,-0.986724630741,
    0.339268260254));
#6871 = CARTESIAN_POINT('',(13.173679383012,-0.950005571041,
    0.435653610686));
#6872 = CARTESIAN_POINT('',(13.166617685264,-0.902370572832,
    0.527287281337));
#6873 = CARTESIAN_POINT('',(13.159555491096,-0.844575161243,
    0.612716015012));
#6874 = CARTESIAN_POINT('',(13.152492561823,-0.777605254752,
    0.690630606935));
#6875 = CARTESIAN_POINT('',(13.138191953578,-0.625869605144,
    0.830937384681));
#6876 = CARTESIAN_POINT('',(13.130951851381,-0.540672290122,
    0.892915898151));
#6877 = CARTESIAN_POINT('',(13.123712834195,-0.448388374299,
    0.944635598046));
#6878 = CARTESIAN_POINT('',(13.11647447296,-0.350512171921,
    0.985154641635));
#6879 = CARTESIAN_POINT('',(13.109235447197,-0.248674731301,
    1.013797745027));
#6880 = CARTESIAN_POINT('',(13.101995331796,-0.14459893587,
    1.030174822407));
#6881 = CARTESIAN_POINT('',(13.085860522527,8.839584042179E-02,
    1.039200618137));
#6882 = CARTESIAN_POINT('',(13.076960841197,0.217629994548,
    1.025563615667));
#6883 = CARTESIAN_POINT('',(13.068063884668,0.344306447096,
    0.993156763891));
#6884 = CARTESIAN_POINT('',(13.059168111232,0.465172129152,
    0.942614365479));
#6885 = CARTESIAN_POINT('',(13.050271228258,0.577208706601,
    0.875198829375));
#6886 = CARTESIAN_POINT('',(13.041371616088,0.677680172066,
    0.792780126303));
#6887 = CARTESIAN_POINT('',(13.025835997475,0.829054285166,
    0.626976762573));
#6888 = CARTESIAN_POINT('',(13.019195443327,0.886094086078,
    0.549107016853));
#6889 = CARTESIAN_POINT('',(13.012555565638,0.934550878052,
    0.465238997198));
#6890 = CARTESIAN_POINT('',(13.005916062007,0.973687772771,
    0.376516618737));
#6891 = CARTESIAN_POINT('',(12.999276090161,1.002955925338,
    0.284184012051));
#6892 = CARTESIAN_POINT('',(12.992635425069,1.022007270807,
    0.189556721939));
#6893 = CARTESIAN_POINT('',(12.977244798107,1.042206976121,
    -3.193745454097E-02));
#6894 = CARTESIAN_POINT('',(12.968490596585,1.035744609506,
    -0.159559456482));
#6895 = CARTESIAN_POINT('',(12.959739292377,1.01102198502,
    -0.285710820024));
#6896 = CARTESIAN_POINT('',(12.95098923316,0.96846699172,-0.407268605366
    ));
#6897 = CARTESIAN_POINT('',(12.942238440695,0.909108578437,
    -0.521294467516));
#6898 = CARTESIAN_POINT('',(12.933484803483,0.834559589302,
    -0.625080818081));
#6899 = CARTESIAN_POINT('',(12.919318986606,0.692869596342,
    -0.772838710234));
#6900 = CARTESIAN_POINT('',(12.913903430689,0.633720482932,
    -0.824546780473));
#6901 = CARTESIAN_POINT('',(12.90848783234,0.57009656117,-0.870947022796
    ));
#6902 = CARTESIAN_POINT('',(12.903072167487,0.502573325812,
    -0.911580439053));
#6903 = CARTESIAN_POINT('',(12.897656336594,0.431780985566,
    -0.946067859741));
#6904 = CARTESIAN_POINT('',(12.892240500507,0.358394559554,
    -0.974115858887));
#6905 = CARTESIAN_POINT('',(12.88399050641,0.243718247022,
    -1.006729581938));
#6906 = CARTESIAN_POINT('',(12.881155702646,0.203794844558,
    -1.016116766222));
#6907 = CARTESIAN_POINT('',(12.878321038619,0.163454870205,-1.0236554721
    ));
#6908 = CARTESIAN_POINT('',(12.875486514588,0.122801060771,
    -1.029324049278));
#6909 = CARTESIAN_POINT('',(12.872652075239,8.193734575867E-02,
    -1.03310799463));
#6910 = CARTESIAN_POINT('',(12.869817587469,4.096840705447E-02,
    -1.035000000003));
#6911 = CARTESIAN_POINT('',(12.866982818155,-7.613807766482E-07,
    -1.035000000003));
#6912 = ORIENTED_EDGE('',*,*,#6498,.T.);
#6913 = ORIENTED_EDGE('',*,*,#6749,.T.);
#6914 = ORIENTED_EDGE('',*,*,#6915,.F.);
#6915 = EDGE_CURVE('',#6835,#6750,#6916,.T.);
#6916 = B_SPLINE_CURVE_WITH_KNOTS('',1,(#6917,#6918),.UNSPECIFIED.,.F.,
  .F.,(2,2),(0.,0.39175),.PIECEWISE_BEZIER_KNOTS.);
#6917 = CARTESIAN_POINT('',(12.801021707584,-1.243752764224E-06,
    -0.920734614713));
#6918 = CARTESIAN_POINT('',(12.996874340299,3.779793744663E-08,
    -1.260012979418));
#6919 = B_SPLINE_SURFACE_WITH_KNOTS('',1,8,(
    (#6920,#6921,#6922,#6923,#6924,#6925,#6926,#6927,#6928,#6929,#6930
      ,#6931,#6932,#6933,#6934,#6935,#6936,#6937,#6938,#6939,#6940,#6941
      ,#6942,#6943,#6944,#6945,#6946)
    ,(#6947,#6948,#6949,#6950,#6951,#6952,#6953,#6954,#6955,#6956,#6957
      ,#6958,#6959,#6960,#6961,#6962,#6963,#6964,#6965,#6966,#6967,#6968
      ,#6969,#6970,#6971,#6972,#6973
    )),.UNSPECIFIED.,.F.,.F.,.F.,(2,2),(9,6,6,6,9),(0.,0.39175),(0.,
    1.574819783427,3.149639566854,4.72445935028,6.299279133707),
  .UNSPECIFIED.);
#6920 = CARTESIAN_POINT('',(13.251020350861,-1.166018307686E-06,
    -0.920734610505));
#6921 = CARTESIAN_POINT('',(13.236958435209,-0.180800923427,
    -0.920734383418));
#6922 = CARTESIAN_POINT('',(13.222899737819,-0.361554679374,
    -0.880171514159));
#6923 = CARTESIAN_POINT('',(13.20883132594,-0.531736653249,
    -0.799037953866));
#6924 = CARTESIAN_POINT('',(13.194769631034,-0.680668478167,
    -0.68064896968));
#6925 = CARTESIAN_POINT('',(13.180708085993,-0.799029371529,
    -0.531733190139));
#6926 = CARTESIAN_POINT('',(13.166646334549,-0.880166583704,
    -0.361570703367));
#6927 = CARTESIAN_POINT('',(13.138521703067,-0.961302772039,
    -1.496822935865E-06));
#6928 = CARTESIAN_POINT('',(13.110395896272,-0.880166033467,
    0.361573589541));
#6929 = CARTESIAN_POINT('',(13.09633291794,-0.799029072221,
    0.531741222292));
#6930 = CARTESIAN_POINT('',(13.082270656273,-0.680659028885,
    0.680663851797));
#6931 = CARTESIAN_POINT('',(13.068208634132,-0.53173725453,
    0.799030480585));
#6932 = CARTESIAN_POINT('',(13.054146188566,-0.361572140801,
    0.880165914702));
#6933 = CARTESIAN_POINT('',(13.026021029223,1.258058931185E-06,
    0.961301092769));
#6934 = CARTESIAN_POINT('',(12.997895869879,0.361574444345,
    0.880164967389));
#6935 = CARTESIAN_POINT('',(12.983833424313,0.531739345349,
    0.799029088091));
#6936 = CARTESIAN_POINT('',(12.969771402171,0.680660810957,
    0.680662073271));
#6937 = CARTESIAN_POINT('',(12.955709140505,0.799030467493,
    0.531739132597));
#6938 = CARTESIAN_POINT('',(12.941646162174,0.880166980468,
    0.361571286168));
#6939 = CARTESIAN_POINT('',(12.913520355378,0.961302767965,
    -4.012846480629E-06));
#6940 = CARTESIAN_POINT('',(12.885395723895,0.880165635418,
    -0.36157300674));
#6941 = CARTESIAN_POINT('',(12.871333972451,0.799027979443,
    -0.531735281458));
#6942 = CARTESIAN_POINT('',(12.857272427409,0.680666715106,
    -0.68065075494));
#6943 = CARTESIAN_POINT('',(12.843210732511,0.531734552251,
    -0.799039361665));
#6944 = CARTESIAN_POINT('',(12.829142320625,0.361552374921,
    -0.880172437777));
#6945 = CARTESIAN_POINT('',(12.815083623235,0.180798513656,
    -0.920734857057));
#6946 = CARTESIAN_POINT('',(12.801021707584,-1.243752764224E-06,
    -0.920734614713));
#6947 = CARTESIAN_POINT('',(13.446874381555,3.543409965445E-08,
    -1.260012168206));
#6948 = CARTESIAN_POINT('',(13.432811863787,-0.24740243103,
    -1.260012524556));
#6949 = CARTESIAN_POINT('',(13.418749248158,-0.494804327857,
    -1.204509744769));
#6950 = CARTESIAN_POINT('',(13.404686927917,-0.727677356448,
    -1.093452739064));
#6951 = CARTESIAN_POINT('',(13.390624403453,-0.931473074702,
    -0.931471779283));
#6952 = CARTESIAN_POINT('',(13.376561874403,-1.093461689596,
    -0.727671773141));
#6953 = CARTESIAN_POINT('',(13.362499351643,-1.204495372023,
    -0.494806452819));
#6954 = CARTESIAN_POINT('',(13.334374340437,-1.315529913097,
    -2.61260276974E-06));
#6955 = CARTESIAN_POINT('',(13.306249364971,-1.204495712006,
    0.494805708977));
#6956 = CARTESIAN_POINT('',(13.292186879516,-1.093461610839,
    0.727675918518));
#6957 = CARTESIAN_POINT('',(13.278124372268,-0.931475323239,
    0.931477922237));
#6958 = CARTESIAN_POINT('',(13.264061857738,-0.72767381019,
    1.093462840213));
#6959 = CARTESIAN_POINT('',(13.249999356082,-0.494805509935,
    1.204495090741));
#6960 = CARTESIAN_POINT('',(13.221874360928,-2.149312987031E-08,
    1.31552744865));
#6961 = CARTESIAN_POINT('',(13.193749365773,0.494805429622,
    1.204494924401));
#6962 = CARTESIAN_POINT('',(13.179686864118,0.727673662843,
    1.093462721607));
#6963 = CARTESIAN_POINT('',(13.165624349586,0.931475388702,
    0.931478540799));
#6964 = CARTESIAN_POINT('',(13.151561842339,1.093462264273,
    0.727676281464));
#6965 = CARTESIAN_POINT('',(13.137499356885,1.204495816702,
    0.494805821803));
#6966 = CARTESIAN_POINT('',(13.109374381418,1.315529127309,
    -2.550891331661E-06));
#6967 = CARTESIAN_POINT('',(13.081249370212,1.204495021149,
    -0.494806339993));
#6968 = CARTESIAN_POINT('',(13.067186847447,1.0934616525,-0.727671722236
    ));
#6969 = CARTESIAN_POINT('',(13.053124318419,0.931476684664,
    -0.931472470447));
#6970 = CARTESIAN_POINT('',(13.039061793918,0.727675517105,
    -1.093455801297));
#6971 = CARTESIAN_POINT('',(13.024999473706,0.494804241089,
    -1.204505316846));
#6972 = CARTESIAN_POINT('',(13.010936858069,0.247402504262,
    -1.260012622604));
#6973 = CARTESIAN_POINT('',(12.996874340299,3.779793744663E-08,
    -1.260012979418));
#6974 = ADVANCED_FACE('',(#6975),#7070,.F.);
#6975 = FACE_BOUND('',#6976,.T.);
#6976 = EDGE_LOOP('',(#6977,#6978,#6979,#7064));
#6977 = ORIENTED_EDGE('',*,*,#6834,.F.);
#6978 = ORIENTED_EDGE('',*,*,#6636,.T.);
#6979 = ORIENTED_EDGE('',*,*,#6980,.T.);
#6980 = EDGE_CURVE('',#6564,#6981,#6983,.T.);
#6981 = VERTEX_POINT('',#6982);
#6982 = CARTESIAN_POINT('',(12.733059363197,-4.314720217742E-07,
    -1.035000000002));
#6983 = B_SPLINE_CURVE_WITH_KNOTS('',7,(#6984,#6985,#6986,#6987,#6988,
    #6989,#6990,#6991,#6992,#6993,#6994,#6995,#6996,#6997,#6998,#6999,
    #7000,#7001,#7002,#7003,#7004,#7005,#7006,#7007,#7008,#7009,#7010,
    #7011,#7012,#7013,#7014,#7015,#7016,#7017,#7018,#7019,#7020,#7021,
    #7022,#7023,#7024,#7025,#7026,#7027,#7028,#7029,#7030,#7031,#7032,
    #7033,#7034,#7035,#7036,#7037,#7038,#7039,#7040,#7041,#7042,#7043,
    #7044,#7045,#7046,#7047,#7048,#7049,#7050,#7051,#7052,#7053,#7054,
    #7055,#7056,#7057,#7058,#7059,#7060,#7061,#7062,#7063),
  .UNSPECIFIED.,.F.,.F.,(8,6,6,6,6,6,6,6,6,6,6,6,6,8),(0.,
    3.800355315647E-02,0.135654803178,0.228027631182,0.291608845263,
    0.389179163152,0.496865013598,0.63488676243,0.665163223464,
    0.690165653093,0.869066179655,0.895651973747,0.958468350837,1.),
  .UNSPECIFIED.);
#6984 = CARTESIAN_POINT('',(13.183057565879,-8.121796204463E-07,
    -1.035000000003));
#6985 = CARTESIAN_POINT('',(13.180614903815,-3.530383860647E-02,
    -1.035000000003));
#6986 = CARTESIAN_POINT('',(13.17817252271,-7.060675489785E-02,
    -1.033595136396));
#6987 = CARTESIAN_POINT('',(13.175730233335,-0.105842176837,
    -1.030785474009));
#6988 = CARTESIAN_POINT('',(13.173287901665,-0.140943181788,-1.02657504)
  );
#6989 = CARTESIAN_POINT('',(13.170845448887,-0.175843308692,
    -1.020971823866));
#6990 = CARTESIAN_POINT('',(13.16840285139,-0.210476558071,
    -1.013987777433));
#6991 = CARTESIAN_POINT('',(13.159683523838,-0.332914395919,
    -0.984185909457));
#6992 = CARTESIAN_POINT('',(13.153405421829,-0.418866875812,
    -0.95371876996));
#6993 = CARTESIAN_POINT('',(13.147127055719,-0.501512297128,
    -0.914507320964));
#6994 = CARTESIAN_POINT('',(13.140849092272,-0.579791214723,
    -0.866995178189));
#6995 = CARTESIAN_POINT('',(13.134571361183,-0.65272225939,
    -0.81177782897));
#6996 = CARTESIAN_POINT('',(13.128293507678,-0.719422693046,
    -0.749590308358));
#6997 = CARTESIAN_POINT('',(13.116078945269,-0.835618719792,
    -0.616709548312));
#6998 = CARTESIAN_POINT('',(13.110141076538,-0.885859623704,
    -0.546646118059));
#6999 = CARTESIAN_POINT('',(13.104203699835,-0.929212951961,
    -0.47184745389));
#7000 = CARTESIAN_POINT('',(13.098266504755,-0.965155120492,
    -0.39313147351));
#7001 = CARTESIAN_POINT('',(13.0923289413,-0.993283080745,
    -0.311380940718));
#7002 = CARTESIAN_POINT('',(13.086390892102,-1.013321728344,
    -0.227527210318));
#7003 = CARTESIAN_POINT('',(13.076366257224,-1.033272775229,
    -8.403802318557E-02));
#7004 = CARTESIAN_POINT('',(13.072279170493,-1.037512105841,
    -2.499601325162E-02));
#7005 = CARTESIAN_POINT('',(13.068192102553,-1.03781335543,
    3.427564092155E-02));
#7006 = CARTESIAN_POINT('',(13.064105054182,-1.034164536631,
    9.346173947117E-02));
#7007 = CARTESIAN_POINT('',(13.06001797729,-1.026585037941,
    0.152247621591));
#7008 = CARTESIAN_POINT('',(13.055930867437,-1.015125457356,
    0.210321931292));
#7009 = CARTESIAN_POINT('',(13.045572019984,-0.976452815607,
    0.354938480566));
#7010 = CARTESIAN_POINT('',(13.039299613751,-0.944090205459,
    0.440114370511));
#7011 = CARTESIAN_POINT('',(13.033027763809,-0.903074196004,
    0.521793124503));
#7012 = CARTESIAN_POINT('',(13.026756267081,-0.853871091305,
    0.598928306773));
#7013 = CARTESIAN_POINT('',(13.02048446699,-0.797096555929,
    0.670554801296));
#7014 = CARTESIAN_POINT('',(13.014212137325,-0.733502906081,
    0.73580871112));
#7015 = CARTESIAN_POINT('',(13.001018390606,-0.587241036513,
    0.858126050468));
#7016 = CARTESIAN_POINT('',(12.994095291193,-0.503258316178,
    0.913656051508));
#7017 = CARTESIAN_POINT('',(12.987172859963,-0.413216509579,
    0.959541928355));
#7018 = CARTESIAN_POINT('',(12.98025084944,-0.318453657734,
    0.995015452753));
#7019 = CARTESIAN_POINT('',(12.973328361062,-0.220413782114,
    1.019536025423));
#7020 = CARTESIAN_POINT('',(12.966405197102,-0.120610563509,
    1.032804307102));
#7021 = CARTESIAN_POINT('',(12.950611189109,0.107588533073,
    1.037346550018));
#7022 = CARTESIAN_POINT('',(12.941735803276,0.236195814425,1.02137326336
    ));
#7023 = CARTESIAN_POINT('',(12.932863548423,0.361917270107,
    0.986782299542));
#7024 = CARTESIAN_POINT('',(12.92399274355,0.481538318694,0.93426116287)
  );
#7025 = CARTESIAN_POINT('',(12.915120554393,0.592087437141,
    0.865114757312));
#7026 = CARTESIAN_POINT('',(12.906245208721,0.690883246757,
    0.781244172917));
#7027 = CARTESIAN_POINT('',(12.89542708403,0.794374271577,0.664066423942
    ));
#7028 = CARTESIAN_POINT('',(12.893480916619,0.812323826854,
    0.642396131936));
#7029 = CARTESIAN_POINT('',(12.89153473848,0.82958260551,0.620161080576)
  );
#7030 = CARTESIAN_POINT('',(12.889588550668,0.846129378643,
    0.597387741901));
#7031 = CARTESIAN_POINT('',(12.887642354368,0.861944222908,
    0.574103534983));
#7032 = CARTESIAN_POINT('',(12.885696150897,0.877008520522,
    0.550336825929));
#7033 = CARTESIAN_POINT('',(12.88214275392,0.903111018855,0.506116033591
    ));
#7034 = CARTESIAN_POINT('',(12.880535561612,0.914393468177,
    0.485806032396));
#7035 = CARTESIAN_POINT('',(12.878928365627,0.925142574101,
    0.465203417223));
#7036 = CARTESIAN_POINT('',(12.877321166835,0.935349277337,
    0.444325010584));
#7037 = CARTESIAN_POINT('',(12.875713966124,0.945005192432,0.42318796458
    ));
#7038 = CARTESIAN_POINT('',(12.874106764411,0.954102607766,
    0.401809760896));
#7039 = CARTESIAN_POINT('',(12.860999510467,1.023682849682,
    0.225642084897));
#7040 = CARTESIAN_POINT('',(12.849486365972,1.055846531594,
    5.946379183735E-02));
#7041 = CARTESIAN_POINT('',(12.837984681929,1.056305590342,
    -0.111535475932));
#7042 = CARTESIAN_POINT('',(12.826487451988,1.024587582554,
    -0.280073131079));
#7043 = CARTESIAN_POINT('',(12.814986042837,0.962000763595,
    -0.439206326301));
#7044 = CARTESIAN_POINT('',(12.803473328615,0.871630368362,
    -0.582324367932));
#7045 = CARTESIAN_POINT('',(12.790264733803,0.741770904394,
    -0.722225466761));
#7046 = CARTESIAN_POINT('',(12.788555806889,0.724465797874,
    -0.739858169799));
#7047 = CARTESIAN_POINT('',(12.786846880137,0.706672455272,
    -0.757006311441));
#7048 = CARTESIAN_POINT('',(12.785137954311,0.688407193528,
    -0.773653721382));
#7049 = CARTESIAN_POINT('',(12.78342903019,0.66968697706,-0.789784937032
    ));
#7050 = CARTESIAN_POINT('',(12.781720108564,0.65052941776,
    -0.805385203515));
#7051 = CARTESIAN_POINT('',(12.775973392534,0.58469747904,
    -0.856012761783));
#7052 = CARTESIAN_POINT('',(12.771935538741,0.536101586894,
    -0.888543169104));
#7053 = CARTESIAN_POINT('',(12.767897763396,0.485406643849,
    -0.91784591806));
#7054 = CARTESIAN_POINT('',(12.763860037342,0.432870952441,
    -0.943760311486));
#7055 = CARTESIAN_POINT('',(12.759822273445,0.378767191678,
    -0.966151884123));
#7056 = CARTESIAN_POINT('',(12.755784432323,0.323380036256,
    -0.984913554105));
#7057 = CARTESIAN_POINT('',(12.749076995129,0.229730071383,
    -1.00991935522));
#7058 = CARTESIAN_POINT('',(12.746407350405,0.192023293409,
    -1.018251035048));
#7059 = CARTESIAN_POINT('',(12.743737686151,0.153968608159,
    -1.02493914381));
#7060 = CARTESIAN_POINT('',(12.741068014272,0.115651898144,
    -1.029966655217));
#7061 = CARTESIAN_POINT('',(12.738398366325,7.71597620895E-02,
    -1.033322186818));
#7062 = CARTESIAN_POINT('',(12.735728793517,3.857951493163E-02,
    -1.035000000003));
#7063 = CARTESIAN_POINT('',(12.73305936671,-8.121795944671E-07,
    -1.035000000003));
#7064 = ORIENTED_EDGE('',*,*,#7065,.F.);
#7065 = EDGE_CURVE('',#6835,#6981,#7066,.T.);
#7066 = LINE('',#7067,#7068);
#7067 = CARTESIAN_POINT('',(20.,0.,-1.035));
#7068 = VECTOR('',#7069,1.);
#7069 = DIRECTION('',(-1.,0.,6.661338147751E-17));
#7070 = CYLINDRICAL_SURFACE('',#7071,1.035);
#7071 = AXIS2_PLACEMENT_3D('',#7072,#7073,#7074);
#7072 = CARTESIAN_POINT('',(20.,0.,0.));
#7073 = DIRECTION('',(-1.,-0.,-0.));
#7074 = DIRECTION('',(0.,0.,-1.));
#7075 = ADVANCED_FACE('',(#7076),#7111,.F.);
#7076 = FACE_BOUND('',#7077,.F.);
#7077 = EDGE_LOOP('',(#7078,#7104,#7105,#7106));
#7078 = ORIENTED_EDGE('',*,*,#7079,.F.);
#7079 = EDGE_CURVE('',#6651,#7080,#7082,.T.);
#7080 = VERTEX_POINT('',#7081);
#7081 = CARTESIAN_POINT('',(12.603124298901,4.016979491288E-08,
    -1.260017730817));
#7082 = B_SPLINE_CURVE_WITH_KNOTS('',11,(#7083,#7084,#7085,#7086,#7087,
    #7088,#7089,#7090,#7091,#7092,#7093,#7094,#7095,#7096,#7097,#7098,
    #7099,#7100,#7101,#7102,#7103),.UNSPECIFIED.,.F.,.F.,(12,9,12),(0.,
    3.149639566854,6.299279133707),.UNSPECIFIED.);
#7083 = CARTESIAN_POINT('',(13.053124340177,3.780486546034E-08,
    -1.260016687829));
#7084 = CARTESIAN_POINT('',(13.032669768865,-0.359859418848,
    -1.260017352037));
#7085 = CARTESIAN_POINT('',(13.012214998184,-0.719717762591,
    -1.146994141556));
#7086 = CARTESIAN_POINT('',(12.991761106664,-1.040131153385,
    -0.920798970853));
#7087 = CARTESIAN_POINT('',(12.971306052193,-1.281557972252,
    -0.597221074634));
#7088 = CARTESIAN_POINT('',(12.95085127733,-1.411658365474,
    -0.206980224828));
#7089 = CARTESIAN_POINT('',(12.930397258338,-1.411606621673,
    0.20697308044));
#7090 = CARTESIAN_POINT('',(12.909942480644,-1.281595269746,
    0.597195336873));
#7091 = CARTESIAN_POINT('',(12.889487969045,-1.040115790901,
    0.920861710299));
#7092 = CARTESIAN_POINT('',(12.869033403398,-0.719719751408,
    1.146964395145));
#7093 = CARTESIAN_POINT('',(12.828124319539,-6.383708294539E-09,
    1.373067492259));
#7094 = CARTESIAN_POINT('',(12.787215235682,0.719719638011,
    1.146964074825));
#7095 = CARTESIAN_POINT('',(12.766760685102,1.040115565753,
    0.920860575264));
#7096 = CARTESIAN_POINT('',(12.74630609922,1.281592359665,0.597203554986
    ));
#7097 = CARTESIAN_POINT('',(12.725851486519,1.411627233434,
    0.206963224748));
#7098 = CARTESIAN_POINT('',(12.705397255912,1.411619290908,
    -0.206981590407));
#7099 = CARTESIAN_POINT('',(12.684942646217,1.281586295109,
    -0.597201638633));
#7100 = CARTESIAN_POINT('',(12.664487517267,1.040124959111,
    -0.920823943311));
#7101 = CARTESIAN_POINT('',(12.644033640915,0.719717423108,
    -1.146982543741));
#7102 = CARTESIAN_POINT('',(12.623578870216,0.359859496822,
    -1.260017065934));
#7103 = CARTESIAN_POINT('',(12.603124298901,4.016975596599E-08,
    -1.260017730817));
#7104 = ORIENTED_EDGE('',*,*,#6678,.T.);
#7105 = ORIENTED_EDGE('',*,*,#6980,.T.);
#7106 = ORIENTED_EDGE('',*,*,#7107,.F.);
#7107 = EDGE_CURVE('',#7080,#6981,#7108,.T.);
#7108 = B_SPLINE_CURVE_WITH_KNOTS('',1,(#7109,#7110),.UNSPECIFIED.,.F.,
  .F.,(2,2),(0.,0.39175),.PIECEWISE_BEZIER_KNOTS.);
#7109 = CARTESIAN_POINT('',(12.603124298901,4.016975541088E-08,
    -1.260017730817));
#7110 = CARTESIAN_POINT('',(12.799023063209,-1.321424808798E-06,
    -0.920766000327));
#7111 = B_SPLINE_SURFACE_WITH_KNOTS('',1,9,(
    (#7112,#7113,#7114,#7115,#7116,#7117,#7118,#7119,#7120,#7121,#7122
      ,#7123,#7124,#7125,#7126,#7127,#7128,#7129,#7130,#7131,#7132,#7133
      ,#7134,#7135,#7136,#7137,#7138,#7139,#7140,#7141,#7142)
    ,(#7143,#7144,#7145,#7146,#7147,#7148,#7149,#7150,#7151,#7152,#7153
      ,#7154,#7155,#7156,#7157,#7158,#7159,#7160,#7161,#7162,#7163,#7164
      ,#7165,#7166,#7167,#7168,#7169,#7170,#7171,#7172,#7173
  )),.UNSPECIFIED.,.F.,.F.,.F.,(2,2),(10,7,7,7,10),(0.,0.39175),(0.,
    1.574819783427,3.149639566854,4.72445935028,6.299279133707),
  .UNSPECIFIED.);
#7112 = CARTESIAN_POINT('',(13.053124340177,3.780486534932E-08,
    -1.260016687829));
#7113 = CARTESIAN_POINT('',(13.040624324376,-0.219914074594,
    -1.260017093734));
#7114 = CARTESIAN_POINT('',(13.028124232425,-0.439827761923,
    -1.216848658612));
#7115 = CARTESIAN_POINT('',(13.015624326612,-0.650055591756,
    -1.13047581483));
#7116 = CARTESIAN_POINT('',(13.003124372961,-0.840900130221,
    -1.00346675395));
#7117 = CARTESIAN_POINT('',(12.99062434917,-1.003471427564,
    -0.840897034381));
#7118 = CARTESIAN_POINT('',(12.978124325429,-1.130477100443,
    -0.650052394164));
#7119 = CARTESIAN_POINT('',(12.965624309005,-1.216837079761,
    -0.439829873947));
#7120 = CARTESIAN_POINT('',(12.940624301025,-1.303197656858,
    -2.364896473539E-06));
#7121 = CARTESIAN_POINT('',(12.915624320857,-1.216837318471,
    0.439828617175));
#7122 = CARTESIAN_POINT('',(12.903124333286,-1.130477065452,
    0.650054874139));
#7123 = CARTESIAN_POINT('',(12.890624334108,-1.003472868473,
    0.840902281832));
#7124 = CARTESIAN_POINT('',(12.878124324425,-0.840899964318,
    1.003474874674));
#7125 = CARTESIAN_POINT('',(12.865624315796,-0.650053445509,
    1.130477772738));
#7126 = CARTESIAN_POINT('',(12.853124315231,-0.439828743472,
    1.216836520004));
#7127 = CARTESIAN_POINT('',(12.82812431954,-2.193245422224E-08,
    1.303195305115));
#7128 = CARTESIAN_POINT('',(12.803124323849,0.439828661172,
    1.216836324253));
#7129 = CARTESIAN_POINT('',(12.790624323283,0.650053299309,
    1.130477591439));
#7130 = CARTESIAN_POINT('',(12.778124314655,0.840899939766,1.00347523793
    ));
#7131 = CARTESIAN_POINT('',(12.76562430497,1.003473299422,0.840902918174
    ));
#7132 = CARTESIAN_POINT('',(12.753124305793,1.130477678756,
    0.650055219072));
#7133 = CARTESIAN_POINT('',(12.740624318222,1.216837331516,
    0.439828739308));
#7134 = CARTESIAN_POINT('',(12.715624338053,1.303196741231,
    -2.294986562534E-06));
#7135 = CARTESIAN_POINT('',(12.690624330074,1.216836560857,
    -0.439829751814));
#7136 = CARTESIAN_POINT('',(12.678124313654,1.130476796676,
    -0.650052884889));
#7137 = CARTESIAN_POINT('',(12.665624289893,1.003474265321,
    -0.840896050794));
#7138 = CARTESIAN_POINT('',(12.653124266143,0.840901353619,
    -1.003470469358));
#7139 = CARTESIAN_POINT('',(12.640624312444,0.65005407672,
    -1.130475982074));
#7140 = CARTESIAN_POINT('',(12.628124406662,0.439827680452,
    -1.216844264349));
#7141 = CARTESIAN_POINT('',(12.615624314704,0.219914152569,-1.2600173245
    ));
#7142 = CARTESIAN_POINT('',(12.603124298901,4.016975541088E-08,
    -1.260017730817));
#7143 = CARTESIAN_POINT('',(13.24902170661,-1.243697394071E-06,
    -0.920764150148));
#7144 = CARTESIAN_POINT('',(13.236522225985,-0.160717454757,
    -0.920764641468));
#7145 = CARTESIAN_POINT('',(13.224025248225,-0.321398026142,
    -0.889218741715));
#7146 = CARTESIAN_POINT('',(13.211522152265,-0.475026617784,
    -0.826109077525));
#7147 = CARTESIAN_POINT('',(13.199020629064,-0.614495662142,
    -0.733288463226));
#7148 = CARTESIAN_POINT('',(13.186521411247,-0.733295424035,
    -0.614483969715));
#7149 = CARTESIAN_POINT('',(13.174022191213,-0.826102684099,
    -0.475028014114));
#7150 = CARTESIAN_POINT('',(13.161522731151,-0.889211644829,
    -0.321406947007));
#7151 = CARTESIAN_POINT('',(13.136522993403,-0.952319926275,
    -1.080319514181E-06));
#7152 = CARTESIAN_POINT('',(13.111522341608,-0.889210582598,
    0.321409246917));
#7153 = CARTESIAN_POINT('',(13.099021933114,-0.82610143842,
    0.475034220204));
#7154 = CARTESIAN_POINT('',(13.08652190608,-0.733291718189,
    0.614495900041));
#7155 = CARTESIAN_POINT('',(13.074022224358,-0.614491808409,
    0.733295279231));
#7156 = CARTESIAN_POINT('',(13.061522507953,-0.475031263479,
    0.826103192323));
#7157 = CARTESIAN_POINT('',(13.049022526536,-0.32140788319,
    0.889210577637));
#7158 = CARTESIAN_POINT('',(13.024022384911,1.359136497094E-06,
    0.952317526891));
#7159 = CARTESIAN_POINT('',(12.999022243285,0.321410347997,
    0.889209286724));
#7160 = CARTESIAN_POINT('',(12.986522261868,0.475033429649,
    0.826101475999));
#7161 = CARTESIAN_POINT('',(12.974022545463,0.614493917876,
    0.733294119419));
#7162 = CARTESIAN_POINT('',(12.961522863741,0.733294286858,0.61449487584
    ));
#7163 = CARTESIAN_POINT('',(12.949022836708,0.826103921091,
    0.475032406578));
#7164 = CARTESIAN_POINT('',(12.936522428215,0.889211549413,
    0.321406852773));
#7165 = CARTESIAN_POINT('',(12.911521776417,0.952318302025,
    -3.752393231287E-06));
#7166 = CARTESIAN_POINT('',(12.886522038669,0.889209780654,
    -0.321409341149));
#7167 = CARTESIAN_POINT('',(12.87402257857,0.826102753585,
    -0.475030125999));
#7168 = CARTESIAN_POINT('',(12.861523358661,0.733293502989,
    -0.61448742282));
#7169 = CARTESIAN_POINT('',(12.849024140686,0.614500830127,
    -0.733293813325));
#7170 = CARTESIAN_POINT('',(12.836522617565,0.475019501716,
    -0.826111953131));
#7171 = CARTESIAN_POINT('',(12.82401952161,0.321395270781,
    -0.889211890399));
#7172 = CARTESIAN_POINT('',(12.811522543836,0.160714889635,
    -0.920765522568));
#7173 = CARTESIAN_POINT('',(12.799023063209,-1.321424808798E-06,
    -0.920766000327));
#7174 = ADVANCED_FACE('',(#7175),#7216,.F.);
#7175 = FACE_BOUND('',#7176,.F.);
#7176 = EDGE_LOOP('',(#7177,#7209,#7210,#7211));
#7177 = ORIENTED_EDGE('',*,*,#7178,.F.);
#7178 = EDGE_CURVE('',#6750,#7179,#7181,.T.);
#7179 = VERTEX_POINT('',#7180);
#7180 = CARTESIAN_POINT('',(12.546874299039,4.016193480275E-08,
    -1.26001379063));
#7181 = B_SPLINE_CURVE_WITH_KNOTS('',8,(#7182,#7183,#7184,#7185,#7186,
    #7187,#7188,#7189,#7190,#7191,#7192,#7193,#7194,#7195,#7196,#7197,
    #7198,#7199,#7200,#7201,#7202,#7203,#7204,#7205,#7206,#7207,#7208),
  .UNSPECIFIED.,.F.,.F.,(9,6,6,6,9),(0.,1.574819783427,3.149639566854,
    4.72445935028,6.299279133707),.UNSPECIFIED.);
#7182 = CARTESIAN_POINT('',(12.996874340299,3.779790980207E-08,
    -1.260012979418));
#7183 = CARTESIAN_POINT('',(12.982811822529,-0.247402587913,
    -1.260013336232));
#7184 = CARTESIAN_POINT('',(12.968749206891,-0.494804644199,
    -1.204510521182));
#7185 = CARTESIAN_POINT('',(12.954686886664,-0.72767782289,
    -1.093453444376));
#7186 = CARTESIAN_POINT('',(12.940624362199,-0.931473672634,
    -0.931472380745));
#7187 = CARTESIAN_POINT('',(12.926561833146,-1.093462392219,
    -0.727672243678));
#7188 = CARTESIAN_POINT('',(12.912499310384,-1.204496146565,
    -0.494806773642));
#7189 = CARTESIAN_POINT('',(12.884374299177,-1.315530760051,
    -2.615070377512E-06));
#7190 = CARTESIAN_POINT('',(12.856249323713,-1.204496488404,
    0.494806025278));
#7191 = CARTESIAN_POINT('',(12.842186838259,-1.09346231619,
    0.727676384949));
#7192 = CARTESIAN_POINT('',(12.828124331011,-0.931475924685,
    0.931478520188));
#7193 = CARTESIAN_POINT('',(12.814061816479,-0.727674280722,
    1.093463542836));
#7194 = CARTESIAN_POINT('',(12.799999314824,-0.494805830752,
    1.204495865284));
#7195 = CARTESIAN_POINT('',(12.77187431967,-2.396114593498E-08,
    1.315528295604));
#7196 = CARTESIAN_POINT('',(12.743749324515,0.49480574592,1.2044957008)
  );
#7197 = CARTESIAN_POINT('',(12.72968682286,0.727674129272,1.09346342696)
  );
#7198 = CARTESIAN_POINT('',(12.715624308328,0.931475986653,
    0.931479142244));
#7199 = CARTESIAN_POINT('',(12.70156180108,1.093462966894,0.727676751997
    ));
#7200 = CARTESIAN_POINT('',(12.687499315627,1.204496591243,
    0.494806142623));
#7201 = CARTESIAN_POINT('',(12.659374340162,1.315529974264,
    -2.548422895058E-06));
#7202 = CARTESIAN_POINT('',(12.631249328955,1.204495797547,
    -0.494806656296));
#7203 = CARTESIAN_POINT('',(12.617186806188,1.093462357853,
    -0.72767218867));
#7204 = CARTESIAN_POINT('',(12.603124277157,0.931477286091,
    -0.931473068414));
#7205 = CARTESIAN_POINT('',(12.589061752655,0.72767598765,
    -1.093456503878));
#7206 = CARTESIAN_POINT('',(12.574999432457,0.494804561951,
    -1.204506091403));
#7207 = CARTESIAN_POINT('',(12.560936816811,0.247402665873,
    -1.260013433352));
#7208 = CARTESIAN_POINT('',(12.546874299039,4.016189536493E-08,
    -1.26001379063));
#7209 = ORIENTED_EDGE('',*,*,#6783,.T.);
#7210 = ORIENTED_EDGE('',*,*,#7079,.T.);
#7211 = ORIENTED_EDGE('',*,*,#7212,.F.);
#7212 = EDGE_CURVE('',#7179,#7080,#7213,.T.);
#7213 = B_SPLINE_CURVE_WITH_KNOTS('',1,(#7214,#7215),.UNSPECIFIED.,.F.,
  .F.,(2,2),(0.,5.625E-02),.PIECEWISE_BEZIER_KNOTS.);
#7214 = CARTESIAN_POINT('',(12.546874299039,4.016189514289E-08,
    -1.26001379063));
#7215 = CARTESIAN_POINT('',(12.603124298901,4.016975596599E-08,
    -1.260017730817));
#7216 = B_SPLINE_SURFACE_WITH_KNOTS('',1,11,(
    (#7217,#7218,#7219,#7220,#7221,#7222,#7223,#7224,#7225,#7226,#7227
      ,#7228,#7229,#7230,#7231,#7232,#7233,#7234,#7235,#7236,#7237)
    ,(#7238,#7239,#7240,#7241,#7242,#7243,#7244,#7245,#7246,#7247,#7248
      ,#7249,#7250,#7251,#7252,#7253,#7254,#7255,#7256,#7257,#7258
  )),.UNSPECIFIED.,.F.,.F.,.F.,(2,2),(12,9,12),(0.,5.625E-02),(0.,
    3.149639566854,6.299279133707),.UNSPECIFIED.);
#7217 = CARTESIAN_POINT('',(12.996874340299,3.779790969105E-08,
    -1.260012979418));
#7218 = CARTESIAN_POINT('',(12.976419768997,-0.359858326873,
    -1.26001349842));
#7219 = CARTESIAN_POINT('',(12.9559649984,-0.719715531987,
    -1.146989376536));
#7220 = CARTESIAN_POINT('',(12.935511106641,-1.040127091609,
    -0.920798905225));
#7221 = CARTESIAN_POINT('',(12.915056052336,-1.281558053433,
    -0.597217319413));
#7222 = CARTESIAN_POINT('',(12.894601277603,-1.411648258994,
    -0.206979385451));
#7223 = CARTESIAN_POINT('',(12.874147258371,-1.411606107823,
    0.206970974278));
#7224 = CARTESIAN_POINT('',(12.853692480789,-1.281590232516,
    0.597194637899));
#7225 = CARTESIAN_POINT('',(12.83323796917,-1.040112826127,
    0.920858728806));
#7226 = CARTESIAN_POINT('',(12.81278340353,-0.719717562286,1.14696087343
    ));
#7227 = CARTESIAN_POINT('',(12.771874319669,-1.439818056647E-08,
    1.37306332484));
#7228 = CARTESIAN_POINT('',(12.73096523581,0.719717458328,1.146960634181
    ));
#7229 = CARTESIAN_POINT('',(12.710510685233,1.040112886569,
    0.920857964969));
#7230 = CARTESIAN_POINT('',(12.69005609936,1.281586985805,0.59720063614)
  );
#7231 = CARTESIAN_POINT('',(12.669601486695,1.411623877607,0.20696406248
    ));
#7232 = CARTESIAN_POINT('',(12.649147255964,1.411616129259,
    -0.20698116251));
#7233 = CARTESIAN_POINT('',(12.628692646284,1.281581065626,
    -0.597201773695));
#7234 = CARTESIAN_POINT('',(12.608237517572,1.040122038283,
    -0.92081841862));
#7235 = CARTESIAN_POINT('',(12.587783640955,0.719715283705,
    -1.146980346128));
#7236 = CARTESIAN_POINT('',(12.567328870344,0.359858404833,
    -1.260013270953));
#7237 = CARTESIAN_POINT('',(12.546874299039,4.016189514289E-08,
    -1.26001379063));
#7238 = CARTESIAN_POINT('',(13.053124340177,3.780486546034E-08,
    -1.260016687829));
#7239 = CARTESIAN_POINT('',(13.032669768865,-0.359859418848,
    -1.260017352037));
#7240 = CARTESIAN_POINT('',(13.012214998184,-0.719717762591,
    -1.146994141556));
#7241 = CARTESIAN_POINT('',(12.991761106664,-1.040131153385,
    -0.920798970853));
#7242 = CARTESIAN_POINT('',(12.971306052193,-1.281557972252,
    -0.597221074634));
#7243 = CARTESIAN_POINT('',(12.95085127733,-1.411658365474,
    -0.206980224828));
#7244 = CARTESIAN_POINT('',(12.930397258338,-1.411606621673,
    0.20697308044));
#7245 = CARTESIAN_POINT('',(12.909942480644,-1.281595269746,
    0.597195336873));
#7246 = CARTESIAN_POINT('',(12.889487969045,-1.040115790901,
    0.920861710299));
#7247 = CARTESIAN_POINT('',(12.869033403398,-0.719719751408,
    1.146964395145));
#7248 = CARTESIAN_POINT('',(12.828124319539,-6.383708294539E-09,
    1.373067492259));
#7249 = CARTESIAN_POINT('',(12.787215235682,0.719719638011,
    1.146964074825));
#7250 = CARTESIAN_POINT('',(12.766760685102,1.040115565753,
    0.920860575264));
#7251 = CARTESIAN_POINT('',(12.74630609922,1.281592359665,0.597203554986
    ));
#7252 = CARTESIAN_POINT('',(12.725851486519,1.411627233434,
    0.206963224748));
#7253 = CARTESIAN_POINT('',(12.705397255912,1.411619290908,
    -0.206981590407));
#7254 = CARTESIAN_POINT('',(12.684942646217,1.281586295109,
    -0.597201638633));
#7255 = CARTESIAN_POINT('',(12.664487517267,1.040124959111,
    -0.920823943311));
#7256 = CARTESIAN_POINT('',(12.644033640915,0.719717423108,
    -1.146982543741));
#7257 = CARTESIAN_POINT('',(12.623578870216,0.359859496822,
    -1.260017065934));
#7258 = CARTESIAN_POINT('',(12.603124298901,4.016975596599E-08,
    -1.260017730817));
#7259 = ADVANCED_FACE('',(#7260),#7342,.F.);
#7260 = FACE_BOUND('',#7261,.F.);
#7261 = EDGE_LOOP('',(#7262,#7335,#7336,#7337));
#7262 = ORIENTED_EDGE('',*,*,#7263,.F.);
#7263 = EDGE_CURVE('',#6835,#7264,#7266,.T.);
#7264 = VERTEX_POINT('',#7265);
#7265 = CARTESIAN_POINT('',(12.416983541218,-4.31449675613E-07,
    -1.035000000002));
#7266 = B_SPLINE_CURVE_WITH_KNOTS('',7,(#7267,#7268,#7269,#7270,#7271,
    #7272,#7273,#7274,#7275,#7276,#7277,#7278,#7279,#7280,#7281,#7282,
    #7283,#7284,#7285,#7286,#7287,#7288,#7289,#7290,#7291,#7292,#7293,
    #7294,#7295,#7296,#7297,#7298,#7299,#7300,#7301,#7302,#7303,#7304,
    #7305,#7306,#7307,#7308,#7309,#7310,#7311,#7312,#7313,#7314,#7315,
    #7316,#7317,#7318,#7319,#7320,#7321,#7322,#7323,#7324,#7325,#7326,
    #7327,#7328,#7329,#7330,#7331,#7332,#7333,#7334),.UNSPECIFIED.,.F.,
  .F.,(8,6,6,6,6,6,6,6,6,6,6,8),(0.,3.545139348666E-02,0.105902020183,
    0.136020344622,0.220605354564,0.381571571811,0.494132937355,
    0.631992193528,0.735339838679,0.872235369156,0.955678650997,1.),
  .UNSPECIFIED.);
#7267 = CARTESIAN_POINT('',(12.866982814643,-8.121399928118E-07,
    -1.035000000003));
#7268 = CARTESIAN_POINT('',(12.864704126977,-3.293329855709E-02,
    -1.035000000003));
#7269 = CARTESIAN_POINT('',(12.862425267373,-6.586564349094E-02,
    -1.033777473822));
#7270 = CARTESIAN_POINT('',(12.860146321507,-9.874319718475E-02,
    -1.031332471142));
#7271 = CARTESIAN_POINT('',(12.857867352876,-0.131511632597,
    -1.027668043866));
#7272 = CARTESIAN_POINT('',(12.855588402805,-0.164116945402,
    -1.022790246123));
#7273 = CARTESIAN_POINT('',(12.853309490441,-0.196505453988,
    -1.016708134262));
#7274 = CARTESIAN_POINT('',(12.846501923053,-0.292450841066,
    -0.994977812043));
#7275 = CARTESIAN_POINT('',(12.841973269046,-0.355213158399,
    -0.97581290847));
#7276 = CARTESIAN_POINT('',(12.837444878826,-0.41649113968,
    -0.952034059221));
#7277 = CARTESIAN_POINT('',(12.832916645273,-0.475878996074,
    -0.92378193458));
#7278 = CARTESIAN_POINT('',(12.828388350013,-0.532989033865,
    -0.891240895687));
#7279 = CARTESIAN_POINT('',(12.823859887379,-0.587455926634,
    -0.854637018185));
#7280 = CARTESIAN_POINT('',(12.817395553985,-0.660951348981,
    -0.796964339313));
#7281 = CARTESIAN_POINT('',(12.815459606663,-0.682417048377,
    -0.778998379156));
#7282 = CARTESIAN_POINT('',(12.813523645955,-0.703311722014,
    -0.760358932664));
#7283 = CARTESIAN_POINT('',(12.811587672218,-0.723610094385,
    -0.741067842805));
#7284 = CARTESIAN_POINT('',(12.809651686612,-0.743287978087,
    -0.721148098266));
#7285 = CARTESIAN_POINT('',(12.807715691107,-0.762322273819,
    -0.700623833453));
#7286 = CARTESIAN_POINT('',(12.800342573196,-0.832278049358,
    -0.620252749343));
#7287 = CARTESIAN_POINT('',(12.794905086191,-0.878618324296,
    -0.556412692217));
#7288 = CARTESIAN_POINT('',(12.789467812441,-0.919221171332,
    -0.488563860065));
#7289 = CARTESIAN_POINT('',(12.78403070318,-0.953676724418,
    -0.417328345017));
#7290 = CARTESIAN_POINT('',(12.778593485107,-0.981660921955,
    -0.343376175695));
#7291 = CARTESIAN_POINT('',(12.773156069585,-1.002940553425,
    -0.267414864522));
#7292 = CARTESIAN_POINT('',(12.757372085198,-1.044853510237,
    -4.319815791962E-02));
#7293 = CARTESIAN_POINT('',(12.747017518563,-1.047575915977,
    0.10852367754));
#7294 = CARTESIAN_POINT('',(12.736669342271,-1.024504094109,0.2597860787
    ));
#7295 = CARTESIAN_POINT('',(12.726323060566,-0.976111191979,
    0.405344424725));
#7296 = CARTESIAN_POINT('',(12.715974441759,-0.904022765634,
    0.540310322903));
#7297 = CARTESIAN_POINT('',(12.705619568663,-0.810999535632,
    0.660200200519));
#7298 = CARTESIAN_POINT('',(12.688037240483,-0.624060996736,
    0.832290256999));
#7299 = CARTESIAN_POINT('',(12.680800634598,-0.538771569082,
    0.894054058371));
#7300 = CARTESIAN_POINT('',(12.673565110294,-0.446424514088,
    0.945553854133));
#7301 = CARTESIAN_POINT('',(12.666330238928,-0.348513963702,
    0.985852345314));
#7302 = CARTESIAN_POINT('',(12.659094703206,-0.246669967179,
    1.01427857204));
#7303 = CARTESIAN_POINT('',(12.651858079623,-0.142613661781,
    1.030446413784));
#7304 = CARTESIAN_POINT('',(12.635760986872,8.985280727685E-02,
    1.039014558869));
#7305 = CARTESIAN_POINT('',(12.626895595737,0.218560577799,
    1.025259640715));
#7306 = CARTESIAN_POINT('',(12.618032876271,0.34470815323,0.992884689611
    ));
#7307 = CARTESIAN_POINT('',(12.609171321914,0.465081085368,
    0.942519473782));
#7308 = CARTESIAN_POINT('',(12.600308678896,0.576696060271,
    0.875412444275));
#7309 = CARTESIAN_POINT('',(12.591443365986,0.676848248784,
    0.793410482697));
#7310 = CARTESIAN_POINT('',(12.57593856657,0.82816503722,0.628158332215)
  );
#7311 = CARTESIAN_POINT('',(12.569294610397,0.885344559116,
    0.550329091069));
#7312 = CARTESIAN_POINT('',(12.562651332898,0.933940642277,
    0.466483332612));
#7313 = CARTESIAN_POINT('',(12.556008430384,0.973213685494,
    0.377765706955));
#7314 = CARTESIAN_POINT('',(12.549365057965,1.002612358703,
    0.285421541371));
#7315 = CARTESIAN_POINT('',(12.542720989921,1.02178642949,0.190767992832
    ));
#7316 = CARTESIAN_POINT('',(12.52727800728,1.042307635259,
    -3.145645454164E-02));
#7317 = CARTESIAN_POINT('',(12.518474752388,1.035854211889,
    -0.159810180526));
#7318 = CARTESIAN_POINT('',(12.509674476616,1.010931725636,
    -0.286679744131));
#7319 = CARTESIAN_POINT('',(12.500875474741,0.967976317633,
    -0.40888871981));
#7320 = CARTESIAN_POINT('',(12.492075722406,0.90803809962,-0.52345036563
    ));
#7321 = CARTESIAN_POINT('',(12.483273034701,0.832763727488,
    -0.627614268739));
#7322 = CARTESIAN_POINT('',(12.469109638198,0.690559730013,
    -0.774828664203));
#7323 = CARTESIAN_POINT('',(12.463745480732,0.631832158382,
    -0.825876796658));
#7324 = CARTESIAN_POINT('',(12.45838127701,0.568728568807,
    -0.871706339166));
#7325 = CARTESIAN_POINT('',(12.453017007209,0.50180921346,
    -0.911872624643));
#7326 = CARTESIAN_POINT('',(12.447652580601,0.431686874681,
    -0.946007922417));
#7327 = CARTESIAN_POINT('',(12.442288154848,0.359017414461,
    -0.973827061385));
#7328 = CARTESIAN_POINT('',(12.434075497344,0.24490485799,-1.00644984557
    ));
#7329 = CARTESIAN_POINT('',(12.431226646015,0.204794049881,
    -1.015929552462));
#7330 = CARTESIAN_POINT('',(12.428377935913,0.16426047638,
    -1.023542853196));
#7331 = CARTESIAN_POINT('',(12.425529367976,0.123408388607,
    -1.029267666536));
#7332 = CARTESIAN_POINT('',(12.422680886762,8.234326068021E-02,
    -1.033089200133));
#7333 = CARTESIAN_POINT('',(12.419832357767,4.117133838921E-02,
    -1.035000000003));
#7334 = CARTESIAN_POINT('',(12.41698354473,-8.121399648342E-07,
    -1.035000000003));
#7335 = ORIENTED_EDGE('',*,*,#6915,.T.);
#7336 = ORIENTED_EDGE('',*,*,#7178,.T.);
#7337 = ORIENTED_EDGE('',*,*,#7338,.F.);
#7338 = EDGE_CURVE('',#7264,#7179,#7339,.T.);
#7339 = B_SPLINE_CURVE_WITH_KNOTS('',1,(#7340,#7341),.UNSPECIFIED.,.F.,
  .F.,(2,2),(0.,0.39175),.PIECEWISE_BEZIER_KNOTS.);
#7340 = CARTESIAN_POINT('',(12.351023064308,-1.321487410166E-06,
    -0.920734618926));
#7341 = CARTESIAN_POINT('',(12.546874299039,4.016189536493E-08,
    -1.26001379063));
#7342 = B_SPLINE_SURFACE_WITH_KNOTS('',1,8,(
    (#7343,#7344,#7345,#7346,#7347,#7348,#7349,#7350,#7351,#7352,#7353
      ,#7354,#7355,#7356,#7357,#7358,#7359,#7360,#7361,#7362,#7363,#7364
      ,#7365,#7366,#7367,#7368,#7369)
    ,(#7370,#7371,#7372,#7373,#7374,#7375,#7376,#7377,#7378,#7379,#7380
      ,#7381,#7382,#7383,#7384,#7385,#7386,#7387,#7388,#7389,#7390,#7391
      ,#7392,#7393,#7394,#7395,#7396
    )),.UNSPECIFIED.,.F.,.F.,.F.,(2,2),(9,6,6,6,9),(0.,0.39175),(0.,
    1.574819783427,3.149639566854,4.72445935028,6.299279133707),
  .UNSPECIFIED.);
#7343 = CARTESIAN_POINT('',(12.801021707584,-1.243752791869E-06,
    -0.920734614713));
#7344 = CARTESIAN_POINT('',(12.786959791933,-0.180801001988,
    -0.920734372368));
#7345 = CARTESIAN_POINT('',(12.772901094543,-0.361554755339,
    -0.880171487669));
#7346 = CARTESIAN_POINT('',(12.758832682664,-0.531736723143,
    -0.799037912615));
#7347 = CARTESIAN_POINT('',(12.744770987758,-0.680668538735,
    -0.680648915325));
#7348 = CARTESIAN_POINT('',(12.730709442716,-0.799029420076,
    -0.531733125111));
#7349 = CARTESIAN_POINT('',(12.716647691272,-0.880166618257,
    -0.361570630711));
#7350 = CARTESIAN_POINT('',(12.688523059791,-0.961302776438,
    -1.415663304925E-06));
#7351 = CARTESIAN_POINT('',(12.660397252995,-0.880166006965,
    0.361573665504));
#7352 = CARTESIAN_POINT('',(12.646334274664,-0.79902903098,
    0.531741292182));
#7353 = CARTESIAN_POINT('',(12.632272012997,-0.680658974531,
    0.680663912374));
#7354 = CARTESIAN_POINT('',(12.618209990856,-0.531737189502,
    0.799030529132));
#7355 = CARTESIAN_POINT('',(12.604147545289,-0.361572068145,
    0.880165949253));
#7356 = CARTESIAN_POINT('',(12.576022385946,1.339218530804E-06,
    0.961301097165));
#7357 = CARTESIAN_POINT('',(12.547897226603,0.361574520308,
    0.880164940887));
#7358 = CARTESIAN_POINT('',(12.533834781036,0.53173941524,0.799029046852
    ));
#7359 = CARTESIAN_POINT('',(12.519772758895,0.680660871536,
    0.680662018919));
#7360 = CARTESIAN_POINT('',(12.505710497229,0.799030516041,0.53173906757
    ));
#7361 = CARTESIAN_POINT('',(12.491647518898,0.88016701502,0.361571213512
    ));
#7362 = CARTESIAN_POINT('',(12.463521712102,0.961302772358,
    -4.094006102738E-06));
#7363 = CARTESIAN_POINT('',(12.435397080619,0.880165608915,
    -0.361573082703));
#7364 = CARTESIAN_POINT('',(12.421335329175,0.799027938203,
    -0.53173535135));
#7365 = CARTESIAN_POINT('',(12.407273784133,0.680666660763,
    -0.68065081552));
#7366 = CARTESIAN_POINT('',(12.393212089234,0.53173448722,
    -0.799039410223));
#7367 = CARTESIAN_POINT('',(12.379143677349,0.361552302263,
    -0.880172472317));
#7368 = CARTESIAN_POINT('',(12.365084979958,0.180798436748,
    -0.920734876528));
#7369 = CARTESIAN_POINT('',(12.351023064308,-1.321487410166E-06,
    -0.920734618926));
#7370 = CARTESIAN_POINT('',(12.996874340299,3.779790980207E-08,
    -1.260012979418));
#7371 = CARTESIAN_POINT('',(12.982811822529,-0.247402587913,
    -1.260013336232));
#7372 = CARTESIAN_POINT('',(12.968749206891,-0.494804644199,
    -1.204510521182));
#7373 = CARTESIAN_POINT('',(12.954686886664,-0.72767782289,
    -1.093453444376));
#7374 = CARTESIAN_POINT('',(12.940624362199,-0.931473672634,
    -0.931472380745));
#7375 = CARTESIAN_POINT('',(12.926561833146,-1.093462392219,
    -0.727672243678));
#7376 = CARTESIAN_POINT('',(12.912499310384,-1.204496146565,
    -0.494806773642));
#7377 = CARTESIAN_POINT('',(12.884374299177,-1.315530760051,
    -2.615070377512E-06));
#7378 = CARTESIAN_POINT('',(12.856249323713,-1.204496488404,
    0.494806025278));
#7379 = CARTESIAN_POINT('',(12.842186838259,-1.09346231619,
    0.727676384949));
#7380 = CARTESIAN_POINT('',(12.828124331011,-0.931475924685,
    0.931478520188));
#7381 = CARTESIAN_POINT('',(12.814061816479,-0.727674280722,
    1.093463542836));
#7382 = CARTESIAN_POINT('',(12.799999314824,-0.494805830752,
    1.204495865284));
#7383 = CARTESIAN_POINT('',(12.77187431967,-2.396114593498E-08,
    1.315528295604));
#7384 = CARTESIAN_POINT('',(12.743749324515,0.49480574592,1.2044957008)
  );
#7385 = CARTESIAN_POINT('',(12.72968682286,0.727674129272,1.09346342696)
  );
#7386 = CARTESIAN_POINT('',(12.715624308328,0.931475986653,
    0.931479142244));
#7387 = CARTESIAN_POINT('',(12.70156180108,1.093462966894,0.727676751997
    ));
#7388 = CARTESIAN_POINT('',(12.687499315627,1.204496591243,
    0.494806142623));
#7389 = CARTESIAN_POINT('',(12.659374340162,1.315529974264,
    -2.548422895058E-06));
#7390 = CARTESIAN_POINT('',(12.631249328955,1.204495797547,
    -0.494806656296));
#7391 = CARTESIAN_POINT('',(12.617186806188,1.093462357853,
    -0.72767218867));
#7392 = CARTESIAN_POINT('',(12.603124277157,0.931477286091,
    -0.931473068414));
#7393 = CARTESIAN_POINT('',(12.589061752655,0.72767598765,
    -1.093456503878));
#7394 = CARTESIAN_POINT('',(12.574999432457,0.494804561951,
    -1.204506091403));
#7395 = CARTESIAN_POINT('',(12.560936816811,0.247402665873,
    -1.260013433352));
#7396 = CARTESIAN_POINT('',(12.546874299039,4.016189536493E-08,
    -1.26001379063));
#7397 = ADVANCED_FACE('',(#7398),#7493,.F.);
#7398 = FACE_BOUND('',#7399,.T.);
#7399 = EDGE_LOOP('',(#7400,#7401,#7402,#7487));
#7400 = ORIENTED_EDGE('',*,*,#7263,.F.);
#7401 = ORIENTED_EDGE('',*,*,#7065,.T.);
#7402 = ORIENTED_EDGE('',*,*,#7403,.T.);
#7403 = EDGE_CURVE('',#6981,#7404,#7406,.T.);
#7404 = VERTEX_POINT('',#7405);
#7405 = CARTESIAN_POINT('',(12.283061160527,-4.568543911955E-07,
    -1.035000000002));
#7406 = B_SPLINE_CURVE_WITH_KNOTS('',7,(#7407,#7408,#7409,#7410,#7411,
    #7412,#7413,#7414,#7415,#7416,#7417,#7418,#7419,#7420,#7421,#7422,
    #7423,#7424,#7425,#7426,#7427,#7428,#7429,#7430,#7431,#7432,#7433,
    #7434,#7435,#7436,#7437,#7438,#7439,#7440,#7441,#7442,#7443,#7444,
    #7445,#7446,#7447,#7448,#7449,#7450,#7451,#7452,#7453,#7454,#7455,
    #7456,#7457,#7458,#7459,#7460,#7461,#7462,#7463,#7464,#7465,#7466,
    #7467,#7468,#7469,#7470,#7471,#7472,#7473,#7474,#7475,#7476,#7477,
    #7478,#7479,#7480,#7481,#7482,#7483,#7484,#7485,#7486),
  .UNSPECIFIED.,.F.,.F.,(8,6,6,6,6,6,6,6,6,6,6,6,6,8),(0.,
    3.800143677383E-02,0.109542689699,0.13723926051,0.2282403553,
    0.291901864706,0.388665009599,0.496912608411,0.63574837173,
    0.750207241472,0.809814022735,0.875717823563,0.958475901459,1.),
  .UNSPECIFIED.);
#7407 = CARTESIAN_POINT('',(12.733059363197,-8.629440044761E-07,
    -1.035000000003));
#7408 = CARTESIAN_POINT('',(12.730616700125,-3.530388950845E-02,
    -1.035000000003));
#7409 = CARTESIAN_POINT('',(12.728174318017,-7.060680596028E-02,
    -1.033595136386));
#7410 = CARTESIAN_POINT('',(12.725732027645,-0.105842228082,
    -1.030785473973));
#7411 = CARTESIAN_POINT('',(12.723289694987,-0.140943233236,
    -1.026575039922));
#7412 = CARTESIAN_POINT('',(12.720847241226,-0.175843360362,
    -1.020971823724));
#7413 = CARTESIAN_POINT('',(12.718404642757,-0.210476609981,
    -1.013987777205));
#7414 = CARTESIAN_POINT('',(12.711363298555,-0.309351967262,
    -0.989921112738));
#7415 = CARTESIAN_POINT('',(12.706764068542,-0.372750787738,
    -0.969365281788));
#7416 = CARTESIAN_POINT('',(12.702164553601,-0.434535998276,
    -0.944077881818));
#7417 = CARTESIAN_POINT('',(12.697564921221,-0.494285237959,
    -0.914213790607));
#7418 = CARTESIAN_POINT('',(12.692965272774,-0.551596257595,
    -0.879973984502));
#7419 = CARTESIAN_POINT('',(12.688365722367,-0.606091485009,
    -0.84160331934));
#7420 = CARTESIAN_POINT('',(12.681985917542,-0.677294979142,
    -0.783045139986));
#7421 = CARTESIAN_POINT('',(12.680205386696,-0.696693398447,
    -0.766125589389));
#7422 = CARTESIAN_POINT('',(12.678424884162,-0.715597728001,
    -0.748646212475));
#7423 = CARTESIAN_POINT('',(12.676644409884,-0.733988638449,
    -0.730624369437));
#7424 = CARTESIAN_POINT('',(12.674863962749,-0.751847591332,
    -0.712078227768));
#7425 = CARTESIAN_POINT('',(12.673083540582,-0.769156839087,
    -0.693026762258));
#7426 = CARTESIAN_POINT('',(12.665453376676,-0.840909616119,
    -0.609298088022));
#7427 = CARTESIAN_POINT('',(12.659603397987,-0.88980699666,
    -0.539859451902));
#7428 = CARTESIAN_POINT('',(12.653753869393,-0.93198280787,
    -0.465881034968));
#7429 = CARTESIAN_POINT('',(12.647904502258,-0.966942490987,
    -0.388148618037));
#7430 = CARTESIAN_POINT('',(12.642054787373,-0.994305518973,
    -0.307508348251));
#7431 = CARTESIAN_POINT('',(12.636204616623,-1.013812186291,
    -0.224851619999));
#7432 = CARTESIAN_POINT('',(12.626262439884,-1.033400004308,
    -8.251520130513E-02));
#7433 = CARTESIAN_POINT('',(12.622169963133,-1.037557066602,
    -2.338874962885E-02));
#7434 = CARTESIAN_POINT('',(12.618077506005,-1.037765280355,
    3.596201301326E-02));
#7435 = CARTESIAN_POINT('',(12.613985069276,-1.034013095733,
    9.522061623068E-02));
#7436 = CARTESIAN_POINT('',(12.609892604367,-1.026320503783,
    0.154071182607));
#7437 = CARTESIAN_POINT('',(12.605800106555,-1.014738863829,
    0.212201212005));
#7438 = CARTESIAN_POINT('',(12.595487413671,-0.975961336657,
    0.356099052394));
#7439 = CARTESIAN_POINT('',(12.58926657219,-0.943774994078,
    0.440532405969));
#7440 = CARTESIAN_POINT('',(12.583046266531,-0.903081178883,
    0.521518549496));
#7441 = CARTESIAN_POINT('',(12.576826301834,-0.854335303634,
    0.598037021785));
#7442 = CARTESIAN_POINT('',(12.570606047436,-0.798137345155,
    0.669146084525));
#7443 = CARTESIAN_POINT('',(12.564385285067,-0.735219651405,
    0.734001813205));
#7444 = CARTESIAN_POINT('',(12.551206586942,-0.589505472083,
    0.856633827903));
#7445 = CARTESIAN_POINT('',(12.544246967706,-0.505215341857,
    0.912673572283));
#7446 = CARTESIAN_POINT('',(12.537288035395,-0.414778074477,
    0.958980859718));
#7447 = CARTESIAN_POINT('',(12.530329534963,-0.319551471259,
    0.994772274554));
#7448 = CARTESIAN_POINT('',(12.523370543029,-0.221001948279,
    1.019496607934));
#7449 = CARTESIAN_POINT('',(12.516410855888,-0.120667260951,
    1.032848908597));
#7450 = CARTESIAN_POINT('',(12.500527535866,0.108824424938,
    1.037312254802));
#7451 = CARTESIAN_POINT('',(12.491599222875,0.238193537903,
    1.021073976846));
#7452 = CARTESIAN_POINT('',(12.482674135038,0.364613595262,0.98599592669
    ));
#7453 = CARTESIAN_POINT('',(12.473750531542,0.484812646847,
    0.932784744032));
#7454 = CARTESIAN_POINT('',(12.464825503143,0.59576968553,0.862778018403
    ));
#7455 = CARTESIAN_POINT('',(12.45589722296,0.694762242354,0.777922749223
    ));
#7456 = CARTESIAN_POINT('',(12.439614645437,0.849534581781,
    0.600683361793));
#7457 = CARTESIAN_POINT('',(12.432255318892,0.90988736584,0.51219401304)
  );
#7458 = CARTESIAN_POINT('',(12.424896908527,0.959417366585,0.41671053174
    ));
#7459 = CARTESIAN_POINT('',(12.417539114577,0.997185387183,
    0.315833224822));
#7460 = CARTESIAN_POINT('',(12.410180716146,1.02254115012,0.211298852332
    ));
#7461 = CARTESIAN_POINT('',(12.402821403217,1.035141858897,
    0.104931158185));
#7462 = CARTESIAN_POINT('',(12.391631868856,1.034923375024,
    -5.677172688266E-02));
#7463 = CARTESIAN_POINT('',(12.387800117723,1.031392242802,
    -0.112141093756));
#7464 = CARTESIAN_POINT('',(12.383968434238,1.024405152401,
    -0.167246300095));
#7465 = CARTESIAN_POINT('',(12.38013679377,1.013986819371,
    -0.221828715888));
#7466 = CARTESIAN_POINT('',(12.376305132989,1.00018593806,
    -0.275633278564));
#7467 = CARTESIAN_POINT('',(12.372473427172,0.983074801627,
    -0.328410457228));
#7468 = CARTESIAN_POINT('',(12.364405321081,0.94027576224,
    -0.436867393841));
#7469 = CARTESIAN_POINT('',(12.360168776575,0.913871916739,
    -0.492266821047));
#7470 = CARTESIAN_POINT('',(12.355932279998,0.883666623708,
    -0.545788991506));
#7471 = CARTESIAN_POINT('',(12.351695805293,0.849822058483,
    -0.597122159367));
#7472 = CARTESIAN_POINT('',(12.347459272346,0.812531522025,
    -0.64597310371));
#7473 = CARTESIAN_POINT('',(12.343222665012,0.772017629376,
    -0.692069892318));
#7474 = CARTESIAN_POINT('',(12.333666184153,0.673921942159,
    -0.78928047632));
#7475 = CARTESIAN_POINT('',(12.328345943479,0.614620617868,
    -0.838666485494));
#7476 = CARTESIAN_POINT('',(12.323025950479,0.551123484553,
    -0.882830047905));
#7477 = CARTESIAN_POINT('',(12.317706131908,0.483986012842,
    -0.921348782068));
#7478 = CARTESIAN_POINT('',(12.312386201314,0.413812999231,
    -0.953875771268));
#7479 = CARTESIAN_POINT('',(12.307066042462,0.341249380629,
    -0.980144784741));
#7480 = CARTESIAN_POINT('',(12.299076793007,0.229701686862,
    -1.009925615472));
#7481 = CARTESIAN_POINT('',(12.296407481527,0.19199941344,
    -1.018255222811));
#7482 = CARTESIAN_POINT('',(12.293738150529,0.153949362907,
    -1.024941662163));
#7483 = CARTESIAN_POINT('',(12.2910688119,0.115637385591,-1.029967915811
    ));
#7484 = CARTESIAN_POINT('',(12.288399497188,7.71500478775E-02,
    -1.033322607012));
#7485 = CARTESIAN_POINT('',(12.285730257608,3.857463220204E-02,
    -1.035000000003));
#7486 = CARTESIAN_POINT('',(12.28306116404,-8.629440444441E-07,
    -1.035000000003));
#7487 = ORIENTED_EDGE('',*,*,#7488,.F.);
#7488 = EDGE_CURVE('',#7264,#7404,#7489,.T.);
#7489 = LINE('',#7490,#7491);
#7490 = CARTESIAN_POINT('',(20.,0.,-1.035));
#7491 = VECTOR('',#7492,1.);
#7492 = DIRECTION('',(-1.,0.,6.661338147751E-17));
#7493 = CYLINDRICAL_SURFACE('',#7494,1.035);
#7494 = AXIS2_PLACEMENT_3D('',#7495,#7496,#7497);
#7495 = CARTESIAN_POINT('',(20.,0.,0.));
#7496 = DIRECTION('',(-1.,-0.,-0.));
#7497 = DIRECTION('',(0.,0.,-1.));
#7498 = ADVANCED_FACE('',(#7499),#7534,.F.);
#7499 = FACE_BOUND('',#7500,.F.);
#7500 = EDGE_LOOP('',(#7501,#7527,#7528,#7529));
#7501 = ORIENTED_EDGE('',*,*,#7502,.F.);
#7502 = EDGE_CURVE('',#7080,#7503,#7505,.T.);
#7503 = VERTEX_POINT('',#7504);
#7504 = CARTESIAN_POINT('',(12.153124257622,4.253492229405E-08,
    -1.260018773805));
#7505 = B_SPLINE_CURVE_WITH_KNOTS('',11,(#7506,#7507,#7508,#7509,#7510,
    #7511,#7512,#7513,#7514,#7515,#7516,#7517,#7518,#7519,#7520,#7521,
    #7522,#7523,#7524,#7525,#7526),.UNSPECIFIED.,.F.,.F.,(12,9,12),(0.,
    3.149639566854,6.299279133707),.UNSPECIFIED.);
#7506 = CARTESIAN_POINT('',(12.603124298901,4.016979415766E-08,
    -1.260017730817));
#7507 = CARTESIAN_POINT('',(12.582669727587,-0.359859714295,
    -1.2600183957));
#7508 = CARTESIAN_POINT('',(12.562214956882,-0.719718356347,
    -1.146995092354));
#7509 = CARTESIAN_POINT('',(12.541761065429,-1.040132012523,
    -0.920799734853));
#7510 = CARTESIAN_POINT('',(12.521306010908,-1.281559031867,
    -0.597221571748));
#7511 = CARTESIAN_POINT('',(12.500851236017,-1.411659533845,
    -0.206980398407));
#7512 = CARTESIAN_POINT('',(12.480397217085,-1.41160779027,
    0.206973248876));
#7513 = CARTESIAN_POINT('',(12.459942439362,-1.281596331864,
    0.59719582886));
#7514 = CARTESIAN_POINT('',(12.43948792777,-1.040116653563,
    0.920862470593));
#7515 = CARTESIAN_POINT('',(12.419033362119,-0.719720349306,
    1.146965343204));
#7516 = CARTESIAN_POINT('',(12.378124278262,-8.960989847232E-09,
    1.373068628825));
#7517 = CARTESIAN_POINT('',(12.337215194405,0.719720231603,
    1.146965025586));
#7518 = CARTESIAN_POINT('',(12.316760643825,1.040116424991,
    0.920861339512));
#7519 = CARTESIAN_POINT('',(12.296306057937,1.281593419406,
    0.597204051589));
#7520 = CARTESIAN_POINT('',(12.275851445232,1.411628401493,
    0.206963398829));
#7521 = CARTESIAN_POINT('',(12.255397214655,1.411620459818,
    -0.206981759031));
#7522 = CARTESIAN_POINT('',(12.234942604955,1.281587357097,
    -0.597202130746));
#7523 = CARTESIAN_POINT('',(12.214487475943,1.040125821672,
    -0.920824703452));
#7524 = CARTESIAN_POINT('',(12.194033599662,0.71971802117,
    -1.146983491838));
#7525 = CARTESIAN_POINT('',(12.173578828939,0.359859797,-1.260018108247)
  );
#7526 = CARTESIAN_POINT('',(12.153124257622,4.253492713602E-08,
    -1.260018773805));
#7527 = ORIENTED_EDGE('',*,*,#7107,.T.);
#7528 = ORIENTED_EDGE('',*,*,#7403,.T.);
#7529 = ORIENTED_EDGE('',*,*,#7530,.F.);
#7530 = EDGE_CURVE('',#7503,#7404,#7531,.T.);
#7531 = B_SPLINE_CURVE_WITH_KNOTS('',1,(#7532,#7533),.UNSPECIFIED.,.F.,
  .F.,(2,2),(0.,0.39175),.PIECEWISE_BEZIER_KNOTS.);
#7532 = CARTESIAN_POINT('',(12.153124257622,4.253492780215E-08,
    -1.260018773805));
#7533 = CARTESIAN_POINT('',(12.3490244198,-1.399151719483E-06,
    -0.92076785051));
#7534 = B_SPLINE_SURFACE_WITH_KNOTS('',1,9,(
    (#7535,#7536,#7537,#7538,#7539,#7540,#7541,#7542,#7543,#7544,#7545
      ,#7546,#7547,#7548,#7549,#7550,#7551,#7552,#7553,#7554,#7555,#7556
      ,#7557,#7558,#7559,#7560,#7561,#7562,#7563,#7564,#7565)
    ,(#7566,#7567,#7568,#7569,#7570,#7571,#7572,#7573,#7574,#7575,#7576
      ,#7577,#7578,#7579,#7580,#7581,#7582,#7583,#7584,#7585,#7586,#7587
      ,#7588,#7589,#7590,#7591,#7592,#7593,#7594,#7595,#7596
  )),.UNSPECIFIED.,.F.,.F.,.F.,(2,2),(10,7,7,7,10),(0.,0.39175),(0.,
    1.574819783427,3.149639566854,4.72445935028,6.299279133707),
  .UNSPECIFIED.);
#7535 = CARTESIAN_POINT('',(12.603124298901,4.016979437971E-08,
    -1.260017730817));
#7536 = CARTESIAN_POINT('',(12.590624283098,-0.219914254226,
    -1.260018137135));
#7537 = CARTESIAN_POINT('',(12.578124191139,-0.439828123741,
    -1.216849666698));
#7538 = CARTESIAN_POINT('',(12.565624285334,-0.650056127745,
    -1.130476751785));
#7539 = CARTESIAN_POINT('',(12.55312433169,-0.840900824392,
    -1.003467586152));
#7540 = CARTESIAN_POINT('',(12.540624307895,-1.003472256608,
    -0.840897732339));
#7541 = CARTESIAN_POINT('',(12.528124284153,-1.130478034986,
    -0.650052934373));
#7542 = CARTESIAN_POINT('',(12.515624267726,-1.216838086181,
    -0.439830240304));
#7543 = CARTESIAN_POINT('',(12.490624259746,-1.303198735589,
    -2.367342305099E-06));
#7544 = CARTESIAN_POINT('',(12.46562427958,-1.216838326543,
    0.439828978961));
#7545 = CARTESIAN_POINT('',(12.45312429201,-1.130478002434,0.6500554101)
  );
#7546 = CARTESIAN_POINT('',(12.440624292831,-1.003473700687,
    0.84090297601));
#7547 = CARTESIAN_POINT('',(12.428124283148,-0.840900662262,
    1.003475703731));
#7548 = CARTESIAN_POINT('',(12.415624274518,-0.650053985711,
    1.130478707282));
#7549 = CARTESIAN_POINT('',(12.403124273952,-0.439829109823,
    1.216837526425));
#7550 = CARTESIAN_POINT('',(12.378124278262,-2.437856462717E-08,
    1.303196383845));
#7551 = CARTESIAN_POINT('',(12.353124282571,0.439829022955,
    1.216837332325));
#7552 = CARTESIAN_POINT('',(12.340624282006,0.650053835268,
    1.130478528423));
#7553 = CARTESIAN_POINT('',(12.328124273376,0.840900633942,
    1.003476070144));
#7554 = CARTESIAN_POINT('',(12.315624263692,1.003474128478,
    0.840903616118));
#7555 = CARTESIAN_POINT('',(12.303124264514,1.130478613298,
    0.650055759277));
#7556 = CARTESIAN_POINT('',(12.290624276944,1.216838337937,
    0.439829105662));
#7557 = CARTESIAN_POINT('',(12.265624296777,1.303197819961,
    -2.292540180621E-06));
#7558 = CARTESIAN_POINT('',(12.240624288797,1.216837568928,
    -0.439830113602));
#7559 = CARTESIAN_POINT('',(12.228124272376,1.130477733654,
    -0.650053420857));
#7560 = CARTESIAN_POINT('',(12.215624248612,1.003475097535,
    -0.840896744979));
#7561 = CARTESIAN_POINT('',(12.203124224861,0.840902051543,
    -1.00347129841));
#7562 = CARTESIAN_POINT('',(12.190624271165,0.650054616958,
    -1.130476916586));
#7563 = CARTESIAN_POINT('',(12.178124365394,0.439828046838,
    -1.216845270784));
#7564 = CARTESIAN_POINT('',(12.165624273426,0.21991433693,
    -1.260018367075));
#7565 = CARTESIAN_POINT('',(12.153124257622,4.253492780215E-08,
    -1.260018773805));
#7566 = CARTESIAN_POINT('',(12.799023063209,-1.321424769607E-06,
    -0.920766000327));
#7567 = CARTESIAN_POINT('',(12.786523582581,-0.160717855332,
    -0.920766478086));
#7568 = CARTESIAN_POINT('',(12.774026604804,-0.321398747095,
    -0.889220501396));
#7569 = CARTESIAN_POINT('',(12.761523508861,-0.475027642089,
    -0.826110697342));
#7570 = CARTESIAN_POINT('',(12.74902198567,-0.614496958785,
    -0.73328988481));
#7571 = CARTESIAN_POINT('',(12.736522767847,-0.733296949363,
    -0.614485142596));
#7572 = CARTESIAN_POINT('',(12.724023547809,-0.826104384173,
    -0.475028898903));
#7573 = CARTESIAN_POINT('',(12.711524087744,-0.889213458739,
    -0.321407517781));
#7574 = CARTESIAN_POINT('',(12.686524349995,-0.952321839863,
    -9.999282630641E-07));
#7575 = CARTESIAN_POINT('',(12.661523698204,-0.889212342244,
    0.321409967811));
#7576 = CARTESIAN_POINT('',(12.649023289712,-0.826103058289,
    0.475035244457));
#7577 = CARTESIAN_POINT('',(12.636523262677,-0.733293139798,
    0.614497196699));
#7578 = CARTESIAN_POINT('',(12.624023580954,-0.614492981265,
    0.733296804587));
#7579 = CARTESIAN_POINT('',(12.611523864548,-0.475032148256,
    0.826104892397));
#7580 = CARTESIAN_POINT('',(12.59902388313,-0.321408453952,
    0.889212391547));
#7581 = CARTESIAN_POINT('',(12.574023741506,1.4395272654E-06,
    0.952319440475));
#7582 = CARTESIAN_POINT('',(12.549023599881,0.321411068886,
    0.889211046371));
#7583 = CARTESIAN_POINT('',(12.536523618464,0.475034453898,
    0.826103095873));
#7584 = CARTESIAN_POINT('',(12.524023902057,0.614495214536,
    0.733295541031));
#7585 = CARTESIAN_POINT('',(12.511524220333,0.733295812215,
    0.614496048698));
#7586 = CARTESIAN_POINT('',(12.499024193301,0.826105621163,
    0.475033291359));
#7587 = CARTESIAN_POINT('',(12.48652378481,0.889213363322,0.321407423541
    ));
#7588 = CARTESIAN_POINT('',(12.461523133016,0.952320215609,
    -3.832783528318E-06));
#7589 = CARTESIAN_POINT('',(12.436523395266,0.889211540297,
    -0.32141006205));
#7590 = CARTESIAN_POINT('',(12.424023935165,0.826104373449,
    -0.475031150265));
#7591 = CARTESIAN_POINT('',(12.41152471525,0.733294924603,
    -0.614488719493));
#7592 = CARTESIAN_POINT('',(12.399025497273,0.614502002955,
    -0.733295338678));
#7593 = CARTESIAN_POINT('',(12.386523974158,0.475020386552,
    -0.826113653151));
#7594 = CARTESIAN_POINT('',(12.374020878222,0.321395841605,
    -0.889213704325));
#7595 = CARTESIAN_POINT('',(12.361523900431,0.160715134756,
    -0.920767386312));
#7596 = CARTESIAN_POINT('',(12.3490244198,-1.399151719483E-06,
    -0.92076785051));
#7597 = ADVANCED_FACE('',(#7598),#7639,.F.);
#7598 = FACE_BOUND('',#7599,.F.);
#7599 = EDGE_LOOP('',(#7600,#7632,#7633,#7634));
#7600 = ORIENTED_EDGE('',*,*,#7601,.F.);
#7601 = EDGE_CURVE('',#7179,#7602,#7604,.T.);
#7602 = VERTEX_POINT('',#7603);
#7603 = CARTESIAN_POINT('',(12.096874257776,4.252610941046E-08,
    -1.260014601842));
#7604 = B_SPLINE_CURVE_WITH_KNOTS('',8,(#7605,#7606,#7607,#7608,#7609,
    #7610,#7611,#7612,#7613,#7614,#7615,#7616,#7617,#7618,#7619,#7620,
    #7621,#7622,#7623,#7624,#7625,#7626,#7627,#7628,#7629,#7630,#7631),
  .UNSPECIFIED.,.F.,.F.,(9,6,6,6,9),(0.,1.574819783427,3.149639566854,
    4.72445935028,6.299279133707),.UNSPECIFIED.);
#7605 = CARTESIAN_POINT('',(12.546874299039,4.016193422274E-08,
    -1.26001379063));
#7606 = CARTESIAN_POINT('',(12.532811781268,-0.247402744796,
    -1.260014147908));
#7607 = CARTESIAN_POINT('',(12.51874916562,-0.494804960541,
    -1.204511297595));
#7608 = CARTESIAN_POINT('',(12.504686845408,-0.727678289332,
    -1.093454149688));
#7609 = CARTESIAN_POINT('',(12.490624320941,-0.931474270565,
    -0.931472982208));
#7610 = CARTESIAN_POINT('',(12.476561791886,-1.093463094842,
    -0.727672714216));
#7611 = CARTESIAN_POINT('',(12.462499269122,-1.204496921106,
    -0.494807094465));
#7612 = CARTESIAN_POINT('',(12.434374257914,-1.315531607006,
    -2.617538242053E-06));
#7613 = CARTESIAN_POINT('',(12.406249282452,-1.204497264803,
    0.494806341579));
#7614 = CARTESIAN_POINT('',(12.392186796999,-1.093463021542,
    0.727676851379));
#7615 = CARTESIAN_POINT('',(12.378124289751,-0.931476526132,
    0.931479118138));
#7616 = CARTESIAN_POINT('',(12.364061775218,-0.727674751255,
    1.093464245459));
#7617 = CARTESIAN_POINT('',(12.349999273562,-0.49480615157,
    1.204496639826));
#7618 = CARTESIAN_POINT('',(12.321874278408,-2.642942856371E-08,
    1.315529142558));
#7619 = CARTESIAN_POINT('',(12.293749283254,0.494806062218,1.2044964772)
  );
#7620 = CARTESIAN_POINT('',(12.279686781599,0.727674595702,
    1.093464132313));
#7621 = CARTESIAN_POINT('',(12.265624267065,0.931476584604,0.93147974369
    ));
#7622 = CARTESIAN_POINT('',(12.251561759817,1.093463669515,
    0.727677222531));
#7623 = CARTESIAN_POINT('',(12.237499274365,1.204497365785,
    0.494806463444));
#7624 = CARTESIAN_POINT('',(12.209374298902,1.315530821219,
    -2.545954198017E-06));
#7625 = CARTESIAN_POINT('',(12.181249287694,1.204496573945,-0.4948069726
    ));
#7626 = CARTESIAN_POINT('',(12.167186764925,1.093463063207,
    -0.727672655104));
#7627 = CARTESIAN_POINT('',(12.153124235892,0.931477887517,
    -0.931473666381));
#7628 = CARTESIAN_POINT('',(12.139061711388,0.727676458196,
    -1.093457206459));
#7629 = CARTESIAN_POINT('',(12.124999391205,0.494804882813,
    -1.20450686596));
#7630 = CARTESIAN_POINT('',(12.110936775549,0.247402827484,-1.2600142441
    ));
#7631 = CARTESIAN_POINT('',(12.096874257776,4.252611485178E-08,
    -1.260014601842));
#7632 = ORIENTED_EDGE('',*,*,#7212,.T.);
#7633 = ORIENTED_EDGE('',*,*,#7502,.T.);
#7634 = ORIENTED_EDGE('',*,*,#7635,.F.);
#7635 = EDGE_CURVE('',#7602,#7503,#7636,.T.);
#7636 = B_SPLINE_CURVE_WITH_KNOTS('',1,(#7637,#7638),.UNSPECIFIED.,.F.,
  .F.,(2,2),(0.,5.625E-02),.PIECEWISE_BEZIER_KNOTS.);
#7637 = CARTESIAN_POINT('',(12.096874257776,4.252611462974E-08,
    -1.260014601842));
#7638 = CARTESIAN_POINT('',(12.153124257622,4.253492713602E-08,
    -1.260018773805));
#7639 = B_SPLINE_SURFACE_WITH_KNOTS('',1,11,(
    (#7640,#7641,#7642,#7643,#7644,#7645,#7646,#7647,#7648,#7649,#7650
      ,#7651,#7652,#7653,#7654,#7655,#7656,#7657,#7658,#7659,#7660)
    ,(#7661,#7662,#7663,#7664,#7665,#7666,#7667,#7668,#7669,#7670,#7671
      ,#7672,#7673,#7674,#7675,#7676,#7677,#7678,#7679,#7680,#7681
  )),.UNSPECIFIED.,.F.,.F.,.F.,(2,2),(12,9,12),(0.,5.625E-02),(0.,
    3.149639566854,6.299279133707),.UNSPECIFIED.);
#7640 = CARTESIAN_POINT('',(12.546874299039,4.016193422274E-08,
    -1.26001379063));
#7641 = CARTESIAN_POINT('',(12.526419727735,-0.359858556141,
    -1.260014310308));
#7642 = CARTESIAN_POINT('',(12.505964957119,-0.719715993319,
    -1.146990116344));
#7643 = CARTESIAN_POINT('',(12.485511065415,-1.040127759443,
    -0.92079949988));
#7644 = CARTESIAN_POINT('',(12.465056011066,-1.281558877329,
    -0.59721770659));
#7645 = CARTESIAN_POINT('',(12.444601236319,-1.411649167639,
    -0.206979521045));
#7646 = CARTESIAN_POINT('',(12.424147217124,-1.411607016818,
    0.206971104696));
#7647 = CARTESIAN_POINT('',(12.403692439528,-1.281591058855,
    0.597195020021));
#7648 = CARTESIAN_POINT('',(12.383237927908,-1.040113497469,
    0.920859319712));
#7649 = CARTESIAN_POINT('',(12.362783362268,-0.719718027795,
    1.146961610509));
#7650 = CARTESIAN_POINT('',(12.321874278408,-1.697447379955E-08,
    1.373064208835));
#7651 = CARTESIAN_POINT('',(12.280965194548,0.719717919533,
    1.146961373961));
#7652 = CARTESIAN_POINT('',(12.260510643973,1.040113554482,
    0.920858559817));
#7653 = CARTESIAN_POINT('',(12.240056058091,1.281587809799,
    0.597201022919));
#7654 = CARTESIAN_POINT('',(12.219601445431,1.41162478601,0.206964198465
    ));
#7655 = CARTESIAN_POINT('',(12.199147214713,1.411617038498,
    -0.206981293074));
#7656 = CARTESIAN_POINT('',(12.178692605039,1.281581891864,
    -0.597202155916));
#7657 = CARTESIAN_POINT('',(12.158237476272,1.040122709547,
    -0.920819009407));
#7658 = CARTESIAN_POINT('',(12.137783599714,0.719715749341,
    -1.146981083237));
#7659 = CARTESIAN_POINT('',(12.117328829082,0.359858638829,
    -1.26001408149));
#7660 = CARTESIAN_POINT('',(12.096874257776,4.252611462974E-08,
    -1.260014601842));
#7661 = CARTESIAN_POINT('',(12.603124298901,4.016979415766E-08,
    -1.260017730817));
#7662 = CARTESIAN_POINT('',(12.582669727587,-0.359859714295,
    -1.2600183957));
#7663 = CARTESIAN_POINT('',(12.562214956882,-0.719718356347,
    -1.146995092354));
#7664 = CARTESIAN_POINT('',(12.541761065429,-1.040132012523,
    -0.920799734853));
#7665 = CARTESIAN_POINT('',(12.521306010908,-1.281559031867,
    -0.597221571748));
#7666 = CARTESIAN_POINT('',(12.500851236017,-1.411659533845,
    -0.206980398407));
#7667 = CARTESIAN_POINT('',(12.480397217085,-1.41160779027,
    0.206973248876));
#7668 = CARTESIAN_POINT('',(12.459942439362,-1.281596331864,
    0.59719582886));
#7669 = CARTESIAN_POINT('',(12.43948792777,-1.040116653563,
    0.920862470593));
#7670 = CARTESIAN_POINT('',(12.419033362119,-0.719720349306,
    1.146965343204));
#7671 = CARTESIAN_POINT('',(12.378124278262,-8.960989847232E-09,
    1.373068628825));
#7672 = CARTESIAN_POINT('',(12.337215194405,0.719720231603,
    1.146965025586));
#7673 = CARTESIAN_POINT('',(12.316760643825,1.040116424991,
    0.920861339512));
#7674 = CARTESIAN_POINT('',(12.296306057937,1.281593419406,
    0.597204051589));
#7675 = CARTESIAN_POINT('',(12.275851445232,1.411628401493,
    0.206963398829));
#7676 = CARTESIAN_POINT('',(12.255397214655,1.411620459818,
    -0.206981759031));
#7677 = CARTESIAN_POINT('',(12.234942604955,1.281587357097,
    -0.597202130746));
#7678 = CARTESIAN_POINT('',(12.214487475943,1.040125821672,
    -0.920824703452));
#7679 = CARTESIAN_POINT('',(12.194033599662,0.71971802117,
    -1.146983491838));
#7680 = CARTESIAN_POINT('',(12.173578828939,0.359859797,-1.260018108247)
  );
#7681 = CARTESIAN_POINT('',(12.153124257622,4.253492713602E-08,
    -1.260018773805));
#7682 = ADVANCED_FACE('',(#7683),#7777,.F.);
#7683 = FACE_BOUND('',#7684,.F.);
#7684 = EDGE_LOOP('',(#7685,#7770,#7771,#7772));
#7685 = ORIENTED_EDGE('',*,*,#7686,.F.);
#7686 = EDGE_CURVE('',#7264,#7687,#7689,.T.);
#7687 = VERTEX_POINT('',#7688);
#7688 = CARTESIAN_POINT('',(11.966984267792,-4.568293411576E-07,
    -1.035000000002));
#7689 = B_SPLINE_CURVE_WITH_KNOTS('',7,(#7690,#7691,#7692,#7693,#7694,
    #7695,#7696,#7697,#7698,#7699,#7700,#7701,#7702,#7703,#7704,#7705,
    #7706,#7707,#7708,#7709,#7710,#7711,#7712,#7713,#7714,#7715,#7716,
    #7717,#7718,#7719,#7720,#7721,#7722,#7723,#7724,#7725,#7726,#7727,
    #7728,#7729,#7730,#7731,#7732,#7733,#7734,#7735,#7736,#7737,#7738,
    #7739,#7740,#7741,#7742,#7743,#7744,#7745,#7746,#7747,#7748,#7749,
    #7750,#7751,#7752,#7753,#7754,#7755,#7756,#7757,#7758,#7759,#7760,
    #7761,#7762,#7763,#7764,#7765,#7766,#7767,#7768,#7769),
  .UNSPECIFIED.,.F.,.F.,(8,6,6,6,6,6,6,6,6,6,6,6,6,8),(0.,
    3.534305665368E-02,0.135264937867,0.271072160007,0.383794158029,
    0.445796831255,0.49379922606,0.54371106108,0.632713315388,
    0.736004630805,0.871855638799,0.892473021242,0.955071384114,1.),
  .UNSPECIFIED.);
#7690 = CARTESIAN_POINT('',(12.416983541218,-8.628993124482E-07,
    -1.035000000003));
#7691 = CARTESIAN_POINT('',(12.414711735333,-3.283390453869E-02,
    -1.035000000003));
#7692 = CARTESIAN_POINT('',(12.412439758494,-6.566680486084E-02,
    -1.033784845968));
#7693 = CARTESIAN_POINT('',(12.410167695678,-9.84454090188E-02,
    -1.031354586981));
#7694 = CARTESIAN_POINT('',(12.407895609907,-0.131115880124,
    -1.027712238342));
#7695 = CARTESIAN_POINT('',(12.405623542248,-0.163624699248,
    -1.022863781573));
#7696 = CARTESIAN_POINT('',(12.403351511815,-0.195918665419,
    -1.016818164409));
#7697 = CARTESIAN_POINT('',(12.394656129092,-0.318489445913,
    -0.989144204982));
#7698 = CARTESIAN_POINT('',(12.388232340796,-0.406905146985,
    -0.959224906194));
#7699 = CARTESIAN_POINT('',(12.381809492686,-0.491983637427,
    -0.920098460933));
#7700 = CARTESIAN_POINT('',(12.37538694447,-0.572583179835,
    -0.872225817381));
#7701 = CARTESIAN_POINT('',(12.368963794714,-0.647645687085,
    -0.816235249809));
#7702 = CARTESIAN_POINT('',(12.362539985722,-0.716219956395,
    -0.752908734779));
#7703 = CARTESIAN_POINT('',(12.347386812092,-0.860766818497,
    -0.588407584374));
#7704 = CARTESIAN_POINT('',(12.33865333793,-0.930596452199,
    -0.481757510057));
#7705 = CARTESIAN_POINT('',(12.329922580318,-0.984883421198,
    -0.365578092707));
#7706 = CARTESIAN_POINT('',(12.321193150264,-1.022143238665,
    -0.242623518045));
#7707 = CARTESIAN_POINT('',(12.312462599766,-1.041479043273,
    -0.115852238986));
#7708 = CARTESIAN_POINT('',(12.303729323547,-1.042596891909,
    1.162014239004E-02));
#7709 = CARTESIAN_POINT('',(12.287753127334,-1.012108804549,
    0.240474086382));
#7710 = CARTESIAN_POINT('',(12.280505650077,-0.986026114488,
    0.342659128211));
#7711 = CARTESIAN_POINT('',(12.273259055959,-0.947917319199,
    0.441459396747));
#7712 = CARTESIAN_POINT('',(12.266013038685,-0.898333986643,
    0.53519113179));
#7713 = CARTESIAN_POINT('',(12.25876645817,-0.838104101547,
    0.622289249539));
#7714 = CARTESIAN_POINT('',(12.251519037117,-0.768309163782,
    0.701350527928));
#7715 = CARTESIAN_POINT('',(12.240287361536,-0.647367876514,
    0.809603928888));
#7716 = CARTESIAN_POINT('',(12.236301666734,-0.601955904663,
    0.845232805953));
#7717 = CARTESIAN_POINT('',(12.232316054464,-0.554267404961,
    0.877880433255));
#7718 = CARTESIAN_POINT('',(12.228330500126,-0.504538290791,
    0.907373926722));
#7719 = CARTESIAN_POINT('',(12.22434493126,-0.453019989137,
    0.933564164643));
#7720 = CARTESIAN_POINT('',(12.220359317166,-0.399977345167,
    0.956327032561));
#7721 = CARTESIAN_POINT('',(12.213288143837,-0.303654640747,
    0.990458422426));
#7722 = CARTESIAN_POINT('',(12.210202505179,-0.260873848671,
    1.003239505593));
#7723 = CARTESIAN_POINT('',(12.207116868567,-0.21747201961,
    1.013862605205));
#7724 = CARTESIAN_POINT('',(12.204031223917,-0.173579940439,
    1.022292224525));
#7725 = CARTESIAN_POINT('',(12.200945549953,-0.129330652801,
    1.028502810424));
#7726 = CARTESIAN_POINT('',(12.197859839101,-8.485879002555E-02,
    1.032478881272));
#7727 = CARTESIAN_POINT('',(12.191565661984,6.031425802001E-03,
    1.036020493903));
#7728 = CARTESIAN_POINT('',(12.188357153497,5.245744356454E-02,
    1.035404323606));
#7729 = CARTESIAN_POINT('',(12.185148634217,9.882570569101E-02,
    1.032360703524));
#7730 = CARTESIAN_POINT('',(12.181940100193,0.144983957384,
    1.026895667662));
#7731 = CARTESIAN_POINT('',(12.178731534934,0.190780938109,
    1.019027127171));
#7732 = CARTESIAN_POINT('',(12.175522938104,0.236067197103,
    1.008784773081));
#7733 = CARTESIAN_POINT('',(12.166592841516,0.36027735389,0.973786739769
    ));
#7734 = CARTESIAN_POINT('',(12.160870900009,0.437774595681,
    0.943945052737));
#7735 = CARTESIAN_POINT('',(12.155149259133,0.512347432284,
    0.906919747759));
#7736 = CARTESIAN_POINT('',(12.149427854122,0.583202275242,
    0.863063318967));
#7737 = CARTESIAN_POINT('',(12.143706336587,0.649601311088,
    0.812832458057));
#7738 = CARTESIAN_POINT('',(12.137984600044,0.710875132397,
    0.756780226783));
#7739 = CARTESIAN_POINT('',(12.125623505405,0.830923140783,
    0.624497791412));
#7740 = CARTESIAN_POINT('',(12.118982927474,0.887730292312,
    0.546457768129));
#7741 = CARTESIAN_POINT('',(12.112343025045,0.935936500867,
    0.462445094265));
#7742 = CARTESIAN_POINT('',(12.105703495743,0.974808290508,
    0.373605892861));
#7743 = CARTESIAN_POINT('',(12.09906349801,1.003800529756,0.281185941402
    ));
#7744 = CARTESIAN_POINT('',(12.092422807865,1.022569083129,
    0.186501832185));
#7745 = CARTESIAN_POINT('',(12.077050018488,1.042084095658,
    -3.479487716879E-02));
#7746 = CARTESIAN_POINT('',(12.068313714762,1.035290867433,
    -0.162132895079));
#7747 = CARTESIAN_POINT('',(12.059580285951,1.010317088713,
    -0.287958408076));
#7748 = CARTESIAN_POINT('',(12.050848086719,0.967595658806,
    -0.409168946081));
#7749 = CARTESIAN_POINT('',(12.04211516842,0.908155383674,
    -0.522846344643));
#7750 = CARTESIAN_POINT('',(12.033379427597,0.833603823776,
    -0.626302651095));
#7751 = CARTESIAN_POINT('',(12.02332126663,0.732869421658,
    -0.731090267946));
#7752 = CARTESIAN_POINT('',(12.021995922565,0.719297833067,
    -0.744611272562));
#7753 = CARTESIAN_POINT('',(12.020670568196,0.705435573121,
    -0.757837985179));
#7754 = CARTESIAN_POINT('',(12.019345203037,0.691290314976,
    -0.770762923929));
#7755 = CARTESIAN_POINT('',(12.018019826832,0.676869965415,
    -0.783378863714));
#7756 = CARTESIAN_POINT('',(12.016694439548,0.662182664852,
    -0.795678836213));
#7757 = CARTESIAN_POINT('',(12.011344876046,0.601858210936,
    -0.844021511221));
#7758 = CARTESIAN_POINT('',(12.00732054669,0.554095090039,
    -0.877412907231));
#7759 = CARTESIAN_POINT('',(12.003296163464,0.504182764347,
    -0.907641705704));
#7760 = CARTESIAN_POINT('',(11.99927176855,0.452373591352,-0.93454369287
    ));
#7761 = CARTESIAN_POINT('',(11.995247396034,0.398934636343,
    -0.957980232131));
#7762 = CARTESIAN_POINT('',(11.991223131779,0.344145362425,
    -0.97783944281));
#7763 = CARTESIAN_POINT('',(11.98431106446,0.248210165509,
    -1.005663095838));
#7764 = CARTESIAN_POINT('',(11.981423063176,0.207577906451,
    -1.01540298156));
#7765 = CARTESIAN_POINT('',(11.978535207222,0.166505300813,
    -1.023226077863));
#7766 = CARTESIAN_POINT('',(11.975647499626,0.125100898213,
    -1.029109068606));
#7767 = CARTESIAN_POINT('',(11.97275988463,8.347455708741E-02,
    -1.03303633318));
#7768 = CARTESIAN_POINT('',(11.969872223663,4.173696135884E-02,
    -1.035000000003));
#7769 = CARTESIAN_POINT('',(11.966984271304,-8.62899351306E-07,
    -1.035000000003));
#7770 = ORIENTED_EDGE('',*,*,#7338,.T.);
#7771 = ORIENTED_EDGE('',*,*,#7601,.T.);
#7772 = ORIENTED_EDGE('',*,*,#7773,.F.);
#7773 = EDGE_CURVE('',#7687,#7602,#7774,.T.);
#7774 = B_SPLINE_CURVE_WITH_KNOTS('',1,(#7775,#7776),.UNSPECIFIED.,.F.,
  .F.,(2,2),(0.,0.39175),.PIECEWISE_BEZIER_KNOTS.);
#7775 = CARTESIAN_POINT('',(11.901024421032,-1.399221909337E-06,
    -0.920734623144));
#7776 = CARTESIAN_POINT('',(12.096874257776,4.252611485178E-08,
    -1.260014601842));
#7777 = B_SPLINE_SURFACE_WITH_KNOTS('',1,8,(
    (#7778,#7779,#7780,#7781,#7782,#7783,#7784,#7785,#7786,#7787,#7788
      ,#7789,#7790,#7791,#7792,#7793,#7794,#7795,#7796,#7797,#7798,#7799
      ,#7800,#7801,#7802,#7803,#7804)
    ,(#7805,#7806,#7807,#7808,#7809,#7810,#7811,#7812,#7813,#7814,#7815
      ,#7816,#7817,#7818,#7819,#7820,#7821,#7822,#7823,#7824,#7825,#7826
      ,#7827,#7828,#7829,#7830,#7831
    )),.UNSPECIFIED.,.F.,.F.,.F.,(2,2),(9,6,6,6,9),(0.,0.39175),(0.,
    1.574819783427,3.149639566854,4.72445935028,6.299279133707),
  .UNSPECIFIED.);
#7778 = CARTESIAN_POINT('',(12.351023064308,-1.321487371198E-06,
    -0.920734618926));
#7779 = CARTESIAN_POINT('',(12.336961148657,-0.18080108055,
    -0.920734361324));
#7780 = CARTESIAN_POINT('',(12.322902451267,-0.361554831307,
    -0.880171461184));
#7781 = CARTESIAN_POINT('',(12.308834039389,-0.53173679304,
    -0.799037871369));
#7782 = CARTESIAN_POINT('',(12.294772344482,-0.680668599307,
    -0.680648860975));
#7783 = CARTESIAN_POINT('',(12.280710799441,-0.799029468627,
    -0.531733060086));
#7784 = CARTESIAN_POINT('',(12.266649047997,-0.880166652814,
    -0.361570558058));
#7785 = CARTESIAN_POINT('',(12.238524416515,-0.961302780842,
    -1.334503693038E-06));
#7786 = CARTESIAN_POINT('',(12.21039860972,-0.880165980469,
    0.361573741469));
#7787 = CARTESIAN_POINT('',(12.196335631388,-0.799028989744,
    0.531741362075));
#7788 = CARTESIAN_POINT('',(12.182273369721,-0.680658920181,
    0.680663972955));
#7789 = CARTESIAN_POINT('',(12.16821134758,-0.531737124478,
    0.799030577683));
#7790 = CARTESIAN_POINT('',(12.154148902014,-0.361571995491,
    0.880165983809));
#7791 = CARTESIAN_POINT('',(12.126023742671,1.420378117931E-06,
    0.961301101566));
#7792 = CARTESIAN_POINT('',(12.097898583327,0.361574596273,
    0.880164914391));
#7793 = CARTESIAN_POINT('',(12.083836137761,0.531739485134,
    0.799029005617));
#7794 = CARTESIAN_POINT('',(12.069774115619,0.68066093212,0.680661964572
    ));
#7795 = CARTESIAN_POINT('',(12.055711853954,0.799030564594,
    0.531739002546));
#7796 = CARTESIAN_POINT('',(12.041648875622,0.880167049576,
    0.361571140858));
#7797 = CARTESIAN_POINT('',(12.013523068826,0.961302776757,
    -4.175165707185E-06));
#7798 = CARTESIAN_POINT('',(11.985398437343,0.880165582417,
    -0.361573158667));
#7799 = CARTESIAN_POINT('',(11.971336685899,0.799027896969,
    -0.531735421244));
#7800 = CARTESIAN_POINT('',(11.957275140857,0.680666606424,
    -0.680650876103));
#7801 = CARTESIAN_POINT('',(11.943213445959,0.531734422192,
    -0.799039458785));
#7802 = CARTESIAN_POINT('',(11.929145034073,0.361552229607,
    -0.880172506862));
#7803 = CARTESIAN_POINT('',(11.915086336683,0.180798359841,
    -0.920734896004));
#7804 = CARTESIAN_POINT('',(11.901024421032,-1.399221909337E-06,
    -0.920734623144));
#7805 = CARTESIAN_POINT('',(12.546874299039,4.016193422274E-08,
    -1.26001379063));
#7806 = CARTESIAN_POINT('',(12.532811781268,-0.247402744796,
    -1.260014147908));
#7807 = CARTESIAN_POINT('',(12.51874916562,-0.494804960541,
    -1.204511297595));
#7808 = CARTESIAN_POINT('',(12.504686845408,-0.727678289332,
    -1.093454149688));
#7809 = CARTESIAN_POINT('',(12.490624320941,-0.931474270565,
    -0.931472982208));
#7810 = CARTESIAN_POINT('',(12.476561791886,-1.093463094842,
    -0.727672714216));
#7811 = CARTESIAN_POINT('',(12.462499269122,-1.204496921106,
    -0.494807094465));
#7812 = CARTESIAN_POINT('',(12.434374257914,-1.315531607006,
    -2.617538242053E-06));
#7813 = CARTESIAN_POINT('',(12.406249282452,-1.204497264803,
    0.494806341579));
#7814 = CARTESIAN_POINT('',(12.392186796999,-1.093463021542,
    0.727676851379));
#7815 = CARTESIAN_POINT('',(12.378124289751,-0.931476526132,
    0.931479118138));
#7816 = CARTESIAN_POINT('',(12.364061775218,-0.727674751255,
    1.093464245459));
#7817 = CARTESIAN_POINT('',(12.349999273562,-0.49480615157,
    1.204496639826));
#7818 = CARTESIAN_POINT('',(12.321874278408,-2.642942856371E-08,
    1.315529142558));
#7819 = CARTESIAN_POINT('',(12.293749283254,0.494806062218,1.2044964772)
  );
#7820 = CARTESIAN_POINT('',(12.279686781599,0.727674595702,
    1.093464132313));
#7821 = CARTESIAN_POINT('',(12.265624267065,0.931476584604,0.93147974369
    ));
#7822 = CARTESIAN_POINT('',(12.251561759817,1.093463669515,
    0.727677222531));
#7823 = CARTESIAN_POINT('',(12.237499274365,1.204497365785,
    0.494806463444));
#7824 = CARTESIAN_POINT('',(12.209374298902,1.315530821219,
    -2.545954198017E-06));
#7825 = CARTESIAN_POINT('',(12.181249287694,1.204496573945,-0.4948069726
    ));
#7826 = CARTESIAN_POINT('',(12.167186764925,1.093463063207,
    -0.727672655104));
#7827 = CARTESIAN_POINT('',(12.153124235892,0.931477887517,
    -0.931473666381));
#7828 = CARTESIAN_POINT('',(12.139061711388,0.727676458196,
    -1.093457206459));
#7829 = CARTESIAN_POINT('',(12.124999391205,0.494804882813,
    -1.20450686596));
#7830 = CARTESIAN_POINT('',(12.110936775549,0.247402827484,-1.2600142441
    ));
#7831 = CARTESIAN_POINT('',(12.096874257776,4.252611485178E-08,
    -1.260014601842));
#7832 = ADVANCED_FACE('',(#7833),#7916,.F.);
#7833 = FACE_BOUND('',#7834,.T.);
#7834 = EDGE_LOOP('',(#7835,#7836,#7837,#7910));
#7835 = ORIENTED_EDGE('',*,*,#7686,.F.);
#7836 = ORIENTED_EDGE('',*,*,#7488,.T.);
#7837 = ORIENTED_EDGE('',*,*,#7838,.T.);
#7838 = EDGE_CURVE('',#7404,#7839,#7841,.T.);
#7839 = VERTEX_POINT('',#7840);
#7840 = CARTESIAN_POINT('',(11.833062957872,-4.822370224629E-07,
    -1.035000000002));
#7841 = B_SPLINE_CURVE_WITH_KNOTS('',7,(#7842,#7843,#7844,#7845,#7846,
    #7847,#7848,#7849,#7850,#7851,#7852,#7853,#7854,#7855,#7856,#7857,
    #7858,#7859,#7860,#7861,#7862,#7863,#7864,#7865,#7866,#7867,#7868,
    #7869,#7870,#7871,#7872,#7873,#7874,#7875,#7876,#7877,#7878,#7879,
    #7880,#7881,#7882,#7883,#7884,#7885,#7886,#7887,#7888,#7889,#7890,
    #7891,#7892,#7893,#7894,#7895,#7896,#7897,#7898,#7899,#7900,#7901,
    #7902,#7903,#7904,#7905,#7906,#7907,#7908,#7909),.UNSPECIFIED.,.F.,
  .F.,(8,6,6,6,6,6,6,6,6,6,6,8),(0.,3.800332504056E-02,0.136344542379,
    0.228171721688,0.291829508351,0.390551907024,0.496556814491,
    0.635424640762,0.790218712466,0.94213287814,0.964562629258,1.),
  .UNSPECIFIED.);
#7842 = CARTESIAN_POINT('',(12.283061160528,-9.1370878752E-07,
    -1.035000000004));
#7843 = CARTESIAN_POINT('',(12.280618496447,-3.530394041088E-02,
    -1.035000000004));
#7844 = CARTESIAN_POINT('',(12.278176113337,-7.060685702318E-02,
    -1.033595136375));
#7845 = CARTESIAN_POINT('',(12.275733821969,-0.105842279328,
    -1.030785473937));
#7846 = CARTESIAN_POINT('',(12.273291488321,-0.140943284685,
    -1.026575039843));
#7847 = CARTESIAN_POINT('',(12.270849033579,-0.175843412033,
    -1.020971823583));
#7848 = CARTESIAN_POINT('',(12.268406434137,-0.210476661891,
    -1.013987776977));
#7849 = CARTESIAN_POINT('',(12.259642713515,-0.333537777549,
    -0.984034200283));
#7850 = CARTESIAN_POINT('',(12.253320207633,-0.420082414565,
    -0.953287437356));
#7851 = CARTESIAN_POINT('',(12.246997448221,-0.503264937942,
    -0.913674252605));
#7852 = CARTESIAN_POINT('',(12.240675107593,-0.582003809314,
    -0.865648984441));
#7853 = CARTESIAN_POINT('',(12.234352996079,-0.655297875992,
    -0.809821996145));
#7854 = CARTESIAN_POINT('',(12.228030744384,-0.722247694057,
    -0.746946982922));
#7855 = CARTESIAN_POINT('',(12.215806888862,-0.837954324929,
    -0.61346177105));
#7856 = CARTESIAN_POINT('',(12.209904093447,-0.887632687149,
    -0.543628059661));
#7857 = CARTESIAN_POINT('',(12.20400177283,-0.930488124716,
    -0.469140142582));
#7858 = CARTESIAN_POINT('',(12.198099625583,-0.966009065853,
    -0.39080320963));
#7859 = CARTESIAN_POINT('',(12.192197118525,-0.99380187094,
    -0.309485437435));
#7860 = CARTESIAN_POINT('',(12.186294138223,-1.013597983399,
    -0.226102192956));
#7861 = CARTESIAN_POINT('',(12.176299626364,-1.033358753603,
    -8.302614058145E-02));
#7862 = CARTESIAN_POINT('',(12.17220760551,-1.037544645233,
    -2.39083663292E-02));
#7863 = CARTESIAN_POINT('',(12.168115604228,-1.037782682123,
    3.543563106845E-02));
#7864 = CARTESIAN_POINT('',(12.164023623292,-1.034061160318,
    9.468949300827E-02));
#7865 = CARTESIAN_POINT('',(12.159931614196,-1.026399902989,
    0.153537437666));
#7866 = CARTESIAN_POINT('',(12.155839572266,-1.014850089352,
    0.211667042809));
#7867 = CARTESIAN_POINT('',(12.145401723047,-0.975679530761,
    0.357332147816));
#7868 = CARTESIAN_POINT('',(12.13905520844,-0.942707688211,0.44344003526
    ));
#7869 = CARTESIAN_POINT('',(12.132709281723,-0.900885320517,
    0.525941762207));
#7870 = CARTESIAN_POINT('',(12.126363727123,-0.850699201207,
    0.603754779751));
#7871 = CARTESIAN_POINT('',(12.120017849208,-0.792792212471,
    0.675882381551));
#7872 = CARTESIAN_POINT('',(12.113671409989,-0.727949744173,
    0.741434739006));
#7873 = CARTESIAN_POINT('',(12.100511615586,-0.581016362407,
    0.862173155706));
#7874 = CARTESIAN_POINT('',(12.093696623817,-0.497986188289,
    0.916253990977));
#7875 = CARTESIAN_POINT('',(12.086882247177,-0.409147381263,
    0.960954334944));
#7876 = CARTESIAN_POINT('',(12.080068259312,-0.315780070788,
    0.995548908454));
#7877 = CARTESIAN_POINT('',(12.073253831691,-0.219262986971,
    1.019526820413));
#7878 = CARTESIAN_POINT('',(12.066438783241,-0.121039864354,
    1.032604048828));
#7879 = CARTESIAN_POINT('',(12.050698401902,0.106375383807,
    1.037569114028));
#7880 = CARTESIAN_POINT('',(12.041768496001,0.235805981103,
    1.021632959654));
#7881 = CARTESIAN_POINT('',(12.032841818445,0.362330780437,
    0.986843312062));
#7882 = CARTESIAN_POINT('',(12.023916628619,0.482674409094,
    0.933899544348));
#7883 = CARTESIAN_POINT('',(12.014990016266,0.593811162124,
    0.864132993072));
#7884 = CARTESIAN_POINT('',(12.006060149743,0.693012668723,0.77948551999
    ));
#7885 = CARTESIAN_POINT('',(11.987183646203,0.872898614536,
    0.574410710027));
#7886 = CARTESIAN_POINT('',(11.977226892719,0.950259076817,
    0.450874186837));
#7887 = CARTESIAN_POINT('',(11.967275201713,1.007018309214,
    0.315398536104));
#7888 = CARTESIAN_POINT('',(11.957325503385,1.04111408536,0.172172968518
    ));
#7889 = CARTESIAN_POINT('',(11.947374206806,1.051485406839,
    2.565430972896E-02));
#7890 = CARTESIAN_POINT('',(11.937417860345,1.038085654261,
    -0.119488262244));
#7891 = CARTESIAN_POINT('',(11.917703047265,0.966867880009,
    -0.395352639816));
#7892 = CARTESIAN_POINT('',(11.907932400135,0.909837733665,
    -0.52645971938));
#7893 = CARTESIAN_POINT('',(11.898166489734,0.832114699775,
    -0.647727580885));
#7894 = CARTESIAN_POINT('',(11.888402098766,0.735849672664,
    -0.755309431999));
#7895 = CARTESIAN_POINT('',(11.878636021959,0.623928230742,
    -0.845978165083));
#7896 = CARTESIAN_POINT('',(11.868865445711,0.499938251929,
    -0.917169460299));
#7897 = CARTESIAN_POINT('',(11.857658773234,0.348571247777,
    -0.974759749405));
#7898 = CARTESIAN_POINT('',(11.856217006327,0.328923517679,
    -0.981711510845));
#7899 = CARTESIAN_POINT('',(11.854775236154,0.309114695119,
    -0.988200996692));
#7900 = CARTESIAN_POINT('',(11.853333462186,0.289157837307,
    -0.994223760316));
#7901 = CARTESIAN_POINT('',(11.851891684245,0.2690661388,-0.999775820617
    ));
#7902 = CARTESIAN_POINT('',(11.850449902502,0.248852931499,
    -1.004853662019));
#7903 = CARTESIAN_POINT('',(11.846730202322,0.196425596864,
    -1.016722803383));
#7904 = CARTESIAN_POINT('',(11.844452280255,0.164049671166,
    -1.022800050581));
#7905 = CARTESIAN_POINT('',(11.842174351126,0.131457202306,
    -1.027673936837));
#7906 = CARTESIAN_POINT('',(11.839896426223,9.870180777711E-02,
    -1.031335420409));
#7907 = CARTESIAN_POINT('',(11.837618528275,6.583742781813E-02,
    -1.03377845705));
#7908 = CARTESIAN_POINT('',(11.835340691457,3.291832541305E-02,
    -1.035000000004));
#7909 = CARTESIAN_POINT('',(11.833062961385,-9.137087824129E-07,
    -1.035000000004));
#7910 = ORIENTED_EDGE('',*,*,#7911,.F.);
#7911 = EDGE_CURVE('',#7687,#7839,#7912,.T.);
#7912 = LINE('',#7913,#7914);
#7913 = CARTESIAN_POINT('',(20.,0.,-1.035));
#7914 = VECTOR('',#7915,1.);
#7915 = DIRECTION('',(-1.,0.,6.661338147751E-17));
#7916 = CYLINDRICAL_SURFACE('',#7917,1.035);
#7917 = AXIS2_PLACEMENT_3D('',#7918,#7919,#7920);
#7918 = CARTESIAN_POINT('',(20.,0.,0.));
#7919 = DIRECTION('',(-1.,-0.,-0.));
#7920 = DIRECTION('',(0.,0.,-1.));
#7921 = ADVANCED_FACE('',(#7922),#7957,.F.);
#7922 = FACE_BOUND('',#7923,.F.);
#7923 = EDGE_LOOP('',(#7924,#7950,#7951,#7952));
#7924 = ORIENTED_EDGE('',*,*,#7925,.F.);
#7925 = EDGE_CURVE('',#7503,#7926,#7928,.T.);
#7926 = VERTEX_POINT('',#7927);
#7927 = CARTESIAN_POINT('',(11.703124216337,4.490029139924E-08,
    -1.260019816794));
#7928 = B_SPLINE_CURVE_WITH_KNOTS('',11,(#7929,#7930,#7931,#7932,#7933,
    #7934,#7935,#7936,#7937,#7938,#7939,#7940,#7941,#7942,#7943,#7944,
    #7945,#7946,#7947,#7948,#7949),.UNSPECIFIED.,.F.,.F.,(12,9,12),(0.,
    3.149639566854,6.299279133707),.UNSPECIFIED.);
#7929 = CARTESIAN_POINT('',(12.153124257622,4.253492269513E-08,
    -1.260018773805));
#7930 = CARTESIAN_POINT('',(12.132669686305,-0.359860009743,
    -1.260019439364));
#7931 = CARTESIAN_POINT('',(12.112214915576,-0.719718950103,
    -1.146996043153));
#7932 = CARTESIAN_POINT('',(12.091761024192,-1.040132871662,
    -0.920800498853));
#7933 = CARTESIAN_POINT('',(12.071305969616,-1.281560091481,
    -0.597222068863));
#7934 = CARTESIAN_POINT('',(12.050851194704,-1.411660702215,
    -0.206980571985));
#7935 = CARTESIAN_POINT('',(12.030397175824,-1.411608958866,
    0.206973417312));
#7936 = CARTESIAN_POINT('',(12.009942398079,-1.281597393981,
    0.597196320846));
#7937 = CARTESIAN_POINT('',(11.989487886489,-1.040117516224,
    0.920863230887));
#7938 = CARTESIAN_POINT('',(11.969033320837,-0.719720947203,
    1.146966291263));
#7939 = CARTESIAN_POINT('',(11.92812423698,-1.153834680256E-08,
    1.373069765392));
#7940 = CARTESIAN_POINT('',(11.887215153124,0.719720825194,
    1.146965976347));
#7941 = CARTESIAN_POINT('',(11.866760602543,1.04011728423,0.92086210376)
  );
#7942 = CARTESIAN_POINT('',(11.846306016652,1.281594479145,
    0.597204548193));
#7943 = CARTESIAN_POINT('',(11.825851403938,1.411629569554,0.20696357291
    ));
#7944 = CARTESIAN_POINT('',(11.805397173395,1.411621628727,
    -0.206981927654));
#7945 = CARTESIAN_POINT('',(11.784942563688,1.281588419087,
    -0.597202622859));
#7946 = CARTESIAN_POINT('',(11.764487434616,1.040126684233,
    -0.920825463593));
#7947 = CARTESIAN_POINT('',(11.744033558404,0.719718619232,
    -1.146984439936));
#7948 = CARTESIAN_POINT('',(11.723578787657,0.359860097178,
    -1.26001915056));
#7949 = CARTESIAN_POINT('',(11.703124216337,4.490026195292E-08,
    -1.260019816794));
#7950 = ORIENTED_EDGE('',*,*,#7530,.T.);
#7951 = ORIENTED_EDGE('',*,*,#7838,.T.);
#7952 = ORIENTED_EDGE('',*,*,#7953,.F.);
#7953 = EDGE_CURVE('',#7926,#7839,#7954,.T.);
#7954 = B_SPLINE_CURVE_WITH_KNOTS('',1,(#7955,#7956),.UNSPECIFIED.,.F.,
  .F.,(2,2),(0.,0.39175),.PIECEWISE_BEZIER_KNOTS.);
#7955 = CARTESIAN_POINT('',(11.703124216337,4.490026217496E-08,
    -1.260019816794));
#7956 = CARTESIAN_POINT('',(11.899025776385,-1.476878378259E-06,
    -0.920769700701));
#7957 = B_SPLINE_SURFACE_WITH_KNOTS('',1,9,(
    (#7958,#7959,#7960,#7961,#7962,#7963,#7964,#7965,#7966,#7967,#7968
      ,#7969,#7970,#7971,#7972,#7973,#7974,#7975,#7976,#7977,#7978,#7979
      ,#7980,#7981,#7982,#7983,#7984,#7985,#7986,#7987,#7988)
    ,(#7989,#7990,#7991,#7992,#7993,#7994,#7995,#7996,#7997,#7998,#7999
      ,#8000,#8001,#8002,#8003,#8004,#8005,#8006,#8007,#8008,#8009,#8010
      ,#8011,#8012,#8013,#8014,#8015,#8016,#8017,#8018,#8019
  )),.UNSPECIFIED.,.F.,.F.,.F.,(2,2),(10,7,7,7,10),(0.,0.39175),(0.,
    1.574819783427,3.149639566854,4.72445935028,6.299279133707),
  .UNSPECIFIED.);
#7958 = CARTESIAN_POINT('',(12.153124257622,4.253492280615E-08,
    -1.260018773805));
#7959 = CARTESIAN_POINT('',(12.140624241817,-0.219914433857,
    -1.260019180536));
#7960 = CARTESIAN_POINT('',(12.128124149848,-0.439828485558,
    -1.216850674784));
#7961 = CARTESIAN_POINT('',(12.115624244053,-0.650056663733,
    -1.13047768874));
#7962 = CARTESIAN_POINT('',(12.103124290414,-0.840901518562,
    -1.003468418355));
#7963 = CARTESIAN_POINT('',(12.090624266616,-1.003473085651,
    -0.840898430298));
#7964 = CARTESIAN_POINT('',(12.078124242872,-1.130478969529,
    -0.650053474582));
#7965 = CARTESIAN_POINT('',(12.065624226443,-1.2168390926,-0.43983060666
    ));
#7966 = CARTESIAN_POINT('',(12.040624218462,-1.30319981432,
    -2.369788293632E-06));
#7967 = CARTESIAN_POINT('',(12.015624238298,-1.216839334614,
    0.439829340746));
#7968 = CARTESIAN_POINT('',(12.003124250729,-1.130478939417,
    0.65005594606));
#7969 = CARTESIAN_POINT('',(11.990624251551,-1.0034745329,0.840903670187
    ));
#7970 = CARTESIAN_POINT('',(11.978124241867,-0.840901360206,
    1.003476532788));
#7971 = CARTESIAN_POINT('',(11.965624233235,-0.650054525913,
    1.130479641826));
#7972 = CARTESIAN_POINT('',(11.95312423267,-0.439829476173,
    1.216838532846));
#7973 = CARTESIAN_POINT('',(11.92812423698,-2.682481813751E-08,
    1.303197462575));
#7974 = CARTESIAN_POINT('',(11.90312424129,0.439829384737,1.216838340398
    ));
#7975 = CARTESIAN_POINT('',(11.890624240725,0.650054371226,
    1.130479465407));
#7976 = CARTESIAN_POINT('',(11.878124232094,0.840901328119,
    1.003476902358));
#7977 = CARTESIAN_POINT('',(11.865624222408,1.003474957535,
    0.840904314062));
#7978 = CARTESIAN_POINT('',(11.853124223231,1.13047954784,0.650056299481
    ));
#7979 = CARTESIAN_POINT('',(11.840624235662,1.216839344357,
    0.439829472015));
#7980 = CARTESIAN_POINT('',(11.815624255497,1.303198898692,
    -2.290093666775E-06));
#7981 = CARTESIAN_POINT('',(11.790624247517,1.216838576999,
    -0.439830475391));
#7982 = CARTESIAN_POINT('',(11.778124231093,1.130478670632,
    -0.650053956824));
#7983 = CARTESIAN_POINT('',(11.765624207327,1.003475929749,
    -0.840897439164));
#7984 = CARTESIAN_POINT('',(11.753124183573,0.840902749466,
    -1.003472127462));
#7985 = CARTESIAN_POINT('',(11.740624229883,0.650055157196,
    -1.130477851098));
#7986 = CARTESIAN_POINT('',(11.728124324121,0.439828413223,
    -1.21684627722));
#7987 = CARTESIAN_POINT('',(11.715624232144,0.219914521292,
    -1.260019409651));
#7988 = CARTESIAN_POINT('',(11.703124216337,4.490026217496E-08,
    -1.260019816794));
#7989 = CARTESIAN_POINT('',(12.3490244198,-1.399151724368E-06,
    -0.92076785051));
#7990 = CARTESIAN_POINT('',(12.33652493917,-0.160718255908,
    -0.92076831471));
#7991 = CARTESIAN_POINT('',(12.324027961376,-0.32139946805,
    -0.889222261084));
#7992 = CARTESIAN_POINT('',(12.31152486545,-0.475028666398,
    -0.826112317165));
#7993 = CARTESIAN_POINT('',(12.299023342268,-0.614498255432,
    -0.7332913064));
#7994 = CARTESIAN_POINT('',(12.28652412444,-0.733298474695,
    -0.614486315481));
#7995 = CARTESIAN_POINT('',(12.274024904398,-0.826106084251,
    -0.475029783695));
#7996 = CARTESIAN_POINT('',(12.26152544433,-0.889215272655,
    -0.321408088557));
#7997 = CARTESIAN_POINT('',(12.236525706579,-0.952323753458,
    -9.195372397441E-07));
#7998 = CARTESIAN_POINT('',(12.211525054792,-0.889214101895,
    0.321410688708));
#7999 = CARTESIAN_POINT('',(12.199024646302,-0.826104678163,
    0.475036268712));
#8000 = CARTESIAN_POINT('',(12.186524619267,-0.733294561411,
    0.614498493362));
#8001 = CARTESIAN_POINT('',(12.174024937543,-0.614494154124,
    0.733298329948));
#8002 = CARTESIAN_POINT('',(12.161525221135,-0.475033033037,
    0.826106592476));
#8003 = CARTESIAN_POINT('',(12.149025239717,-0.321409024717,
    0.889214205464));
#8004 = CARTESIAN_POINT('',(12.124025098094,1.519917822366E-06,
    0.952321354065));
#8005 = CARTESIAN_POINT('',(12.09902495647,0.321411789777,0.889212806023
    ));
#8006 = CARTESIAN_POINT('',(12.086524975052,0.47503547815,0.826104715751
    ));
#8007 = CARTESIAN_POINT('',(12.074025258643,0.614496511199,
    0.733296962648));
#8008 = CARTESIAN_POINT('',(12.061525576919,0.733297337577,
    0.614497221561));
#8009 = CARTESIAN_POINT('',(12.049025549886,0.826107321239,
    0.475034176144));
#8010 = CARTESIAN_POINT('',(12.036525141397,0.889215177237,
    0.321407994311));
#8011 = CARTESIAN_POINT('',(12.011524489607,0.952322129198,
    -3.91317362728E-06));
#8012 = CARTESIAN_POINT('',(11.986524751855,0.889213299946,
    -0.321410782952));
#8013 = CARTESIAN_POINT('',(11.974025291752,0.826105993318,
    -0.475032174533));
#8014 = CARTESIAN_POINT('',(11.961526071832,0.733296346222,
    -0.614490016172));
#8015 = CARTESIAN_POINT('',(11.949026853851,0.614503175786,
    -0.733296864036));
#8016 = CARTESIAN_POINT('',(11.936525330745,0.475021271391,
    -0.826115353177));
#8017 = CARTESIAN_POINT('',(11.924022234825,0.32139641243,
    -0.889215518257));
#8018 = CARTESIAN_POINT('',(11.911525257017,0.160715379878,
    -0.920769250063));
#8019 = CARTESIAN_POINT('',(11.899025776385,-1.476878378259E-06,
    -0.920769700701));
#8020 = ADVANCED_FACE('',(#8021),#8062,.F.);
#8021 = FACE_BOUND('',#8022,.F.);
#8022 = EDGE_LOOP('',(#8023,#8055,#8056,#8057));
#8023 = ORIENTED_EDGE('',*,*,#8024,.F.);
#8024 = EDGE_CURVE('',#7602,#8025,#8027,.T.);
#8025 = VERTEX_POINT('',#8026);
#8026 = CARTESIAN_POINT('',(11.64687421651,4.489047210196E-08,
    -1.260015413055));
#8027 = B_SPLINE_CURVE_WITH_KNOTS('',8,(#8028,#8029,#8030,#8031,#8032,
    #8033,#8034,#8035,#8036,#8037,#8038,#8039,#8040,#8041,#8042,#8043,
    #8044,#8045,#8046,#8047,#8048,#8049,#8050,#8051,#8052,#8053,#8054),
  .UNSPECIFIED.,.F.,.F.,(9,6,6,6,9),(0.,1.574819783427,3.149639566854,
    4.72445935028,6.299279133707),.UNSPECIFIED.);
#8028 = CARTESIAN_POINT('',(12.096874257776,4.25261099668E-08,
    -1.260014601842));
#8029 = CARTESIAN_POINT('',(12.082811740003,-0.247402901679,
    -1.260014959585));
#8030 = CARTESIAN_POINT('',(12.068749124346,-0.494805276883,
    -1.204512074009));
#8031 = CARTESIAN_POINT('',(12.054686804149,-0.727678755774,-1.093454855
    ));
#8032 = CARTESIAN_POINT('',(12.040624279679,-0.931474868497,
    -0.931473583671));
#8033 = CARTESIAN_POINT('',(12.026561750622,-1.093463797465,
    -0.727673184754));
#8034 = CARTESIAN_POINT('',(12.012499227856,-1.204497695647,
    -0.494807415288));
#8035 = CARTESIAN_POINT('',(11.984374216647,-1.315532453961,
    -2.620006232164E-06));
#8036 = CARTESIAN_POINT('',(11.956249241187,-1.204498041202,
    0.494806657879));
#8037 = CARTESIAN_POINT('',(11.942186755736,-1.093463726894,
    0.72767731781));
#8038 = CARTESIAN_POINT('',(11.928124248487,-0.931477127579,
    0.931479716089));
#8039 = CARTESIAN_POINT('',(11.914061733953,-0.727675221787,
    1.093464948082));
#8040 = CARTESIAN_POINT('',(11.899999232297,-0.494806472387,
    1.204497414369));
#8041 = CARTESIAN_POINT('',(11.871874237143,-2.889783396746E-08,
    1.315529989511));
#8042 = CARTESIAN_POINT('',(11.84374924199,0.494806378516,1.204497253599
    ));
#8043 = CARTESIAN_POINT('',(11.829686740335,0.727675062131,
    1.093464837667));
#8044 = CARTESIAN_POINT('',(11.8156242258,0.931477182555,0.931480345137)
  );
#8045 = CARTESIAN_POINT('',(11.80156171855,1.093464372135,0.727677693065
    ));
#8046 = CARTESIAN_POINT('',(11.7874992331,1.204498140327,0.494806784264)
  );
#8047 = CARTESIAN_POINT('',(11.759374257639,1.315531668174,
    -2.543485391356E-06));
#8048 = CARTESIAN_POINT('',(11.73124924643,1.204497350343,
    -0.494807288903));
#8049 = CARTESIAN_POINT('',(11.717186723659,1.09346376856,
    -0.727673121538));
#8050 = CARTESIAN_POINT('',(11.703124194624,0.931478488944,
    -0.931474264349));
#8051 = CARTESIAN_POINT('',(11.689061670118,0.727676928742,
    -1.09345790904));
#8052 = CARTESIAN_POINT('',(11.674999349949,0.494805203675,
    -1.204507640517));
#8053 = CARTESIAN_POINT('',(11.660936734284,0.247402989095,
    -1.260015054848));
#8054 = CARTESIAN_POINT('',(11.64687421651,4.489044280742E-08,
    -1.260015413055));
#8055 = ORIENTED_EDGE('',*,*,#7635,.T.);
#8056 = ORIENTED_EDGE('',*,*,#7925,.T.);
#8057 = ORIENTED_EDGE('',*,*,#8058,.F.);
#8058 = EDGE_CURVE('',#8025,#7926,#8059,.T.);
#8059 = B_SPLINE_CURVE_WITH_KNOTS('',1,(#8060,#8061),.UNSPECIFIED.,.F.,
  .F.,(2,2),(0.,5.625E-02),.PIECEWISE_BEZIER_KNOTS.);
#8060 = CARTESIAN_POINT('',(11.64687421651,4.489044247435E-08,
    -1.260015413055));
#8061 = CARTESIAN_POINT('',(11.703124216337,4.490026195292E-08,
    -1.260019816794));
#8062 = B_SPLINE_SURFACE_WITH_KNOTS('',1,11,(
    (#8063,#8064,#8065,#8066,#8067,#8068,#8069,#8070,#8071,#8072,#8073
      ,#8074,#8075,#8076,#8077,#8078,#8079,#8080,#8081,#8082,#8083)
    ,(#8084,#8085,#8086,#8087,#8088,#8089,#8090,#8091,#8092,#8093,#8094
      ,#8095,#8096,#8097,#8098,#8099,#8100,#8101,#8102,#8103,#8104
  )),.UNSPECIFIED.,.F.,.F.,.F.,(2,2),(12,9,12),(0.,5.625E-02),(0.,
    3.149639566854,6.299279133707),.UNSPECIFIED.);
#8063 = CARTESIAN_POINT('',(12.096874257776,4.252610974476E-08,
    -1.260014601842));
#8064 = CARTESIAN_POINT('',(12.07641968647,-0.359858785408,
    -1.260015122195));
#8065 = CARTESIAN_POINT('',(12.055964915836,-0.719716454651,
    -1.146990856153));
#8066 = CARTESIAN_POINT('',(12.035511024184,-1.040128427278,
    -0.920800094536));
#8067 = CARTESIAN_POINT('',(12.015055969797,-1.281559701224,
    -0.597218093768));
#8068 = CARTESIAN_POINT('',(11.994601195025,-1.411650076284,
    -0.206979656638));
#8069 = CARTESIAN_POINT('',(11.97414717588,-1.411607925812,
    0.206971235113));
#8070 = CARTESIAN_POINT('',(11.953692398258,-1.281591885195,
    0.597195402144));
#8071 = CARTESIAN_POINT('',(11.933237886646,-1.040114168811,
    0.920859910618));
#8072 = CARTESIAN_POINT('',(11.912783321003,-0.719718493303,
    1.146962347588));
#8073 = CARTESIAN_POINT('',(11.871874237143,-1.955076630586E-08,
    1.37306509283));
#8074 = CARTESIAN_POINT('',(11.830965153284,0.719718380737,
    1.146962113741));
#8075 = CARTESIAN_POINT('',(11.810510602707,1.040114222395,
    0.920859154665));
#8076 = CARTESIAN_POINT('',(11.790056016827,1.281588633791,0.5972014097)
  );
#8077 = CARTESIAN_POINT('',(11.769601404152,1.411625694415,
    0.206964334449));
#8078 = CARTESIAN_POINT('',(11.749147173471,1.411617947734,
    -0.206981423638));
#8079 = CARTESIAN_POINT('',(11.728692563781,1.281582718104,
    -0.597202538137));
#8080 = CARTESIAN_POINT('',(11.708237434975,1.040123380811,
    -0.920819600195));
#8081 = CARTESIAN_POINT('',(11.687783558466,0.719716214978,
    -1.146981820346));
#8082 = CARTESIAN_POINT('',(11.667328787818,0.359858872825,
    -1.260014892027));
#8083 = CARTESIAN_POINT('',(11.64687421651,4.489044247435E-08,
    -1.260015413055));
#8084 = CARTESIAN_POINT('',(12.153124257622,4.253492269513E-08,
    -1.260018773805));
#8085 = CARTESIAN_POINT('',(12.132669686305,-0.359860009743,
    -1.260019439364));
#8086 = CARTESIAN_POINT('',(12.112214915576,-0.719718950103,
    -1.146996043153));
#8087 = CARTESIAN_POINT('',(12.091761024192,-1.040132871662,
    -0.920800498853));
#8088 = CARTESIAN_POINT('',(12.071305969616,-1.281560091481,
    -0.597222068863));
#8089 = CARTESIAN_POINT('',(12.050851194704,-1.411660702215,
    -0.206980571985));
#8090 = CARTESIAN_POINT('',(12.030397175824,-1.411608958866,
    0.206973417312));
#8091 = CARTESIAN_POINT('',(12.009942398079,-1.281597393981,
    0.597196320846));
#8092 = CARTESIAN_POINT('',(11.989487886489,-1.040117516224,
    0.920863230887));
#8093 = CARTESIAN_POINT('',(11.969033320837,-0.719720947203,
    1.146966291263));
#8094 = CARTESIAN_POINT('',(11.92812423698,-1.153834680256E-08,
    1.373069765392));
#8095 = CARTESIAN_POINT('',(11.887215153124,0.719720825194,
    1.146965976347));
#8096 = CARTESIAN_POINT('',(11.866760602543,1.04011728423,0.92086210376)
  );
#8097 = CARTESIAN_POINT('',(11.846306016652,1.281594479145,
    0.597204548193));
#8098 = CARTESIAN_POINT('',(11.825851403938,1.411629569554,0.20696357291
    ));
#8099 = CARTESIAN_POINT('',(11.805397173395,1.411621628727,
    -0.206981927654));
#8100 = CARTESIAN_POINT('',(11.784942563688,1.281588419087,
    -0.597202622859));
#8101 = CARTESIAN_POINT('',(11.764487434616,1.040126684233,
    -0.920825463593));
#8102 = CARTESIAN_POINT('',(11.744033558404,0.719718619232,
    -1.146984439936));
#8103 = CARTESIAN_POINT('',(11.723578787657,0.359860097178,
    -1.26001915056));
#8104 = CARTESIAN_POINT('',(11.703124216337,4.490026195292E-08,
    -1.260019816794));
#8105 = ADVANCED_FACE('',(#8106),#8194,.F.);
#8106 = FACE_BOUND('',#8107,.F.);
#8107 = EDGE_LOOP('',(#8108,#8187,#8188,#8189));
#8108 = ORIENTED_EDGE('',*,*,#8109,.F.);
#8109 = EDGE_CURVE('',#7687,#8110,#8112,.T.);
#8110 = VERTEX_POINT('',#8111);
#8111 = CARTESIAN_POINT('',(11.516984994366,-4.822091116613E-07,
    -1.035000000002));
#8112 = B_SPLINE_CURVE_WITH_KNOTS('',7,(#8113,#8114,#8115,#8116,#8117,
    #8118,#8119,#8120,#8121,#8122,#8123,#8124,#8125,#8126,#8127,#8128,
    #8129,#8130,#8131,#8132,#8133,#8134,#8135,#8136,#8137,#8138,#8139,
    #8140,#8141,#8142,#8143,#8144,#8145,#8146,#8147,#8148,#8149,#8150,
    #8151,#8152,#8153,#8154,#8155,#8156,#8157,#8158,#8159,#8160,#8161,
    #8162,#8163,#8164,#8165,#8166,#8167,#8168,#8169,#8170,#8171,#8172,
    #8173,#8174,#8175,#8176,#8177,#8178,#8179,#8180,#8181,#8182,#8183,
    #8184,#8185,#8186),.UNSPECIFIED.,.F.,.F.,(8,6,6,6,6,6,6,6,6,6,6,6,8)
  ,(0.,4.323045970336E-02,6.969856199171E-02,0.136270953874,
    0.270728556754,0.383876587427,0.492861326522,0.632654542968,
    0.780989545977,0.872787363449,0.892612144445,0.955416288889,1.),
  .UNSPECIFIED.);
#8113 = CARTESIAN_POINT('',(11.966984267792,-9.136586873737E-07,
    -1.035000000004));
#8114 = CARTESIAN_POINT('',(11.964205541886,-4.016018135259E-02,
    -1.035000000004));
#8115 = CARTESIAN_POINT('',(11.961426545526,-8.031919635871E-02,
    -1.033182060266));
#8116 = CARTESIAN_POINT('',(11.958647469397,-0.120379096411,
    -1.029546245627));
#8117 = CARTESIAN_POINT('',(11.955868406708,-0.160241294334,
    -1.024099303584));
#8118 = CARTESIAN_POINT('',(11.953089389436,-0.199807878433,
    -1.016854623666));
#8119 = CARTESIAN_POINT('',(11.95031042457,-0.238982012889,
    -1.007832196804));
#8120 = CARTESIAN_POINT('',(11.945830136096,-0.301354267497,
    -0.990462361434));
#8121 = CARTESIAN_POINT('',(11.944128763981,-0.324857426651,
    -0.983209676047));
#8122 = CARTESIAN_POINT('',(11.942427412652,-0.348155924954,
    -0.975306616243));
#8123 = CARTESIAN_POINT('',(11.940726079912,-0.371228197634,
    -0.966760163402));
#8124 = CARTESIAN_POINT('',(11.939024762732,-0.394053005807,
    -0.957578182587));
#8125 = CARTESIAN_POINT('',(11.937323457253,-0.416609436475,
    -0.94776942254));
#8126 = CARTESIAN_POINT('',(11.931343064373,-0.494883882566,
    -0.911120345274));
#8127 = CARTESIAN_POINT('',(11.927063924991,-0.54906416737,
    -0.880992270502));
#8128 = CARTESIAN_POINT('',(11.922784829288,-0.60108899878,
    -0.847113167409));
#8129 = CARTESIAN_POINT('',(11.918505713166,-0.650648147214,
    -0.809670169958));
#8130 = CARTESIAN_POINT('',(11.914226478172,-0.697452712713,
    -0.768881547321));
#8131 = CARTESIAN_POINT('',(11.909947109902,-0.741237925982,
    -0.724994581148));
#8132 = CARTESIAN_POINT('',(11.897024780594,-0.863621215997,
    -0.583940014497));
#8133 = CARTESIAN_POINT('',(11.888378439691,-0.932223237051,
    -0.478037705398));
#8134 = CARTESIAN_POINT('',(11.879734686793,-0.985553453325,
    -0.362867950391));
#8135 = CARTESIAN_POINT('',(11.871092201121,-1.022182075326,
    -0.241107516248));
#8136 = CARTESIAN_POINT('',(11.862448645103,-1.041244667105,
    -0.115628856267));
#8137 = CARTESIAN_POINT('',(11.853802500013,-1.042457026877,
    1.05460335567E-02));
#8138 = CARTESIAN_POINT('',(11.83788606723,-1.012590457423,
    0.238610959309));
#8139 = CARTESIAN_POINT('',(11.83061135796,-0.986591923843,
    0.341231944484));
#8140 = CARTESIAN_POINT('',(11.823337548519,-0.948470020048,
    0.440462882902));
#8141 = CARTESIAN_POINT('',(11.816064325998,-0.898780069259,
    0.534600009035));
#8142 = CARTESIAN_POINT('',(11.808790528179,-0.838358072526,
    0.622059652116));
#8143 = CARTESIAN_POINT('',(11.801515872277,-0.768297413074,
    0.701422267851));
#8144 = CARTESIAN_POINT('',(11.787237049907,-0.614485063195,
    0.838977886042));
#8145 = CARTESIAN_POINT('',(11.780230458975,-0.531306345696,
    0.897865342941));
#8146 = CARTESIAN_POINT('',(11.773224793143,-0.441611223096,
    0.947072404004));
#8147 = CARTESIAN_POINT('',(11.766219682466,-0.346761878577,
    0.985759950378));
#8148 = CARTESIAN_POINT('',(11.759214001659,-0.248238759057,
    1.013324084305));
#8149 = CARTESIAN_POINT('',(11.752207387517,-0.147602424915,
    1.029411727991));
#8150 = CARTESIAN_POINT('',(11.736215704123,8.32657059485E-02,
    1.039786206276));
#8151 = CARTESIAN_POINT('',(11.727225635745,0.213903627969,
    1.026628502505));
#8152 = CARTESIAN_POINT('',(11.718238443155,0.342015408229,0.99429988719
    ));
#8153 = CARTESIAN_POINT('',(11.709252484557,0.464243933031,
    0.943442628507));
#8154 = CARTESIAN_POINT('',(11.700265367514,0.577475576254,0.87535248091
    ));
#8155 = CARTESIAN_POINT('',(11.691275372111,0.678888786056,0.79195793482
    ));
#8156 = CARTESIAN_POINT('',(11.672754248771,0.858831512687,
    0.593817524824));
#8157 = CARTESIAN_POINT('',(11.663214183146,0.935675981846,
    0.477366226531));
#8158 = CARTESIAN_POINT('',(11.65367836279,0.993922377849,0.349496335416
    ));
#8159 = CARTESIAN_POINT('',(11.644144170036,1.03165240295,0.213828581782
    ));
#8160 = CARTESIAN_POINT('',(11.634607862039,1.047785929949,
    7.4246733725E-02));
#8161 = CARTESIAN_POINT('',(11.625067493191,1.042096385492,
    -6.515783284179E-02));
#8162 = CARTESIAN_POINT('',(11.609631650119,0.998916613331,
    -0.284008031355));
#8163 = CARTESIAN_POINT('',(11.603730446863,0.974366711688,
    -0.36608993012));
#8164 = CARTESIAN_POINT('',(11.59782965917,0.941956904037,
    -0.445651621928));
#8165 = CARTESIAN_POINT('',(11.591929186963,0.902007604563,
    -0.521795525691));
#8166 = CARTESIAN_POINT('',(11.586028525649,0.854961248577,
    -0.593678273796));
#8167 = CARTESIAN_POINT('',(11.58012740637,0.801374270658,
    -0.660526049307));
#8168 = CARTESIAN_POINT('',(11.572952212622,0.729075546515,
    -0.734854862654));
#8169 = CARTESIAN_POINT('',(11.571677850346,0.71596084719,
    -0.747789515863));
#8170 = CARTESIAN_POINT('',(11.570403478549,0.702578747425,
    -0.76045078198));
#8171 = CARTESIAN_POINT('',(11.569129096755,0.688936098446,
    -0.772832042311));
#8172 = CARTESIAN_POINT('',(11.567854704715,0.675039950712,
    -0.784926897973));
#8173 = CARTESIAN_POINT('',(11.566580302413,0.660897553912,
    -0.796729169903));
#8174 = CARTESIAN_POINT('',(11.561268600688,0.60095727765,
    -0.844676270132));
#8175 = CARTESIAN_POINT('',(11.557231145806,0.553000737351,
    -0.878124093117));
#8176 = CARTESIAN_POINT('',(11.553193637463,0.502884564557,
    -0.908386108806));
#8177 = CARTESIAN_POINT('',(11.549156118957,0.450863802088,
    -0.935296797332));
#8178 = CARTESIAN_POINT('',(11.545118625118,0.397208356942,
    -0.958716572217));
#8179 = CARTESIAN_POINT('',(11.541081242596,0.342200650136,
    -0.97853297463));
#8180 = CARTESIAN_POINT('',(11.534178313542,0.246331879936,
    -1.006111524547));
#8181 = CARTESIAN_POINT('',(11.531312564091,0.205995829576,
    -1.01570312135));
#8182 = CARTESIAN_POINT('',(11.528446957681,0.165229482866,
    -1.023406639133));
#8183 = CARTESIAN_POINT('',(11.525581496093,0.12413893203,
    -1.029199469813));
#8184 = CARTESIAN_POINT('',(11.522716123734,8.283152920525E-02,
    -1.033066467522));
#8185 = CARTESIAN_POINT('',(11.519850704373,4.141542155018E-02,
    -1.035000000004));
#8186 = CARTESIAN_POINT('',(11.516984997878,-9.136586824887E-07,
    -1.035000000004));
#8187 = ORIENTED_EDGE('',*,*,#7773,.T.);
#8188 = ORIENTED_EDGE('',*,*,#8024,.T.);
#8189 = ORIENTED_EDGE('',*,*,#8190,.F.);
#8190 = EDGE_CURVE('',#8110,#8025,#8191,.T.);
#8191 = B_SPLINE_CURVE_WITH_KNOTS('',1,(#8192,#8193),.UNSPECIFIED.,.F.,
  .F.,(2,2),(0.,0.39175),.PIECEWISE_BEZIER_KNOTS.);
#8192 = CARTESIAN_POINT('',(11.451025777758,-1.47695658359E-06,
    -0.920734627368));
#8193 = CARTESIAN_POINT('',(11.64687421651,4.489044280742E-08,
    -1.260015413055));
#8194 = B_SPLINE_SURFACE_WITH_KNOTS('',1,8,(
    (#8195,#8196,#8197,#8198,#8199,#8200,#8201,#8202,#8203,#8204,#8205
      ,#8206,#8207,#8208,#8209,#8210,#8211,#8212,#8213,#8214,#8215,#8216
      ,#8217,#8218,#8219,#8220,#8221)
    ,(#8222,#8223,#8224,#8225,#8226,#8227,#8228,#8229,#8230,#8231,#8232
      ,#8233,#8234,#8235,#8236,#8237,#8238,#8239,#8240,#8241,#8242,#8243
      ,#8244,#8245,#8246,#8247,#8248
    )),.UNSPECIFIED.,.F.,.F.,.F.,(2,2),(9,6,6,6,9),(0.,0.39175),(0.,
    1.574819783427,3.149639566854,4.72445935028,6.299279133707),
  .UNSPECIFIED.);
#8195 = CARTESIAN_POINT('',(11.901024421032,-1.399221914333E-06,
    -0.920734623144));
#8196 = CARTESIAN_POINT('',(11.886962505382,-0.180801159113,
    -0.920734350285));
#8197 = CARTESIAN_POINT('',(11.872903807992,-0.361554907276,
    -0.880171434705));
#8198 = CARTESIAN_POINT('',(11.858835396113,-0.531736862941,
    -0.799037830128));
#8199 = CARTESIAN_POINT('',(11.844773701207,-0.680668659883,
    -0.680648806629));
#8200 = CARTESIAN_POINT('',(11.830712156165,-0.799029517184,
    -0.531732995064));
#8201 = CARTESIAN_POINT('',(11.816650404721,-0.880166687377,
    -0.361570485406));
#8202 = CARTESIAN_POINT('',(11.78852577324,-0.961302785252,
    -1.253344013946E-06));
#8203 = CARTESIAN_POINT('',(11.760399966445,-0.880165953978,
    0.361573817436));
#8204 = CARTESIAN_POINT('',(11.746336988113,-0.799028948512,
    0.531741431971));
#8205 = CARTESIAN_POINT('',(11.732274726446,-0.680658865835,
    0.68066403354));
#8206 = CARTESIAN_POINT('',(11.718212704305,-0.531737059456,
    0.799030626239));
#8207 = CARTESIAN_POINT('',(11.704150258738,-0.361571922839,
    0.880166018371));
#8208 = CARTESIAN_POINT('',(11.676025099395,1.501537771285E-06,
    0.961301105974));
#8209 = CARTESIAN_POINT('',(11.647899940052,0.361574672241,
    0.880164887899));
#8210 = CARTESIAN_POINT('',(11.633837494485,0.531739555032,
    0.799028964388));
#8211 = CARTESIAN_POINT('',(11.619775472344,0.680660992707,
    0.680661910228));
#8212 = CARTESIAN_POINT('',(11.605713210678,0.799030613153,
    0.531738937525));
#8213 = CARTESIAN_POINT('',(11.591650232347,0.880167084138,
    0.361571068206));
#8214 = CARTESIAN_POINT('',(11.563524425551,0.961302781162,
    -4.256325394156E-06));
#8215 = CARTESIAN_POINT('',(11.535399794068,0.880165555925,
    -0.361573234635));
#8216 = CARTESIAN_POINT('',(11.521338042624,0.799027855739,
    -0.531735491142));
#8217 = CARTESIAN_POINT('',(11.507276497581,0.680666552089,
    -0.680650936691));
#8218 = CARTESIAN_POINT('',(11.493214802684,0.531734357168,
    -0.799039507353));
#8219 = CARTESIAN_POINT('',(11.479146390798,0.361552156953,
    -0.880172541413));
#8220 = CARTESIAN_POINT('',(11.465087693407,0.180798282935,
    -0.920734915485));
#8221 = CARTESIAN_POINT('',(11.451025777758,-1.47695658359E-06,
    -0.920734627368));
#8222 = CARTESIAN_POINT('',(12.096874257776,4.25261099668E-08,
    -1.260014601842));
#8223 = CARTESIAN_POINT('',(12.082811740003,-0.247402901679,
    -1.260014959585));
#8224 = CARTESIAN_POINT('',(12.068749124346,-0.494805276883,
    -1.204512074009));
#8225 = CARTESIAN_POINT('',(12.054686804149,-0.727678755774,-1.093454855
    ));
#8226 = CARTESIAN_POINT('',(12.040624279679,-0.931474868497,
    -0.931473583671));
#8227 = CARTESIAN_POINT('',(12.026561750622,-1.093463797465,
    -0.727673184754));
#8228 = CARTESIAN_POINT('',(12.012499227856,-1.204497695647,
    -0.494807415288));
#8229 = CARTESIAN_POINT('',(11.984374216647,-1.315532453961,
    -2.620006232164E-06));
#8230 = CARTESIAN_POINT('',(11.956249241187,-1.204498041202,
    0.494806657879));
#8231 = CARTESIAN_POINT('',(11.942186755736,-1.093463726894,
    0.72767731781));
#8232 = CARTESIAN_POINT('',(11.928124248487,-0.931477127579,
    0.931479716089));
#8233 = CARTESIAN_POINT('',(11.914061733953,-0.727675221787,
    1.093464948082));
#8234 = CARTESIAN_POINT('',(11.899999232297,-0.494806472387,
    1.204497414369));
#8235 = CARTESIAN_POINT('',(11.871874237143,-2.889783396746E-08,
    1.315529989511));
#8236 = CARTESIAN_POINT('',(11.84374924199,0.494806378516,1.204497253599
    ));
#8237 = CARTESIAN_POINT('',(11.829686740335,0.727675062131,
    1.093464837667));
#8238 = CARTESIAN_POINT('',(11.8156242258,0.931477182555,0.931480345137)
  );
#8239 = CARTESIAN_POINT('',(11.80156171855,1.093464372135,0.727677693065
    ));
#8240 = CARTESIAN_POINT('',(11.7874992331,1.204498140327,0.494806784264)
  );
#8241 = CARTESIAN_POINT('',(11.759374257639,1.315531668174,
    -2.543485391356E-06));
#8242 = CARTESIAN_POINT('',(11.73124924643,1.204497350343,
    -0.494807288903));
#8243 = CARTESIAN_POINT('',(11.717186723659,1.09346376856,
    -0.727673121538));
#8244 = CARTESIAN_POINT('',(11.703124194624,0.931478488944,
    -0.931474264349));
#8245 = CARTESIAN_POINT('',(11.689061670118,0.727676928742,
    -1.09345790904));
#8246 = CARTESIAN_POINT('',(11.674999349949,0.494805203675,
    -1.204507640517));
#8247 = CARTESIAN_POINT('',(11.660936734284,0.247402989095,
    -1.260015054848));
#8248 = CARTESIAN_POINT('',(11.64687421651,4.489044280742E-08,
    -1.260015413055));
#8249 = ADVANCED_FACE('',(#8250),#8339,.F.);
#8250 = FACE_BOUND('',#8251,.T.);
#8251 = EDGE_LOOP('',(#8252,#8253,#8254,#8333));
#8252 = ORIENTED_EDGE('',*,*,#8109,.F.);
#8253 = ORIENTED_EDGE('',*,*,#7911,.T.);
#8254 = ORIENTED_EDGE('',*,*,#8255,.T.);
#8255 = EDGE_CURVE('',#7839,#8256,#8258,.T.);
#8256 = VERTEX_POINT('',#8257);
#8257 = CARTESIAN_POINT('',(11.383064755228,-5.076197623896E-07,
    -1.035000000002));
#8258 = B_SPLINE_CURVE_WITH_KNOTS('',7,(#8259,#8260,#8261,#8262,#8263,
    #8264,#8265,#8266,#8267,#8268,#8269,#8270,#8271,#8272,#8273,#8274,
    #8275,#8276,#8277,#8278,#8279,#8280,#8281,#8282,#8283,#8284,#8285,
    #8286,#8287,#8288,#8289,#8290,#8291,#8292,#8293,#8294,#8295,#8296,
    #8297,#8298,#8299,#8300,#8301,#8302,#8303,#8304,#8305,#8306,#8307,
    #8308,#8309,#8310,#8311,#8312,#8313,#8314,#8315,#8316,#8317,#8318,
    #8319,#8320,#8321,#8322,#8323,#8324,#8325,#8326,#8327,#8328,#8329,
    #8330,#8331,#8332),.UNSPECIFIED.,.F.,.F.,(8,6,6,6,6,6,6,6,6,6,6,6,8)
  ,(0.,3.800322019026E-02,0.109344236391,0.1353466542,0.228076663229,
    0.291695911208,0.389597422419,0.495850664806,0.636331686895,
    0.809113342829,0.876103040543,0.964218487234,1.),.UNSPECIFIED.);
#8259 = CARTESIAN_POINT('',(11.833062957872,-9.644740153192E-07,
    -1.035000000004));
#8260 = CARTESIAN_POINT('',(11.830620292783,-3.530399131369E-02,
    -1.035000000004));
#8261 = CARTESIAN_POINT('',(11.82817790867,-7.060690808643E-02,
    -1.033595136365));
#8262 = CARTESIAN_POINT('',(11.825735616306,-0.105842330573,
    -1.030785473901));
#8263 = CARTESIAN_POINT('',(11.823293281668,-0.140943336134,
    -1.026575039765));
#8264 = CARTESIAN_POINT('',(11.820850825944,-0.175843463705,
    -1.020971823441));
#8265 = CARTESIAN_POINT('',(11.818408225529,-0.210476713802,
    -1.01398777675));
#8266 = CARTESIAN_POINT('',(11.811379962106,-0.30916831312,
    -0.989965839427));
#8267 = CARTESIAN_POINT('',(11.806793821085,-0.372390021772,
    -0.969482243089));
#8268 = CARTESIAN_POINT('',(11.802207395516,-0.434008532906,
    -0.944293672536));
#8269 = CARTESIAN_POINT('',(11.797620850939,-0.493605053022,
    -0.914553542405));
#8270 = CARTESIAN_POINT('',(11.793034288898,-0.55078064074,
    -0.880460854146));
#8271 = CARTESIAN_POINT('',(11.788447823969,-0.605160710848,
    -0.842258015914));
#8272 = CARTESIAN_POINT('',(11.782190093178,-0.675075097967,
    -0.784909777652));
#8273 = CARTESIAN_POINT('',(11.780518549584,-0.693333584709,
    -0.769082386649));
#8274 = CARTESIAN_POINT('',(11.778847030981,-0.711158339017,
    -0.752760158855));
#8275 = CARTESIAN_POINT('',(11.777175537447,-0.728533311936,
    -0.735957394316));
#8276 = CARTESIAN_POINT('',(11.77550406816,-0.745443065128,
    -0.718689023708));
#8277 = CARTESIAN_POINT('',(11.773832621396,-0.761872770864,
    -0.700970608342));
#8278 = CARTESIAN_POINT('',(11.766200540031,-0.834637296688,
    -0.618083591075));
#8279 = CARTESIAN_POINT('',(11.760239647306,-0.88518539814,
    -0.547825479666));
#8280 = CARTESIAN_POINT('',(11.754279257576,-0.928799176025,
    -0.472784729553));
#8281 = CARTESIAN_POINT('',(11.748319054871,-0.964947796998,
    -0.393788145253));
#8282 = CARTESIAN_POINT('',(11.742358478564,-0.993222750743,
    -0.311728511363));
#8283 = CARTESIAN_POINT('',(11.736397409114,-1.013345419258,
    -0.227548025239));
#8284 = CARTESIAN_POINT('',(11.726347283733,-1.03330339263,
    -8.368790273325E-02));
#8285 = CARTESIAN_POINT('',(11.722257717153,-1.037524942162,
    -2.460845144208E-02));
#8286 = CARTESIAN_POINT('',(11.718168169948,-1.037803534009,
    3.469953140543E-02));
#8287 = CARTESIAN_POINT('',(11.714078642914,-1.034127274682,
    9.392026539054E-02));
#8288 = CARTESIAN_POINT('',(11.709989087763,-1.026515722654,
    0.152738523515));
#8289 = CARTESIAN_POINT('',(11.705899499915,-1.015019719806,
    0.210842406718));
#8290 = CARTESIAN_POINT('',(11.695516835444,-0.976178882866,
    0.355770313613));
#8291 = CARTESIAN_POINT('',(11.689223078013,-0.943628829735,
    0.441210250948));
#8292 = CARTESIAN_POINT('',(11.682929886586,-0.902369288467,
    0.523120590711));
#8293 = CARTESIAN_POINT('',(11.676637054726,-0.852872553062,
    0.600444633262));
#8294 = CARTESIAN_POINT('',(11.67034391485,-0.795762190488,
    0.672208313289));
#8295 = CARTESIAN_POINT('',(11.664050237124,-0.731800067342,
    0.737540414604));
#8296 = CARTESIAN_POINT('',(11.650927182914,-0.586001899308,
    0.85881895915));
#8297 = CARTESIAN_POINT('',(11.644096184843,-0.503086963188,
    0.913505547633));
#8298 = CARTESIAN_POINT('',(11.637265808573,-0.414282308616,
    0.958800432573));
#8299 = CARTESIAN_POINT('',(11.630435823765,-0.320873077794,
    0.993966010311));
#8300 = CARTESIAN_POINT('',(11.623605391053,-0.224245099118,
    1.018480516603));
#8301 = CARTESIAN_POINT('',(11.616774326896,-0.125850959709,
    1.032050834865));
#8302 = CARTESIAN_POINT('',(11.600914190557,0.103269984886,
    1.038070208015));
#8303 = CARTESIAN_POINT('',(11.591880318601,0.234283477726,1.02230947201
    ));
#8304 = CARTESIAN_POINT('',(11.582849865825,0.36236830781,0.987239020667
    ));
#8305 = CARTESIAN_POINT('',(11.573820975318,0.48413044613,0.933578592808
    ));
#8306 = CARTESIAN_POINT('',(11.564790587595,0.596438086646,
    0.862708600447));
#8307 = CARTESIAN_POINT('',(11.555756751154,0.696470250251,
    0.776648188006));
#8308 = CARTESIAN_POINT('',(11.535620184718,0.88711162891,0.556791960194
    ));
#8309 = CARTESIAN_POINT('',(11.524502393542,0.970426400782,
    0.416385015416));
#8310 = CARTESIAN_POINT('',(11.513393774865,1.027503981103,0.26175264534
    ));
#8311 = CARTESIAN_POINT('',(11.502288201083,1.055698730324,
    9.888841037425E-02));
#8312 = CARTESIAN_POINT('',(11.491180396318,1.053924307776,
    -6.593204291958E-02));
#8313 = CARTESIAN_POINT('',(11.480063169992,1.022657790549,
    -0.226174762133));
#8314 = CARTESIAN_POINT('',(11.464650848028,0.941801584499,
    -0.433711172101));
#8315 = CARTESIAN_POINT('',(11.460344695061,0.915143323534,
    -0.490111395475));
#8316 = CARTESIAN_POINT('',(11.456038594798,0.88455145369,
    -0.544583689801));
#8317 = CARTESIAN_POINT('',(11.451732518951,0.850195438333,
    -0.596800196196));
#8318 = CARTESIAN_POINT('',(11.447426380527,0.812277996975,
    -0.646452771452));
#8319 = CARTESIAN_POINT('',(11.443120161788,0.771033141729,
    -0.693255989749));
#8320 = CARTESIAN_POINT('',(11.433149952601,0.668442103063,
    -0.79442360798));
#8321 = CARTESIAN_POINT('',(11.427485490882,0.604853058149,
    -0.846523563436));
#8322 = CARTESIAN_POINT('',(11.421821330333,0.536558446445,
    -0.892654508516));
#8323 = CARTESIAN_POINT('',(11.416157431485,0.46423580773,-0.93231550148
    ));
#8324 = CARTESIAN_POINT('',(11.410493383924,0.388623526091,
    -0.965101728933));
#8325 = CARTESIAN_POINT('',(11.404828957257,0.31050822666,
    -0.990711330082));
#8326 = CARTESIAN_POINT('',(11.39686481135,0.198312791236,-1.01636678845
    ));
#8327 = CARTESIAN_POINT('',(11.394564754314,0.165632949412,
    -1.022562111476));
#8328 = CARTESIAN_POINT('',(11.39226468957,0.132730212898,
    -1.027530933774));
#8329 = CARTESIAN_POINT('',(11.389964628454,9.965976265427E-02,
    -1.031263858024));
#8330 = CARTESIAN_POINT('',(11.387664594203,6.647711940007E-02,
    -1.033754602286));
#8331 = CARTESIAN_POINT('',(11.385364621953,3.323814361224E-02,
    -1.035000000004));
#8332 = CARTESIAN_POINT('',(11.383064758741,-9.644740448511E-07,
    -1.035000000004));
#8333 = ORIENTED_EDGE('',*,*,#8334,.F.);
#8334 = EDGE_CURVE('',#8110,#8256,#8335,.T.);
#8335 = LINE('',#8336,#8337);
#8336 = CARTESIAN_POINT('',(20.,0.,-1.035));
#8337 = VECTOR('',#8338,1.);
#8338 = DIRECTION('',(-1.,0.,6.661338147751E-17));
#8339 = CYLINDRICAL_SURFACE('',#8340,1.035);
#8340 = AXIS2_PLACEMENT_3D('',#8341,#8342,#8343);
#8341 = CARTESIAN_POINT('',(20.,0.,0.));
#8342 = DIRECTION('',(-1.,-0.,-0.));
#8343 = DIRECTION('',(0.,0.,-1.));
#8344 = ADVANCED_FACE('',(#8345),#8380,.F.);
#8345 = FACE_BOUND('',#8346,.F.);
#8346 = EDGE_LOOP('',(#8347,#8373,#8374,#8375));
#8347 = ORIENTED_EDGE('',*,*,#8348,.F.);
#8348 = EDGE_CURVE('',#7926,#8349,#8351,.T.);
#8349 = VERTEX_POINT('',#8350);
#8350 = CARTESIAN_POINT('',(11.253124175049,4.72659598299E-08,
    -1.260020859781));
#8351 = B_SPLINE_CURVE_WITH_KNOTS('',11,(#8352,#8353,#8354,#8355,#8356,
    #8357,#8358,#8359,#8360,#8361,#8362,#8363,#8364,#8365,#8366,#8367,
    #8368,#8369,#8370,#8371,#8372),.UNSPECIFIED.,.F.,.F.,(12,9,12),(0.,
    3.149639566854,6.299279133707),.UNSPECIFIED.);
#8352 = CARTESIAN_POINT('',(11.703124216337,4.490029192894E-08,
    -1.260019816794));
#8353 = CARTESIAN_POINT('',(11.682669645018,-0.35986030519,
    -1.260020483027));
#8354 = CARTESIAN_POINT('',(11.662214874265,-0.719719543858,
    -1.146996993951));
#8355 = CARTESIAN_POINT('',(11.641760982951,-1.0401337308,
    -0.920801262854));
#8356 = CARTESIAN_POINT('',(11.621305928319,-1.281561151094,
    -0.597222565978));
#8357 = CARTESIAN_POINT('',(11.600851153388,-1.411661870585,
    -0.206980745564));
#8358 = CARTESIAN_POINT('',(11.580397134556,-1.411610127462,
    0.206973585747));
#8359 = CARTESIAN_POINT('',(11.559942356794,-1.281598456099,
    0.597196812832));
#8360 = CARTESIAN_POINT('',(11.539487845203,-1.040118378885,
    0.92086399118));
#8361 = CARTESIAN_POINT('',(11.51903327955,-0.719721545101,
    1.146967239322));
#8362 = CARTESIAN_POINT('',(11.478124195693,-1.411616080688E-08,
    1.373070901958));
#8363 = CARTESIAN_POINT('',(11.437215111839,0.719721418785,
    1.146966927108));
#8364 = CARTESIAN_POINT('',(11.416760561255,1.040118143468,
    0.920862868008));
#8365 = CARTESIAN_POINT('',(11.396305975365,1.281595538885,
    0.597205044797));
#8366 = CARTESIAN_POINT('',(11.375851362636,1.411630737612,
    0.206963746992));
#8367 = CARTESIAN_POINT('',(11.355397132137,1.411622797637,
    -0.206982096277));
#8368 = CARTESIAN_POINT('',(11.334942522412,1.281589481076,
    -0.597203114972));
#8369 = CARTESIAN_POINT('',(11.314487393287,1.040127546793,
    -0.920826223734));
#8370 = CARTESIAN_POINT('',(11.29403351714,0.719719217294,
    -1.146985388032));
#8371 = CARTESIAN_POINT('',(11.273578746372,0.359860397356,
    -1.260020192873));
#8372 = CARTESIAN_POINT('',(11.253124175049,4.726593805238E-08,
    -1.260020859781));
#8373 = ORIENTED_EDGE('',*,*,#7953,.T.);
#8374 = ORIENTED_EDGE('',*,*,#8255,.T.);
#8375 = ORIENTED_EDGE('',*,*,#8376,.F.);
#8376 = EDGE_CURVE('',#8349,#8256,#8377,.T.);
#8377 = B_SPLINE_CURVE_WITH_KNOTS('',1,(#8378,#8379),.UNSPECIFIED.,.F.,
  .F.,(2,2),(0.,0.39175),.PIECEWISE_BEZIER_KNOTS.);
#8378 = CARTESIAN_POINT('',(11.253124175049,4.726593771931E-08,
    -1.260020859781));
#8379 = CARTESIAN_POINT('',(11.44902713296,-1.5546044142E-06,
    -0.920771550896));
#8380 = B_SPLINE_SURFACE_WITH_KNOTS('',1,9,(
    (#8381,#8382,#8383,#8384,#8385,#8386,#8387,#8388,#8389,#8390,#8391
      ,#8392,#8393,#8394,#8395,#8396,#8397,#8398,#8399,#8400,#8401,#8402
      ,#8403,#8404,#8405,#8406,#8407,#8408,#8409,#8410,#8411)
    ,(#8412,#8413,#8414,#8415,#8416,#8417,#8418,#8419,#8420,#8421,#8422
      ,#8423,#8424,#8425,#8426,#8427,#8428,#8429,#8430,#8431,#8432,#8433
      ,#8434,#8435,#8436,#8437,#8438,#8439,#8440,#8441,#8442
  )),.UNSPECIFIED.,.F.,.F.,.F.,(2,2),(10,7,7,7,10),(0.,0.39175),(0.,
    1.574819783427,3.149639566854,4.72445935028,6.299279133707),
  .UNSPECIFIED.);
#8381 = CARTESIAN_POINT('',(11.703124216337,4.490029181792E-08,
    -1.260019816794));
#8382 = CARTESIAN_POINT('',(11.690624200531,-0.219914613488,
    -1.260020223936));
#8383 = CARTESIAN_POINT('',(11.678124108552,-0.439828847375,
    -1.21685168287));
#8384 = CARTESIAN_POINT('',(11.665624202769,-0.65005719972,
    -1.130478625694));
#8385 = CARTESIAN_POINT('',(11.653124249131,-0.840902212732,
    -1.003469250557));
#8386 = CARTESIAN_POINT('',(11.640624225334,-1.003473914695,
    -0.840899128256));
#8387 = CARTESIAN_POINT('',(11.628124201585,-1.130479904072,
    -0.650054014791));
#8388 = CARTESIAN_POINT('',(11.615624185156,-1.21684009902,
    -0.439830973017));
#8389 = CARTESIAN_POINT('',(11.590624177174,-1.30320089305,
    -2.372234661941E-06));
#8390 = CARTESIAN_POINT('',(11.565624197012,-1.216840342686,
    0.439829702531));
#8391 = CARTESIAN_POINT('',(11.553124209444,-1.130479876399,
    0.65005648202));
#8392 = CARTESIAN_POINT('',(11.540624210267,-1.003475365113,
    0.840904364363));
#8393 = CARTESIAN_POINT('',(11.52812420058,-0.84090205815,1.003477361845
    ));
#8394 = CARTESIAN_POINT('',(11.515624191949,-0.650055066116,
    1.130480576369));
#8395 = CARTESIAN_POINT('',(11.503124191383,-0.439829842524,
    1.216839539267));
#8396 = CARTESIAN_POINT('',(11.478124195694,-2.927144843934E-08,
    1.303198541304));
#8397 = CARTESIAN_POINT('',(11.453124200004,0.439829746518,1.21683934847
    ));
#8398 = CARTESIAN_POINT('',(11.440624199439,0.650054907184,
    1.130480402391));
#8399 = CARTESIAN_POINT('',(11.428124190807,0.840902022295,
    1.003477734572));
#8400 = CARTESIAN_POINT('',(11.41562418112,1.003475786591,0.840905012007
    ));
#8401 = CARTESIAN_POINT('',(11.403124181943,1.130480482381,
    0.650056839686));
#8402 = CARTESIAN_POINT('',(11.390624194376,1.216840350777,
    0.439829838369));
#8403 = CARTESIAN_POINT('',(11.365624214213,1.303199977423,
    -2.287646781748E-06));
#8404 = CARTESIAN_POINT('',(11.340624206231,1.21683958507,
    -0.439830837179));
#8405 = CARTESIAN_POINT('',(11.328124189806,1.130479607611,
    -0.650054492791));
#8406 = CARTESIAN_POINT('',(11.315624166038,1.003476761963,
    -0.840898133347));
#8407 = CARTESIAN_POINT('',(11.30312414228,0.84090344739,-1.003472956514
    ));
#8408 = CARTESIAN_POINT('',(11.290624188596,0.650055697433,
    -1.130478785609));
#8409 = CARTESIAN_POINT('',(11.278124282844,0.439828779609,
    -1.216847283655));
#8410 = CARTESIAN_POINT('',(11.265624190857,0.219914705654,
    -1.260020452226));
#8411 = CARTESIAN_POINT('',(11.253124175049,4.726593771931E-08,
    -1.260020859781));
#8412 = CARTESIAN_POINT('',(11.899025776385,-1.476878348616E-06,
    -0.920769700701));
#8413 = CARTESIAN_POINT('',(11.886526295751,-0.160718656485,
    -0.920770151339));
#8414 = CARTESIAN_POINT('',(11.874029317939,-0.321400189007,
    -0.889224020776));
#8415 = CARTESIAN_POINT('',(11.861526222033,-0.475029690708,
    -0.826113936993));
#8416 = CARTESIAN_POINT('',(11.849024698856,-0.614499552082,
    -0.733292727994));
#8417 = CARTESIAN_POINT('',(11.836525481026,-0.73330000003,
    -0.61448748837));
#8418 = CARTESIAN_POINT('',(11.824026260978,-0.826107784334,
    -0.47503066849));
#8419 = CARTESIAN_POINT('',(11.811526800908,-0.889217086575,
    -0.321408659335));
#8420 = CARTESIAN_POINT('',(11.786527063156,-0.952325667058,
    -8.391468740682E-07));
#8421 = CARTESIAN_POINT('',(11.761526411372,-0.889215861552,
    0.321411409605));
#8422 = CARTESIAN_POINT('',(11.749026002884,-0.826106298042,
    0.47503729297));
#8423 = CARTESIAN_POINT('',(11.736525975851,-0.733295983029,
    0.614499790027));
#8424 = CARTESIAN_POINT('',(11.724026294123,-0.614495326988,
    0.733299855313));
#8425 = CARTESIAN_POINT('',(11.711526577714,-0.47503391782,
    0.826108292559));
#8426 = CARTESIAN_POINT('',(11.699026596296,-0.321409595484,
    0.889216019385));
#8427 = CARTESIAN_POINT('',(11.674026454673,1.600307727074E-06,
    0.952323267661));
#8428 = CARTESIAN_POINT('',(11.64902631305,0.321412510669,0.889214565681
    ));
#8429 = CARTESIAN_POINT('',(11.636526331633,0.475036502405,
    0.826106335635));
#8430 = CARTESIAN_POINT('',(11.624026615223,0.614497807865,0.73329838427
    ));
#8431 = CARTESIAN_POINT('',(11.611526933495,0.733298862942,
    0.614498394427));
#8432 = CARTESIAN_POINT('',(11.599026906463,0.826109021321,
    0.475035060932));
#8433 = CARTESIAN_POINT('',(11.586526497977,0.889216991157,
    0.321408565084));
#8434 = CARTESIAN_POINT('',(11.56152584619,0.952324042793,
    -3.993563051643E-06));
#8435 = CARTESIAN_POINT('',(11.536526108437,0.8892150596,-0.321411503855
    ));
#8436 = CARTESIAN_POINT('',(11.52402664833,0.826107613192,
    -0.475033198804));
#8437 = CARTESIAN_POINT('',(11.511527428408,0.733297767846,
    -0.614491312852));
#8438 = CARTESIAN_POINT('',(11.499028210419,0.614504348622,
    -0.733298389398));
#8439 = CARTESIAN_POINT('',(11.486526687324,0.475022156234,
    -0.826117053207));
#8440 = CARTESIAN_POINT('',(11.474023591421,0.321396983258,
    -0.889217332194));
#8441 = CARTESIAN_POINT('',(11.461526613596,0.160715625002,
    -0.920771113819));
#8442 = CARTESIAN_POINT('',(11.44902713296,-1.5546044142E-06,
    -0.920771550896));
#8443 = ADVANCED_FACE('',(#8444),#8485,.F.);
#8444 = FACE_BOUND('',#8445,.F.);
#8445 = EDGE_LOOP('',(#8446,#8478,#8479,#8480));
#8446 = ORIENTED_EDGE('',*,*,#8447,.F.);
#8447 = EDGE_CURVE('',#8025,#8448,#8450,.T.);
#8448 = VERTEX_POINT('',#8449);
#8449 = CARTESIAN_POINT('',(11.19687417524,4.725507174953E-08,
    -1.260016224267));
#8450 = B_SPLINE_CURVE_WITH_KNOTS('',8,(#8451,#8452,#8453,#8454,#8455,
    #8456,#8457,#8458,#8459,#8460,#8461,#8462,#8463,#8464,#8465,#8466,
    #8467,#8468,#8469,#8470,#8471,#8472,#8473,#8474,#8475,#8476,#8477),
  .UNSPECIFIED.,.F.,.F.,(9,6,6,6,9),(0.,1.574819783427,3.149639566854,
    4.72445935028,6.299279133707),.UNSPECIFIED.);
#8451 = CARTESIAN_POINT('',(11.64687421651,4.489047278344E-08,
    -1.260015413055));
#8452 = CARTESIAN_POINT('',(11.632811698735,-0.247403058561,
    -1.260015771261));
#8453 = CARTESIAN_POINT('',(11.618749083069,-0.494805593225,
    -1.204512850422));
#8454 = CARTESIAN_POINT('',(11.604686762886,-0.727679222216,
    -1.093455560313));
#8455 = CARTESIAN_POINT('',(11.590624238415,-0.931475466429,
    -0.931474185134));
#8456 = CARTESIAN_POINT('',(11.576561709355,-1.093464500087,
    -0.727673655291));
#8457 = CARTESIAN_POINT('',(11.562499186588,-1.204498470188,
    -0.494807736112));
#8458 = CARTESIAN_POINT('',(11.534374175378,-1.315533300916,
    -2.622474521402E-06));
#8459 = CARTESIAN_POINT('',(11.50624919992,-1.2044988176,0.494806974179)
  );
#8460 = CARTESIAN_POINT('',(11.49218671447,-1.093464432245,0.72767778424
    ));
#8461 = CARTESIAN_POINT('',(11.478124207219,-0.931477729025,
    0.931480314039));
#8462 = CARTESIAN_POINT('',(11.464061692684,-0.72767569232,
    1.093465650704));
#8463 = CARTESIAN_POINT('',(11.449999191028,-0.494806793205,
    1.204498188911));
#8464 = CARTESIAN_POINT('',(11.421874195875,-3.136653600853E-08,
    1.315530836465));
#8465 = CARTESIAN_POINT('',(11.393749200722,0.494806694813,
    1.204498029998));
#8466 = CARTESIAN_POINT('',(11.379686699067,0.72767552856,1.093465543021
    ));
#8467 = CARTESIAN_POINT('',(11.365624184531,0.931477780506,
    0.931480946583));
#8468 = CARTESIAN_POINT('',(11.351561677281,1.093465074756,
    0.727678163599));
#8469 = CARTESIAN_POINT('',(11.337499191831,1.204498914868,
    0.494807105085));
#8470 = CARTESIAN_POINT('',(11.309374216372,1.315532515129,
    -2.541016276892E-06));
#8471 = CARTESIAN_POINT('',(11.281249205163,1.204498126741,
    -0.494807605206));
#8472 = CARTESIAN_POINT('',(11.26718668239,1.093464473914,
    -0.727673587972));
#8473 = CARTESIAN_POINT('',(11.253124153353,0.931479090371,
    -0.931474862316));
#8474 = CARTESIAN_POINT('',(11.239061628844,0.727677399287,
    -1.093458611621));
#8475 = CARTESIAN_POINT('',(11.22499930869,0.494805524538,
    -1.204508415074));
#8476 = CARTESIAN_POINT('',(11.210936693016,0.247403150707,
    -1.260015865596));
#8477 = CARTESIAN_POINT('',(11.19687417524,4.725504954006E-08,
    -1.260016224267));
#8478 = ORIENTED_EDGE('',*,*,#8058,.T.);
#8479 = ORIENTED_EDGE('',*,*,#8348,.T.);
#8480 = ORIENTED_EDGE('',*,*,#8481,.F.);
#8481 = EDGE_CURVE('',#8448,#8349,#8482,.T.);
#8482 = B_SPLINE_CURVE_WITH_KNOTS('',1,(#8483,#8484),.UNSPECIFIED.,.F.,
  .F.,(2,2),(0.,5.625E-02),.PIECEWISE_BEZIER_KNOTS.);
#8483 = CARTESIAN_POINT('',(11.19687417524,4.725504987313E-08,
    -1.260016224267));
#8484 = CARTESIAN_POINT('',(11.253124175049,4.726593805238E-08,
    -1.260020859781));
#8485 = B_SPLINE_SURFACE_WITH_KNOTS('',1,11,(
    (#8486,#8487,#8488,#8489,#8490,#8491,#8492,#8493,#8494,#8495,#8496
      ,#8497,#8498,#8499,#8500,#8501,#8502,#8503,#8504,#8505,#8506)
    ,(#8507,#8508,#8509,#8510,#8511,#8512,#8513,#8514,#8515,#8516,#8517
      ,#8518,#8519,#8520,#8521,#8522,#8523,#8524,#8525,#8526,#8527
  )),.UNSPECIFIED.,.F.,.F.,.F.,(2,2),(12,9,12),(0.,5.625E-02),(0.,
    3.149639566854,6.299279133707),.UNSPECIFIED.);
#8486 = CARTESIAN_POINT('',(11.64687421651,4.489047267242E-08,
    -1.260015413055));
#8487 = CARTESIAN_POINT('',(11.626419645201,-0.359859014676,
    -1.260015934082));
#8488 = CARTESIAN_POINT('',(11.60596487455,-0.719716915982,
    -1.146991595961));
#8489 = CARTESIAN_POINT('',(11.585510982949,-1.040129095112,
    -0.920800689191));
#8490 = CARTESIAN_POINT('',(11.565055928524,-1.281560525119,
    -0.597218480945));
#8491 = CARTESIAN_POINT('',(11.54460115373,-1.411650984928,
    -0.206979792232));
#8492 = CARTESIAN_POINT('',(11.52414713463,-1.411608834806,
    0.206971365531));
#8493 = CARTESIAN_POINT('',(11.503692356988,-1.281592711534,
    0.597195784265));
#8494 = CARTESIAN_POINT('',(11.483237845379,-1.040114840152,
    0.920860501524));
#8495 = CARTESIAN_POINT('',(11.462783279734,-0.719718958812,
    1.146963084667));
#8496 = CARTESIAN_POINT('',(11.421874195875,-2.212753557486E-08,
    1.373065976825));
#8497 = CARTESIAN_POINT('',(11.380965112017,0.719718841942,
    1.146962853521));
#8498 = CARTESIAN_POINT('',(11.360510561438,1.040114890306,
    0.920859749513));
#8499 = CARTESIAN_POINT('',(11.340055975558,1.281589457785,0.59720179648
    ));
#8500 = CARTESIAN_POINT('',(11.319601362872,1.411626602816,
    0.206964470434));
#8501 = CARTESIAN_POINT('',(11.299147132223,1.411618856973,
    -0.206981554201));
#8502 = CARTESIAN_POINT('',(11.278692522523,1.281583544342,
    -0.597202920357));
#8503 = CARTESIAN_POINT('',(11.258237393672,1.040124052075,
    -0.920820190981));
#8504 = CARTESIAN_POINT('',(11.237783517216,0.719716680614,
    -1.146982557454));
#8505 = CARTESIAN_POINT('',(11.217328746551,0.359859106821,
    -1.260015702564));
#8506 = CARTESIAN_POINT('',(11.19687417524,4.725504987313E-08,
    -1.260016224267));
#8507 = CARTESIAN_POINT('',(11.703124216337,4.490029192894E-08,
    -1.260019816794));
#8508 = CARTESIAN_POINT('',(11.682669645018,-0.35986030519,
    -1.260020483027));
#8509 = CARTESIAN_POINT('',(11.662214874265,-0.719719543858,
    -1.146996993951));
#8510 = CARTESIAN_POINT('',(11.641760982951,-1.0401337308,
    -0.920801262854));
#8511 = CARTESIAN_POINT('',(11.621305928319,-1.281561151094,
    -0.597222565978));
#8512 = CARTESIAN_POINT('',(11.600851153388,-1.411661870585,
    -0.206980745564));
#8513 = CARTESIAN_POINT('',(11.580397134556,-1.411610127462,
    0.206973585747));
#8514 = CARTESIAN_POINT('',(11.559942356794,-1.281598456099,
    0.597196812832));
#8515 = CARTESIAN_POINT('',(11.539487845203,-1.040118378885,
    0.92086399118));
#8516 = CARTESIAN_POINT('',(11.51903327955,-0.719721545101,
    1.146967239322));
#8517 = CARTESIAN_POINT('',(11.478124195693,-1.411616080688E-08,
    1.373070901958));
#8518 = CARTESIAN_POINT('',(11.437215111839,0.719721418785,
    1.146966927108));
#8519 = CARTESIAN_POINT('',(11.416760561255,1.040118143468,
    0.920862868008));
#8520 = CARTESIAN_POINT('',(11.396305975365,1.281595538885,
    0.597205044797));
#8521 = CARTESIAN_POINT('',(11.375851362636,1.411630737612,
    0.206963746992));
#8522 = CARTESIAN_POINT('',(11.355397132137,1.411622797637,
    -0.206982096277));
#8523 = CARTESIAN_POINT('',(11.334942522412,1.281589481076,
    -0.597203114972));
#8524 = CARTESIAN_POINT('',(11.314487393287,1.040127546793,
    -0.920826223734));
#8525 = CARTESIAN_POINT('',(11.29403351714,0.719719217294,
    -1.146985388032));
#8526 = CARTESIAN_POINT('',(11.273578746372,0.359860397356,
    -1.260020192873));
#8527 = CARTESIAN_POINT('',(11.253124175049,4.726593805238E-08,
    -1.260020859781));
#8528 = ADVANCED_FACE('',(#8529),#8611,.F.);
#8529 = FACE_BOUND('',#8530,.F.);
#8530 = EDGE_LOOP('',(#8531,#8604,#8605,#8606));
#8531 = ORIENTED_EDGE('',*,*,#8532,.F.);
#8532 = EDGE_CURVE('',#8110,#8533,#8535,.T.);
#8533 = VERTEX_POINT('',#8534);
#8534 = CARTESIAN_POINT('',(11.066985720939,-5.075888584907E-07,
    -1.035000000002));
#8535 = B_SPLINE_CURVE_WITH_KNOTS('',7,(#8536,#8537,#8538,#8539,#8540,
    #8541,#8542,#8543,#8544,#8545,#8546,#8547,#8548,#8549,#8550,#8551,
    #8552,#8553,#8554,#8555,#8556,#8557,#8558,#8559,#8560,#8561,#8562,
    #8563,#8564,#8565,#8566,#8567,#8568,#8569,#8570,#8571,#8572,#8573,
    #8574,#8575,#8576,#8577,#8578,#8579,#8580,#8581,#8582,#8583,#8584,
    #8585,#8586,#8587,#8588,#8589,#8590,#8591,#8592,#8593,#8594,#8595,
    #8596,#8597,#8598,#8599,#8600,#8601,#8602,#8603),.UNSPECIFIED.,.F.,
  .F.,(8,6,6,6,6,6,6,6,6,6,6,8),(0.,0.106029471727,0.136748083412,
    0.270508365469,0.384280431666,0.492275021286,0.633390483232,
    0.735624297153,0.781388037168,0.872390996218,0.955010816133,1.),
  .UNSPECIFIED.);
#8536 = CARTESIAN_POINT('',(11.516984994366,-9.644181935275E-07,
    -1.035000000004));
#8537 = CARTESIAN_POINT('',(11.510169636065,-9.849931209418E-02,
    -1.035000000004));
#8538 = CARTESIAN_POINT('',(11.503351760509,-0.197009354297,
    -1.024063789133));
#8539 = CARTESIAN_POINT('',(11.496535574024,-0.294050596507,
    -1.002187126016));
#8540 = CARTESIAN_POINT('',(11.489720519201,-0.38817304183,
    -0.969622112783));
#8541 = CARTESIAN_POINT('',(11.482905024979,-0.477985849811,
    -0.926849489317));
#8542 = CARTESIAN_POINT('',(11.476088738619,-0.562191946926,
    -0.874567337823));
#8543 = CARTESIAN_POINT('',(11.467298669102,-0.662063352321,
    -0.796060752749));
#8544 = CARTESIAN_POINT('',(11.465324084939,-0.683930889606,
    -0.777703613681));
#8545 = CARTESIAN_POINT('',(11.463349486798,-0.705203240403,
    -0.758646770323));
#8546 = CARTESIAN_POINT('',(11.461374875149,-0.725853626176,
    -0.738913448443));
#8547 = CARTESIAN_POINT('',(11.459400251246,-0.745856450043,
    -0.718528109781));
#8548 = CARTESIAN_POINT('',(11.457425617131,-0.765187296783,
    -0.697516452052));
#8549 = CARTESIAN_POINT('',(11.44685265073,-0.864969436449,
    -0.581802874248));
#8550 = CARTESIAN_POINT('',(11.438251085584,-0.932964258112,
    -0.47630111349));
#8551 = CARTESIAN_POINT('',(11.429652043455,-0.98582768794,
    -0.361661794365));
#8552 = CARTESIAN_POINT('',(11.4210542385,-1.022156955529,
    -0.240522164434));
#8553 = CARTESIAN_POINT('',(11.412455387471,-1.041103414475,
    -0.115710955749));
#8554 = CARTESIAN_POINT('',(11.40385401526,-1.042387196698,
    9.797234938749E-03));
#8555 = CARTESIAN_POINT('',(11.387942050169,-1.012832893318,
    0.237837758695));
#8556 = CARTESIAN_POINT('',(11.380627077857,-0.986759371619,
    0.341052588857));
#8557 = CARTESIAN_POINT('',(11.373313031172,-0.948424598207,
    0.440845966319));
#8558 = CARTESIAN_POINT('',(11.365999587952,-0.898392824319,
    0.53548535463));
#8559 = CARTESIAN_POINT('',(11.358685552768,-0.837515128853,
    0.623360988514));
#8560 = CARTESIAN_POINT('',(11.351370633931,-0.766905439996,
    0.703031132956));
#8561 = CARTESIAN_POINT('',(11.33711512788,-0.612987693343,
    0.839962408416));
#8562 = CARTESIAN_POINT('',(11.330172124618,-0.530481418849,
    0.898178452414));
#8563 = CARTESIAN_POINT('',(11.323230006875,-0.441590465683,
    0.946882084485));
#8564 = CARTESIAN_POINT('',(11.316288420119,-0.347640755306,
    0.985258132034));
#8565 = CARTESIAN_POINT('',(11.309346287965,-0.250072234728,
    1.012718368263));
#8566 = CARTESIAN_POINT('',(11.302403262228,-0.150402445797,
    1.028916429678));
#8567 = CARTESIAN_POINT('',(11.28638998829,8.073838748373E-02,
    1.040139841776));
#8568 = CARTESIAN_POINT('',(11.277314602981,0.212671998596,
    1.027152404023));
#8569 = CARTESIAN_POINT('',(11.268242241271,0.342068420507,
    0.994617166182));
#8570 = CARTESIAN_POINT('',(11.259171163845,0.465471702572,
    0.943191285254));
#8571 = CARTESIAN_POINT('',(11.25009888032,0.579679428843,0.874209553859
    ));
#8572 = CARTESIAN_POINT('',(11.241023567598,0.681791993197,
    0.789663215313));
#8573 = CARTESIAN_POINT('',(11.225380641019,0.832980878102,
    0.621599309423));
#8574 = CARTESIAN_POINT('',(11.218808145493,0.888946439114,
    0.544185340873));
#8575 = CARTESIAN_POINT('',(11.212236291749,0.936470393367,
    0.460947122673));
#8576 = CARTESIAN_POINT('',(11.205664791723,0.974844542207,
    0.372997487079));
#8577 = CARTESIAN_POINT('',(11.199092845651,1.003541697548,
    0.281544610165));
#8578 = CARTESIAN_POINT('',(11.19252024078,1.022227665826,0.187864617254
    ));
#8579 = CARTESIAN_POINT('',(11.183006605149,1.03461847574,
    5.094052259233E-02));
#8580 = CARTESIAN_POINT('',(11.180064782759,1.036421015679,
    8.41711191953E-03));
#8581 = CARTESIAN_POINT('',(11.177122968962,1.03618402577,
    -3.417306023766E-02));
#8582 = CARTESIAN_POINT('',(11.17418116714,1.033905367132,
    -7.671261226243E-02));
#8583 = CARTESIAN_POINT('',(11.171239371327,1.02959132145,-0.11908435032
    ));
#8584 = CARTESIAN_POINT('',(11.168297582141,1.023256561546,
    -0.161171798265));
#8585 = CARTESIAN_POINT('',(11.159506020854,0.998354744991,
    -0.285757780035));
#8586 = CARTESIAN_POINT('',(11.15365583883,0.973884538563,
    -0.367083275226));
#8587 = CARTESIAN_POINT('',(11.147806056998,0.941694329723,
    -0.445920857659));
#8588 = CARTESIAN_POINT('',(11.141956578819,0.902097244019,
    -0.521396489162));
#8589 = CARTESIAN_POINT('',(11.136106920224,0.855524273814,
    -0.592688581012));
#8590 = CARTESIAN_POINT('',(11.130256822573,0.802516599923,
    -0.659042676181));
#8591 = CARTESIAN_POINT('',(11.119096039099,0.690348611602,
    -0.774940708648));
#8592 = CARTESIAN_POINT('',(11.113784688996,0.63219825254,
    -0.825476574848));
#8593 = CARTESIAN_POINT('',(11.108473290787,0.569757674302,
    -0.870896965138));
#8594 = CARTESIAN_POINT('',(11.1031618239,0.503570507948,-0.9107700841)
  );
#8595 = CARTESIAN_POINT('',(11.097850201786,0.434230957879,
    -0.944738027014));
#8596 = CARTESIAN_POINT('',(11.092538578375,0.362374829037,
    -0.97252215086));
#8597 = CARTESIAN_POINT('',(11.084335683463,0.248536174944,
    -1.00558487011));
#8598 = CARTESIAN_POINT('',(11.081443820159,0.207852513487,
    -1.015350621974));
#8599 = CARTESIAN_POINT('',(11.078552102652,0.1667267448,-1.023194577941
    ));
#8600 = CARTESIAN_POINT('',(11.075660534135,0.125267848362,
    -1.029093297373));
#8601 = CARTESIAN_POINT('',(11.072769058802,8.358612149415E-02,
    -1.033031076006));
#8602 = CARTESIAN_POINT('',(11.069877537678,4.179269279579E-02,
    -1.035000000004));
#8603 = CARTESIAN_POINT('',(11.066985724451,-9.644182230595E-07,
    -1.035000000004));
#8604 = ORIENTED_EDGE('',*,*,#8190,.T.);
#8605 = ORIENTED_EDGE('',*,*,#8447,.T.);
#8606 = ORIENTED_EDGE('',*,*,#8607,.F.);
#8607 = EDGE_CURVE('',#8533,#8448,#8608,.T.);
#8608 = B_SPLINE_CURVE_WITH_KNOTS('',1,(#8609,#8610),.UNSPECIFIED.,.F.,
  .F.,(2,2),(0.,0.39175),.PIECEWISE_BEZIER_KNOTS.);
#8609 = CARTESIAN_POINT('',(11.001027134482,-1.5546911315E-06,
    -0.920734631598));
#8610 = CARTESIAN_POINT('',(11.19687417524,4.725504954006E-08,
    -1.260016224267));
#8611 = B_SPLINE_SURFACE_WITH_KNOTS('',1,8,(
    (#8612,#8613,#8614,#8615,#8616,#8617,#8618,#8619,#8620,#8621,#8622
      ,#8623,#8624,#8625,#8626,#8627,#8628,#8629,#8630,#8631,#8632,#8633
      ,#8634,#8635,#8636,#8637,#8638)
    ,(#8639,#8640,#8641,#8642,#8643,#8644,#8645,#8646,#8647,#8648,#8649
      ,#8650,#8651,#8652,#8653,#8654,#8655,#8656,#8657,#8658,#8659,#8660
      ,#8661,#8662,#8663,#8664,#8665
    )),.UNSPECIFIED.,.F.,.F.,.F.,(2,2),(9,6,6,6,9),(0.,0.39175),(0.,
    1.574819783427,3.149639566854,4.72445935028,6.299279133707),
  .UNSPECIFIED.);
#8612 = CARTESIAN_POINT('',(11.451025777758,-1.476956553725E-06,
    -0.920734627369));
#8613 = CARTESIAN_POINT('',(11.436963862106,-0.180801237678,
    -0.920734339252));
#8614 = CARTESIAN_POINT('',(11.422905164716,-0.361554983248,
    -0.880171408231));
#8615 = CARTESIAN_POINT('',(11.408836752838,-0.531736932844,
    -0.799037788892));
#8616 = CARTESIAN_POINT('',(11.394775057931,-0.680668720463,
    -0.680648752287));
#8617 = CARTESIAN_POINT('',(11.38071351289,-0.799029565745,
    -0.531732930045));
#8618 = CARTESIAN_POINT('',(11.366651761446,-0.880166721946,
    -0.361570412756));
#8619 = CARTESIAN_POINT('',(11.338527129964,-0.961302789668,
    -1.172184336021E-06));
#8620 = CARTESIAN_POINT('',(11.310401323169,-0.880165927492,
    0.361573893406));
#8621 = CARTESIAN_POINT('',(11.296338344838,-0.799028907286,
    0.531741501871));
#8622 = CARTESIAN_POINT('',(11.28227608317,-0.680658811493,
    0.680664094129));
#8623 = CARTESIAN_POINT('',(11.268214061029,-0.531736994438,0.7990306748
    ));
#8624 = CARTESIAN_POINT('',(11.254151615463,-0.361571850189,
    0.880166052939));
#8625 = CARTESIAN_POINT('',(11.22602645612,1.582697418352E-06,
    0.961301110387));
#8626 = CARTESIAN_POINT('',(11.197901296776,0.36157474821,0.880164861414
    ));
#8627 = CARTESIAN_POINT('',(11.18383885121,0.531739624932,0.799028923163
    ));
#8628 = CARTESIAN_POINT('',(11.169776829068,0.680661053299,
    0.680661855889));
#8629 = CARTESIAN_POINT('',(11.155714567403,0.799030661716,
    0.531738872508));
#8630 = CARTESIAN_POINT('',(11.141651589071,0.880167118706,
    0.361570995557));
#8631 = CARTESIAN_POINT('',(11.113525782275,0.961302785573,
    -4.33748506061E-06));
#8632 = CARTESIAN_POINT('',(11.085401150792,0.880165529438,
    -0.361573310604));
#8633 = CARTESIAN_POINT('',(11.071339399348,0.799027814515,
    -0.531735561043));
#8634 = CARTESIAN_POINT('',(11.057277854306,0.680666497759,
    -0.680650997283));
#8635 = CARTESIAN_POINT('',(11.043216159408,0.531734292147,
    -0.799039555925));
#8636 = CARTESIAN_POINT('',(11.029147747522,0.361552084302,
    -0.880172575968));
#8637 = CARTESIAN_POINT('',(11.015089050132,0.18079820603,
    -0.920734934973));
#8638 = CARTESIAN_POINT('',(11.001027134482,-1.5546911315E-06,
    -0.920734631598));
#8639 = CARTESIAN_POINT('',(11.64687421651,4.489047278344E-08,
    -1.260015413055));
#8640 = CARTESIAN_POINT('',(11.632811698735,-0.247403058561,
    -1.260015771261));
#8641 = CARTESIAN_POINT('',(11.618749083069,-0.494805593225,
    -1.204512850422));
#8642 = CARTESIAN_POINT('',(11.604686762886,-0.727679222216,
    -1.093455560313));
#8643 = CARTESIAN_POINT('',(11.590624238415,-0.931475466429,
    -0.931474185134));
#8644 = CARTESIAN_POINT('',(11.576561709355,-1.093464500087,
    -0.727673655291));
#8645 = CARTESIAN_POINT('',(11.562499186588,-1.204498470188,
    -0.494807736112));
#8646 = CARTESIAN_POINT('',(11.534374175378,-1.315533300916,
    -2.622474521402E-06));
#8647 = CARTESIAN_POINT('',(11.50624919992,-1.2044988176,0.494806974179)
  );
#8648 = CARTESIAN_POINT('',(11.49218671447,-1.093464432245,0.72767778424
    ));
#8649 = CARTESIAN_POINT('',(11.478124207219,-0.931477729025,
    0.931480314039));
#8650 = CARTESIAN_POINT('',(11.464061692684,-0.72767569232,
    1.093465650704));
#8651 = CARTESIAN_POINT('',(11.449999191028,-0.494806793205,
    1.204498188911));
#8652 = CARTESIAN_POINT('',(11.421874195875,-3.136653600853E-08,
    1.315530836465));
#8653 = CARTESIAN_POINT('',(11.393749200722,0.494806694813,
    1.204498029998));
#8654 = CARTESIAN_POINT('',(11.379686699067,0.72767552856,1.093465543021
    ));
#8655 = CARTESIAN_POINT('',(11.365624184531,0.931477780506,
    0.931480946583));
#8656 = CARTESIAN_POINT('',(11.351561677281,1.093465074756,
    0.727678163599));
#8657 = CARTESIAN_POINT('',(11.337499191831,1.204498914868,
    0.494807105085));
#8658 = CARTESIAN_POINT('',(11.309374216372,1.315532515129,
    -2.541016276892E-06));
#8659 = CARTESIAN_POINT('',(11.281249205163,1.204498126741,
    -0.494807605206));
#8660 = CARTESIAN_POINT('',(11.26718668239,1.093464473914,
    -0.727673587972));
#8661 = CARTESIAN_POINT('',(11.253124153353,0.931479090371,
    -0.931474862316));
#8662 = CARTESIAN_POINT('',(11.239061628844,0.727677399287,
    -1.093458611621));
#8663 = CARTESIAN_POINT('',(11.22499930869,0.494805524538,
    -1.204508415074));
#8664 = CARTESIAN_POINT('',(11.210936693016,0.247403150707,
    -1.260015865596));
#8665 = CARTESIAN_POINT('',(11.19687417524,4.725504954006E-08,
    -1.260016224267));
#8666 = ADVANCED_FACE('',(#8667),#8762,.F.);
#8667 = FACE_BOUND('',#8668,.T.);
#8668 = EDGE_LOOP('',(#8669,#8670,#8671,#8756));
#8669 = ORIENTED_EDGE('',*,*,#8532,.F.);
#8670 = ORIENTED_EDGE('',*,*,#8334,.T.);
#8671 = ORIENTED_EDGE('',*,*,#8672,.T.);
#8672 = EDGE_CURVE('',#8256,#8673,#8675,.T.);
#8673 = VERTEX_POINT('',#8674);
#8674 = CARTESIAN_POINT('',(10.933066552589,-5.33002552592E-07,
    -1.035000000003));
#8675 = B_SPLINE_CURVE_WITH_KNOTS('',7,(#8676,#8677,#8678,#8679,#8680,
    #8681,#8682,#8683,#8684,#8685,#8686,#8687,#8688,#8689,#8690,#8691,
    #8692,#8693,#8694,#8695,#8696,#8697,#8698,#8699,#8700,#8701,#8702,
    #8703,#8704,#8705,#8706,#8707,#8708,#8709,#8710,#8711,#8712,#8713,
    #8714,#8715,#8716,#8717,#8718,#8719,#8720,#8721,#8722,#8723,#8724,
    #8725,#8726,#8727,#8728,#8729,#8730,#8731,#8732,#8733,#8734,#8735,
    #8736,#8737,#8738,#8739,#8740,#8741,#8742,#8743,#8744,#8745,#8746,
    #8747,#8748,#8749,#8750,#8751,#8752,#8753,#8754,#8755),
  .UNSPECIFIED.,.F.,.F.,(8,6,6,6,6,6,6,6,6,6,6,6,6,8),(0.,
    3.800240923208E-02,0.109362505394,0.135543234257,0.227478188975,
    0.290827900908,0.390842531588,0.495426076925,0.635928528477,
    0.791985235713,0.810734814027,0.876620435954,0.964118893825,1.),
  .UNSPECIFIED.);
#8676 = CARTESIAN_POINT('',(11.383064755228,-1.015239502467E-06,
    -1.035000000005));
#8677 = CARTESIAN_POINT('',(11.38062208913,-3.530404221667E-02,
    -1.035000000005));
#8678 = CARTESIAN_POINT('',(11.378179704014,-7.060695914978E-02,
    -1.033595136354));
#8679 = CARTESIAN_POINT('',(11.375737410652,-0.105842381819,
    -1.030785473866));
#8680 = CARTESIAN_POINT('',(11.373295075024,-0.140943387582,
    -1.026575039687));
#8681 = CARTESIAN_POINT('',(11.370852618318,-0.175843515376,
    -1.0209718233));
#8682 = CARTESIAN_POINT('',(11.368410016931,-0.210476765713,
    -1.013987776522));
#8683 = CARTESIAN_POINT('',(11.361380426469,-0.309186961342,
    -0.989961312636));
#8684 = CARTESIAN_POINT('',(11.356792957646,-0.372426609075,
    -0.969470405403));
#8685 = CARTESIAN_POINT('',(11.3522052043,-0.434062007746,
    -0.944271832589));
#8686 = CARTESIAN_POINT('',(11.347617332636,-0.493673997321,
    -0.914519159624));
#8687 = CARTESIAN_POINT('',(11.343029444133,-0.550863302446,
    -0.880411589545));
#8688 = CARTESIAN_POINT('',(11.338441652918,-0.605255041033,
    -0.842191775965));
#8689 = CARTESIAN_POINT('',(11.332171096099,-0.675305267685,
    -0.784716933863));
#8690 = CARTESIAN_POINT('',(11.330488053449,-0.693684404933,
    -0.768774759912));
#8691 = CARTESIAN_POINT('',(11.328805036141,-0.711623640486,
    -0.752331069971));
#8692 = CARTESIAN_POINT('',(11.327122044229,-0.729106598023,
    -0.735400467832));
#8693 = CARTESIAN_POINT('',(11.325439076871,-0.746117528996,
    -0.717998205299));
#8694 = CARTESIAN_POINT('',(11.323756132327,-0.762641312636,
    -0.700140182186));
#8695 = CARTESIAN_POINT('',(11.316163533845,-0.834926023251,
    -0.617591276315));
#8696 = CARTESIAN_POINT('',(11.310253636771,-0.885007665413,
    -0.547918197788));
#8697 = CARTESIAN_POINT('',(11.304344224457,-0.928272760866,
    -0.473546253365));
#8698 = CARTESIAN_POINT('',(11.298434991959,-0.964203974554,
    -0.395281059924));
#8699 = CARTESIAN_POINT('',(11.292525400074,-0.99240216348,
    -0.313992082865));
#8700 = CARTESIAN_POINT('',(11.286615332719,-1.012593645577,
    -0.23059677856));
#8701 = CARTESIAN_POINT('',(11.276633430715,-1.032948955017,
    -8.778806525351E-02));
#8702 = CARTESIAN_POINT('',(11.272561107087,-1.037388469479,
    -2.897609849801E-02));
#8703 = CARTESIAN_POINT('',(11.268488801003,-1.037919260663,
    3.007837035481E-02));
#8704 = CARTESIAN_POINT('',(11.26441651301,-1.034528288735,
    8.906360516502E-02));
#8705 = CARTESIAN_POINT('',(11.260344196237,-1.02723343946,0.14766827413
    ));
#8706 = CARTESIAN_POINT('',(11.256271847061,-1.016083375005,
    0.205584165339));
#8707 = CARTESIAN_POINT('',(11.245770447187,-0.977592677687,
    0.352379974715));
#8708 = CARTESIAN_POINT('',(11.239340649471,-0.944613199791,
    0.439793315842));
#8709 = CARTESIAN_POINT('',(11.232911477005,-0.902530428809,
    0.523546521386));
#8710 = CARTESIAN_POINT('',(11.22648270086,-0.851846100669,
    0.602511593581));
#8711 = CARTESIAN_POINT('',(11.220053580114,-0.793226599356,
    0.675650377452));
#8712 = CARTESIAN_POINT('',(11.21362386183,-0.727488499152,
    0.742037062454));
#8713 = CARTESIAN_POINT('',(11.200472021688,-0.580417758999,
    0.862426880831));
#8714 = CARTESIAN_POINT('',(11.193748281591,-0.498490724132,
    0.915741448698));
#8715 = CARTESIAN_POINT('',(11.187025113412,-0.410911725936,
    0.959926837236));
#8716 = CARTESIAN_POINT('',(11.180302306537,-0.31890945898,
    0.994285968252));
#8717 = CARTESIAN_POINT('',(11.173579087373,-0.22380640816,
    1.018324907374));
#8718 = CARTESIAN_POINT('',(11.166855288025,-0.126987486833,
    1.031764606526));
#8719 = CARTESIAN_POINT('',(11.15110077178,0.100591309898,1.038336044846
    ));
#8720 = CARTESIAN_POINT('',(11.142065328569,0.231668250808,1.02291023498
    ));
#8721 = CARTESIAN_POINT('',(11.133033307841,0.359865168328,
    0.988160409433));
#8722 = CARTESIAN_POINT('',(11.124002853053,0.481784403802,
    0.934798006362));
#8723 = CARTESIAN_POINT('',(11.114970903942,0.594289035701,
    0.864196242726));
#8724 = CARTESIAN_POINT('',(11.105935503689,0.694551559462,
    0.778368288962));
#8725 = CARTESIAN_POINT('',(11.086872253472,0.875540612501,
    0.570673212804));
#8726 = CARTESIAN_POINT('',(11.07683380166,0.952984532537,0.445743321905
    ));
#8727 = CARTESIAN_POINT('',(11.066800643995,1.00942168953,0.308775271937
    ));
#8728 = CARTESIAN_POINT('',(11.056769543618,1.042762271195,
    0.164076506152));
#8729 = CARTESIAN_POINT('',(11.046736809326,1.051952148708,
    1.622198076142E-02));
#8730 = CARTESIAN_POINT('',(11.0366987778,1.036985391124,-0.130000590111
    ));
#8731 = CARTESIAN_POINT('',(11.025462153103,0.99463136224,
    -0.286766106781));
#8732 = CARTESIAN_POINT('',(11.024256922131,0.989758380699,
    -0.30349145865));
#8733 = CARTESIAN_POINT('',(11.023051690984,0.984557380253,
    -0.320119835086));
#8734 = CARTESIAN_POINT('',(11.021846459424,0.979030690443,
    -0.336643523682));
#8735 = CARTESIAN_POINT('',(11.020641227288,0.97318086599,
    -0.353054886632));
#8736 = CARTESIAN_POINT('',(11.019435994493,0.967010686794,
    -0.369346360729));
#8737 = CARTESIAN_POINT('',(11.013995596126,0.937726118661,
    -0.442310751334));
#8738 = CARTESIAN_POINT('',(11.009760332556,0.911009850851,
    -0.497539417684));
#8739 = CARTESIAN_POINT('',(11.005525116268,0.880505374758,
    -0.550870004824));
#8740 = CARTESIAN_POINT('',(11.001289921589,0.846376516569,
    -0.601991992947));
#8741 = CARTESIAN_POINT('',(10.997054668911,0.808818083365,
    -0.65061354361));
#8742 = CARTESIAN_POINT('',(10.992819342372,0.768054038081,
    -0.696464249316));
#8743 = CARTESIAN_POINT('',(10.982959564503,0.666276126946,
    -0.796182477818));
#8744 = CARTESIAN_POINT('',(10.977334656345,0.603000657907,
    -0.847750898978));
#8745 = CARTESIAN_POINT('',(10.971710077474,0.535100516008,
    -0.893423650816));
#8746 = CARTESIAN_POINT('',(10.966085719846,0.463239268956,
    -0.932709929227));
#8747 = CARTESIAN_POINT('',(10.960461194085,0.388140483944,
    -0.965214270404));
#8748 = CARTESIAN_POINT('',(10.954836350596,0.310575408093,
    -0.990643199478));
#8749 = CARTESIAN_POINT('',(10.946905302052,0.198862396344,
    -1.016262437026));
#8750 = CARTESIAN_POINT('',(10.944598796226,0.166094078899,
    -1.02249236705));
#8751 = CARTESIAN_POINT('',(10.942292282494,0.133100993461,
    -1.027489016018));
#8752 = CARTESIAN_POINT('',(10.939985772201,9.993878193117E-02,
    -1.031242881087));
#8753 = CARTESIAN_POINT('',(10.937679288738,6.6663431209E-02,
    -1.033747609785));
#8754 = CARTESIAN_POINT('',(10.935372867543,3.333127318856E-02,
    -1.035000000005));
#8755 = CARTESIAN_POINT('',(10.933066556101,-1.015239524893E-06,
    -1.035000000005));
#8756 = ORIENTED_EDGE('',*,*,#8757,.F.);
#8757 = EDGE_CURVE('',#8533,#8673,#8758,.T.);
#8758 = LINE('',#8759,#8760);
#8759 = CARTESIAN_POINT('',(20.,0.,-1.035));
#8760 = VECTOR('',#8761,1.);
#8761 = DIRECTION('',(-1.,0.,6.661338147751E-17));
#8762 = CYLINDRICAL_SURFACE('',#8763,1.035);
#8763 = AXIS2_PLACEMENT_3D('',#8764,#8765,#8766);
#8764 = CARTESIAN_POINT('',(20.,0.,0.));
#8765 = DIRECTION('',(-1.,-0.,-0.));
#8766 = DIRECTION('',(0.,0.,-1.));
#8767 = ADVANCED_FACE('',(#8768),#8803,.F.);
#8768 = FACE_BOUND('',#8769,.F.);
#8769 = EDGE_LOOP('',(#8770,#8796,#8797,#8798));
#8770 = ORIENTED_EDGE('',*,*,#8771,.F.);
#8771 = EDGE_CURVE('',#8349,#8772,#8774,.T.);
#8772 = VERTEX_POINT('',#8773);
#8773 = CARTESIAN_POINT('',(10.803124133757,4.963186399588E-08,
    -1.260021902764));
#8774 = B_SPLINE_CURVE_WITH_KNOTS('',11,(#8775,#8776,#8777,#8778,#8779,
    #8780,#8781,#8782,#8783,#8784,#8785,#8786,#8787,#8788,#8789,#8790,
    #8791,#8792,#8793,#8794,#8795),.UNSPECIFIED.,.F.,.F.,(12,9,12),(0.,
    3.149639566854,6.299279133707),.UNSPECIFIED.);
#8775 = CARTESIAN_POINT('',(11.253124175049,4.726595981275E-08,
    -1.260020859781));
#8776 = CARTESIAN_POINT('',(11.232669603726,-0.359860600636,
    -1.260021526686));
#8777 = CARTESIAN_POINT('',(11.212214832955,-0.719720137609,
    -1.146997944746));
#8778 = CARTESIAN_POINT('',(11.191760941697,-1.040134589936,
    -0.920802026853));
#8779 = CARTESIAN_POINT('',(11.171305887033,-1.281562210703,
    -0.597223063091));
#8780 = CARTESIAN_POINT('',(11.150851112048,-1.411663038954,
    -0.206980919143));
#8781 = CARTESIAN_POINT('',(11.130397093303,-1.411611296053,
    0.206973754182));
#8782 = CARTESIAN_POINT('',(11.109942315491,-1.281599518215,
    0.597197304816));
#8783 = CARTESIAN_POINT('',(11.089487803918,-1.040119241544,
    0.920864751471));
#8784 = CARTESIAN_POINT('',(11.069033238258,-0.719722142998,
    1.146968187378));
#8785 = CARTESIAN_POINT('',(11.028124154403,-1.669439552158E-08,
    1.37307203852));
#8786 = CARTESIAN_POINT('',(10.987215070549,0.719722012374,
    1.146967877867));
#8787 = CARTESIAN_POINT('',(10.966760519967,1.040119002704,
    0.920863632255));
#8788 = CARTESIAN_POINT('',(10.946305934068,1.281596598621,
    0.597205541399));
#8789 = CARTESIAN_POINT('',(10.925851321337,1.411631905669,
    0.206963921074));
#8790 = CARTESIAN_POINT('',(10.905397090867,1.411623966542,
    -0.206982264899));
#8791 = CARTESIAN_POINT('',(10.884942481138,1.281590543061,
    -0.597203607083));
#8792 = CARTESIAN_POINT('',(10.864487351951,1.040128409352,
    -0.920826983871));
#8793 = CARTESIAN_POINT('',(10.844033475873,0.719719815356,
    -1.146986336126));
#8794 = CARTESIAN_POINT('',(10.823578705082,0.359860697533,
    -1.260021235184));
#8795 = CARTESIAN_POINT('',(10.803124133757,4.96318852683E-08,
    -1.260021902764));
#8796 = ORIENTED_EDGE('',*,*,#8376,.T.);
#8797 = ORIENTED_EDGE('',*,*,#8672,.T.);
#8798 = ORIENTED_EDGE('',*,*,#8799,.F.);
#8799 = EDGE_CURVE('',#8772,#8673,#8800,.T.);
#8800 = B_SPLINE_CURVE_WITH_KNOTS('',1,(#8801,#8802),.UNSPECIFIED.,.F.,
  .F.,(2,2),(0.,0.39175),.PIECEWISE_BEZIER_KNOTS.);
#8801 = CARTESIAN_POINT('',(10.803124133757,4.963188560136E-08,
    -1.260021902764));
#8802 = CARTESIAN_POINT('',(10.999028489522,-1.632329616363E-06,
    -0.920773401088));
#8803 = B_SPLINE_SURFACE_WITH_KNOTS('',1,9,(
    (#8804,#8805,#8806,#8807,#8808,#8809,#8810,#8811,#8812,#8813,#8814
      ,#8815,#8816,#8817,#8818,#8819,#8820,#8821,#8822,#8823,#8824,#8825
      ,#8826,#8827,#8828,#8829,#8830,#8831,#8832,#8833,#8834)
    ,(#8835,#8836,#8837,#8838,#8839,#8840,#8841,#8842,#8843,#8844,#8845
      ,#8846,#8847,#8848,#8849,#8850,#8851,#8852,#8853,#8854,#8855,#8856
      ,#8857,#8858,#8859,#8860,#8861,#8862,#8863,#8864,#8865
  )),.UNSPECIFIED.,.F.,.F.,.F.,(2,2),(10,7,7,7,10),(0.,0.39175),(0.,
    1.574819783427,3.149639566854,4.72445935028,6.299279133707),
  .UNSPECIFIED.);
#8804 = CARTESIAN_POINT('',(11.253124175049,4.726596003479E-08,
    -1.260020859781));
#8805 = CARTESIAN_POINT('',(11.240624159241,-0.219914793118,
    -1.260021267334));
#8806 = CARTESIAN_POINT('',(11.228124067253,-0.43982920919,
    -1.216852690953));
#8807 = CARTESIAN_POINT('',(11.215624161478,-0.650057735706,
    -1.130479562646));
#8808 = CARTESIAN_POINT('',(11.203124207848,-0.840902906899,
    -1.003470082758));
#8809 = CARTESIAN_POINT('',(11.190624184046,-1.003474743735,
    -0.840899826213));
#8810 = CARTESIAN_POINT('',(11.178124160296,-1.130480838612,
    -0.650054554999));
#8811 = CARTESIAN_POINT('',(11.165624143864,-1.216841105436,
    -0.439831339374));
#8812 = CARTESIAN_POINT('',(11.140624135881,-1.303201971777,
    -2.37468149355E-06));
#8813 = CARTESIAN_POINT('',(11.115624155722,-1.216841350754,
    0.439830064314));
#8814 = CARTESIAN_POINT('',(11.103124168155,-1.130480813378,
    0.650057017978));
#8815 = CARTESIAN_POINT('',(11.090624168978,-1.003476197325,
    0.840905058537));
#8816 = CARTESIAN_POINT('',(11.07812415929,-0.840902756092,
    1.003478190899));
#8817 = CARTESIAN_POINT('',(11.065624150658,-0.650055606317,
    1.130481510909));
#8818 = CARTESIAN_POINT('',(11.053124150092,-0.439830208874,
    1.216840545684));
#8819 = CARTESIAN_POINT('',(11.028124154403,-3.171856653244E-08,
    1.303199620031));
#8820 = CARTESIAN_POINT('',(11.003124158714,0.439830108298,
    1.216840356539));
#8821 = CARTESIAN_POINT('',(10.990624158148,0.650055443139,
    1.130481339373));
#8822 = CARTESIAN_POINT('',(10.978124149517,0.840902716469,
    1.003478566784));
#8823 = CARTESIAN_POINT('',(10.965624139828,1.003476615644,
    0.840905709949));
#8824 = CARTESIAN_POINT('',(10.953124140652,1.130481416919,
    0.650057379889));
#8825 = CARTESIAN_POINT('',(10.940624153085,1.216841357194,
    0.439830204722));
#8826 = CARTESIAN_POINT('',(10.915624172924,1.30320105615,
    -2.285199411757E-06));
#8827 = CARTESIAN_POINT('',(10.890624164942,1.216840593139,
    -0.439831198965));
#8828 = CARTESIAN_POINT('',(10.878124148514,1.130480544587,
    -0.650055028756));
#8829 = CARTESIAN_POINT('',(10.865624124747,1.003477594175,
    -0.840898827529));
#8830 = CARTESIAN_POINT('',(10.853124100982,0.840904145313,
    -1.003473785562));
#8831 = CARTESIAN_POINT('',(10.840624147307,0.65005623767,
    -1.130479720117));
#8832 = CARTESIAN_POINT('',(10.828124241561,0.439829145995,
    -1.216848290088));
#8833 = CARTESIAN_POINT('',(10.815624149567,0.219914890016,
    -1.260021494798));
#8834 = CARTESIAN_POINT('',(10.803124133757,4.963188560136E-08,
    -1.260021902764));
#8835 = CARTESIAN_POINT('',(11.44902713296,-1.554604391774E-06,
    -0.920771550896));
#8836 = CARTESIAN_POINT('',(11.43652765232,-0.160719057061,
    -0.920771987968));
#8837 = CARTESIAN_POINT('',(11.424030674492,-0.321400909962,
    -0.889225780469));
#8838 = CARTESIAN_POINT('',(11.411527578601,-0.475030715017,
    -0.826115556822));
#8839 = CARTESIAN_POINT('',(11.399026055437,-0.614500848731,
    -0.73329414959));
#8840 = CARTESIAN_POINT('',(11.386526837599,-0.733301525366,
    -0.614488661261));
#8841 = CARTESIAN_POINT('',(11.374027617549,-0.826109484418,
    -0.475031553286));
#8842 = CARTESIAN_POINT('',(11.361528157475,-0.889218900496,
    -0.321409230115));
#8843 = CARTESIAN_POINT('',(11.336528419721,-0.952327580658,
    -7.587575140819E-07));
#8844 = CARTESIAN_POINT('',(11.311527767941,-0.889217621209,
    0.321412130502));
#8845 = CARTESIAN_POINT('',(11.299027359455,-0.826107917922,
    0.475038317227));
#8846 = CARTESIAN_POINT('',(11.286527332422,-0.733297404648,
    0.614501086692));
#8847 = CARTESIAN_POINT('',(11.274027650692,-0.614496499854,
    0.733301380677));
#8848 = CARTESIAN_POINT('',(11.261527934282,-0.475034802605,
    0.826109992643));
#8849 = CARTESIAN_POINT('',(11.249027952864,-0.321410166252,
    0.889217833306));
#8850 = CARTESIAN_POINT('',(11.224027811242,1.680696587109E-06,
    0.952325181258));
#8851 = CARTESIAN_POINT('',(11.19902766962,0.321413231561,0.889216325339
    ));
#8852 = CARTESIAN_POINT('',(11.186527688202,0.475037526659,0.82610795552
    ));
#8853 = CARTESIAN_POINT('',(11.174027971791,0.614499104531,
    0.733299805893));
#8854 = CARTESIAN_POINT('',(11.161528290062,0.733300388307,
    0.614499567294));
#8855 = CARTESIAN_POINT('',(11.149028263029,0.826110721402,
    0.475035945722));
#8856 = CARTESIAN_POINT('',(11.136527854545,0.889218805076,
    0.321409135857));
#8857 = CARTESIAN_POINT('',(11.111527202762,0.952325956389,
    -4.073951458905E-06));
#8858 = CARTESIAN_POINT('',(11.086527465008,0.889216819255,
    -0.321412224757));
#8859 = CARTESIAN_POINT('',(11.074028004896,0.826109233068,
    -0.475034223075));
#8860 = CARTESIAN_POINT('',(11.061528784972,0.73329918947,
    -0.614492609532));
#8861 = CARTESIAN_POINT('',(11.049029566977,0.61450552146,-0.73329991476
    ));
#8862 = CARTESIAN_POINT('',(11.036528043893,0.475023041078,
    -0.826118753238));
#8863 = CARTESIAN_POINT('',(11.024024948006,0.321397554088,
    -0.889219146132));
#8864 = CARTESIAN_POINT('',(11.011527970165,0.160715870127,
    -0.920772977576));
#8865 = CARTESIAN_POINT('',(10.999028489522,-1.632329616363E-06,
    -0.920773401088));
#8866 = ADVANCED_FACE('',(#8867),#8908,.F.);
#8867 = FACE_BOUND('',#8868,.F.);
#8868 = EDGE_LOOP('',(#8869,#8901,#8902,#8903));
#8869 = ORIENTED_EDGE('',*,*,#8870,.F.);
#8870 = EDGE_CURVE('',#8448,#8871,#8873,.T.);
#8871 = VERTEX_POINT('',#8872);
#8872 = CARTESIAN_POINT('',(10.746874133967,4.961985562502E-08,
    -1.260017035474));
#8873 = B_SPLINE_CURVE_WITH_KNOTS('',8,(#8874,#8875,#8876,#8877,#8878,
    #8879,#8880,#8881,#8882,#8883,#8884,#8885,#8886,#8887,#8888,#8889,
    #8890,#8891,#8892,#8893,#8894,#8895,#8896,#8897,#8898,#8899,#8900),
  .UNSPECIFIED.,.F.,.F.,(9,6,6,6,9),(0.,1.574819783427,3.149639566854,
    4.72445935028,6.299279133707),.UNSPECIFIED.);
#8874 = CARTESIAN_POINT('',(11.19687417524,4.72550716335E-08,
    -1.260016224267));
#8875 = CARTESIAN_POINT('',(11.182811657464,-0.247403215443,
    -1.260016582935));
#8876 = CARTESIAN_POINT('',(11.168749041789,-0.494805909565,
    -1.204513626832));
#8877 = CARTESIAN_POINT('',(11.15468672162,-0.727679688656,
    -1.093456265623));
#8878 = CARTESIAN_POINT('',(11.140624197147,-0.931476064358,
    -0.931474786596));
#8879 = CARTESIAN_POINT('',(11.126561668084,-1.093465202707,
    -0.727674125828));
#8880 = CARTESIAN_POINT('',(11.112499145316,-1.204499244726,
    -0.494808056935));
#8881 = CARTESIAN_POINT('',(11.084374134104,-1.315534147868,
    -2.624943180931E-06));
#8882 = CARTESIAN_POINT('',(11.056249158649,-1.204499593996,
    0.494807290478));
#8883 = CARTESIAN_POINT('',(11.0421866732,-1.093465137595,0.727678250668
    ));
#8884 = CARTESIAN_POINT('',(11.02812416595,-0.93147833047,0.931480911988
    ));
#8885 = CARTESIAN_POINT('',(11.014061651413,-0.727676162852,
    1.093466353325));
#8886 = CARTESIAN_POINT('',(10.999999149757,-0.494807114023,
    1.20449896345));
#8887 = CARTESIAN_POINT('',(10.971874154604,-3.383563628242E-08,
    1.315531683416));
#8888 = CARTESIAN_POINT('',(10.943749159451,0.494807011109,
    1.204498806395));
#8889 = CARTESIAN_POINT('',(10.929686657796,0.727675994987,
    1.093466248372));
#8890 = CARTESIAN_POINT('',(10.915624143258,0.931478378454,
    0.931481548027));
#8891 = CARTESIAN_POINT('',(10.901561636008,1.093465777374,
    0.727678634132));
#8892 = CARTESIAN_POINT('',(10.88749915056,1.204499689407,0.494807425905
    ));
#8893 = CARTESIAN_POINT('',(10.859374175103,1.315533362081,
    -2.538546764572E-06));
#8894 = CARTESIAN_POINT('',(10.831249163892,1.204498903137,
    -0.494807921508));
#8895 = CARTESIAN_POINT('',(10.817186641118,1.093465179265,
    -0.727674054404));
#8896 = CARTESIAN_POINT('',(10.803124112077,0.931479691796,
    -0.931475460281));
#8897 = CARTESIAN_POINT('',(10.789061587568,0.727677869832,
    -1.093459314199));
#8898 = CARTESIAN_POINT('',(10.774999267428,0.4948058454,-1.204509189629
    ));
#8899 = CARTESIAN_POINT('',(10.760936651745,0.247403312318,
    -1.260016676342));
#8900 = CARTESIAN_POINT('',(10.746874133967,4.961987709606E-08,
    -1.260017035474));
#8901 = ORIENTED_EDGE('',*,*,#8481,.T.);
#8902 = ORIENTED_EDGE('',*,*,#8771,.T.);
#8903 = ORIENTED_EDGE('',*,*,#8904,.F.);
#8904 = EDGE_CURVE('',#8871,#8772,#8905,.T.);
#8905 = B_SPLINE_CURVE_WITH_KNOTS('',1,(#8906,#8907),.UNSPECIFIED.,.F.,
  .F.,(2,2),(0.,5.625E-02),.PIECEWISE_BEZIER_KNOTS.);
#8906 = CARTESIAN_POINT('',(10.746874133967,4.961987709606E-08,
    -1.260017035474));
#8907 = CARTESIAN_POINT('',(10.803124133757,4.96318852683E-08,
    -1.260021902764));
#8908 = B_SPLINE_SURFACE_WITH_KNOTS('',1,11,(
    (#8909,#8910,#8911,#8912,#8913,#8914,#8915,#8916,#8917,#8918,#8919
      ,#8920,#8921,#8922,#8923,#8924,#8925,#8926,#8927,#8928,#8929)
    ,(#8930,#8931,#8932,#8933,#8934,#8935,#8936,#8937,#8938,#8939,#8940
      ,#8941,#8942,#8943,#8944,#8945,#8946,#8947,#8948,#8949,#8950
  )),.UNSPECIFIED.,.F.,.F.,.F.,(2,2),(12,9,12),(0.,5.625E-02),(0.,
    3.149639566854,6.299279133707),.UNSPECIFIED.);
#8909 = CARTESIAN_POINT('',(11.19687417524,4.72550716335E-08,
    -1.260016224267));
#8910 = CARTESIAN_POINT('',(11.176419603929,-0.359859243942,
    -1.260016745966));
#8911 = CARTESIAN_POINT('',(11.155964833263,-0.719717377311,
    -1.146992335768));
#8912 = CARTESIAN_POINT('',(11.135510941705,-1.040129762946,
    -0.920801283846));
#8913 = CARTESIAN_POINT('',(11.115055887256,-1.28156134901,
    -0.597218868122));
#8914 = CARTESIAN_POINT('',(11.09460111242,-1.411651893572,
    -0.206979927825));
#8915 = CARTESIAN_POINT('',(11.074147093388,-1.411609743796,
    0.206971495947));
#8916 = CARTESIAN_POINT('',(11.053692315707,-1.281593537872,
    0.597196166386));
#8917 = CARTESIAN_POINT('',(11.033237804112,-1.040115511492,
    0.920861092428));
#8918 = CARTESIAN_POINT('',(11.012783238462,-0.71971942432,
    1.146963821743));
#8919 = CARTESIAN_POINT('',(10.971874154604,-2.47044760896E-08,
    1.373066860818));
#8920 = CARTESIAN_POINT('',(10.930965070746,0.719719303144,
    1.146963593299));
#8921 = CARTESIAN_POINT('',(10.910510520166,1.040115558217,
    0.920860344359));
#8922 = CARTESIAN_POINT('',(10.890055934285,1.281590281774,0.59720218326
    ));
#8923 = CARTESIAN_POINT('',(10.869601321588,1.411627511219,
    0.206964606419));
#8924 = CARTESIAN_POINT('',(10.849147090974,1.411619766207,
    -0.206981684763));
#8925 = CARTESIAN_POINT('',(10.828692481259,1.28158437058,
    -0.597203302577));
#8926 = CARTESIAN_POINT('',(10.808237352368,1.040124723336,
    -0.920820781764));
#8927 = CARTESIAN_POINT('',(10.787783475962,0.719717146251,
    -1.14698329456));
#8928 = CARTESIAN_POINT('',(10.76732870528,0.359859340817,-1.2600165131)
  );
#8929 = CARTESIAN_POINT('',(10.746874133967,4.961987709606E-08,
    -1.260017035474));
#8930 = CARTESIAN_POINT('',(11.253124175049,4.726595981275E-08,
    -1.260020859781));
#8931 = CARTESIAN_POINT('',(11.232669603726,-0.359860600636,
    -1.260021526686));
#8932 = CARTESIAN_POINT('',(11.212214832955,-0.719720137609,
    -1.146997944746));
#8933 = CARTESIAN_POINT('',(11.191760941697,-1.040134589936,
    -0.920802026853));
#8934 = CARTESIAN_POINT('',(11.171305887033,-1.281562210703,
    -0.597223063091));
#8935 = CARTESIAN_POINT('',(11.150851112048,-1.411663038954,
    -0.206980919143));
#8936 = CARTESIAN_POINT('',(11.130397093303,-1.411611296053,
    0.206973754182));
#8937 = CARTESIAN_POINT('',(11.109942315491,-1.281599518215,
    0.597197304816));
#8938 = CARTESIAN_POINT('',(11.089487803918,-1.040119241544,
    0.920864751471));
#8939 = CARTESIAN_POINT('',(11.069033238258,-0.719722142998,
    1.146968187378));
#8940 = CARTESIAN_POINT('',(11.028124154403,-1.669439552158E-08,
    1.37307203852));
#8941 = CARTESIAN_POINT('',(10.987215070549,0.719722012374,
    1.146967877867));
#8942 = CARTESIAN_POINT('',(10.966760519967,1.040119002704,
    0.920863632255));
#8943 = CARTESIAN_POINT('',(10.946305934068,1.281596598621,
    0.597205541399));
#8944 = CARTESIAN_POINT('',(10.925851321337,1.411631905669,
    0.206963921074));
#8945 = CARTESIAN_POINT('',(10.905397090867,1.411623966542,
    -0.206982264899));
#8946 = CARTESIAN_POINT('',(10.884942481138,1.281590543061,
    -0.597203607083));
#8947 = CARTESIAN_POINT('',(10.864487351951,1.040128409352,
    -0.920826983871));
#8948 = CARTESIAN_POINT('',(10.844033475873,0.719719815356,
    -1.146986336126));
#8949 = CARTESIAN_POINT('',(10.823578705082,0.359860697533,
    -1.260021235184));
#8950 = CARTESIAN_POINT('',(10.803124133757,4.96318852683E-08,
    -1.260021902764));
#8951 = ADVANCED_FACE('',(#8952),#9040,.F.);
#8952 = FACE_BOUND('',#8953,.F.);
#8953 = EDGE_LOOP('',(#8954,#9033,#9034,#9035));
#8954 = ORIENTED_EDGE('',*,*,#8955,.F.);
#8955 = EDGE_CURVE('',#8533,#8956,#8958,.T.);
#8956 = VERTEX_POINT('',#8957);
#8957 = CARTESIAN_POINT('',(10.616986447509,-5.329684930311E-07,
    -1.035000000003));
#8958 = B_SPLINE_CURVE_WITH_KNOTS('',7,(#8959,#8960,#8961,#8962,#8963,
    #8964,#8965,#8966,#8967,#8968,#8969,#8970,#8971,#8972,#8973,#8974,
    #8975,#8976,#8977,#8978,#8979,#8980,#8981,#8982,#8983,#8984,#8985,
    #8986,#8987,#8988,#8989,#8990,#8991,#8992,#8993,#8994,#8995,#8996,
    #8997,#8998,#8999,#9000,#9001,#9002,#9003,#9004,#9005,#9006,#9007,
    #9008,#9009,#9010,#9011,#9012,#9013,#9014,#9015,#9016,#9017,#9018,
    #9019,#9020,#9021,#9022,#9023,#9024,#9025,#9026,#9027,#9028,#9029,
    #9030,#9031,#9032),.UNSPECIFIED.,.F.,.F.,(8,6,6,6,6,6,6,6,6,6,6,6,8)
  ,(0.,3.597736512689E-02,0.105882278132,0.135884339427,0.220387376,
    0.27028619012,0.383517871785,0.492208376721,0.633724132301,
    0.780892654767,0.872849277048,0.957190575838,1.),.UNSPECIFIED.);
#8959 = CARTESIAN_POINT('',(11.066985720939,-1.015177694796E-06,
    -1.035000000005));
#8960 = CARTESIAN_POINT('',(11.06467317573,-3.342287873464E-02,
    -1.035000000005));
#8961 = CARTESIAN_POINT('',(11.062360453488,-6.684460419163E-02,
    -1.033740869772));
#8962 = CARTESIAN_POINT('',(11.060047643522,-0.100209059536,
    -1.031222661929));
#8963 = CARTESIAN_POINT('',(11.057734811788,-0.133459460717,
    -1.027448613307));
#8964 = CARTESIAN_POINT('',(11.055422000899,-0.166539371653,
    -1.022425144951));
#8965 = CARTESIAN_POINT('',(11.053109230114,-0.199392704221,
    -1.016161862115));
#8966 = CARTESIAN_POINT('',(11.046302794322,-0.295250006612,
    -0.994117700287));
#8967 = CARTESIAN_POINT('',(11.041809130947,-0.35747260621,
    -0.974930848883));
#8968 = CARTESIAN_POINT('',(11.037315722283,-0.418221877197,
    -0.951205167544));
#8969 = CARTESIAN_POINT('',(11.032822464319,-0.477101715627,
    -0.92307905625));
#8970 = CARTESIAN_POINT('',(11.028329146569,-0.533733656104,
    -0.890733235422));
#8971 = CARTESIAN_POINT('',(11.023835666664,-0.587760974412,
    -0.85438883389));
#8972 = CARTESIAN_POINT('',(11.017413740816,-0.660780573497,
    -0.797102346436));
#8973 = CARTESIAN_POINT('',(11.015485223647,-0.682167941949,
    -0.77921028908));
#8974 = CARTESIAN_POINT('',(11.013556693174,-0.702988830771,
    -0.760649763162));
#8975 = CARTESIAN_POINT('',(11.011628149812,-0.723218247284,
    -0.741442354626));
#8976 = CARTESIAN_POINT('',(11.009699594661,-0.742832270871,
    -0.721610776984));
#8977 = CARTESIAN_POINT('',(11.007771029503,-0.761808052971,
    -0.701178871313));
#8978 = CARTESIAN_POINT('',(11.000410488399,-0.831711528653,
    -0.621003082129));
#8979 = CARTESIAN_POINT('',(10.994978148812,-0.878066155732,
    -0.55726635977));
#8980 = CARTESIAN_POINT('',(10.989546020345,-0.918698003588,
    -0.489523127153));
#8981 = CARTESIAN_POINT('',(10.984114054671,-0.953197775692,
    -0.418393311988));
#8982 = CARTESIAN_POINT('',(10.978681980018,-0.981241607282,
    -0.344544685059));
#8983 = CARTESIAN_POINT('',(10.973249708361,-1.002596098935,
    -0.268682463562));
#8984 = CARTESIAN_POINT('',(10.964610181541,-1.025701652592,
    -0.145985857735));
#8985 = CARTESIAN_POINT('',(10.961402599984,-1.031899829398,
    -9.998424073798E-02));
#8986 = CARTESIAN_POINT('',(10.958195036881,-1.035689670042,
    -5.368384387259E-02));
#8987 = CARTESIAN_POINT('',(10.954987480636,-1.037054818376,
    -7.236029099033E-03));
#8988 = CARTESIAN_POINT('',(10.951779902922,-1.035990798036,
    3.920707939877E-02));
#8989 = CARTESIAN_POINT('',(10.948572292498,-1.032505037872,
    8.549341453632E-02));
#8990 = CARTESIAN_POINT('',(10.938085912129,-1.013255376418,
    0.235807096489));
#8991 = CARTESIAN_POINT('',(10.930805734096,-0.987520332777,
    0.338577673146));
#8992 = CARTESIAN_POINT('',(10.92352645798,-0.949634236819,
    0.437986307525));
#8993 = CARTESIAN_POINT('',(10.916247768448,-0.900149062634,
    0.532323872283));
#8994 = CARTESIAN_POINT('',(10.908968498541,-0.839898608836,
    0.620000936542));
#8995 = CARTESIAN_POINT('',(10.90168836518,-0.769975240655,
    0.699592030688));
#8996 = CARTESIAN_POINT('',(10.887422894898,-0.616624863027,
    0.837373674572));
#8997 = CARTESIAN_POINT('',(10.880435140699,-0.533826484501,
    0.896317337403));
#8998 = CARTESIAN_POINT('',(10.873448300322,-0.444521255134,
    0.945650528916));
#8999 = CARTESIAN_POINT('',(10.866462009435,-0.350057976352,
    0.984537116088));
#9000 = CARTESIAN_POINT('',(10.859475157487,-0.251903160243,
    1.012373350581));
#9001 = CARTESIAN_POINT('',(10.852487384996,-0.151603443688,
    1.028803378929));
#9002 = CARTESIAN_POINT('',(10.836403691906,8.054764669034E-02,
    1.040201502479));
#9003 = CARTESIAN_POINT('',(10.827302538371,0.212865521116,
    1.027193774249));
#9004 = CARTESIAN_POINT('',(10.818204456337,0.342632211662,
    0.994525049091));
#9005 = CARTESIAN_POINT('',(10.809107675297,0.466361912681,
    0.942858978599));
#9006 = CARTESIAN_POINT('',(10.800009675889,0.580825796279,0.87354406596
    ));
#9007 = CARTESIAN_POINT('',(10.790908603001,0.68310155685,0.788592443431
    ));
#9008 = CARTESIAN_POINT('',(10.772351511534,0.862061904461,
    0.588865787526));
#9009 = CARTESIAN_POINT('',(10.762886496687,0.937651300869,
    0.472934329856));
#9010 = CARTESIAN_POINT('',(10.75342555414,0.994881199216,0.345862323066
    ));
#9011 = CARTESIAN_POINT('',(10.743966186005,1.031894874164,
    0.211192500581));
#9012 = CARTESIAN_POINT('',(10.734504771926,1.047648925345,
    7.272092878812E-02));
#9013 = CARTESIAN_POINT('',(10.72503946949,1.041928676056,
    -6.555822240391E-02));
#9014 = CARTESIAN_POINT('',(10.70966819877,0.999067795684,
    -0.283520142607));
#9015 = CARTESIAN_POINT('',(10.703756706665,0.974513214621,
    -0.365757983847));
#9016 = CARTESIAN_POINT('',(10.697845633802,0.942070010942,
    -0.445470171991));
#9017 = CARTESIAN_POINT('',(10.691934879349,0.902059958018,
    -0.521754283724));
#9018 = CARTESIAN_POINT('',(10.686023934533,0.854927708515,
    -0.593762452805));
#9019 = CARTESIAN_POINT('',(10.680112528449,0.801232704315,
    -0.660716843438));
#9020 = CARTESIAN_POINT('',(10.66877980696,0.686998281607,
    -0.778071721692));
#9021 = CARTESIAN_POINT('',(10.663357771471,0.627386623682,
    -0.829390978128));
#9022 = CARTESIAN_POINT('',(10.657935691461,0.563330045405,
    -0.875355631123));
#9023 = CARTESIAN_POINT('',(10.652513554673,0.495409647255,
    -0.915509453703));
#9024 = CARTESIAN_POINT('',(10.647091272259,0.424260862268,
    -0.949476877614));
#9025 = CARTESIAN_POINT('',(10.641669007457,0.350563435954,
    -0.976968841408));
#9026 = CARTESIAN_POINT('',(10.633495691881,0.236693335241,
    -1.00835621977));
#9027 = CARTESIAN_POINT('',(10.630743982764,0.197881430783,
    -1.017205252313));
#9028 = CARTESIAN_POINT('',(10.627992404567,0.158688358689,
    -1.024310196703));
#9029 = CARTESIAN_POINT('',(10.625240953756,0.119208191671,
    -1.029651823839));
#9030 = CARTESIAN_POINT('',(10.622489576011,7.953602995433E-02,
    -1.033217254692));
#9031 = CARTESIAN_POINT('',(10.619738146648,3.976762193272E-02,
    -1.035000000005));
#9032 = CARTESIAN_POINT('',(10.616986451021,-1.015177717889E-06,
    -1.035000000005));
#9033 = ORIENTED_EDGE('',*,*,#8607,.T.);
#9034 = ORIENTED_EDGE('',*,*,#8870,.T.);
#9035 = ORIENTED_EDGE('',*,*,#9036,.F.);
#9036 = EDGE_CURVE('',#8956,#8871,#9037,.T.);
#9037 = B_SPLINE_CURVE_WITH_KNOTS('',1,(#9038,#9039),.UNSPECIFIED.,.F.,
  .F.,(2,2),(0.,0.39175),.PIECEWISE_BEZIER_KNOTS.);
#9038 = CARTESIAN_POINT('',(10.551028491199,-1.632425256415E-06,
    -0.920734635834));
#9039 = CARTESIAN_POINT('',(10.746874133967,4.961987709606E-08,
    -1.260017035474));
#9040 = B_SPLINE_SURFACE_WITH_KNOTS('',1,8,(
    (#9041,#9042,#9043,#9044,#9045,#9046,#9047,#9048,#9049,#9050,#9051
      ,#9052,#9053,#9054,#9055,#9056,#9057,#9058,#9059,#9060,#9061,#9062
      ,#9063,#9064,#9065,#9066,#9067)
    ,(#9068,#9069,#9070,#9071,#9072,#9073,#9074,#9075,#9076,#9077,#9078
      ,#9079,#9080,#9081,#9082,#9083,#9084,#9085,#9086,#9087,#9088,#9089
      ,#9090,#9091,#9092,#9093,#9094
    )),.UNSPECIFIED.,.F.,.F.,.F.,(2,2),(9,6,6,6,9),(0.,0.39175),(0.,
    1.574819783427,3.149639566854,4.72445935028,6.299279133707),
  .UNSPECIFIED.);
#9041 = CARTESIAN_POINT('',(11.001027134482,-1.554691109407E-06,
    -0.920734631598));
#9042 = CARTESIAN_POINT('',(10.986965218826,-0.180801316243,
    -0.920734328224));
#9043 = CARTESIAN_POINT('',(10.972906521436,-0.361555059222,
    -0.880171381762));
#9044 = CARTESIAN_POINT('',(10.958838109559,-0.531737002751,
    -0.799037747661));
#9045 = CARTESIAN_POINT('',(10.944776414652,-0.680668781048,
    -0.680648697949));
#9046 = CARTESIAN_POINT('',(10.93071486961,-0.799029614311,
    -0.53173286503));
#9047 = CARTESIAN_POINT('',(10.916653118167,-0.88016675652,
    -0.361570340109));
#9048 = CARTESIAN_POINT('',(10.888528486685,-0.96130279409,
    -1.091024841325E-06));
#9049 = CARTESIAN_POINT('',(10.86040267989,-0.880165901011,
    0.361573969377));
#9050 = CARTESIAN_POINT('',(10.846339701558,-0.799028866064,
    0.531741571774));
#9051 = CARTESIAN_POINT('',(10.832277439891,-0.680658757156,
    0.680664154722));
#9052 = CARTESIAN_POINT('',(10.81821541775,-0.531736929423,
    0.799030723366));
#9053 = CARTESIAN_POINT('',(10.804152972184,-0.361571777542,
    0.880166087511));
#9054 = CARTESIAN_POINT('',(10.77602781284,1.663856872817E-06,
    0.961301114806));
#9055 = CARTESIAN_POINT('',(10.747902653497,0.361574824182,
    0.880164834933));
#9056 = CARTESIAN_POINT('',(10.733840207931,0.531739694836,
    0.799028881944));
#9057 = CARTESIAN_POINT('',(10.719778185788,0.680661113894,
    0.680661801554));
#9058 = CARTESIAN_POINT('',(10.705715924124,0.799030710283,
    0.531738807494));
#9059 = CARTESIAN_POINT('',(10.691652945792,0.880167153278,0.36157092291
    ));
#9060 = CARTESIAN_POINT('',(10.663527138996,0.961302789989,
    -4.418644533596E-06));
#9061 = CARTESIAN_POINT('',(10.635402507513,0.880165502956,
    -0.361573386575));
#9062 = CARTESIAN_POINT('',(10.621340756069,0.799027773295,
    -0.531735630947));
#9063 = CARTESIAN_POINT('',(10.607279211027,0.680666443432,
    -0.680651057879));
#9064 = CARTESIAN_POINT('',(10.593217516129,0.531734227129,
    -0.799039604502));
#9065 = CARTESIAN_POINT('',(10.579149104244,0.361552011653,
    -0.88017261053));
#9066 = CARTESIAN_POINT('',(10.565090406853,0.180798129127,
    -0.920734954465));
#9067 = CARTESIAN_POINT('',(10.551028491199,-1.632425256415E-06,
    -0.920734635834));
#9068 = CARTESIAN_POINT('',(11.19687417524,4.72550716335E-08,
    -1.260016224267));
#9069 = CARTESIAN_POINT('',(11.182811657464,-0.247403215443,
    -1.260016582935));
#9070 = CARTESIAN_POINT('',(11.168749041789,-0.494805909565,
    -1.204513626832));
#9071 = CARTESIAN_POINT('',(11.15468672162,-0.727679688656,
    -1.093456265623));
#9072 = CARTESIAN_POINT('',(11.140624197147,-0.931476064358,
    -0.931474786596));
#9073 = CARTESIAN_POINT('',(11.126561668084,-1.093465202707,
    -0.727674125828));
#9074 = CARTESIAN_POINT('',(11.112499145316,-1.204499244726,
    -0.494808056935));
#9075 = CARTESIAN_POINT('',(11.084374134104,-1.315534147868,
    -2.624943180931E-06));
#9076 = CARTESIAN_POINT('',(11.056249158649,-1.204499593996,
    0.494807290478));
#9077 = CARTESIAN_POINT('',(11.0421866732,-1.093465137595,0.727678250668
    ));
#9078 = CARTESIAN_POINT('',(11.02812416595,-0.93147833047,0.931480911988
    ));
#9079 = CARTESIAN_POINT('',(11.014061651413,-0.727676162852,
    1.093466353325));
#9080 = CARTESIAN_POINT('',(10.999999149757,-0.494807114023,
    1.20449896345));
#9081 = CARTESIAN_POINT('',(10.971874154604,-3.383563628242E-08,
    1.315531683416));
#9082 = CARTESIAN_POINT('',(10.943749159451,0.494807011109,
    1.204498806395));
#9083 = CARTESIAN_POINT('',(10.929686657796,0.727675994987,
    1.093466248372));
#9084 = CARTESIAN_POINT('',(10.915624143258,0.931478378454,
    0.931481548027));
#9085 = CARTESIAN_POINT('',(10.901561636008,1.093465777374,
    0.727678634132));
#9086 = CARTESIAN_POINT('',(10.88749915056,1.204499689407,0.494807425905
    ));
#9087 = CARTESIAN_POINT('',(10.859374175103,1.315533362081,
    -2.538546764572E-06));
#9088 = CARTESIAN_POINT('',(10.831249163892,1.204498903137,
    -0.494807921508));
#9089 = CARTESIAN_POINT('',(10.817186641118,1.093465179265,
    -0.727674054404));
#9090 = CARTESIAN_POINT('',(10.803124112077,0.931479691796,
    -0.931475460281));
#9091 = CARTESIAN_POINT('',(10.789061587568,0.727677869832,
    -1.093459314199));
#9092 = CARTESIAN_POINT('',(10.774999267428,0.4948058454,-1.204509189629
    ));
#9093 = CARTESIAN_POINT('',(10.760936651745,0.247403312318,
    -1.260016676342));
#9094 = CARTESIAN_POINT('',(10.746874133967,4.961987709606E-08,
    -1.260017035474));
#9095 = ADVANCED_FACE('',(#9096),#9197,.F.);
#9096 = FACE_BOUND('',#9097,.T.);
#9097 = EDGE_LOOP('',(#9098,#9099,#9100,#9191));
#9098 = ORIENTED_EDGE('',*,*,#8955,.F.);
#9099 = ORIENTED_EDGE('',*,*,#8757,.T.);
#9100 = ORIENTED_EDGE('',*,*,#9101,.T.);
#9101 = EDGE_CURVE('',#8673,#9102,#9104,.T.);
#9102 = VERTEX_POINT('',#9103);
#9103 = CARTESIAN_POINT('',(10.483068349965,-5.583855733593E-07,
    -1.035000000003));
#9104 = B_SPLINE_CURVE_WITH_KNOTS('',7,(#9105,#9106,#9107,#9108,#9109,
    #9110,#9111,#9112,#9113,#9114,#9115,#9116,#9117,#9118,#9119,#9120,
    #9121,#9122,#9123,#9124,#9125,#9126,#9127,#9128,#9129,#9130,#9131,
    #9132,#9133,#9134,#9135,#9136,#9137,#9138,#9139,#9140,#9141,#9142,
    #9143,#9144,#9145,#9146,#9147,#9148,#9149,#9150,#9151,#9152,#9153,
    #9154,#9155,#9156,#9157,#9158,#9159,#9160,#9161,#9162,#9163,#9164,
    #9165,#9166,#9167,#9168,#9169,#9170,#9171,#9172,#9173,#9174,#9175,
    #9176,#9177,#9178,#9179,#9180,#9181,#9182,#9183,#9184,#9185,#9186,
    #9187,#9188,#9189,#9190),.UNSPECIFIED.,.F.,.F.,(8,6,6,6,6,6,6,6,6,6,
    6,6,6,6,8),(0.,3.800398180546E-02,5.725114109405E-02,0.228119717812,
    0.291013742588,0.391147696453,0.49459620071,0.636533658454,
    0.750446692272,0.777307740346,0.794309497243,0.809311030803,
    0.952288251443,0.964273525355,1.),.UNSPECIFIED.);
#9105 = CARTESIAN_POINT('',(10.933066552589,-1.066005126615E-06,
    -1.035000000005));
#9106 = CARTESIAN_POINT('',(10.930623885482,-3.530409311995E-02,
    -1.035000000005));
#9107 = CARTESIAN_POINT('',(10.928181499364,-7.060701021354E-02,
    -1.033595136344));
#9108 = CARTESIAN_POINT('',(10.925739205006,-0.105842433065,
    -1.03078547383));
#9109 = CARTESIAN_POINT('',(10.923296868388,-0.140943439032,
    -1.026575039609));
#9110 = CARTESIAN_POINT('',(10.9208544107,-0.175843567048,
    -1.020971823159));
#9111 = CARTESIAN_POINT('',(10.918411808341,-0.210476817625,
    -1.013987776294));
#9112 = CARTESIAN_POINT('',(10.914731976948,-0.262149349394,
    -1.001410471406));
#9113 = CARTESIAN_POINT('',(10.913494828322,-0.279435833342,
    -0.996832031213));
#9114 = CARTESIAN_POINT('',(10.912257647752,-0.296628631084,
    -0.991905555517));
#9115 = CARTESIAN_POINT('',(10.911020436787,-0.313719345135,
    -0.986633359037));
#9116 = CARTESIAN_POINT('',(10.909783197809,-0.33069965413,
    -0.981018008286));
#9117 = CARTESIAN_POINT('',(10.908545934033,-0.347561312829,
    -0.975062321565));
#9118 = CARTESIAN_POINT('',(10.896324532731,-0.512861357358,
    -0.912903054474));
#9119 = CARTESIAN_POINT('',(10.885328285081,-0.651573064982,
    -0.830403189032));
#9120 = CARTESIAN_POINT('',(10.874342180185,-0.774428720934,
    -0.723422199903));
#9121 = CARTESIAN_POINT('',(10.863362437275,-0.876403364136,
    -0.59581464773));
#9122 = CARTESIAN_POINT('',(10.852378215893,-0.953655033477,
    -0.452392727743));
#9123 = CARTESIAN_POINT('',(10.841384993867,-1.003532325742,
    -0.298902565835));
#9124 = CARTESIAN_POINT('',(10.82635904331,-1.033255933349,
    -8.380120140385E-02));
#9125 = CARTESIAN_POINT('',(10.822316180973,-1.03744191535,
    -2.540030079202E-02));
#9126 = CARTESIAN_POINT('',(10.818273335938,-1.037774846248,
    3.322537548453E-02));
#9127 = CARTESIAN_POINT('',(10.814230509364,-1.034243049023,
    9.177077799214E-02));
#9128 = CARTESIAN_POINT('',(10.810187656136,-1.026864886697,
    0.149931348771));
#9129 = CARTESIAN_POINT('',(10.806144772406,-1.015688607963,
    0.207405640525));
#9130 = CARTESIAN_POINT('',(10.795665434129,-0.977075520921,
    0.353839657788));
#9131 = CARTESIAN_POINT('',(10.78922823,-0.943925794265,0.441304963563)
  );
#9132 = CARTESIAN_POINT('',(10.78279165482,-0.901657241398,
    0.525087635851));
#9133 = CARTESIAN_POINT('',(10.776355478276,-0.850775145804,
    0.604056542554));
#9134 = CARTESIAN_POINT('',(10.769918955283,-0.79195004256,
    0.677171092301));
#9135 = CARTESIAN_POINT('',(10.763481831662,-0.72600312217,
    0.743503833415));
#9136 = CARTESIAN_POINT('',(10.750395825264,-0.579415957822,
    0.862981794189));
#9137 = CARTESIAN_POINT('',(10.743745371525,-0.498343125639,
    0.915632860616));
#9138 = CARTESIAN_POINT('',(10.737095456803,-0.41174795506,
    0.959350715832));
#9139 = CARTESIAN_POINT('',(10.730445882567,-0.320819267847,
    0.993461128397));
#9140 = CARTESIAN_POINT('',(10.72379591731,-0.22683581722,1.017484356909
    ));
#9141 = CARTESIAN_POINT('',(10.717145403216,-0.131136625624,
    1.031146305745));
#9142 = CARTESIAN_POINT('',(10.701372250873,9.667517966931E-02,
    1.038875634322));
#9143 = CARTESIAN_POINT('',(10.692244744014,0.229171311338,
    1.023764420185));
#9144 = CARTESIAN_POINT('',(10.68312083492,0.358791466498,0.988917035357
    ));
#9145 = CARTESIAN_POINT('',(10.673998560485,0.482029566717,
    0.935058971891));
#9146 = CARTESIAN_POINT('',(10.664874723798,0.59565102053,0.863604091316
    ));
#9147 = CARTESIAN_POINT('',(10.655747253599,0.696742070743,0.77663232654
    ));
#9148 = CARTESIAN_POINT('',(10.63930149881,0.85217364311,0.596841803026)
  );
#9149 = CARTESIAN_POINT('',(10.631977794414,0.911842156743,
    0.508523384475));
#9150 = CARTESIAN_POINT('',(10.624654983549,0.960764062709,
    0.413324941769));
#9151 = CARTESIAN_POINT('',(10.617332774484,0.998020140344,
    0.312827188744));
#9152 = CARTESIAN_POINT('',(10.610009976102,1.022975108961,
    0.208743667923));
#9153 = CARTESIAN_POINT('',(10.602686286065,1.035295589304,
    0.102872418821));
#9154 = CARTESIAN_POINT('',(10.593637464353,1.034923812484,
    -2.789405450385E-02));
#9155 = CARTESIAN_POINT('',(10.59191086767,1.034151090916,
    -5.284358732191E-02));
#9156 = CARTESIAN_POINT('',(10.590184276561,1.032676658395,
    -7.776739612209E-02));
#9157 = CARTESIAN_POINT('',(10.588457690801,1.030501582269,
    -0.102641812027));
#9158 = CARTESIAN_POINT('',(10.586731109847,1.027627925203,
    -0.127443253959));
#9159 = CARTESIAN_POINT('',(10.585004532844,1.024058745186,
    -0.152148228644));
#9160 = CARTESIAN_POINT('',(10.58218511983,1.017101308356,-0.19229452262
    ));
#9161 = CARTESIAN_POINT('',(10.58109228206,1.01412749665,-0.207807706375
    ));
#9162 = CARTESIAN_POINT('',(10.579999445075,1.010877687601,
    -0.223266957148));
#9163 = CARTESIAN_POINT('',(10.578906608656,1.007353064704,
    -0.238666386049));
#9164 = CARTESIAN_POINT('',(10.577813772602,1.00355496775,
    -0.254000140019));
#9165 = CARTESIAN_POINT('',(10.576720936724,0.99948489283,
    -0.269262401831));
#9166 = CARTESIAN_POINT('',(10.574663834975,0.991314731434,
    -0.29784589427));
#9167 = CARTESIAN_POINT('',(10.573699569059,0.987274508739,
    -0.311184241746));
#9168 = CARTESIAN_POINT('',(10.572735302987,0.983024959323,
    -0.324458462086));
#9169 = CARTESIAN_POINT('',(10.571771036653,0.97856731034,
    -0.337664615962));
#9170 = CARTESIAN_POINT('',(10.570806769963,0.97390288102,
    -0.350798795145));
#9171 = CARTESIAN_POINT('',(10.569842502833,0.969033082669,
    -0.363857122504));
#9172 = CARTESIAN_POINT('',(10.559687954307,0.915603137339,
    -0.500532997135));
#9173 = CARTESIAN_POINT('',(10.550493324544,0.848705719068,
    -0.617048642955));
#9174 = CARTESIAN_POINT('',(10.541302148373,0.764577425743,
    -0.722938841931));
#9175 = CARTESIAN_POINT('',(10.532112079713,0.665323089196,
    -0.815208821829));
#9176 = CARTESIAN_POINT('',(10.522921046022,0.55358481108,
    -0.891400615172));
#9177 = CARTESIAN_POINT('',(10.513726547273,0.432505383862,
    -0.949632800727));
#9178 = CARTESIAN_POINT('',(10.503765773115,0.294977655303,
    -0.992137340815));
#9179 = CARTESIAN_POINT('',(10.502995375743,0.284299592988,
    -0.995291282154));
#9180 = CARTESIAN_POINT('',(10.502224977368,0.273582290435,
    -0.998311113688));
#9181 = CARTESIAN_POINT('',(10.501454577759,0.262827765894,
    -1.001196253243));
#9182 = CARTESIAN_POINT('',(10.50068417686,0.252038049501,
    -1.003946156306));
#9183 = CARTESIAN_POINT('',(10.499913774799,0.241215183281,
    -1.006560316031));
#9184 = CARTESIAN_POINT('',(10.49684690535,0.198007033341,
    -1.016424687488));
#9185 = CARTESIAN_POINT('',(10.49455043173,0.165376399526,
    -1.022600808529));
#9186 = CARTESIAN_POINT('',(10.492253950494,0.13252390798,
    -1.027554191291));
#9187 = CARTESIAN_POINT('',(10.48995747296,9.950448423896E-02,
    -1.031275496759));
#9188 = CARTESIAN_POINT('',(10.487661022296,6.637339109099E-02,
    -1.033758481968));
#9189 = CARTESIAN_POINT('',(10.485364633515,3.31862285779E-02,
    -1.035000000005));
#9190 = CARTESIAN_POINT('',(10.483068353478,-1.066005105077E-06,
    -1.035000000005));
#9191 = ORIENTED_EDGE('',*,*,#9192,.F.);
#9192 = EDGE_CURVE('',#8956,#9102,#9193,.T.);
#9193 = LINE('',#9194,#9195);
#9194 = CARTESIAN_POINT('',(20.,0.,-1.035));
#9195 = VECTOR('',#9196,1.);
#9196 = DIRECTION('',(-1.,0.,6.661338147751E-17));
#9197 = CYLINDRICAL_SURFACE('',#9198,1.035);
#9198 = AXIS2_PLACEMENT_3D('',#9199,#9200,#9201);
#9199 = CARTESIAN_POINT('',(20.,0.,0.));
#9200 = DIRECTION('',(-1.,-0.,-0.));
#9201 = DIRECTION('',(0.,0.,-1.));
#9202 = ADVANCED_FACE('',(#9203),#9238,.F.);
#9203 = FACE_BOUND('',#9204,.F.);
#9204 = EDGE_LOOP('',(#9205,#9231,#9232,#9233));
#9205 = ORIENTED_EDGE('',*,*,#9206,.F.);
#9206 = EDGE_CURVE('',#8772,#9207,#9209,.T.);
#9207 = VERTEX_POINT('',#9208);
#9208 = CARTESIAN_POINT('',(10.35312409246,5.19980057981E-08,
    -1.260022945747));
#9209 = B_SPLINE_CURVE_WITH_KNOTS('',11,(#9210,#9211,#9212,#9213,#9214,
    #9215,#9216,#9217,#9218,#9219,#9220,#9221,#9222,#9223,#9224,#9225,
    #9226,#9227,#9228,#9229,#9230),.UNSPECIFIED.,.F.,.F.,(12,9,12),(0.,
    3.149639566854,6.299279133707),.UNSPECIFIED.);
#9210 = CARTESIAN_POINT('',(10.803124133757,4.963186395202E-08,
    -1.260021902764));
#9211 = CARTESIAN_POINT('',(10.782669562431,-0.359860896081,
    -1.260022570344));
#9212 = CARTESIAN_POINT('',(10.762214791635,-0.719720731361,
    -1.14699889554));
#9213 = CARTESIAN_POINT('',(10.741760900449,-1.04013544907,
    -0.92080279085));
#9214 = CARTESIAN_POINT('',(10.721305845725,-1.281563270311,
    -0.597223560204));
#9215 = CARTESIAN_POINT('',(10.700851070726,-1.411664207319,
    -0.206981092722));
#9216 = CARTESIAN_POINT('',(10.680397052027,-1.411612464643,
    0.206973922615));
#9217 = CARTESIAN_POINT('',(10.659942274196,-1.281600580328,
    0.597197796799));
#9218 = CARTESIAN_POINT('',(10.639487762624,-1.040120104201,
    0.920865511761));
#9219 = CARTESIAN_POINT('',(10.619033196962,-0.719722740893,
    1.146969135432));
#9220 = CARTESIAN_POINT('',(10.578124113109,-1.927265758108E-08,
    1.37307317508));
#9221 = CARTESIAN_POINT('',(10.537215029254,0.719722605962,
    1.146968828624));
#9222 = CARTESIAN_POINT('',(10.516760478675,1.040119861937,
    0.920864396499));
#9223 = CARTESIAN_POINT('',(10.496305892763,1.281597658357,
    0.597206038001));
#9224 = CARTESIAN_POINT('',(10.475851280042,1.411633073719,
    0.206964095156));
#9225 = CARTESIAN_POINT('',(10.455397049582,1.411625135448,
    -0.20698243352));
#9226 = CARTESIAN_POINT('',(10.434942439868,1.281591605044,
    -0.597204099193));
#9227 = CARTESIAN_POINT('',(10.414487310605,1.04012927191,
    -0.920827744008));
#9228 = CARTESIAN_POINT('',(10.394033434606,0.719720413414,
    -1.146987284218));
#9229 = CARTESIAN_POINT('',(10.373578663787,0.359860997711,
    -1.26002227749));
#9230 = CARTESIAN_POINT('',(10.35312409246,5.199804387068E-08,
    -1.260022945747));
#9231 = ORIENTED_EDGE('',*,*,#8799,.T.);
#9232 = ORIENTED_EDGE('',*,*,#9101,.T.);
#9233 = ORIENTED_EDGE('',*,*,#9234,.F.);
#9234 = EDGE_CURVE('',#9207,#9102,#9235,.T.);
#9235 = B_SPLINE_CURVE_WITH_KNOTS('',1,(#9236,#9237),.UNSPECIFIED.,.F.,
  .F.,(2,2),(0.,0.39175),.PIECEWISE_BEZIER_KNOTS.);
#9236 = CARTESIAN_POINT('',(10.35312409246,5.199804353762E-08,
    -1.260022945747));
#9237 = CARTESIAN_POINT('',(10.549029846078,-1.710054496673E-06,
    -0.920775251288));
#9238 = B_SPLINE_SURFACE_WITH_KNOTS('',1,9,(
    (#9239,#9240,#9241,#9242,#9243,#9244,#9245,#9246,#9247,#9248,#9249
      ,#9250,#9251,#9252,#9253,#9254,#9255,#9256,#9257,#9258,#9259,#9260
      ,#9261,#9262,#9263,#9264,#9265,#9266,#9267,#9268,#9269)
    ,(#9270,#9271,#9272,#9273,#9274,#9275,#9276,#9277,#9278,#9279,#9280
      ,#9281,#9282,#9283,#9284,#9285,#9286,#9287,#9288,#9289,#9290,#9291
      ,#9292,#9293,#9294,#9295,#9296,#9297,#9298,#9299,#9300
  )),.UNSPECIFIED.,.F.,.F.,.F.,(2,2),(10,7,7,7,10),(0.,0.39175),(0.,
    1.574819783427,3.149639566854,4.72445935028,6.299279133707),
  .UNSPECIFIED.);
#9239 = CARTESIAN_POINT('',(10.803124133757,4.963186395202E-08,
    -1.260021902764));
#9240 = CARTESIAN_POINT('',(10.790624117947,-0.219914972748,
    -1.26002231073));
#9241 = CARTESIAN_POINT('',(10.778124025949,-0.439829571005,
    -1.216853699035));
#9242 = CARTESIAN_POINT('',(10.765624120184,-0.650058271691,
    -1.130480499597));
#9243 = CARTESIAN_POINT('',(10.753124166559,-0.840903601065,
    -1.003470914956));
#9244 = CARTESIAN_POINT('',(10.740624142753,-1.003475572774,
    -0.840900524168));
#9245 = CARTESIAN_POINT('',(10.728124119002,-1.13048177315,
    -0.650055095206));
#9246 = CARTESIAN_POINT('',(10.715624102568,-1.21684211185,
    -0.439831705729));
#9247 = CARTESIAN_POINT('',(10.690624094585,-1.303203050502,
    -2.377128288951E-06));
#9248 = CARTESIAN_POINT('',(10.665624114427,-1.216842358821,
    0.439830426097));
#9249 = CARTESIAN_POINT('',(10.653124126863,-1.130481750356,
    0.650057553935));
#9250 = CARTESIAN_POINT('',(10.640624127683,-1.003477029534,
    0.84090575271));
#9251 = CARTESIAN_POINT('',(10.628124117998,-0.840903454033,
    1.003479019951));
#9252 = CARTESIAN_POINT('',(10.615624109362,-0.650056146517,
    1.130482445448));
#9253 = CARTESIAN_POINT('',(10.603124108798,-0.439830575223,1.2168415521
    ));
#9254 = CARTESIAN_POINT('',(10.578124113109,-3.41656134367E-08,
    1.303200698755));
#9255 = CARTESIAN_POINT('',(10.55312411742,0.439830470078,1.216841364606
    ));
#9256 = CARTESIAN_POINT('',(10.540624116855,0.650055979094,
    1.130482276352));
#9257 = CARTESIAN_POINT('',(10.52812410822,0.840903410641,1.003479398995
    ));
#9258 = CARTESIAN_POINT('',(10.515624098533,1.003477444695,0.84090640789
    ));
#9259 = CARTESIAN_POINT('',(10.503124099355,1.130482351456,
    0.650057920092));
#9260 = CARTESIAN_POINT('',(10.490624111791,1.216842363608,
    0.439830571075));
#9261 = CARTESIAN_POINT('',(10.465624131632,1.303202134875,
    -2.282752103452E-06));
#9262 = CARTESIAN_POINT('',(10.440624123648,1.216841601205,
    -0.439831560751));
#9263 = CARTESIAN_POINT('',(10.428124107221,1.130481481561,
    -0.65005556472));
#9264 = CARTESIAN_POINT('',(10.415624083445,1.003478426385,
    -0.84089952171));
#9265 = CARTESIAN_POINT('',(10.403124059686,0.840904843233,
    -1.003474614608));
#9266 = CARTESIAN_POINT('',(10.390624106008,0.650056777906,
    -1.130480654623));
#9267 = CARTESIAN_POINT('',(10.378124200277,0.439829512379,
    -1.216849296518));
#9268 = CARTESIAN_POINT('',(10.365624108271,0.219915074378,
    -1.260022537368));
#9269 = CARTESIAN_POINT('',(10.35312409246,5.199804353762E-08,
    -1.260022945747));
#9270 = CARTESIAN_POINT('',(10.999028489522,-1.632329637791E-06,
    -0.920773401088));
#9271 = CARTESIAN_POINT('',(10.986529008879,-0.160719457637,
    -0.9207738246));
#9272 = CARTESIAN_POINT('',(10.974032031034,-0.321401630918,
    -0.889227540165));
#9273 = CARTESIAN_POINT('',(10.961528935161,-0.475031739328,
    -0.826117176653));
#9274 = CARTESIAN_POINT('',(10.949027412005,-0.614502145383,
    -0.733295571187));
#9275 = CARTESIAN_POINT('',(10.936528194163,-0.733303050703,
    -0.614489834153));
#9276 = CARTESIAN_POINT('',(10.924028974108,-0.826111184503,
    -0.475032438084));
#9277 = CARTESIAN_POINT('',(10.911529514031,-0.889220714419,
    -0.321409800895));
#9278 = CARTESIAN_POINT('',(10.886529776276,-0.952329494261,
    -6.78368209075E-07));
#9279 = CARTESIAN_POINT('',(10.861529124499,-0.889219380869,0.3214128514
    ));
#9280 = CARTESIAN_POINT('',(10.849028716018,-0.826109537804,
    0.475039341485));
#9281 = CARTESIAN_POINT('',(10.836528688981,-0.733298826269,
    0.614502383359));
#9282 = CARTESIAN_POINT('',(10.824029007254,-0.61449767272,
    0.733302906043));
#9283 = CARTESIAN_POINT('',(10.811529290839,-0.475035687391,
    0.826111692728));
#9284 = CARTESIAN_POINT('',(10.799029309422,-0.32141073702,0.88921964723
    ));
#9285 = CARTESIAN_POINT('',(10.774029167801,1.761085432845E-06,
    0.952327094856));
#9286 = CARTESIAN_POINT('',(10.749029026179,0.321413952453,0.889218085)
  );
#9287 = CARTESIAN_POINT('',(10.736529044762,0.475038550913,
    0.826109575407));
#9288 = CARTESIAN_POINT('',(10.724029328347,0.614500401199,
    0.733301227517));
#9289 = CARTESIAN_POINT('',(10.711529646619,0.733301913674,
    0.614500740163));
#9290 = CARTESIAN_POINT('',(10.699029619585,0.826112421485,
    0.475036830512));
#9291 = CARTESIAN_POINT('',(10.686529211104,0.889220618998,
    0.321409706632));
#9292 = CARTESIAN_POINT('',(10.661528559324,0.952327869987,
    -4.154339837914E-06));
#9293 = CARTESIAN_POINT('',(10.636528821568,0.889218578912,
    -0.321412945661));
#9294 = CARTESIAN_POINT('',(10.624029361455,0.826110852945,
    -0.475035247346));
#9295 = CARTESIAN_POINT('',(10.611530141523,0.733300611096,
    -0.614493906215));
#9296 = CARTESIAN_POINT('',(10.599030923528,0.614506694299,
    -0.733301440123));
#9297 = CARTESIAN_POINT('',(10.586529400448,0.475023925923,
    -0.82612045327));
#9298 = CARTESIAN_POINT('',(10.574026304581,0.321398124918,
    -0.889220960071));
#9299 = CARTESIAN_POINT('',(10.561529326722,0.160716115252,
    -0.920774841335));
#9300 = CARTESIAN_POINT('',(10.549029846078,-1.710054496673E-06,
    -0.920775251288));
#9301 = ADVANCED_FACE('',(#9302),#9343,.F.);
#9302 = FACE_BOUND('',#9303,.F.);
#9303 = EDGE_LOOP('',(#9304,#9336,#9337,#9338));
#9304 = ORIENTED_EDGE('',*,*,#9305,.F.);
#9305 = EDGE_CURVE('',#8871,#9306,#9308,.T.);
#9306 = VERTEX_POINT('',#9307);
#9307 = CARTESIAN_POINT('',(10.296874092691,5.198480987978E-08,
    -1.260017846683));
#9308 = B_SPLINE_CURVE_WITH_KNOTS('',8,(#9309,#9310,#9311,#9312,#9313,
    #9314,#9315,#9316,#9317,#9318,#9319,#9320,#9321,#9322,#9323,#9324,
    #9325,#9326,#9327,#9328,#9329,#9330,#9331,#9332,#9333,#9334,#9335),
  .UNSPECIFIED.,.F.,.F.,(9,6,6,6,9),(0.,1.574819783427,3.149639566854,
    4.72445935028,6.299279133707),.UNSPECIFIED.);
#9309 = CARTESIAN_POINT('',(10.746874133967,4.96198558908E-08,
    -1.260017035474));
#9310 = CARTESIAN_POINT('',(10.73281161619,-0.247403372324,
    -1.260017394607));
#9311 = CARTESIAN_POINT('',(10.718749000505,-0.494806225904,
    -1.204514403242));
#9312 = CARTESIAN_POINT('',(10.704686680351,-0.727680155095,
    -1.093456970932));
#9313 = CARTESIAN_POINT('',(10.690624155876,-0.931476662286,
    -0.931475388056));
#9314 = CARTESIAN_POINT('',(10.676561626811,-1.093465905326,
    -0.727674596364));
#9315 = CARTESIAN_POINT('',(10.66249910404,-1.204500019263,
    -0.494808377757));
#9316 = CARTESIAN_POINT('',(10.634374092828,-1.315534994818,
    -2.627411777091E-06));
#9317 = CARTESIAN_POINT('',(10.606249117374,-1.204500370391,
    0.494807606776));
#9318 = CARTESIAN_POINT('',(10.592186631927,-1.093465842943,
    0.727678717095));
#9319 = CARTESIAN_POINT('',(10.578124124676,-0.931478931914,
    0.931481509935));
#9320 = CARTESIAN_POINT('',(10.564061610138,-0.727676633382,
    1.093467055944));
#9321 = CARTESIAN_POINT('',(10.549999108482,-0.494807434839,
    1.204499737988));
#9322 = CARTESIAN_POINT('',(10.521874113329,-3.630462474336E-08,
    1.315532530366));
#9323 = CARTESIAN_POINT('',(10.493749118177,0.494807327404,1.20449958279
    ));
#9324 = CARTESIAN_POINT('',(10.479686616521,0.727676461413,
    1.093466953722));
#9325 = CARTESIAN_POINT('',(10.465624101983,0.931478976402,
    0.931482149471));
#9326 = CARTESIAN_POINT('',(10.451561594732,1.093466479991,
    0.727679104664));
#9327 = CARTESIAN_POINT('',(10.437499109285,1.204500463944,
    0.494807746724));
#9328 = CARTESIAN_POINT('',(10.40937413383,1.315534209031,
    -2.536077372709E-06));
#9329 = CARTESIAN_POINT('',(10.381249122618,1.204499679531,
    -0.494808237809));
#9330 = CARTESIAN_POINT('',(10.367186599842,1.093465884616,
    -0.727674520835));
#9331 = CARTESIAN_POINT('',(10.353124070799,0.931480293221,
    -0.931476058244));
#9332 = CARTESIAN_POINT('',(10.339061546288,0.727678340375,
    -1.093460016776));
#9333 = CARTESIAN_POINT('',(10.324999226162,0.494806166261,
    -1.204509964181));
#9334 = CARTESIAN_POINT('',(10.31093661047,0.247403473929,
    -1.260017487086));
#9335 = CARTESIAN_POINT('',(10.296874092691,5.198484742674E-08,
    -1.260017846683));
#9336 = ORIENTED_EDGE('',*,*,#8904,.T.);
#9337 = ORIENTED_EDGE('',*,*,#9206,.T.);
#9338 = ORIENTED_EDGE('',*,*,#9339,.F.);
#9339 = EDGE_CURVE('',#9306,#9207,#9340,.T.);
#9340 = B_SPLINE_CURVE_WITH_KNOTS('',1,(#9341,#9342),.UNSPECIFIED.,.F.,
  .F.,(2,2),(0.,5.625E-02),.PIECEWISE_BEZIER_KNOTS.);
#9341 = CARTESIAN_POINT('',(10.296874092691,5.198484753777E-08,
    -1.260017846683));
#9342 = CARTESIAN_POINT('',(10.35312409246,5.199804387068E-08,
    -1.260022945747));
#9343 = B_SPLINE_SURFACE_WITH_KNOTS('',1,11,(
    (#9344,#9345,#9346,#9347,#9348,#9349,#9350,#9351,#9352,#9353,#9354
      ,#9355,#9356,#9357,#9358,#9359,#9360,#9361,#9362,#9363,#9364)
    ,(#9365,#9366,#9367,#9368,#9369,#9370,#9371,#9372,#9373,#9374,#9375
      ,#9376,#9377,#9378,#9379,#9380,#9381,#9382,#9383,#9384,#9385
  )),.UNSPECIFIED.,.F.,.F.,.F.,(2,2),(12,9,12),(0.,5.625E-02),(0.,
    3.149639566854,6.299279133707),.UNSPECIFIED.);
#9344 = CARTESIAN_POINT('',(10.746874133967,4.961985600183E-08,
    -1.260017035474));
#9345 = CARTESIAN_POINT('',(10.726419562655,-0.359859473208,
    -1.260017557849));
#9346 = CARTESIAN_POINT('',(10.705964791967,-0.71971783864,
    -1.146993075573));
#9347 = CARTESIAN_POINT('',(10.685510900471,-1.040130430776,
    -0.920801878499));
#9348 = CARTESIAN_POINT('',(10.665055845964,-1.281562172901,
    -0.597219255298));
#9349 = CARTESIAN_POINT('',(10.644601071132,-1.411652802212,
    -0.206980063419));
#9350 = CARTESIAN_POINT('',(10.624147052119,-1.411610652786,
    0.206971626363));
#9351 = CARTESIAN_POINT('',(10.603692274438,-1.281594364207,
    0.597196548505));
#9352 = CARTESIAN_POINT('',(10.583237762836,-1.04011618283,0.92086168333
    ));
#9353 = CARTESIAN_POINT('',(10.562783197187,-0.719719889827,
    1.146964558818));
#9354 = CARTESIAN_POINT('',(10.52187411333,-2.72815585975E-08,
    1.373067744808));
#9355 = CARTESIAN_POINT('',(10.480965029471,0.719719764345,
    1.146964333076));
#9356 = CARTESIAN_POINT('',(10.460510478897,1.040116226125,
    0.920860939205));
#9357 = CARTESIAN_POINT('',(10.440055892996,1.281591105764,
    0.597202570039));
#9358 = CARTESIAN_POINT('',(10.419601280322,1.411628419615,
    0.206964742403));
#9359 = CARTESIAN_POINT('',(10.399147049698,1.411620675442,
    -0.206981815326));
#9360 = CARTESIAN_POINT('',(10.37869244001,1.281585196813,
    -0.597203684795));
#9361 = CARTESIAN_POINT('',(10.35823731105,1.040125394597,
    -0.920821372548));
#9362 = CARTESIAN_POINT('',(10.33778343471,0.719717611884,
    -1.146984031665));
#9363 = CARTESIAN_POINT('',(10.317328664005,0.359859574812,
    -1.260017323633));
#9364 = CARTESIAN_POINT('',(10.296874092691,5.198484753777E-08,
    -1.260017846683));
#9365 = CARTESIAN_POINT('',(10.803124133757,4.963186395202E-08,
    -1.260021902764));
#9366 = CARTESIAN_POINT('',(10.782669562431,-0.359860896081,
    -1.260022570344));
#9367 = CARTESIAN_POINT('',(10.762214791635,-0.719720731361,
    -1.14699889554));
#9368 = CARTESIAN_POINT('',(10.741760900449,-1.04013544907,
    -0.92080279085));
#9369 = CARTESIAN_POINT('',(10.721305845725,-1.281563270311,
    -0.597223560204));
#9370 = CARTESIAN_POINT('',(10.700851070726,-1.411664207319,
    -0.206981092722));
#9371 = CARTESIAN_POINT('',(10.680397052027,-1.411612464643,
    0.206973922615));
#9372 = CARTESIAN_POINT('',(10.659942274196,-1.281600580328,
    0.597197796799));
#9373 = CARTESIAN_POINT('',(10.639487762624,-1.040120104201,
    0.920865511761));
#9374 = CARTESIAN_POINT('',(10.619033196962,-0.719722740893,
    1.146969135432));
#9375 = CARTESIAN_POINT('',(10.578124113109,-1.927265758108E-08,
    1.37307317508));
#9376 = CARTESIAN_POINT('',(10.537215029254,0.719722605962,
    1.146968828624));
#9377 = CARTESIAN_POINT('',(10.516760478675,1.040119861937,
    0.920864396499));
#9378 = CARTESIAN_POINT('',(10.496305892763,1.281597658357,
    0.597206038001));
#9379 = CARTESIAN_POINT('',(10.475851280042,1.411633073719,
    0.206964095156));
#9380 = CARTESIAN_POINT('',(10.455397049582,1.411625135448,
    -0.20698243352));
#9381 = CARTESIAN_POINT('',(10.434942439868,1.281591605044,
    -0.597204099193));
#9382 = CARTESIAN_POINT('',(10.414487310605,1.04012927191,
    -0.920827744008));
#9383 = CARTESIAN_POINT('',(10.394033434606,0.719720413414,
    -1.146987284218));
#9384 = CARTESIAN_POINT('',(10.373578663787,0.359860997711,
    -1.26002227749));
#9385 = CARTESIAN_POINT('',(10.35312409246,5.199804387068E-08,
    -1.260022945747));
#9386 = ADVANCED_FACE('',(#9387),#9481,.F.);
#9387 = FACE_BOUND('',#9388,.F.);
#9388 = EDGE_LOOP('',(#9389,#9474,#9475,#9476));
#9389 = ORIENTED_EDGE('',*,*,#9390,.F.);
#9390 = EDGE_CURVE('',#8956,#9391,#9393,.T.);
#9391 = VERTEX_POINT('',#9392);
#9392 = CARTESIAN_POINT('',(10.16698717408,-5.583482395321E-07,
    -1.035000000003));
#9393 = B_SPLINE_CURVE_WITH_KNOTS('',7,(#9394,#9395,#9396,#9397,#9398,
    #9399,#9400,#9401,#9402,#9403,#9404,#9405,#9406,#9407,#9408,#9409,
    #9410,#9411,#9412,#9413,#9414,#9415,#9416,#9417,#9418,#9419,#9420,
    #9421,#9422,#9423,#9424,#9425,#9426,#9427,#9428,#9429,#9430,#9431,
    #9432,#9433,#9434,#9435,#9436,#9437,#9438,#9439,#9440,#9441,#9442,
    #9443,#9444,#9445,#9446,#9447,#9448,#9449,#9450,#9451,#9452,#9453,
    #9454,#9455,#9456,#9457,#9458,#9459,#9460,#9461,#9462,#9463,#9464,
    #9465,#9466,#9467,#9468,#9469,#9470,#9471,#9472,#9473),
  .UNSPECIFIED.,.F.,.F.,(8,6,6,6,6,6,6,6,6,6,6,6,6,8),(0.,
    3.581884559718E-02,6.068364036004E-02,7.968505654343E-02,
    0.13758767258,0.2705827099,0.385179008488,0.49118206273,
    0.634288590756,0.780957784346,0.872962066803,0.892442196868,
    0.96232559269,1.),.UNSPECIFIED.);
#9394 = CARTESIAN_POINT('',(10.616986447509,-1.065937007105E-06,
    -1.035000000005));
#9395 = CARTESIAN_POINT('',(10.614684121114,-3.327525654908E-02,
    -1.035000000005));
#9396 = CARTESIAN_POINT('',(10.612381619191,-6.65493087559E-02,
    -1.033751972152));
#9397 = CARTESIAN_POINT('',(10.61007902997,-9.976684689464E-02,
    -1.03125596814));
#9398 = CARTESIAN_POINT('',(10.607776418676,-0.132871835669,
    -1.02751516812));
#9399 = CARTESIAN_POINT('',(10.605473827534,-0.16580858015,
    -1.022535880697));
#9400 = CARTESIAN_POINT('',(10.603171275765,-0.198521725776,
    -1.016327542932));
#9401 = CARTESIAN_POINT('',(10.599270394505,-0.253471724223,
    -1.003748542788));
#9402 = CARTESIAN_POINT('',(10.597672048304,-0.275853015825,
    -0.998008141174));
#9403 = CARTESIAN_POINT('',(10.596073722058,-0.298081780971,
    -0.991685718263));
#9404 = CARTESIAN_POINT('',(10.594475415617,-0.320139883845,
    -0.984786177266));
#9405 = CARTESIAN_POINT('',(10.592877127612,-0.342009404995,
    -0.977315121838));
#9406 = CARTESIAN_POINT('',(10.591278855452,-0.363672641335,
    -0.969278856083));
#9407 = CARTESIAN_POINT('',(10.588459221645,-0.401495920992,
    -0.954116579266));
#9408 = CARTESIAN_POINT('',(10.587237855034,-0.417749074685,
    -0.947222783258));
#9409 = CARTESIAN_POINT('',(10.586016494007,-0.433863772419,
    -0.940006120736));
#9410 = CARTESIAN_POINT('',(10.584795137132,-0.449832325899,
    -0.932469942438));
#9411 = CARTESIAN_POINT('',(10.583573783023,-0.46564715335,
    -0.924617825632));
#9412 = CARTESIAN_POINT('',(10.582352430341,-0.481300779509,
    -0.916453574112));
#9413 = CARTESIAN_POINT('',(10.577409275871,-0.543973121567,
    -0.882163586179));
#9414 = CARTESIAN_POINT('',(10.573687429516,-0.589595700085,
    -0.853484547075));
#9415 = CARTESIAN_POINT('',(10.569965581114,-0.633444346285,
    -0.822058549211));
#9416 = CARTESIAN_POINT('',(10.566243701335,-0.675321430871,
    -0.788018431883));
#9417 = CARTESIAN_POINT('',(10.562521745912,-0.715042267535,
    -0.751514323851));
#9418 = CARTESIAN_POINT('',(10.558799712424,-0.752436460327,
    -0.71271254183));
#9419 = CARTESIAN_POINT('',(10.546528695231,-0.867539546773,
    -0.577810860288));
#9420 = CARTESIAN_POINT('',(10.537976547021,-0.934669332348,
    -0.472627181744));
#9421 = CARTESIAN_POINT('',(10.529426855001,-0.986805345797,
    -0.358476093061));
#9422 = CARTESIAN_POINT('',(10.520878362114,-1.022579074182,
    -0.237954222924));
#9423 = CARTESIAN_POINT('',(10.51232885242,-1.041164273766,
    -0.113844120743));
#9424 = CARTESIAN_POINT('',(10.503776890205,-1.042291297094,
    1.093082068938E-02));
#9425 = CARTESIAN_POINT('',(10.487861379748,-1.012637035711,
    0.239010023677));
#9426 = CARTESIAN_POINT('',(10.480493485929,-0.986241472425,
    0.342949009367));
#9427 = CARTESIAN_POINT('',(10.473126552952,-0.94740969451,
    0.443398268699));
#9428 = CARTESIAN_POINT('',(10.465760247106,-0.896721658727,
    0.538588201689));
#9429 = CARTESIAN_POINT('',(10.458393328407,-0.835052111692,
    0.626876207637));
#9430 = CARTESIAN_POINT('',(10.451025492454,-0.763545579041,
    0.706793540244));
#9431 = CARTESIAN_POINT('',(10.436845244447,-0.609682948014,
    0.842145771024));
#9432 = CARTESIAN_POINT('',(10.430030455038,-0.528518514748,
    0.898988323966));
#9433 = CARTESIAN_POINT('',(10.423216475374,-0.441233271049,
    0.946651042048));
#9434 = CARTESIAN_POINT('',(10.416402980351,-0.349082228788,
    0.98436600651));
#9435 = CARTESIAN_POINT('',(10.409588986999,-0.253426156159,
    1.011576248841));
#9436 = CARTESIAN_POINT('',(10.402774175946,-0.155698419868,
    1.027949354954));
#9437 = CARTESIAN_POINT('',(10.386761184273,7.535484847548E-02,
    1.040778088061));
#9438 = CARTESIAN_POINT('',(10.377557655473,0.209254953897,
    1.028261193169));
#9439 = CARTESIAN_POINT('',(10.36835738538,0.340633722847,0.995619230336
    ));
#9440 = CARTESIAN_POINT('',(10.359158476778,0.46588202064,0.943526620528
    ));
#9441 = CARTESIAN_POINT('',(10.34995828894,0.581658834938,0.873373193249
    ));
#9442 = CARTESIAN_POINT('',(10.34075483696,0.684941602096,0.787242650886
    ));
#9443 = CARTESIAN_POINT('',(10.322127817096,0.863856853259,
    0.586120991359));
#9444 = CARTESIAN_POINT('',(10.31269509752,0.938827176776,0.470363357029
    ));
#9445 = CARTESIAN_POINT('',(10.303266375666,0.995532869567,
    0.343596356428));
#9446 = CARTESIAN_POINT('',(10.293839205609,1.032145699412,
    0.209330737142));
#9447 = CARTESIAN_POINT('',(10.284410017288,1.047640449886,
    7.132592493612E-02));
#9448 = CARTESIAN_POINT('',(10.274977014012,1.041810184364,
    -6.646510645794E-02));
#9449 = CARTESIAN_POINT('',(10.259634966871,0.998936803024,
    -0.283994155863));
#9450 = CARTESIAN_POINT('',(10.253720483441,0.974330163976,
    -0.366262195666));
#9451 = CARTESIAN_POINT('',(10.247806420471,0.941828100691,
    -0.445998132512));
#9452 = CARTESIAN_POINT('',(10.241892676732,0.901753339119,
    -0.522298330641));
#9453 = CARTESIAN_POINT('',(10.235978741873,0.854551701316,
    -0.594313887064));
#9454 = CARTESIAN_POINT('',(10.23006434411,0.800783986077,
    -0.661266139813));
#9455 = CARTESIAN_POINT('',(10.222898030123,0.728493426812,
    -0.735423849721));
#9456 = CARTESIAN_POINT('',(10.221645821886,0.715597473375,
    -0.748124081737));
#9457 = CARTESIAN_POINT('',(10.220393604385,0.702443512192,
    -0.760560182054));
#9458 = CARTESIAN_POINT('',(10.219141377243,0.689038047508,
    -0.772725874029));
#9459 = CARTESIAN_POINT('',(10.217889140261,0.675387768967,
    -0.784615086347));
#9460 = CARTESIAN_POINT('',(10.216636893417,0.661499551607,
    -0.796221953014));
#9461 = CARTESIAN_POINT('',(10.210892267459,0.596729338358,
    -0.848146312163));
#9462 = CARTESIAN_POINT('',(10.206399665089,0.543105461751,
    -0.885046318779));
#9463 = CARTESIAN_POINT('',(10.201907010829,0.486836640544,
    -0.917977998971));
#9464 = CARTESIAN_POINT('',(10.197414375029,0.428276894522,
    -0.946716689709));
#9465 = CARTESIAN_POINT('',(10.19292180514,0.36780238162,-0.971077850548
    ));
#9466 = CARTESIAN_POINT('',(10.188429413534,0.305807330789,-0.990919015)
  );
#9467 = CARTESIAN_POINT('',(10.181515838775,0.208678556707,
    -1.014348372495));
#9468 = CARTESIAN_POINT('',(10.179094292921,0.174333217946,
    -1.021212903569));
#9469 = CARTESIAN_POINT('',(10.176672850484,0.139727837997,
    -1.026719962833));
#9470 = CARTESIAN_POINT('',(10.174251494424,0.104926737402,
    -1.030858005537));
#9471 = CARTESIAN_POINT('',(10.171830167932,6.999467783066E-02,
    -1.03361931448));
#9472 = CARTESIAN_POINT('',(10.169408774435,3.499686207746E-02,
    -1.035000000005));
#9473 = CARTESIAN_POINT('',(10.166987177592,-1.065936986233E-06,
    -1.035000000005));
#9474 = ORIENTED_EDGE('',*,*,#9036,.T.);
#9475 = ORIENTED_EDGE('',*,*,#9305,.T.);
#9476 = ORIENTED_EDGE('',*,*,#9477,.F.);
#9477 = EDGE_CURVE('',#9391,#9306,#9478,.T.);
#9478 = B_SPLINE_CURVE_WITH_KNOTS('',1,(#9479,#9480),.UNSPECIFIED.,.F.,
  .F.,(2,2),(0.,0.39175),.PIECEWISE_BEZIER_KNOTS.);
#9479 = CARTESIAN_POINT('',(10.101029847919,-1.710159594936E-06,
    -0.920734640075));
#9480 = CARTESIAN_POINT('',(10.296874092691,5.198484742674E-08,
    -1.260017846683));
#9481 = B_SPLINE_SURFACE_WITH_KNOTS('',1,8,(
    (#9482,#9483,#9484,#9485,#9486,#9487,#9488,#9489,#9490,#9491,#9492
      ,#9493,#9494,#9495,#9496,#9497,#9498,#9499,#9500,#9501,#9502,#9503
      ,#9504,#9505,#9506,#9507,#9508)
    ,(#9509,#9510,#9511,#9512,#9513,#9514,#9515,#9516,#9517,#9518,#9519
      ,#9520,#9521,#9522,#9523,#9524,#9525,#9526,#9527,#9528,#9529,#9530
      ,#9531,#9532,#9533,#9534,#9535
    )),.UNSPECIFIED.,.F.,.F.,.F.,(2,2),(9,6,6,6,9),(0.,0.39175),(0.,
    1.574819783427,3.149639566854,4.72445935028,6.299279133707),
  .UNSPECIFIED.);
#9482 = CARTESIAN_POINT('',(10.551028491199,-1.632425277509E-06,
    -0.920734635834));
#9483 = CARTESIAN_POINT('',(10.536966575545,-0.180801394809,
    -0.920734317202));
#9484 = CARTESIAN_POINT('',(10.522907878154,-0.361555135197,
    -0.880171355299));
#9485 = CARTESIAN_POINT('',(10.508839466277,-0.531737072661,
    -0.799037706435));
#9486 = CARTESIAN_POINT('',(10.49477777137,-0.680668841636,
    -0.680648643616));
#9487 = CARTESIAN_POINT('',(10.480716226329,-0.799029662882,
    -0.531732800018));
#9488 = CARTESIAN_POINT('',(10.466654474885,-0.880166791099,
    -0.361570267465));
#9489 = CARTESIAN_POINT('',(10.438529843403,-0.961302798517,
    -1.00986551022E-06));
#9490 = CARTESIAN_POINT('',(10.410404036608,-0.880165874537,
    0.36157404535));
#9491 = CARTESIAN_POINT('',(10.396341058276,-0.799028824848,
    0.53174164168));
#9492 = CARTESIAN_POINT('',(10.38227879661,-0.680658702823,
    0.680664215319));
#9493 = CARTESIAN_POINT('',(10.368216774468,-0.531736864411,
    0.799030771937));
#9494 = CARTESIAN_POINT('',(10.354154328902,-0.361571704897,
    0.880166122089));
#9495 = CARTESIAN_POINT('',(10.326029169559,1.745016180804E-06,
    0.961301119231));
#9496 = CARTESIAN_POINT('',(10.297904010215,0.361574900155,
    0.880164808459));
#9497 = CARTESIAN_POINT('',(10.283841564649,0.531739764743,
    0.799028840729));
#9498 = CARTESIAN_POINT('',(10.269779542507,0.680661174494,
    0.680661747223));
#9499 = CARTESIAN_POINT('',(10.255717280842,0.799030758856,
    0.531738742483));
#9500 = CARTESIAN_POINT('',(10.24165430251,0.880167187856,0.361570850265
    ));
#9501 = CARTESIAN_POINT('',(10.213528495714,0.961302794411,
    -4.499803892702E-06));
#9502 = CARTESIAN_POINT('',(10.185403864231,0.88016547648,
    -0.361573462549));
#9503 = CARTESIAN_POINT('',(10.171342112787,0.79902773208,
    -0.531735700854));
#9504 = CARTESIAN_POINT('',(10.157280567744,0.68066638911,
    -0.680651118479));
#9505 = CARTESIAN_POINT('',(10.143218872848,0.531734162114,
    -0.799039653084));
#9506 = CARTESIAN_POINT('',(10.129150460961,0.361551939006,
    -0.880172645096));
#9507 = CARTESIAN_POINT('',(10.115091763571,0.180798052224,
    -0.920734973964));
#9508 = CARTESIAN_POINT('',(10.101029847919,-1.710159594936E-06,
    -0.920734640075));
#9509 = CARTESIAN_POINT('',(10.746874133967,4.96198558908E-08,
    -1.260017035474));
#9510 = CARTESIAN_POINT('',(10.73281161619,-0.247403372324,
    -1.260017394607));
#9511 = CARTESIAN_POINT('',(10.718749000505,-0.494806225904,
    -1.204514403242));
#9512 = CARTESIAN_POINT('',(10.704686680351,-0.727680155095,
    -1.093456970932));
#9513 = CARTESIAN_POINT('',(10.690624155876,-0.931476662286,
    -0.931475388056));
#9514 = CARTESIAN_POINT('',(10.676561626811,-1.093465905326,
    -0.727674596364));
#9515 = CARTESIAN_POINT('',(10.66249910404,-1.204500019263,
    -0.494808377757));
#9516 = CARTESIAN_POINT('',(10.634374092828,-1.315534994818,
    -2.627411777091E-06));
#9517 = CARTESIAN_POINT('',(10.606249117374,-1.204500370391,
    0.494807606776));
#9518 = CARTESIAN_POINT('',(10.592186631927,-1.093465842943,
    0.727678717095));
#9519 = CARTESIAN_POINT('',(10.578124124676,-0.931478931914,
    0.931481509935));
#9520 = CARTESIAN_POINT('',(10.564061610138,-0.727676633382,
    1.093467055944));
#9521 = CARTESIAN_POINT('',(10.549999108482,-0.494807434839,
    1.204499737988));
#9522 = CARTESIAN_POINT('',(10.521874113329,-3.630462474336E-08,
    1.315532530366));
#9523 = CARTESIAN_POINT('',(10.493749118177,0.494807327404,1.20449958279
    ));
#9524 = CARTESIAN_POINT('',(10.479686616521,0.727676461413,
    1.093466953722));
#9525 = CARTESIAN_POINT('',(10.465624101983,0.931478976402,
    0.931482149471));
#9526 = CARTESIAN_POINT('',(10.451561594732,1.093466479991,
    0.727679104664));
#9527 = CARTESIAN_POINT('',(10.437499109285,1.204500463944,
    0.494807746724));
#9528 = CARTESIAN_POINT('',(10.40937413383,1.315534209031,
    -2.536077372709E-06));
#9529 = CARTESIAN_POINT('',(10.381249122618,1.204499679531,
    -0.494808237809));
#9530 = CARTESIAN_POINT('',(10.367186599842,1.093465884616,
    -0.727674520835));
#9531 = CARTESIAN_POINT('',(10.353124070799,0.931480293221,
    -0.931476058244));
#9532 = CARTESIAN_POINT('',(10.339061546288,0.727678340375,
    -1.093460016776));
#9533 = CARTESIAN_POINT('',(10.324999226162,0.494806166261,
    -1.204509964181));
#9534 = CARTESIAN_POINT('',(10.31093661047,0.247403473929,
    -1.260017487086));
#9535 = CARTESIAN_POINT('',(10.296874092691,5.198484742674E-08,
    -1.260017846683));
#9536 = ADVANCED_FACE('',(#9537),#9627,.F.);
#9537 = FACE_BOUND('',#9538,.T.);
#9538 = EDGE_LOOP('',(#9539,#9540,#9541,#9573,#9581,#9611,#9619,#9626));
#9539 = ORIENTED_EDGE('',*,*,#9390,.F.);
#9540 = ORIENTED_EDGE('',*,*,#9192,.T.);
#9541 = ORIENTED_EDGE('',*,*,#9542,.T.);
#9542 = EDGE_CURVE('',#9102,#9543,#9545,.T.);
#9543 = VERTEX_POINT('',#9544);
#9544 = CARTESIAN_POINT('',(10.326826622812,-0.847821591261,
    0.593652717834));
#9545 = B_SPLINE_CURVE_WITH_KNOTS('',6,(#9546,#9547,#9548,#9549,#9550,
    #9551,#9552,#9553,#9554,#9555,#9556,#9557,#9558,#9559,#9560,#9561,
    #9562,#9563,#9564,#9565,#9566,#9567,#9568,#9569,#9570,#9571,#9572),
  .UNSPECIFIED.,.F.,.F.,(7,5,5,5,5,7),(0.,0.310746640927,0.405412725859,
    0.517069153034,0.760694811164,1.),.UNSPECIFIED.);
#9546 = CARTESIAN_POINT('',(10.483068349965,-1.116771184861E-06,
    -1.035000000006));
#9547 = CARTESIAN_POINT('',(10.474984406214,-0.116943445504,
    -1.035000000006));
#9548 = CARTESIAN_POINT('',(10.466887009474,-0.233907213757,
    -1.019144303941));
#9549 = CARTESIAN_POINT('',(10.458793663989,-0.348157842142,
    -0.987422399063));
#9550 = CARTESIAN_POINT('',(10.45070222358,-0.457036715187,
    -0.940470833791));
#9551 = CARTESIAN_POINT('',(10.442608928146,-0.558079298977,
    -0.879459632535));
#9552 = CARTESIAN_POINT('',(10.432051670826,-0.676907071871,
    -0.783768139407));
#9553 = CARTESIAN_POINT('',(10.429586465922,-0.703731164343,
    -0.760277485528));
#9554 = CARTESIAN_POINT('',(10.427121225611,-0.729573006199,
    -0.735688532386));
#9555 = CARTESIAN_POINT('',(10.424655950029,-0.754376865913,
    -0.710052863214));
#9556 = CARTESIAN_POINT('',(10.422190647178,-0.778090689779,
    -0.683425775965));
#9557 = CARTESIAN_POINT('',(10.416817552572,-0.82729327112,
    -0.623360507995));
#9558 = CARTESIAN_POINT('',(10.413909748314,-0.852337007956,
    -0.589557236989));
#9559 = CARTESIAN_POINT('',(10.411001950158,-0.875717869492,
    -0.554553530549));
#9560 = CARTESIAN_POINT('',(10.408094182682,-0.897364962322,
    -0.518451870541));
#9561 = CARTESIAN_POINT('',(10.405186465038,-0.917215942572,
    -0.481360160427));
#9562 = CARTESIAN_POINT('',(10.39593453539,-0.974493960768,
    -0.360547546578));
#9563 = CARTESIAN_POINT('',(10.38959009909,-1.004966757868,
    -0.273522544417));
#9564 = CARTESIAN_POINT('',(10.383246575079,-1.026074782326,
    -0.183499172203));
#9565 = CARTESIAN_POINT('',(10.376903016928,-1.037475985896,
    -9.174010984424E-02));
#9566 = CARTESIAN_POINT('',(10.370558434514,-1.039053842342,
    4.518077304223E-04));
#9567 = CARTESIAN_POINT('',(10.35798162165,-1.022938913166,
    0.181476010108));
#9568 = CARTESIAN_POINT('',(10.35174859112,-1.005586446539,
    0.270350266362));
#9569 = CARTESIAN_POINT('',(10.345515633927,-0.97897643736,
    0.357162120081));
#9570 = CARTESIAN_POINT('',(10.339282828012,-0.943432041098,
    0.440714415601));
#9571 = CARTESIAN_POINT('',(10.333051457141,-0.899476953639,
    0.519883111955));
#9572 = CARTESIAN_POINT('',(10.326826094518,-0.847822340626,
    0.593653242537));
#9573 = ORIENTED_EDGE('',*,*,#9574,.T.);
#9574 = EDGE_CURVE('',#9543,#9575,#9577,.T.);
#9575 = VERTEX_POINT('',#9576);
#9576 = CARTESIAN_POINT('',(10.010740518215,-0.847821591324,
    0.593652717744));
#9577 = LINE('',#9578,#9579);
#9578 = CARTESIAN_POINT('',(20.,-0.847821589347,0.593652720567));
#9579 = VECTOR('',#9580,1.);
#9580 = DIRECTION('',(-1.,-0.,-0.));
#9581 = ORIENTED_EDGE('',*,*,#9582,.F.);
#9582 = EDGE_CURVE('',#9391,#9575,#9583,.T.);
#9583 = B_SPLINE_CURVE_WITH_KNOTS('',6,(#9584,#9585,#9586,#9587,#9588,
    #9589,#9590,#9591,#9592,#9593,#9594,#9595,#9596,#9597,#9598,#9599,
    #9600,#9601,#9602,#9603,#9604,#9605,#9606,#9607,#9608,#9609,#9610),
  .UNSPECIFIED.,.F.,.F.,(7,5,5,5,5,7),(0.,0.125869754246,0.292767057037,
    0.505503127975,0.705359634722,1.),.UNSPECIFIED.);
#9584 = CARTESIAN_POINT('',(10.16698717408,-1.116696517034E-06,
    -1.035000000006));
#9585 = CARTESIAN_POINT('',(10.163710728517,-4.736951324979E-02,
    -1.035000000006));
#9586 = CARTESIAN_POINT('',(10.160433757164,-9.473820310114E-02,
    -1.032398526223));
#9587 = CARTESIAN_POINT('',(10.157156418667,-0.141928212942,
    -1.027195552322));
#9588 = CARTESIAN_POINT('',(10.153878795057,-0.188761172622,
    -1.019407438372));
#9589 = CARTESIAN_POINT('',(10.150600954559,-0.235060895682,
    -1.009066749376));
#9590 = CARTESIAN_POINT('',(10.142976621769,-0.34111051877,
    -0.979190645371));
#9591 = CARTESIAN_POINT('',(10.138629958356,-0.40032670301,
    -0.957756429008));
#9592 = CARTESIAN_POINT('',(10.134283355211,-0.45790066931,
    -0.932032921857));
#9593 = CARTESIAN_POINT('',(10.129936870976,-0.513446525618,
    -0.902181628429));
#9594 = CARTESIAN_POINT('',(10.125590489842,-0.566600713336,
    -0.86840934595));
#9595 = CARTESIAN_POINT('',(10.115704462417,-0.681303880412,
    -0.783237492312));
#9596 = CARTESIAN_POINT('',(10.110164629197,-0.741152525932,
    -0.72954124662));
#9597 = CARTESIAN_POINT('',(10.104625231402,-0.795875731132,
    -0.670394682896));
#9598 = CARTESIAN_POINT('',(10.099085778484,-0.844864353593,
    -0.606417411215));
#9599 = CARTESIAN_POINT('',(10.093545822176,-0.887611094805,
    -0.538314982048));
#9600 = CARTESIAN_POINT('',(10.082801380052,-0.957650330899,
    -0.399737258767));
#9601 = CARTESIAN_POINT('',(10.077596535486,-0.985724098596,
    -0.329650750702));
#9602 = CARTESIAN_POINT('',(10.072391737758,-1.007620389822,
    -0.257246304991));
#9603 = CARTESIAN_POINT('',(10.067186977339,-1.023111375319,
    -0.183206750916));
#9604 = CARTESIAN_POINT('',(10.061982218473,-1.032069829314,
    -0.108240504735));
#9605 = CARTESIAN_POINT('',(10.049105020142,-1.038015297209,
    7.77583327337E-02));
#9606 = CARTESIAN_POINT('',(10.041431443398,-1.027310676773,
    0.189055736462));
#9607 = CARTESIAN_POINT('',(10.033759446057,-1.002277480908,
    0.298498337169));
#9608 = CARTESIAN_POINT('',(10.026086546255,-0.963353760096,
    0.403805573095));
#9609 = CARTESIAN_POINT('',(10.018410776278,-0.911421591127,
    0.502824471442));
#9610 = CARTESIAN_POINT('',(10.010741046207,-0.847822340638,
    0.593653242413));
#9611 = ORIENTED_EDGE('',*,*,#9612,.T.);
#9612 = EDGE_CURVE('',#9391,#9613,#9615,.T.);
#9613 = VERTEX_POINT('',#9614);
#9614 = CARTESIAN_POINT('',(10.,0.,-1.035));
#9615 = LINE('',#9616,#9617);
#9616 = CARTESIAN_POINT('',(20.,0.,-1.035));
#9617 = VECTOR('',#9618,1.);
#9618 = DIRECTION('',(-1.,0.,6.661338147751E-17));
#9619 = ORIENTED_EDGE('',*,*,#9620,.F.);
#9620 = EDGE_CURVE('',#9613,#9613,#9621,.T.);
#9621 = CIRCLE('',#9622,1.035);
#9622 = AXIS2_PLACEMENT_3D('',#9623,#9624,#9625);
#9623 = CARTESIAN_POINT('',(10.,0.,0.));
#9624 = DIRECTION('',(1.,-0.,0.));
#9625 = DIRECTION('',(0.,0.,-1.));
#9626 = ORIENTED_EDGE('',*,*,#9612,.F.);
#9627 = CYLINDRICAL_SURFACE('',#9628,1.035);
#9628 = AXIS2_PLACEMENT_3D('',#9629,#9630,#9631);
#9629 = CARTESIAN_POINT('',(20.,0.,0.));
#9630 = DIRECTION('',(-1.,-0.,-0.));
#9631 = DIRECTION('',(0.,0.,-1.));
#9632 = ADVANCED_FACE('',(#9633),#9659,.F.);
#9633 = FACE_BOUND('',#9634,.F.);
#9634 = EDGE_LOOP('',(#9635,#9651,#9652,#9653));
#9635 = ORIENTED_EDGE('',*,*,#9636,.F.);
#9636 = EDGE_CURVE('',#9207,#9637,#9639,.T.);
#9637 = VERTEX_POINT('',#9638);
#9638 = CARTESIAN_POINT('',(10.19687390233,-1.032154340253,
    0.722722172865));
#9639 = B_SPLINE_CURVE_WITH_KNOTS('',10,(#9640,#9641,#9642,#9643,#9644,
    #9645,#9646,#9647,#9648,#9649,#9650),.UNSPECIFIED.,.F.,.F.,(11,11),(
    0.,2.187249699204),.PIECEWISE_BEZIER_KNOTS.);
#9640 = CARTESIAN_POINT('',(10.35312409246,5.199800523492E-08,
    -1.260022945747));
#9641 = CARTESIAN_POINT('',(10.33749871906,-0.274895047758,
    -1.260032387099));
#9642 = CARTESIAN_POINT('',(10.321874204063,-0.549780677089,
    -1.19337642656));
#9643 = CARTESIAN_POINT('',(10.306249160694,-0.806522868891,
    -1.060124583539));
#9644 = CARTESIAN_POINT('',(10.290623689972,-1.026899856316,
    -0.865882425932));
#9645 = CARTESIAN_POINT('',(10.27499900018,-1.194794952836,
    -0.621953562759));
#9646 = CARTESIAN_POINT('',(10.259374300265,-1.298268382322,
    -0.344549063395));
#9647 = CARTESIAN_POINT('',(10.243748836634,-1.331020752547,
    -5.260617500275E-02));
#9648 = CARTESIAN_POINT('',(10.22812378989,-1.29290415384,0.234148403554
    ));
#9649 = CARTESIAN_POINT('',(10.212499275908,-1.189819956092,
    0.497535873246));
#9650 = CARTESIAN_POINT('',(10.19687390233,-1.032154340253,
    0.722722172865));
#9651 = ORIENTED_EDGE('',*,*,#9234,.T.);
#9652 = ORIENTED_EDGE('',*,*,#9542,.T.);
#9653 = ORIENTED_EDGE('',*,*,#9654,.F.);
#9654 = EDGE_CURVE('',#9637,#9543,#9655,.T.);
#9655 = LINE('',#9656,#9657);
#9656 = CARTESIAN_POINT('',(10.19687390233,-1.032154340253,
    0.722722172865));
#9657 = VECTOR('',#9658,1.);
#9658 = DIRECTION('',(0.500094926328,0.709364699597,-0.496695870354));
#9659 = B_SPLINE_SURFACE_WITH_KNOTS('',1,11,(
    (#9660,#9661,#9662,#9663,#9664,#9665,#9666,#9667,#9668,#9669,#9670
      ,#9671)
    ,(#9672,#9673,#9674,#9675,#9676,#9677,#9678,#9679,#9680,#9681,#9682
      ,#9683)),.UNSPECIFIED.,.F.,.F.,.F.,(2,2),(12,12),(0.,0.39175),(0.,
    2.187249699204),.PIECEWISE_BEZIER_KNOTS.);
#9660 = CARTESIAN_POINT('',(10.35312409246,5.199800523492E-08,
    -1.260022945747));
#9661 = CARTESIAN_POINT('',(10.338919207551,-0.249904584144,
    -1.260031528795));
#9662 = CARTESIAN_POINT('',(10.324715024973,-0.499801471755,
    -1.205495692113));
#9663 = CARTESIAN_POINT('',(10.310510533118,-0.736503070012,
    -1.096466178807));
#9664 = CARTESIAN_POINT('',(10.296305691264,-0.946759631501,
    -0.936515216757));
#9665 = CARTESIAN_POINT('',(10.282101110587,-1.118484604297,
    -0.732831606303));
#9666 = CARTESIAN_POINT('',(10.267896885171,-1.24182272545,
    -0.495859320946));
#9667 = CARTESIAN_POINT('',(10.253692301552,-1.31018147361,
    -0.238388734102));
#9668 = CARTESIAN_POINT('',(10.23948746329,-1.32062451765,
    2.559980268473E-02));
#9669 = CARTESIAN_POINT('',(10.225282969165,-1.274161572432,
    0.282037034407));
#9670 = CARTESIAN_POINT('',(10.211078787402,-1.175486718288,
    0.51800735503));
#9671 = CARTESIAN_POINT('',(10.19687390233,-1.032154340253,
    0.722722172865));
#9672 = CARTESIAN_POINT('',(10.549029846078,-1.710054534754E-06,
    -0.920775251288));
#9673 = CARTESIAN_POINT('',(10.534836450708,-0.182616195777,
    -0.920790119708));
#9674 = CARTESIAN_POINT('',(10.520619974775,-0.365245944038,
    -0.880928617385));
#9675 = CARTESIAN_POINT('',(10.506413708314,-0.538229453595,
    -0.801247062588));
#9676 = CARTESIAN_POINT('',(10.492218834386,-0.691826870849,
    -0.684351149045));
#9677 = CARTESIAN_POINT('',(10.478015496078,-0.817342637356,
    -0.535595445579));
#9678 = CARTESIAN_POINT('',(10.463800441447,-0.907518964982,
    -0.362292985726));
#9679 = CARTESIAN_POINT('',(10.449597097895,-0.957393527607,
    -0.174200329715));
#9680 = CARTESIAN_POINT('',(10.435402230351,-0.96507868767,
    1.868997651829E-02));
#9681 = CARTESIAN_POINT('',(10.42119595988,-0.931115312964,
    0.206103507632));
#9682 = CARTESIAN_POINT('',(10.406979485369,-0.858991963579,
    0.378544048774));
#9683 = CARTESIAN_POINT('',(10.392786089719,-0.754260719186,
    0.528141565654));
#9684 = ADVANCED_FACE('',(#9685),#9711,.F.);
#9685 = FACE_BOUND('',#9686,.F.);
#9686 = EDGE_LOOP('',(#9687,#9704,#9705,#9706));
#9687 = ORIENTED_EDGE('',*,*,#9688,.F.);
#9688 = EDGE_CURVE('',#9306,#9689,#9691,.T.);
#9689 = VERTEX_POINT('',#9690);
#9690 = CARTESIAN_POINT('',(10.140623902668,-1.032149289481,
    0.722718636299));
#9691 = B_SPLINE_CURVE_WITH_KNOTS('',11,(#9692,#9693,#9694,#9695,#9696,
    #9697,#9698,#9699,#9700,#9701,#9702,#9703),.UNSPECIFIED.,.F.,.F.,(12
    ,12),(0.,2.187249699204),.PIECEWISE_BEZIER_KNOTS.);
#9692 = CARTESIAN_POINT('',(10.296874092691,5.198480912405E-08,
    -1.260017846683));
#9693 = CARTESIAN_POINT('',(10.282669207954,-0.249903466947,
    -1.260024524669));
#9694 = CARTESIAN_POINT('',(10.268465025264,-0.499798822049,
    -1.205490993128));
#9695 = CARTESIAN_POINT('',(10.254260533123,-0.736500423006,
    -1.096462344656));
#9696 = CARTESIAN_POINT('',(10.240055691843,-0.946756079204,
    -0.936509756879));
#9697 = CARTESIAN_POINT('',(10.225851110846,-1.118477355306,
    -0.732827986904));
#9698 = CARTESIAN_POINT('',(10.211646885266,-1.241818747495,
    -0.495858748057));
#9699 = CARTESIAN_POINT('',(10.19744230198,-1.310176269077,
    -0.238386380811));
#9700 = CARTESIAN_POINT('',(10.183237463494,-1.320617370363,
    2.559960403952E-02));
#9701 = CARTESIAN_POINT('',(10.169032969587,-1.2741555503,0.282035037543
    ));
#9702 = CARTESIAN_POINT('',(10.154828787531,-1.175482587248,
    0.518005826327));
#9703 = CARTESIAN_POINT('',(10.140623902668,-1.032149289481,
    0.722718636299));
#9704 = ORIENTED_EDGE('',*,*,#9339,.T.);
#9705 = ORIENTED_EDGE('',*,*,#9636,.T.);
#9706 = ORIENTED_EDGE('',*,*,#9707,.F.);
#9707 = EDGE_CURVE('',#9689,#9637,#9708,.T.);
#9708 = B_SPLINE_CURVE_WITH_KNOTS('',1,(#9709,#9710),.UNSPECIFIED.,.F.,
  .F.,(2,2),(0.,5.625E-02),.PIECEWISE_BEZIER_KNOTS.);
#9709 = CARTESIAN_POINT('',(10.140623902668,-1.032149289481,
    0.722718636299));
#9710 = CARTESIAN_POINT('',(10.19687390233,-1.032154340253,
    0.722722172865));
#9711 = B_SPLINE_SURFACE_WITH_KNOTS('',1,10,(
    (#9712,#9713,#9714,#9715,#9716,#9717,#9718,#9719,#9720,#9721,#9722)
    ,(#9723,#9724,#9725,#9726,#9727,#9728,#9729,#9730,#9731,#9732,#9733
    )),.UNSPECIFIED.,.F.,.F.,.F.,(2,2),(11,11),(0.,5.625E-02),(0.,
    2.187249699204),.PIECEWISE_BEZIER_KNOTS.);
#9712 = CARTESIAN_POINT('',(10.296874092691,5.19848093461E-08,
    -1.260017846683));
#9713 = CARTESIAN_POINT('',(10.281248719481,-0.27489381884,
    -1.260025192468));
#9714 = CARTESIAN_POINT('',(10.265624204325,-0.549777711652,
    -1.193372282163));
#9715 = CARTESIAN_POINT('',(10.249999160604,-0.806520556397,
    -1.060120977525));
#9716 = CARTESIAN_POINT('',(10.234373690935,-1.026894629799,
    -0.865875404765));
#9717 = CARTESIAN_POINT('',(10.218748999844,-1.19478803045,
    -0.62195382387));
#9718 = CARTESIAN_POINT('',(10.203124300885,-1.298265523284,
    -0.344546234862));
#9719 = CARTESIAN_POINT('',(10.187498836728,-1.331013133481,
    -5.260553177512E-02));
#9720 = CARTESIAN_POINT('',(10.171873790383,-1.292897691027,
    0.234146258035));
#9721 = CARTESIAN_POINT('',(10.156249276017,-1.189815917024,
    0.49753454533));
#9722 = CARTESIAN_POINT('',(10.140623902668,-1.032149289481,
    0.722718636299));
#9723 = CARTESIAN_POINT('',(10.35312409246,5.199800523492E-08,
    -1.260022945747));
#9724 = CARTESIAN_POINT('',(10.33749871906,-0.274895047758,
    -1.260032387099));
#9725 = CARTESIAN_POINT('',(10.321874204063,-0.549780677089,
    -1.19337642656));
#9726 = CARTESIAN_POINT('',(10.306249160694,-0.806522868891,
    -1.060124583539));
#9727 = CARTESIAN_POINT('',(10.290623689972,-1.026899856316,
    -0.865882425932));
#9728 = CARTESIAN_POINT('',(10.27499900018,-1.194794952836,
    -0.621953562759));
#9729 = CARTESIAN_POINT('',(10.259374300265,-1.298268382322,
    -0.344549063395));
#9730 = CARTESIAN_POINT('',(10.243748836634,-1.331020752547,
    -5.260617500275E-02));
#9731 = CARTESIAN_POINT('',(10.22812378989,-1.29290415384,0.234148403554
    ));
#9732 = CARTESIAN_POINT('',(10.212499275908,-1.189819956092,
    0.497535873246));
#9733 = CARTESIAN_POINT('',(10.19687390233,-1.032154340253,
    0.722722172865));
#9734 = ADVANCED_FACE('',(#9735),#9746,.F.);
#9735 = FACE_BOUND('',#9736,.F.);
#9736 = EDGE_LOOP('',(#9737,#9738,#9739,#9740));
#9737 = ORIENTED_EDGE('',*,*,#9582,.F.);
#9738 = ORIENTED_EDGE('',*,*,#9477,.T.);
#9739 = ORIENTED_EDGE('',*,*,#9688,.T.);
#9740 = ORIENTED_EDGE('',*,*,#9741,.F.);
#9741 = EDGE_CURVE('',#9575,#9689,#9742,.T.);
#9742 = LINE('',#9743,#9744);
#9743 = CARTESIAN_POINT('',(9.94478609241,-0.754220492591,0.528113398876
    ));
#9744 = VECTOR('',#9745,1.);
#9745 = DIRECTION('',(0.499905067665,-0.709454491105,0.496758742625));
#9746 = B_SPLINE_SURFACE_WITH_KNOTS('',1,11,(
    (#9747,#9748,#9749,#9750,#9751,#9752,#9753,#9754,#9755,#9756,#9757
      ,#9758)
    ,(#9759,#9760,#9761,#9762,#9763,#9764,#9765,#9766,#9767,#9768,#9769
      ,#9770)),.UNSPECIFIED.,.F.,.F.,.F.,(2,2),(12,12),(0.,0.39175),(0.,
    2.187249699204),.PIECEWISE_BEZIER_KNOTS.);
#9747 = CARTESIAN_POINT('',(10.101029847919,-1.710159632906E-06,
    -0.920734640075));
#9748 = CARTESIAN_POINT('',(10.086836453924,-0.182607297923,
    -0.92073433574));
#9749 = CARTESIAN_POINT('',(10.072619977086,-0.3652248406,
    -0.880891192581));
#9750 = CARTESIAN_POINT('',(10.05841370838,-0.538208371661,
    -0.801216525704));
#9751 = CARTESIAN_POINT('',(10.044218838953,-0.691798578772,
    -0.684307664143));
#9752 = CARTESIAN_POINT('',(10.0300154982,-0.817284903169,
    -0.535566619082));
#9753 = CARTESIAN_POINT('',(10.015800442141,-0.907487282777,
    -0.362288422982));
#9754 = CARTESIAN_POINT('',(10.001597101356,-0.957352076398,
    -0.174181587063));
#9755 = CARTESIAN_POINT('',(9.987402231952,-0.965021763495,
    1.868839442059E-02));
#9756 = CARTESIAN_POINT('',(9.973195963254,-0.931067350028,0.20608760372
    ));
#9757 = CARTESIAN_POINT('',(9.958979486398,-0.858959062134,
    0.378531873504));
#9758 = CARTESIAN_POINT('',(9.94478609241,-0.754220492591,0.528113398876
    ));
#9759 = CARTESIAN_POINT('',(10.296874092691,5.198480912405E-08,
    -1.260017846683));
#9760 = CARTESIAN_POINT('',(10.282669207954,-0.249903466947,
    -1.260024524669));
#9761 = CARTESIAN_POINT('',(10.268465025264,-0.499798822049,
    -1.205490993128));
#9762 = CARTESIAN_POINT('',(10.254260533123,-0.736500423006,
    -1.096462344656));
#9763 = CARTESIAN_POINT('',(10.240055691843,-0.946756079204,
    -0.936509756879));
#9764 = CARTESIAN_POINT('',(10.225851110846,-1.118477355306,
    -0.732827986904));
#9765 = CARTESIAN_POINT('',(10.211646885266,-1.241818747495,
    -0.495858748057));
#9766 = CARTESIAN_POINT('',(10.19744230198,-1.310176269077,
    -0.238386380811));
#9767 = CARTESIAN_POINT('',(10.183237463494,-1.320617370363,
    2.559960403952E-02));
#9768 = CARTESIAN_POINT('',(10.169032969587,-1.2741555503,0.282035037543
    ));
#9769 = CARTESIAN_POINT('',(10.154828787531,-1.175482587248,
    0.518005826327));
#9770 = CARTESIAN_POINT('',(10.140623902668,-1.032149289481,
    0.722718636299));
#9771 = ADVANCED_FACE('',(#9772),#9784,.F.);
#9772 = FACE_BOUND('',#9773,.T.);
#9773 = EDGE_LOOP('',(#9774,#9775,#9783));
#9774 = ORIENTED_EDGE('',*,*,#9620,.T.);
#9775 = ORIENTED_EDGE('',*,*,#9776,.T.);
#9776 = EDGE_CURVE('',#9613,#9777,#9779,.T.);
#9777 = VERTEX_POINT('',#9778);
#9778 = CARTESIAN_POINT('',(9.378109259306,0.,0.));
#9779 = LINE('',#9780,#9781);
#9780 = CARTESIAN_POINT('',(10.,0.,-1.035));
#9781 = VECTOR('',#9782,1.);
#9782 = DIRECTION('',(-0.51503807491,0.,0.857167300702));
#9783 = ORIENTED_EDGE('',*,*,#9776,.F.);
#9784 = CONICAL_SURFACE('',#9785,1.035,1.029744258677);
#9785 = AXIS2_PLACEMENT_3D('',#9786,#9787,#9788);
#9786 = CARTESIAN_POINT('',(10.,0.,0.));
#9787 = DIRECTION('',(1.,0.,0.));
#9788 = DIRECTION('',(0.,0.,-1.));
#9789 = ADVANCED_FACE('',(#9790),#9796,.F.);
#9790 = FACE_BOUND('',#9791,.F.);
#9791 = EDGE_LOOP('',(#9792,#9793,#9794,#9795));
#9792 = ORIENTED_EDGE('',*,*,#9574,.T.);
#9793 = ORIENTED_EDGE('',*,*,#9741,.T.);
#9794 = ORIENTED_EDGE('',*,*,#9707,.T.);
#9795 = ORIENTED_EDGE('',*,*,#9654,.T.);
#9796 = PLANE('',#9797);
#9797 = AXIS2_PLACEMENT_3D('',#9798,#9799,#9800);
#9798 = CARTESIAN_POINT('',(10.1687731534,-0.850924140443,0.595825117053
    ));
#9799 = DIRECTION('',(-3.450038816689E-10,0.573571291677,0.819155646605)
  );
#9800 = DIRECTION('',(0.,0.819155646605,-0.573571291677));
#9801 = ( GEOMETRIC_REPRESENTATION_CONTEXT(3) 
GLOBAL_UNCERTAINTY_ASSIGNED_CONTEXT((#9805)) 
GLOBAL_UNIT_ASSIGNED_CONTEXT((#9802,#9803,#9804)) REPRESENTATION_CONTEXT
('Context #1','3D Context with UNIT and UNCERTAINTY') );
#9802 = ( LENGTH_UNIT() NAMED_UNIT(*) SI_UNIT(.MILLI.,.METRE.) );
#9803 = ( NAMED_UNIT(*) PLANE_ANGLE_UNIT() SI_UNIT($,.RADIAN.) );
#9804 = ( NAMED_UNIT(*) SI_UNIT($,.STERADIAN.) SOLID_ANGLE_UNIT() );
#9805 = UNCERTAINTY_MEASURE_WITH_UNIT(LENGTH_MEASURE(2.E-06),#9802,
  'distance_accuracy_value','confusion accuracy');
#9806 = PRODUCT_RELATED_PRODUCT_CATEGORY('part',$,(#7));
#9807 = MECHANICAL_DESIGN_GEOMETRIC_PRESENTATION_REPRESENTATION('',(
    #9808),#9801);
#9808 = STYLED_ITEM('color',(#9809),#15);
#9809 = PRESENTATION_STYLE_ASSIGNMENT((#9810,#9816));
#9810 = SURFACE_STYLE_USAGE(.BOTH.,#9811);
#9811 = SURFACE_SIDE_STYLE('',(#9812));
#9812 = SURFACE_STYLE_FILL_AREA(#9813);
#9813 = FILL_AREA_STYLE('',(#9814));
#9814 = FILL_AREA_STYLE_COLOUR('',#9815);
#9815 = COLOUR_RGB('',0.678431390124,0.709803936702,0.741176476869);
#9816 = CURVE_STYLE('',#9817,POSITIVE_LENGTH_MEASURE(0.1),#9818);
#9817 = DRAUGHTING_PRE_DEFINED_CURVE_FONT('continuous');
#9818 = COLOUR_RGB('',9.803921802644E-02,9.803921802644E-02,
  9.803921802644E-02);
ENDSEC;
END-ISO-10303-21;
